shape: [b:1, f:64, x:128, y:2, z:1, w:1, u:1, v:1, g:1] (count: 16384, addr: 0xffffaaad574c7000, original format: bfyx)
0.110330
0.089068
0.385015
0.110330
0.017239
-0.116648
-0.003735
-0.038500
0.005459
-0.078149
0.010631
-0.105443
-0.006034
-0.333272
0.089643
-0.074988
-0.067518
0.010343
0.049993
-0.004597
0.000287
-0.045395
-0.188474
-0.048843
0.000575
0.023847
-0.113487
0.008619
-0.000000
0.011205
0.084471
0.065221
-0.002299
-0.053153
0.168081
0.033616
-0.024709
0.022123
-0.089928
-0.002586
0.013504
-0.044821
-0.047694
0.051717
0.032754
-0.062059
0.085333
0.032179
-0.114349
-0.083033
0.016377
-0.042235
0.008619
-0.021548
-0.000862
0.144521
0.153140
0.053441
0.044246
0.004884
0.126994
-0.096249
-0.010631
0.000287
0.010056
-0.070966
-0.041373
-0.204275
-0.080734
-0.031317
-0.314598
0.003160
-0.014078
0.058325
-0.041086
0.003448
0.026146
0.014940
0.040799
-0.030168
-0.046832
0.049705
-0.012642
0.029593
-0.012354
-0.001149
0.048269
-0.091365
-0.108029
-0.047119
-0.055738
0.108606
0.060336
-0.071540
-0.029306
0.158887
0.161185
0.111766
0.012354
-0.012929
-0.196806
0.012067
-0.096536
0.022410
-0.082458
-0.023560
-0.010631
0.049993
0.098837
0.007183
0.002586
-0.002586
0.007183
0.058038
-0.035914
0.004884
0.034478
-0.003735
0.115789
0.137912
-0.009194
-0.093089
0.002586
0.016377
-0.004022
0.068381
0.078725
-0.145378
-0.051918
0.084608
-0.035574
-0.020831
0.004807
0.118901
0.010255
0.055444
-0.000641
0.004807
0.038138
0.084608
-0.057046
0.012178
0.001923
0.050637
-0.013781
0.015704
-0.091337
0.159282
0.041342
0.039099
0.063456
0.016345
0.096146
0.078839
0.053200
0.147104
-0.034292
0.051278
-0.099669
-0.292273
0.062815
-0.019870
0.215689
-0.036535
0.059610
0.058969
0.538118
-0.030125
-0.003846
0.004807
-0.007371
0.020190
0.033651
0.079801
0.003205
-0.043586
-0.025959
0.000000
-0.026921
0.099992
-0.115693
-0.023395
0.007051
0.016665
-0.012819
-0.068262
-0.005448
0.059290
0.092300
0.008333
0.021793
0.042304
-0.016665
0.018909
0.017306
0.006410
0.013140
0.024677
-0.093260
-0.314705
0.000320
0.016986
-0.007692
0.176589
0.003205
-0.109284
0.011858
-0.071467
0.000641
0.032689
-0.169212
-0.060250
-0.055443
-0.117616
-0.021793
-0.014101
-0.022754
-0.017947
0.005448
-0.014742
0.002564
0.104799
0.026600
-0.028523
0.051598
0.002243
0.071148
-0.029484
-0.011537
0.061533
0.159923
0.021793
0.003846
0.142617
-0.058007
-0.000000
0.005128
0.029164
-0.022434
0.066661
-0.047111
-0.023075
-0.008653
0.005128
-0.014742
-0.153189
-0.032048
-0.055123
-0.000641
-0.003525
-0.003205
0.111850
0.072109
0.048393
-0.172097
0.009294
-0.001514
0.038358
0.101449
0.149145
0.075203
-0.157468
0.018927
0.081512
0.058042
0.041134
0.010599
0.059809
-0.091352
-0.048200
-0.062836
0.090092
-0.120625
-0.007318
-0.206423
0.018674
0.010094
-0.114064
0.131732
-0.032806
0.000505
-0.072678
0.151669
-0.121129
0.065866
0.257412
0.163783
-0.068893
0.034321
-0.078987
-0.116839
-0.107503
-0.019431
-0.170590
0.012618
0.036339
-0.004795
0.061575
0.041387
-0.105988
-0.014132
-0.088072
-0.018170
-0.062836
0.131985
-0.111288
-0.037096
-0.157720
-0.030787
0.014637
0.079998
-0.074445
0.031797
-0.082015
-0.137280
0.008075
0.007571
-0.003785
0.029526
-0.002019
0.015898
-0.027002
0.058042
0.104225
0.005552
0.187000
0.014132
-0.017413
-0.070407
0.056781
-0.048705
-0.112802
0.000505
0.020189
-0.052237
-0.122139
-0.013880
-0.102960
0.043910
0.189272
0.039115
0.001009
-0.101951
-0.040377
-0.079239
0.112300
0.109272
0.059557
-0.044667
-0.030030
-0.045172
-0.204909
0.018170
-0.064603
0.064351
-0.004542
-0.142579
-0.003281
-0.168066
-0.051733
0.048957
0.103215
0.018674
-0.000505
-0.106241
-0.009337
0.036339
-0.027759
0.064604
0.060566
0.136527
-0.038106
-0.032302
0.068137
-0.080501
0.060314
0.202395
-0.109521
0.177663
0.005047
-0.005047
0.091859
0.017413
0.119114
0.011099
-0.084804
0.002846
-0.101878
0.052363
0.071430
0.022766
0.060616
0.007968
0.019351
0.007114
0.048094
0.222830
-0.091633
-0.020490
-0.021912
-0.008537
0.013660
0.069438
0.029312
-0.035003
-0.013660
-0.168467
0.062038
-0.025327
0.077121
-0.016790
0.148268
-0.187533
0.078260
0.043256
0.156805
0.016506
-0.131473
-0.001423
0.040979
-0.095048
0.112125
-0.022197
0.011383
-0.013091
-0.021628
-0.009106
0.035288
-0.040125
-0.064030
-0.008537
0.178149
-0.028458
0.000854
-0.172736
0.066876
0.112410
-0.019920
0.019351
-0.026181
-0.020205
0.023905
0.017075
0.124362
-0.130620
0.036426
0.158228
-0.047809
0.040979
-0.083096
-0.016221
0.081675
-0.035857
-0.060046
-0.081958
-0.007399
-0.001992
-0.026750
-0.031588
-0.116391
-0.028458
0.029312
-0.070290
-0.012237
-0.007114
-0.024758
0.168758
0.218561
-0.018213
-0.008537
-0.005407
0.011099
-0.007968
-0.043825
-0.018782
-0.168467
0.137738
0.029596
-0.073990
-0.044963
0.094766
0.037564
-0.098179
0.036711
0.181280
0.150544
-0.359693
-0.006545
0.007968
0.161074
-0.019067
-0.021343
-0.001138
0.029596
0.087935
0.280887
0.051224
0.075414
0.012521
0.006261
-0.046955
-0.037564
-0.060046
0.078829
0.000285
-0.017075
-0.019351
0.110133
-0.050086
-0.062607
-0.174443
0.052078
0.032097
-0.026920
-0.044935
-0.012424
-0.157994
-0.084899
0.020500
0.056739
-0.013667
-0.009732
-0.018015
-0.022778
0.174361
0.289501
-0.112439
-0.148262
-0.023192
-0.068334
-0.076409
-0.022778
-0.000621
-0.103535
-0.051975
0.020500
0.038309
0.039137
0.061916
-0.206654
-0.107263
-0.004970
0.004141
-0.090904
-0.057359
0.315802
0.087593
0.029819
-0.120515
0.044728
0.016566
0.010768
-0.090490
-0.023606
0.107059
0.074962
-0.064814
-0.101879
-0.026712
-0.215971
-0.104364
-0.026091
-0.005798
-0.133560
0.029612
0.066057
-0.018430
0.025884
-0.130040
0.011389
0.115135
-0.010768
-0.228188
0.092149
-0.033960
-0.051147
-0.004349
0.021950
0.054461
-0.158201
0.044728
0.080967
-0.109540
0.035203
-0.022778
0.081174
0.064608
-0.070612
-0.084278
0.009940
-0.046384
-0.079723
0.005798
-0.007248
0.012010
-0.020914
0.041415
0.013046
-0.129005
-0.015116
-0.051147
-0.066677
-0.027127
0.020500
-0.031268
0.073305
-0.015945
0.195069
0.023399
-0.038930
0.026920
0.079724
-0.163792
-0.068541
-0.221769
0.025056
0.122383
-0.006419
-0.028369
-0.063778
0.031682
0.031890
-0.067713
0.051976
-0.009940
-0.037273
-0.098359
-0.066884
-0.043071
-0.012010
-0.070612
-0.135424
0.036652
0.118655
-0.104985
-0.046177
0.024849
0.141020
0.028369
0.061294
-0.180163
-0.074102
0.077496
-0.015356
-0.047140
-0.059817
-0.098385
0.055712
-0.019999
0.004107
-0.018035
0.025713
-0.094636
-0.142488
-0.042676
-0.001428
0.046248
-0.012321
0.157138
-0.014821
-0.038033
0.016249
-0.003750
0.022320
-0.008749
0.141424
-0.006607
0.039284
0.015356
0.049283
0.010892
-0.036426
-0.033034
0.044283
0.074282
-0.012142
-0.026248
0.134638
-0.364956
0.067497
0.006250
-0.005357
0.034641
0.053212
0.006785
-0.110170
0.088210
0.040891
-0.046425
-0.025713
-0.053389
-0.036962
-0.009107
-0.011249
-0.005893
0.021070
0.085532
0.079818
0.054640
0.091960
-0.032141
-0.041069
0.117674
-0.046425
0.001607
-0.029820
-0.139096
-0.039283
0.057854
0.058211
-0.109634
0.351250
0.008571
0.002143
0.003036
-0.123026
-0.026070
-0.079101
0.174459
0.000893
0.006250
-0.028391
0.019285
0.014285
0.055890
-0.110170
0.041248
0.035891
0.033570
0.039998
0.000714
-0.323713
0.008928
-0.014642
0.045355
-0.054996
0.028213
-0.046961
0.022499
-0.064638
-0.079101
0.060354
0.170531
0.041426
-0.008928
0.045891
-0.034641
-0.053925
0.020535
0.073568
0.036962
0.254996
0.042498
0.160352
0.142316
-0.008928
0.009642
0.178209
0.108924
-0.031784
0.008035
0.010357
0.042498
0.092317
0.134638
0.004821
0.042498
0.089103
0.114592
-0.044455
0.051839
-0.104156
-0.044776
0.126790
-0.090033
0.038678
0.112345
0.005938
0.054888
0.157926
-0.125179
-0.020864
0.118283
-0.075269
0.171890
0.026160
-0.051196
0.005136
0.037394
0.157284
-0.065479
-0.132080
-0.022147
-0.020864
0.012839
-0.064676
-0.068849
0.063555
-0.055850
0.037876
-0.009469
-0.268806
-0.082651
-0.051998
-0.052319
-0.064837
0.045900
-0.000481
0.031296
0.069011
-0.049430
-0.043011
-0.018456
-0.105440
0.021345
-0.183112
0.064999
0.132247
0.026481
0.036592
-0.032579
-0.067886
0.086987
-0.160806
-0.058739
0.002889
-0.095169
0.001284
0.015086
0.033543
0.030012
0.033543
-0.049591
0.043012
-0.004333
-0.034345
0.068048
-0.128549
0.289860
-0.064676
0.124864
0.012839
0.072542
-0.081206
-0.015567
0.061147
0.031617
0.009308
-0.002086
0.018938
-0.040604
0.081851
-0.119883
-0.013481
0.176384
-0.137696
-0.051196
0.035629
0.069974
-0.040604
0.125666
0.023592
0.007543
-0.124697
-0.165139
0.071900
-0.063553
-0.034666
-0.115389
0.077357
-0.185840
0.040925
-0.032579
0.119888
-0.000802
0.049431
-0.097094
-0.057134
-0.162090
-0.008345
0.076715
0.091802
0.101110
-0.109773
0.136420
-0.059380
-0.009308
-0.157917
0.129197
0.110419
-0.091959
0.004012
0.021024
-0.079602
-0.001926
-0.039159
0.122511
-0.045940
-0.066141
-0.058321
-0.014010
-0.048710
0.057997
0.045452
0.011892
0.008797
-0.092531
-0.038121
-0.048384
-0.175937
0.069726
0.031442
-0.025740
0.032093
-0.160787
-0.082105
-0.067770
0.018572
-0.026228
-0.014010
0.026717
0.098725
-0.008960
0.167476
0.006842
0.061255
0.005702
-0.163557
0.007820
0.147926
-0.017757
0.034211
-0.098396
0.210162
-0.221548
-0.007657
-0.011729
-0.011892
0.022319
0.078035
-0.053923
-0.105889
-0.020852
-0.153294
-0.036817
-0.020852
0.010915
0.128702
-0.155575
0.026880
0.014499
-0.045289
0.107523
0.060114
0.052132
0.115831
0.037307
-0.028998
0.246168
0.036166
0.058159
0.029976
-0.108496
-0.044474
-0.023459
-0.043497
-0.284915
-0.043985
-0.009612
0.009286
0.058485
-0.195322
0.044638
-0.076729
-0.093183
-0.020038
0.002769
0.017269
-0.067444
-0.018246
0.057508
-0.015965
0.005539
-0.070376
0.020853
0.156398
0.031279
-0.326941
0.007820
-0.072494
0.003421
-0.047081
0.019061
0.034048
0.025414
0.054738
0.059626
0.139780
-0.140099
-0.033885
0.040891
0.136033
-0.001303
-0.074612
0.030790
0.041705
0.072170
-0.035840
-0.065815
0.061744
-0.149873
0.015965
-0.010915
0.003584
0.094652
0.045778
-0.011729
0.008471
0.006028
-0.167955
-0.000489
0.032256
-0.124623
0.092860
-0.098462
-0.018450
-0.107047
-0.129333
0.041286
-0.017902
0.009317
0.080014
-0.097183
0.008403
0.050420
0.166972
0.084033
0.334136
0.023931
0.024662
0.015528
-0.065763
0.035988
0.023566
0.036536
0.132992
0.062111
-0.010961
-0.146687
-0.081839
-0.096818
0.067226
0.041468
0.044574
0.028315
-0.124401
0.198943
0.091706
0.066496
-0.017720
0.019912
0.111801
-0.002009
-0.087502
0.059919
-0.138649
0.066313
-0.008769
0.011509
-0.028680
-0.006211
-0.009134
0.111070
0.001096
-0.027767
0.059188
0.007490
0.017354
0.030507
0.053890
-0.020277
0.090427
0.034161
0.022652
0.101936
-0.005480
-0.049688
0.052977
-0.017537
0.145598
0.062477
0.111618
-0.038910
-0.059552
0.105224
0.052977
-0.001461
0.047314
0.049323
-0.160570
0.131348
0.121483
-0.048409
-0.182125
0.006028
-0.042381
-0.064302
0.018816
-0.029411
-0.011874
0.192366
0.041834
0.036170
-0.071244
-0.089146
-0.192902
-0.050053
0.004932
0.077639
0.063755
-0.078551
-0.088050
0.056996
-0.036901
-0.041285
0.006576
-0.158378
0.002192
0.110888
-0.122026
0.157472
0.005115
0.099013
-0.021739
-0.245509
-0.005298
-0.051880
0.086225
-0.156186
-0.055351
-0.031420
0.042016
-0.092251
0.016624
0.020825
-0.149427
0.105042
-0.077272
-0.008586
-0.141024
-0.084579
-0.067225
-0.133160
0.088840
-0.049650
-0.105577
-0.019594
-0.095685
0.018643
-0.012555
0.061446
0.066962
-0.102534
-0.032339
0.039569
0.080279
0.091503
0.083703
0.044895
-0.018643
-0.016360
-0.095495
0.024730
-0.044704
0.169121
0.041281
0.054217
0.155614
-0.000000
0.024540
0.095878
0.027394
0.030247
-0.007609
0.026442
-0.220281
0.033671
0.071528
-0.003614
0.036525
0.029867
0.062777
-0.081989
0.069816
-0.083701
-0.014458
-0.003805
-0.091120
0.071338
-0.134872
-0.015409
-0.006087
-0.044704
-0.104055
0.090171
0.031388
-0.018262
0.008560
0.040900
-0.009131
0.055358
0.082372
-0.052884
-0.009702
0.160750
-0.002093
-0.020545
0.093976
0.232662
0.095688
0.032340
0.012555
-0.212482
-0.102914
0.019594
0.024160
0.018453
-0.003805
0.128219
0.048319
0.014648
0.011414
-0.031959
0.010273
0.002853
-0.030247
-0.054216
0.032530
-0.031198
0.015028
-0.007609
0.128790
-0.028344
-0.221423
0.015409
0.041471
-0.033100
0.009892
0.092644
-0.147617
-0.167210
-0.053645
-0.200689
0.057451
-0.050221
0.038047
0.042612
-0.014267
0.003044
-0.052123
-0.021877
0.055929
-0.004566
-0.385197
-0.027964
0.057641
-0.131258
0.043563
-0.055928
-0.082179
-0.200118
-0.002283
-0.016550
0.025491
-0.007039
-0.263080
0.030437
-0.021877
0.032530
0.105010
0.068192
0.076676
0.027407
-0.113867
0.113056
0.092500
0.091032
-0.033606
0.106531
0.067540
0.055141
0.075534
-0.029691
-0.041600
-0.007178
-0.068843
-0.052203
0.003100
-0.020718
-0.057424
0.061503
-0.036869
-0.009625
0.046984
-0.314184
-0.060849
-0.022187
0.146501
0.007831
-0.020229
-0.063133
-0.042578
-0.036379
0.123987
-0.148125
0.076349
-0.010767
0.030670
0.023655
0.002121
0.091032
0.083364
-0.151387
0.044211
0.028060
-0.106526
0.023166
0.054978
0.091358
0.103920
-0.054814
-0.047799
0.029528
0.028060
-0.002610
-0.044210
0.082385
0.002773
-0.000163
-0.034748
0.263316
0.019250
0.038501
-0.102611
-0.023329
-0.033932
-0.057097
-0.224468
-0.114194
-0.136379
0.012725
-0.062970
-0.088908
0.005873
0.065582
-0.160685
0.093479
-0.020066
-0.060686
-0.035074
0.087769
0.076023
0.070802
-0.147146
-0.072432
-0.007667
-0.109952
-0.087440
-0.076021
0.096579
0.071781
-0.130670
-0.093965
-0.045841
0.009625
-0.018434
-0.189559
0.031975
-0.038826
-0.046167
-0.016640
-0.182544
-0.082872
0.001795
0.020066
0.130513
-0.068517
-0.074716
-0.007015
0.081733
-0.135727
0.034096
0.161511
0.096416
-0.010114
-0.085483
-0.002610
-0.016314
-0.019250
0.246674
-0.068354
-0.009788
-0.045025
0.030344
-0.032301
-0.185481
-0.089398
0.033117
0.110015
0.104604
0.184683
0.029397
0.001262
-0.125700
-0.091255
0.017674
0.027413
-0.029036
0.105325
-0.058252
0.012264
0.145004
-0.084763
0.013165
-0.051038
-0.007214
0.257188
-0.098649
-0.074483
0.003246
-0.118487
0.007214
0.013526
0.082420
-0.054465
-0.012083
0.081158
0.089635
-0.028315
-0.017313
-0.010641
0.293983
0.052482
-0.027774
0.039136
-0.067450
-0.030118
0.032463
0.080437
0.050859
0.000721
0.076469
0.055548
-0.177458
0.102981
0.053564
-0.057350
-0.012985
-0.008116
0.054466
-0.022904
-0.036250
0.012624
0.009739
0.242939
-0.067991
0.034447
0.049777
-0.143013
-0.002345
-0.035348
-0.068532
0.011723
-0.001623
0.206146
0.113982
-0.080795
0.012985
-0.237149
-0.042742
0.081519
-0.013706
0.069435
0.054105
0.152940
-0.175113
0.053203
-0.003246
0.083683
-0.050497
-0.068532
0.083683
-0.003066
-0.060597
-0.002886
0.078813
-0.027052
-0.078631
-0.005591
-0.084402
0.053203
0.048695
0.011542
-0.007394
0.076830
0.144102
0.088733
-0.047792
0.213721
0.020740
0.052482
0.005952
0.003066
-0.177638
-0.035168
-0.012444
0.187929
-0.012444
-0.009198
-0.143915
-0.016772
0.047432
-0.004869
-0.040217
0.023806
0.009017
0.036250
-0.009558
0.144823
-0.053022
0.020921
-0.136521
0.120475
0.009198
-0.059514
0.030299
-0.025098
0.090713
0.143422
-0.143773
0.060416
0.088562
-0.114912
0.004482
-0.091966
-0.016314
0.101291
0.108283
0.037110
0.080495
0.114378
-0.056470
-0.071529
-0.103976
0.072427
0.048225
0.010936
-0.114195
-0.037647
-0.000538
-0.147717
-0.010756
-0.025098
-0.008247
-0.076728
-0.329844
0.006454
0.005378
-0.150048
0.053424
0.043743
0.001434
0.063822
0.116709
-0.051272
0.063105
-0.010577
0.086052
0.087486
0.005916
-0.002689
0.007171
0.045177
-0.053244
0.095733
0.141450
0.030297
0.049300
0.041771
0.024202
0.105235
0.046611
-0.021333
0.010039
-0.080313
0.008964
0.077805
0.065077
-0.009681
0.063284
-0.043025
0.000179
0.141450
0.130693
0.041771
-0.013445
-0.082106
0.041233
-0.151661
0.041592
0.063463
-0.139292
0.027967
-0.172814
0.041592
-0.007888
0.029401
0.062388
0.083901
0.034600
0.024381
-0.047507
-0.102004
-0.117242
-0.151123
-0.057008
-0.051809
-0.156860
0.063643
0.028325
0.019182
-0.007171
0.013804
-0.090890
-0.125309
-0.058442
0.117605
0.230195
-0.028146
-0.142877
0.177485
-0.022768
-0.132659
0.044101
0.025457
-0.087125
-0.115270
0.111868
0.075654
0.061312
-0.011653
-0.025994
-0.159549
0.012908
-0.070095
0.033166
0.125314
0.232347
-0.069736
-0.018824
-0.005916
-0.010936
0.040874
0.071889
0.046731
0.160861
-0.154523
0.094021
0.067956
-0.035746
0.339234
0.020666
-0.024389
0.005027
0.042821
-0.014894
0.061998
-0.053060
-0.045427
-0.061624
0.010426
0.026437
-0.188778
-0.086944
0.008006
0.015825
-0.061252
-0.021597
-0.051012
0.026437
0.011729
0.068700
-0.119337
0.095510
0.099979
0.062184
-0.052688
0.044124
-0.007261
-0.025879
-0.048592
0.064790
-0.057714
-0.095880
-0.032767
0.043380
0.066838
-0.091598
0.047848
-0.156944
-0.008564
-0.032581
-0.083034
0.028858
-0.002420
-0.083220
0.058833
0.003910
-0.025506
-0.017687
0.095138
0.005213
-0.016011
0.072424
-0.033698
0.000000
0.024203
0.053992
0.062929
-0.033512
-0.085082
-0.011171
0.000931
-0.025692
-0.377731
-0.094018
0.017873
0.013963
-0.022900
0.130699
0.179853
-0.123806
-0.150614
0.048407
-0.115242
-0.039283
0.088994
0.152111
0.147084
0.101096
0.025693
-0.156944
0.099793
-0.199576
0.009123
0.008750
0.016197
0.030347
0.004654
0.021224
-0.133300
-0.017314
0.019363
0.158255
-0.133673
-0.149497
-0.090295
-0.007819
0.150249
0.105564
0.020480
0.017315
-0.030533
0.059764
-0.045799
0.043566
-0.033512
-0.053805
-0.083593
-0.000745
0.042449
-0.026251
-0.069071
-0.043379
-0.072981
-0.011915
0.148946
-0.010612
-0.093832
-0.002048
0.018059
0.000000
-0.127786
0.102837
0.092188
-0.021298
-0.138117
-0.003020
-0.065006
-0.088052
0.049113
0.050067
-0.001272
-0.128422
-0.025431
-0.073112
0.065326
-0.009060
0.017007
0.076293
0.016212
0.012080
-0.018278
0.153860
0.040530
0.067551
-0.017960
0.061352
0.065167
-0.052927
0.043709
0.388481
0.074862
-0.225211
-0.004768
-0.158778
-0.059920
0.077723
0.083128
0.066597
-0.019073
-0.012238
-0.051973
-0.155599
-0.106807
-0.025907
0.001907
-0.030676
-0.008901
-0.144474
0.018596
0.074704
0.020345
-0.011603
0.028610
-0.024636
-0.035762
0.004291
-0.068026
-0.021457
0.059286
0.042756
-0.253023
-0.025589
0.026384
0.008583
-0.000795
0.028451
-0.057218
0.200274
-0.010490
0.108559
-0.105376
-0.003338
0.013987
0.060557
-0.064053
-0.054834
0.027974
-0.152897
-0.175783
0.015894
-0.069457
-0.151308
0.063101
0.052133
0.039895
-0.051814
-0.070569
0.091711
-0.108555
-0.083443
0.120321
-0.039258
-0.016053
-0.013669
-0.086622
-0.034967
-0.050384
0.053246
0.029563
-0.077562
-0.085191
-0.124925
0.051021
-0.032106
0.016848
-0.010013
0.089803
0.026225
0.005086
-0.052768
-0.008583
-0.121428
0.069299
0.126202
0.096320
-0.015894
-0.051020
0.012080
-0.025431
-0.217264
-0.153533
-0.194855
0.015576
0.057378
0.049590
0.083446
0.032901
-0.012080
0.061716
-0.054996
-0.078588
0.131402
0.037030
-0.001250
-0.103899
0.062029
0.007656
0.035780
-0.007187
0.092028
-0.035935
0.115778
-0.023592
0.018280
0.068435
-0.029373
-0.103430
-0.015937
0.025936
0.008906
0.351880
0.054216
0.060779
-0.029217
-0.022030
-0.089056
0.008750
0.007500
-0.042497
-0.183421
0.003437
0.130465
0.149215
-0.019843
-0.072026
0.016249
0.341566
-0.009374
0.015624
-0.051559
-0.127021
0.260155
0.089528
0.103746
0.113434
0.080778
-0.070464
0.021874
0.035780
0.002031
-0.018905
0.023905
-0.071558
0.009531
-0.111242
-0.079057
0.097340
-0.014374
0.064685
0.033905
-0.026873
0.044217
-0.015780
0.038436
0.026874
0.110621
-0.033279
0.029374
-0.091556
-0.044060
0.027342
-0.009374
0.019843
0.023905
0.075778
-0.191858
0.004375
-0.005781
0.053748
0.039373
0.019218
0.084841
0.036092
-0.178266
0.022030
0.088903
0.049217
-0.039998
0.021249
0.062810
-0.005156
-0.201388
0.027499
0.044842
0.058123
0.033748
-0.215448
-0.079370
0.011249
-0.066402
-0.046091
0.018124
-0.057340
0.052029
-0.008750
0.064372
0.098747
0.119528
0.030936
-0.114054
0.146559
-0.052497
0.017968
0.030624
0.021249
-0.104524
-0.032654
-0.006250
-0.167173
-0.018593
-0.119678
0.146871
0.022030
0.062654
0.061872
0.016093
0.117783
-0.125048
0.176434
0.009694
0.136041
0.064465
-0.135549
-0.126179
-0.077227
-0.043299
0.018095
-0.052185
-0.028920
-0.269153
0.084015
-0.126340
0.093871
-0.100168
0.070443
-0.106146
-0.066241
-0.120686
0.088539
0.012764
0.078037
-0.028597
-0.033928
0.004201
0.015349
-0.284177
-0.010986
-0.007270
-0.141204
0.085954
0.006624
0.029405
-0.012279
0.027143
0.053640
-0.059617
-0.075450
0.236379
-0.004362
0.078521
0.035706
0.075613
0.109543
0.013895
0.122145
0.040391
-0.042491
0.045077
0.042653
0.117621
0.023912
0.051055
0.021650
0.034575
0.006139
-0.018095
-0.020842
-0.019711
0.004685
0.081107
0.025043
-0.017449
0.021811
-0.201948
-0.070118
0.033606
0.132809
0.062849
0.030536
0.131517
-0.129248
-0.121332
-0.110992
-0.077065
0.010663
0.028597
-0.014056
-0.011309
-0.015025
-0.042330
-0.047823
0.075290
0.023588
0.033444
-0.084820
0.105665
-0.126987
-0.041037
-0.018095
-0.044591
0.011310
0.090639
0.086600
-0.011794
0.169002
0.066242
0.062688
0.036675
0.034252
0.095163
-0.063171
0.064788
-0.011148
0.028435
-0.040875
0.072220
0.020196
0.139110
0.187744
0.023750
0.042653
0.010825
-0.005493
-0.068179
0.092416
0.071574
-0.261237
0.015995
0.061072
-0.017772
-0.088859
0.100010
-0.114062
-0.061717
-0.042237
-0.090379
0.072663
-0.065324
-0.047964
0.044922
-0.066040
0.065862
-0.027562
-0.045101
0.054408
0.134232
0.134232
-0.225854
0.001432
0.013602
0.062283
-0.007517
0.111502
0.122598
-0.002327
0.144434
-0.100402
0.069084
0.014497
-0.086800
0.027204
0.015213
-0.011812
0.086982
-0.040089
-0.053691
-0.045280
-0.070872
0.069084
-0.039732
-0.020582
0.082865
0.410948
-0.038658
-0.003043
-0.025593
0.073021
-0.158923
0.026488
0.003221
0.005548
-0.019866
-0.145143
-0.020403
-0.036868
-0.038837
-0.115972
-0.017718
-0.010201
-0.021656
0.075527
0.073200
0.117229
0.105416
0.030604
0.045996
0.068726
-0.115614
-0.036689
-0.028993
0.163764
-0.054765
0.012170
0.033289
-0.039016
-0.131720
0.070695
0.012349
0.129757
0.122419
-0.173598
-0.203126
0.122061
0.009843
-0.090558
0.011633
-0.086800
0.057093
-0.066398
0.008591
-0.013065
0.099689
-0.064429
0.080181
0.054587
0.167880
0.031320
0.020045
-0.057807
0.011812
0.022372
-0.036868
-0.017718
0.030067
-0.076778
-0.003043
-0.057986
-0.018255
0.108101
-0.236055
-0.003579
0.079286
0.041343
0.111502
0.012528
0.071590
-0.158386
0.006085
-0.079105
-0.004116
0.032394
0.087877
-0.036331
0.021119
0.090024
0.073200
0.100584
0.157141
0.042954
-0.019150
0.105058
0.046354
-0.008741
-0.111326
0.138050
0.005773
0.064818
0.064653
0.011545
-0.008247
0.002639
0.038594
0.003628
-0.008576
-0.047500
0.076859
-0.094009
-0.073063
-0.067786
0.150091
-0.038264
0.111990
0.029358
-0.085597
-0.143651
0.013359
0.004618
-0.022595
0.033976
-0.072074
-0.038099
0.104568
-0.004123
0.117433
-0.088071
0.049974
0.012205
0.056902
0.008082
0.114959
-0.007092
-0.058055
-0.014679
-0.067291
0.047995
-0.118747
0.042387
0.003628
-0.092689
0.309591
0.029028
0.046676
-0.046015
0.016163
-0.013689
-0.022925
0.030842
-0.029687
0.083786
-0.030017
0.102094
0.010391
0.059376
0.018967
-0.038593
-0.109512
0.003134
-0.081145
-0.165750
-0.044861
0.134751
0.053933
0.132772
-0.067950
0.305303
0.091868
0.031832
0.003464
-0.225121
0.051954
0.096156
-0.032326
0.028368
0.029193
-0.069435
0.018307
0.066468
0.097805
0.184233
0.023090
0.018967
-0.071579
0.094177
-0.144475
-0.020286
0.017153
0.055582
-0.137054
0.067292
0.052613
-0.126993
-0.029687
-0.047829
0.028533
0.005443
0.043542
-0.189828
-0.095988
0.086095
-0.093679
0.011710
-0.009566
0.013854
-0.027213
-0.043211
-0.012205
0.089394
-0.004288
0.070921
0.001814
0.026389
0.135411
0.076199
0.255489
-0.089556
0.110176
0.055417
0.055087
-0.173171
0.138050
-0.157840
-0.055125
0.130798
-0.112646
-0.116070
-0.196015
-0.066938
0.010614
-0.041601
0.066426
0.096386
-0.017120
-0.099293
-0.046223
0.067282
0.014038
0.097584
0.001027
-0.091418
0.061974
0.002054
0.100495
-0.186600
0.080635
0.059406
-0.102203
0.089709
0.006677
0.134565
-0.041087
-0.066424
0.192604
-0.008560
0.180277
0.041088
0.078067
0.011813
-0.029446
0.004622
-0.058378
0.045539
-0.024652
0.081149
0.182332
-0.000685
-0.023283
0.276669
0.005478
-0.092103
0.112822
-0.080462
-0.005992
0.115390
-0.014552
0.018147
0.014894
-0.060946
0.136106
0.015065
0.023625
-0.093301
-0.054954
-0.024481
0.041601
0.036465
-0.060946
-0.015579
-0.081318
-0.002568
0.001541
-0.116583
0.153911
0.026022
-0.012840
0.008046
-0.027734
-0.280237
0.142954
-0.114529
0.059064
0.010614
-0.022256
-0.063171
-0.045025
-0.015921
0.157506
-0.036294
-0.075155
0.029275
0.024310
-0.063685
0.188837
0.039376
-0.135414
-0.054612
0.041088
-0.032014
-0.089535
-0.042970
0.049819
0.013353
0.021400
-0.114358
-0.008046
0.082176
-0.046737
-0.065397
0.080635
0.003082
0.067110
0.007875
0.159561
0.113335
0.060433
0.109398
-0.077209
0.049134
-0.128909
0.190721
-0.071046
-0.027049
-0.029446
-0.018832
0.082861
0.004109
0.015750
0.014723
0.040061
-0.031618
0.129350
0.075741
0.001868
-0.010779
0.013941
-0.009917
0.074591
0.105635
0.007905
-0.054181
-0.082349
0.098593
0.085083
-0.020264
0.015953
0.047428
-0.207090
0.010204
-0.090110
0.007905
0.166144
0.041966
-0.041965
0.002587
-0.002156
0.331150
-0.096433
-0.054181
0.070423
-0.155355
-0.125751
0.136537
0.037655
0.153353
0.046134
0.008336
-0.013941
-0.006180
0.045559
0.039810
-0.135379
-0.025294
0.012072
0.029031
0.063093
-0.020552
0.119577
0.048290
0.035211
0.047428
-0.150612
0.081490
-0.021989
0.007617
0.069417
0.038517
-0.050014
-0.037367
0.059788
-0.155642
-0.016528
-0.009342
0.105061
-0.035355
-0.111379
0.069848
0.200783
0.039523
-0.182803
0.002874
0.084077
0.090257
-0.017821
0.123170
-0.049008
-0.120002
0.087095
-0.145583
0.185404
0.023139
-0.017390
-0.134373
0.083215
-0.015665
0.054901
-0.020695
-0.027163
-0.011641
-0.040816
-0.060792
-0.052313
-0.030181
-0.003018
0.065968
0.074447
-0.165414
0.005174
0.138980
-0.065247
-0.025582
-0.075739
-0.025007
0.107648
0.016384
0.005174
0.025869
-0.041391
-0.065966
-0.039953
-0.007617
-0.069990
0.259714
-0.103331
-0.054469
0.017534
0.099455
0.074735
-0.049726
-0.073439
0.164132
-0.093846
-0.139403
-0.027019
-0.060074
0.029031
-0.069128
-0.019977
0.156785
0.005783
0.244980
0.059918
-0.104250
-0.169947
-0.064896
0.020401
0.016867
-0.017991
0.051083
-0.097022
-0.052045
0.159355
0.027951
0.079355
0.013815
0.006104
-0.077586
0.024577
0.002249
0.084817
0.056223
0.029396
-0.085617
-0.084332
0.077749
-0.031806
0.071805
-0.088669
0.054456
-0.134288
-0.039034
0.185540
-0.010923
0.039999
0.102969
0.019919
-0.099271
0.048673
-0.040801
0.043693
0.111483
-0.188740
0.027629
0.026826
0.111644
0.078391
-0.087384
0.042729
-0.050760
-0.018794
0.048994
-0.030199
0.035661
-0.008835
-0.005462
-0.238212
-0.020722
0.148110
-0.095255
-0.032930
-0.085296
0.058472
-0.020722
-0.073249
-0.021525
-0.223595
0.075982
-0.000161
0.080801
0.068753
0.024095
0.022810
-0.115816
-0.002570
-0.026344
-0.060077
0.162568
-0.011405
0.003213
0.031967
0.151644
-0.198699
0.014778
-0.116298
-0.011726
-0.075337
-0.078228
0.115660
0.022971
0.059436
0.097668
0.154214
0.001285
-0.118225
0.076464
-0.010763
-0.179263
0.062327
-0.048351
0.130600
-0.023453
0.044978
-0.056382
-0.006907
-0.026505
0.077267
0.108592
-0.106499
0.030842
-0.087706
-0.000643
0.133813
-0.068430
-0.115494
-0.046263
0.106503
0.158230
0.082889
0.080640
0.055902
-0.081120
-0.028272
0.021525
-0.116779
0.074696
-0.011084
-0.061091
-0.030789
0.172908
0.038081
0.112138
-0.027872
-0.014746
0.213261
-0.028196
0.033220
-0.000810
0.200458
-0.037432
0.037109
0.064657
-0.066924
0.005023
0.084265
-0.048613
0.019608
0.031113
-0.086045
0.040350
-0.086855
0.134663
0.102739
0.063199
-0.026899
0.069519
-0.109541
0.001945
-0.098360
0.064171
-0.142273
-0.180675
0.068708
0.017987
-0.024307
-0.009399
0.096257
-0.019607
-0.174842
-0.045859
-0.035812
-0.045210
0.032733
0.051693
-0.000486
0.009885
-0.328771
-0.013288
0.024469
0.014422
-0.030951
0.014746
-0.017825
0.049911
0.009399
-0.019283
-0.027872
-0.023821
-0.123476
-0.040835
-0.041483
0.007130
0.097715
-0.128823
-0.284862
-0.171115
-0.082966
0.017987
-0.020418
0.130288
-0.037270
0.093178
-0.057040
0.096095
0.014422
-0.023983
-0.004213
0.022524
0.033058
0.019932
-0.012802
-0.097550
-0.039539
-0.066600
-0.048127
-0.007778
0.099984
-0.034678
-0.047479
0.003079
0.023659
-0.050072
-0.013774
0.008588
-0.071137
-0.182295
0.177608
-0.049261
0.054286
0.041484
0.003889
-0.051854
-0.005348
0.240325
0.142604
-0.005023
-0.057850
-0.036460
0.074218
0.070167
-0.086693
-0.036946
-0.098522
0.112786
-0.052664
-0.030626
-0.105814
0.220067
-0.060280
0.047804
-0.007292
0.051693
-0.022686
-0.105328
-0.095605
0.031376
-0.019567
-0.178633
0.019062
-0.093113
0.197201
0.087887
-0.008097
0.006410
0.045208
-0.068317
-0.090245
-0.022941
-0.080462
0.029183
-0.046557
0.023616
-0.015519
0.028002
-0.057015
-0.031713
0.120107
0.033231
-0.016700
-0.012314
0.014507
0.017037
-0.000000
-0.064606
-0.050099
0.003374
-0.115716
0.005229
-0.085860
-0.001687
-0.074727
0.019736
0.258101
-0.145572
-0.013495
-0.020411
0.048245
-0.227885
0.029858
-0.040484
-0.021929
-0.180488
-0.040990
-0.039472
0.148785
0.047738
0.002530
-0.186898
-0.043352
0.044365
0.018893
0.065788
-0.032894
-0.007591
-0.000675
0.024460
-0.022604
0.136976
-0.031038
0.015688
-0.063088
-0.086872
-0.157885
-0.039641
0.017206
0.012483
-0.284559
0.011302
-0.016869
-0.106945
-0.029351
0.202093
-0.019061
0.071018
0.058703
0.002868
-0.011808
0.006241
0.038629
0.004386
0.075404
-0.013664
0.019230
-0.042002
0.030701
-0.022772
-0.069160
0.145411
-0.083161
-0.002193
0.093116
-0.048581
0.225879
-0.051617
0.062752
0.095984
-0.023110
-0.163114
0.016025
-0.067642
0.009446
0.023110
0.046895
-0.109644
-0.091426
0.027665
-0.015013
-0.035086
0.130566
-0.070847
0.044871
0.004723
-0.028676
-0.306148
-0.090583
-0.124825
0.006241
0.086200
-0.015350
-0.009952
0.140013
0.146254
-0.079787
-0.023588
0.149119
-0.017979
0.047671
-0.100618
0.072909
-0.239827
0.087425
0.033980
-0.043381
-0.093690
0.079507
0.097157
-0.112823
-0.091546
-0.050639
0.069280
-0.123380
0.007093
-0.066309
0.015505
-0.006928
-0.103752
0.024578
0.075218
-0.041897
-0.121565
0.036949
0.042887
0.214608
-0.081319
-0.028866
-0.009237
-0.105236
0.076538
-0.047340
0.035794
0.060372
0.016660
-0.004784
0.023093
-0.130142
0.055754
0.074558
-0.026062
0.062352
-0.053773
-0.094350
-0.032165
-0.208159
-0.099298
0.134272
0.027877
0.068455
-0.105236
-0.040083
-0.029856
-0.043381
0.023423
0.036784
0.115797
0.064661
0.058888
-0.113813
0.022928
0.017650
0.150768
-0.018309
0.024908
0.262448
-0.099958
-0.006433
-0.034804
0.012536
0.040248
-0.022103
0.063012
0.008577
-0.045526
0.068950
0.030846
0.082476
0.088744
-0.043217
-0.036289
-0.046351
0.030681
-0.020289
0.076868
-0.082639
0.032165
-0.039588
0.056908
0.064496
-0.060536
-0.165770
-0.049320
0.051300
-0.056742
-0.356599
0.034310
0.094188
0.118931
-0.088082
-0.000495
-0.202881
0.004949
-0.093030
-0.027217
0.011052
0.007918
-0.000330
0.130313
-0.058886
0.105075
-0.045361
-0.057237
-0.019794
-0.032165
-0.137730
-0.033485
0.083136
0.002474
-0.036454
0.057733
-0.029361
-0.217230
0.039423
-0.076019
0.050856
0.033904
-0.056622
-0.000874
-0.186987
0.181406
-0.020971
0.007689
0.028486
-0.173007
0.079517
0.030583
0.152220
-0.016253
0.004019
-0.033029
-0.013107
-0.016427
-0.162697
-0.055049
0.015379
-0.115514
-0.041418
-0.022369
-0.000175
-0.141202
-0.057670
-0.058544
0.041768
-0.017126
0.158686
0.012408
-0.029359
-0.057495
0.017476
0.015728
0.115868
-0.180346
0.080740
-0.040020
-0.043340
-0.060466
0.160084
-0.016602
-0.040194
-0.138756
-0.102932
0.012233
0.136141
-0.005418
0.046137
-0.119708
-0.021670
-0.032505
-0.019224
0.038622
0.128976
0.025340
0.126004
0.063963
0.059594
0.104333
-0.020447
0.006117
0.148025
-0.100485
0.092100
0.008738
-0.049282
0.023767
-0.001049
0.001049
0.001049
-0.114465
0.046486
0.159036
0.040370
0.006641
0.042292
0.064837
0.008388
-0.107825
0.058370
-0.034952
0.118140
-0.066058
0.088954
0.060817
0.059768
-0.037748
-0.103281
0.092449
0.121111
-0.053651
0.007165
0.013107
0.053826
-0.199394
-0.128970
-0.176677
-0.065185
-0.187336
0.003670
-0.097340
-0.134562
0.023942
0.013457
-0.059068
0.027612
0.083536
0.241703
0.060118
-0.017301
-0.277505
-0.048758
0.021146
0.023593
0.044215
0.092100
-0.063088
0.036700
-0.109747
-0.051903
0.016777
-0.013631
-0.015554
-0.144173
0.101628
0.061223
-0.064306
0.002159
-0.223907
0.075411
-0.185357
0.012954
-0.130769
0.061532
-0.051352
0.023595
0.027913
0.034390
-0.017118
0.036240
0.062303
-0.087283
0.041329
0.069705
0.000925
0.117821
0.079267
0.024366
0.087440
-0.013879
-0.038399
-0.005860
-0.018505
-0.248733
-0.214347
0.045802
0.039016
0.414249
-0.015267
0.096231
0.079729
-0.070783
0.073252
-0.087129
0.015884
-0.033464
0.075411
0.026062
-0.049039
0.072173
-0.005706
-0.139250
-0.166544
-0.026216
0.125070
0.008482
0.023595
-0.004472
0.036240
0.025908
-0.132774
-0.029763
-0.068932
0.045185
-0.047034
0.010795
-0.008173
-0.024982
-0.016655
0.042255
-0.202782
-0.045801
0.058293
0.004472
-0.102549
0.080963
-0.017734
0.045031
-0.002467
-0.009715
-0.020048
-0.049964
0.043951
0.060298
-0.054437
-0.007556
0.051353
-0.010024
-0.091755
0.017272
-0.012800
-0.069703
0.023286
-0.022978
-0.041020
0.050891
0.093300
-0.032076
-0.040866
0.124915
-0.109026
0.020819
0.178585
-0.041020
0.068471
-0.091601
0.000308
-0.073713
-0.096998
-0.041329
-0.139250
0.009253
-0.010024
0.028992
-0.003855
0.127537
-0.048885
0.035778
0.086361
-0.068315
0.089908
0.042100
-0.120437
-0.213576
-0.079264
0.049349
-0.125526
-0.029763
-0.111802
-0.136629
-0.036240
0.065233
0.118160
0.182356
0.096115
-0.035094
-0.089586
0.049027
-0.189045
0.002645
-0.016401
-0.012697
0.002116
0.100524
-0.084296
-0.095935
-0.056609
-0.055727
-0.001234
0.036682
-0.120800
-0.104047
-0.048497
0.086767
0.038269
-0.049026
0.014814
0.054494
-0.167003
-0.033507
-0.012697
0.078479
0.119747
-0.096288
0.048674
0.058021
-0.019223
0.058374
0.150963
-0.015519
-0.065250
0.003527
0.152374
0.011639
0.161721
0.140910
-0.051848
-0.045499
-0.248120
-0.138611
-0.034036
-0.005643
-0.073186
-0.085354
0.160663
-0.002822
-0.019752
-0.007407
-0.040737
0.015519
-0.008465
-0.125738
-0.007231
-0.000353
-0.066837
-0.009347
0.087120
0.110047
-0.039503
-0.098757
-0.039856
0.044442
0.053259
0.202109
0.051849
-0.019928
-0.004409
0.149376
0.038622
-0.184813
0.075304
-0.022397
-0.001587
-0.037034
-0.058549
-0.019752
0.033331
-0.061194
0.080066
-0.029804
0.070013
0.216571
0.010581
-0.071952
-0.014108
-0.048144
-0.003351
0.096115
-0.006525
-0.129265
-0.047263
-0.129088
0.096644
0.030862
-0.165945
0.000705
-0.076360
-0.125738
-0.073362
0.005996
-0.021691
0.113574
-0.022750
0.056081
-0.119213
-0.096993
-0.006525
0.217276
0.028217
0.063841
0.180592
-0.035447
0.132092
-0.048497
-0.033683
-0.038974
-0.036505
-0.076184
0.019928
-0.131381
0.026398
-0.303793
0.050425
0.000632
-0.083302
-0.035882
-0.047895
-0.003478
0.037147
-0.073343
-0.060066
0.047738
-0.012962
0.176096
-0.094840
0.049318
-0.072237
0.019917
0.145428
-0.090256
0.015491
-0.103060
0.070816
0.037621
0.106699
0.050267
0.058012
-0.012013
-0.026714
0.148116
-0.050266
0.015333
-0.036672
-0.092469
0.096424
-0.117127
0.008536
0.072713
-0.091363
0.159023
0.078720
0.238064
0.066390
-0.032720
0.014068
-0.000316
-0.017546
-0.123766
-0.125030
0.077930
-0.055324
-0.079192
-0.063701
-0.039043
-0.013278
-0.098476
0.052164
0.030033
0.059119
0.001897
-0.187939
-0.020391
0.039518
0.127566
-0.045840
-0.003952
0.128040
0.027188
0.166295
-0.091205
-0.029717
-0.039043
0.125194
0.031456
-0.042362
-0.027346
-0.098634
-0.159804
0.005216
0.085517
-0.024501
-0.004110
-0.041730
0.050741
-0.065914
0.003478
-0.049159
0.008062
0.037305
-0.017230
0.033037
0.109387
-0.001106
-0.003952
0.073504
-0.135937
-0.012171
0.029559
-0.167707
0.123297
-0.034933
0.014701
-0.112702
-0.019917
-0.101795
-0.308061
0.127408
-0.048843
0.028295
0.062755
0.002371
-0.072869
-0.093418
-0.120763
0.173883
-0.030349
-0.066863
-0.080931
0.038253
0.101167
-0.083618
-0.012962
-0.027662
0.035092
0.018178
-0.017072
0.162659
-0.065440
-0.179156
0.168844
-0.177014
-0.021227
-0.069132
0.015969
-0.068937
-0.042453
-0.007205
0.114704
0.129699
-0.000389
0.104577
-0.131447
0.155017
-0.013632
-0.072053
-0.015190
-0.088800
0.028822
-0.046153
-0.008179
0.037390
0.030185
0.103603
-0.069327
-0.018111
0.006426
-0.017721
0.078676
-0.112363
-0.073611
-0.001558
0.186761
0.056280
-0.013437
-0.002337
-0.031158
0.314326
0.017527
-0.154425
0.012463
0.028627
-0.235043
0.000389
0.019669
-0.098537
0.002142
-0.064848
-0.058811
0.040506
0.131842
0.031548
0.011879
-0.001753
0.008179
-0.079064
0.019474
-0.060369
0.179166
0.067381
0.010321
0.118015
0.051022
-0.131642
-0.012853
-0.000779
0.127947
0.065044
-0.095421
0.024927
0.015190
-0.012463
0.008763
0.084908
-0.125994
-0.015384
-0.106716
-0.001168
-0.157346
0.070107
-0.075364
-0.012853
0.105356
0.007011
-0.043816
0.042648
-0.073027
-0.071274
0.031743
-0.016553
-0.001558
-0.067379
-0.010516
-0.038364
-0.100679
0.126973
0.063096
-0.138652
0.064849
0.043038
0.045569
0.156380
0.051217
-0.044790
0.335944
0.022200
0.005258
-0.037390
0.044401
-0.022006
-0.050048
0.053554
-0.150141
-0.013632
-0.090942
0.021032
-0.067379
-0.082958
0.021032
0.029211
-0.032327
0.081597
-0.041285
0.022590
-0.026485
0.037390
-0.133589
0.024227
0.079629
0.031174
-0.105548
0.073191
0.046252
0.087762
0.132491
-0.119270
0.029310
-0.063193
-0.138583
0.038967
0.072344
-0.127571
-0.011012
-0.023549
-0.083015
0.117411
0.042695
-0.014401
0.107076
-0.050995
0.012707
-0.029649
0.059298
-0.015926
-0.038797
-0.002372
0.009488
-0.194997
-0.194997
0.092167
-0.117068
-0.044896
0.065059
0.039814
0.098436
0.024566
-0.003558
0.045575
0.223476
-0.140955
0.007963
0.018298
0.091489
-0.033715
0.026260
-0.005252
0.022025
-0.019483
-0.001355
0.057773
-0.023211
0.032529
0.130457
-0.067429
0.089625
-0.017789
-0.002372
0.036595
0.061331
-0.043033
0.068278
-0.045235
0.056418
-0.228879
0.105382
-0.019822
-0.049471
-0.031004
0.039814
-0.037950
-0.012876
-0.176193
0.008641
-0.125030
-0.094027
-0.104700
-0.053537
0.048116
-0.026430
0.009318
0.225170
0.214157
0.047777
-0.144852
-0.013554
0.045914
0.008471
-0.029310
0.025752
-0.095213
-0.045743
0.088270
0.091489
-0.193811
-0.070648
0.115548
-0.052690
0.091320
-0.026430
-0.231928
0.105890
0.109109
0.038798
-0.015248
-0.037272
0.024566
0.003050
-0.037781
0.144859
0.009826
-0.115712
-0.101143
-0.004744
-0.127063
0.046761
0.149772
0.011860
-0.117407
-0.082168
0.097250
-0.024058
0.021178
0.162141
0.046591
-0.051334
0.098445
0.028808
-0.124762
-0.062174
-0.065905
0.029015
-0.052434
-0.021968
-0.008290
0.073782
0.140311
-0.090981
0.067149
-0.051605
0.049740
-0.076681
-0.075231
-0.020725
0.127253
0.192954
-0.017202
0.028808
0.149015
-0.021139
-0.120824
-0.076681
0.056787
-0.028600
0.054507
0.013264
-0.020725
-0.056371
0.005596
-0.043522
-0.075438
-0.082277
-0.094504
-0.123104
0.052020
-0.079168
-0.044973
0.112538
-0.055542
-0.108390
0.046839
0.008083
-0.067563
0.225287
-0.080826
-0.110048
-0.092225
-0.054921
-0.154397
-0.018238
0.048497
0.032331
-0.129528
0.030673
-0.113778
0.064662
0.016787
-0.060724
0.067771
-0.091188
0.056372
-0.106110
-0.065490
-0.273558
0.025077
0.059896
-0.025492
-0.015129
-0.088287
0.011813
-0.022176
-0.041657
0.011191
-0.090981
-0.088494
-0.036683
-0.023212
0.056994
0.079585
-0.195431
-0.018652
-0.091188
0.016165
0.032746
-0.049118
-0.193565
0.115854
0.096165
-0.056579
-0.076681
-0.011813
0.100310
-0.039999
-0.137404
0.007461
0.084351
-0.043315
0.107150
-0.180924
-0.052226
-0.005803
-0.214704
0.025285
-0.037926
0.002072
-0.009119
0.038963
-0.045595
-0.005596
0.018238
0.202488
-0.013471
0.041865
0.138445
-0.100307
0.094714
0.036269
-0.039792
-0.116679
-0.119995
0.156891
0.144248
0.012435
-0.034196
-0.063641
0.168939
-0.052646
-0.033487
-0.016660
0.062310
-0.044649
0.111125
0.071640
-0.011162
0.064809
0.034320
-0.055311
0.041484
0.069140
-0.006997
0.035320
-0.065973
-0.139775
-0.015494
0.052647
-0.151770
-0.101625
0.136450
-0.055145
0.026157
0.174604
-0.114120
0.098297
-0.139275
-0.095461
0.088467
-0.063641
0.098463
-0.054811
0.034987
0.010663
0.046815
-0.085299
-0.114786
-0.035986
0.009663
0.056312
-0.008663
0.045149
0.032654
0.068974
0.078137
0.006997
0.138949
0.052147
0.068807
-0.098460
-0.004498
-0.064141
0.024990
-0.009829
0.016993
0.063143
0.029155
0.073805
-0.076802
0.042484
-0.166597
0.016327
0.099963
0.037486
-0.323521
-0.226069
0.052647
-0.010829
-0.008830
0.176437
-0.029155
-0.183256
-0.089464
0.111459
0.037819
0.012495
0.085801
0.067641
-0.001166
-0.004665
-0.031987
0.044316
0.017160
-0.056644
-0.005331
-0.040317
0.050647
-0.067973
0.038985
-0.025657
0.007830
0.037985
-0.071804
0.079803
-0.039817
0.063976
0.057311
-0.048147
0.052980
-0.069305
-0.046481
0.085801
-0.162265
0.008330
0.110459
0.089300
-0.051979
0.004831
-0.069972
0.023991
-0.328852
0.078304
0.002999
-0.068306
-0.015994
0.026490
-0.198082
-0.099793
-0.140108
-0.087298
-0.008996
0.038319
0.072473
-0.101792
0.086634
0.070935
-0.033148
-0.067155
-0.122801
-0.077116
0.101851
-0.132762
-0.019580
0.023359
0.004466
-0.003950
0.008416
-0.055991
-0.095837
-0.027480
0.019752
-0.015629
0.000000
0.030744
0.139295
-0.077116
0.021813
0.018721
-0.069387
0.081584
-0.073509
0.113531
-0.053071
-0.058911
-0.006011
0.019236
0.005153
0.019065
0.040534
0.046717
-0.052041
-0.160756
0.065267
-0.510061
-0.062517
0.010477
0.036240
-0.010992
0.182236
0.051183
-0.119881
0.030229
0.056507
0.013569
-0.143067
-0.061315
-0.030572
-0.010649
-0.020782
0.065439
-0.039846
-0.113870
-0.029198
0.023015
0.007729
-0.072994
-0.018206
0.009618
0.001374
-0.047919
0.017519
-0.106313
0.027309
-0.004294
-0.019236
-0.160928
0.142215
-0.104767
-0.000859
-0.046545
-0.138773
0.076259
-0.146158
-0.083127
0.052557
-0.003779
-0.013397
0.107519
-0.194246
0.022156
-0.106485
0.009275
-0.000000
0.058740
-0.115072
-0.014427
0.097042
-0.014255
0.015630
0.013569
-0.035724
0.017862
-0.087077
-0.016316
-0.006698
0.040190
0.030744
-0.030057
0.009618
-0.169000
-0.010305
-0.058224
-0.082269
-0.045171
-0.210046
0.041736
0.116794
0.031259
0.160594
-0.054617
0.146853
0.058397
0.153208
-0.050667
-0.092917
0.043282
0.046374
0.106832
-0.028854
0.031087
0.011851
0.111985
0.040534
0.015068
0.009493
-0.007534
0.054246
-0.005575
-0.009342
0.012356
-0.007082
-0.048820
0.045657
0.081972
-0.021849
-0.158059
0.171179
-0.122199
-0.032547
0.096287
0.140137
-0.064189
-0.057710
0.018232
0.040232
0.067958
0.013411
-0.061778
-0.142540
-0.082572
0.085287
0.068259
0.128082
-0.144951
0.008740
-0.242132
-0.228723
-0.019890
0.003918
0.001959
0.212017
0.045657
0.049725
0.002110
-0.086640
0.087246
-0.002411
0.021397
0.044451
0.005726
-0.030437
-0.138020
0.241553
-0.062682
0.001657
0.094931
-0.024109
-0.000301
0.065396
0.093424
-0.025616
-0.032095
-0.023958
0.105780
0.008287
-0.026369
-0.001507
-0.049272
-0.068860
0.079109
0.217743
0.088300
0.080314
0.077451
0.042040
-0.024109
-0.078202
0.031945
-0.225107
0.053040
0.042643
-0.067203
-0.130034
0.024561
0.031040
-0.013109
-0.074285
-0.019287
-0.065093
0.236881
0.043095
-0.004068
-0.011904
0.153699
-0.033602
0.074889
-0.025616
0.022150
-0.026520
-0.029835
-0.012506
-0.110447
0.044301
-0.025917
-0.001808
0.046410
-0.075038
-0.108187
0.046561
-0.145704
-0.045807
-0.054245
-0.041588
0.047013
0.067355
-0.082120
-0.095228
-0.278744
-0.005274
-0.070518
-0.067504
0.024862
0.042944
0.007534
0.068410
-0.064943
-0.039930
0.000301
-0.098393
-0.160771
-0.002260
-0.078217
0.058158
0.108771
0.076931
-0.039753
-0.194342
0.262087
0.005705
0.032024
-0.014355
-0.102694
0.035520
-0.179068
0.094047
0.026318
-0.060549
-0.014171
0.019693
-0.155880
0.058894
-0.018220
0.028895
-0.211273
0.033864
-0.014539
-0.043066
-0.009386
-0.057789
0.083740
-0.100669
-0.067359
0.064415
-0.018772
-0.139501
0.104906
0.046747
-0.207593
0.112452
0.106378
0.046011
0.121102
0.041042
-0.037544
0.038833
-0.033127
-0.023373
0.043066
-0.029079
0.085397
-0.109319
-0.023557
0.050612
-0.028342
-0.050243
0.034232
0.044170
0.080243
0.059446
0.089262
0.164170
-0.006073
-0.033127
-0.019508
0.020613
-0.021717
0.112636
-0.021901
0.054845
0.005705
0.034600
-0.075272
-0.093860
-0.101222
0.060550
-0.040305
0.092206
0.008466
0.129937
0.008834
-0.009570
-0.029079
-0.081346
-0.074168
0.086133
0.076378
0.112452
-0.000736
-0.031471
-0.043802
-0.041409
-0.067727
0.106378
-0.080793
-0.059445
-0.047114
-0.011595
0.039385
0.096992
-0.277891
0.055397
0.037913
0.113924
0.031471
0.022269
0.145949
0.061839
-0.036992
-0.087235
-0.116128
-0.194158
0.144292
0.074354
-0.133244
0.093127
0.161961
-0.107847
-0.059077
-0.121833
0.062943
0.116869
-0.129195
-0.034600
-0.089995
0.049692
0.033312
0.043250
0.032024
-0.038649
0.111361
0.001044
-0.071686
0.145292
-0.104397
-0.018096
0.024012
0.073950
-0.017922
-0.058289
0.056202
0.046980
0.146162
0.133808
-0.197481
-0.028884
0.008526
-0.269511
0.045762
0.053244
0.053766
-0.009396
-0.001392
0.110665
-0.013746
-0.087172
-0.009918
-0.077950
-0.055505
-0.037061
-0.183388
-0.162684
0.035322
0.290766
0.032712
0.044544
0.026100
-0.079516
-0.065423
0.041586
-0.008178
-0.200265
-0.034973
-0.027492
-0.029058
0.040368
-0.041063
-0.167730
-0.058463
-0.142327
0.053418
0.009744
-0.042107
0.012354
0.036192
-0.028710
-0.038975
-0.099873
-0.048719
0.068034
0.018618
-0.006090
0.083868
0.107707
-0.032711
-0.046805
-0.194524
-0.042281
0.011658
-0.084388
-0.060203
0.052374
-0.155724
-0.043847
0.194537
-0.107007
0.033756
0.108751
0.074646
-0.027666
0.036888
-0.099699
-0.041237
0.089959
-0.084214
-0.078820
0.048720
-0.104919
0.033408
0.015834
0.021750
-0.034973
-0.023316
0.034104
-0.021402
0.071340
-0.016008
0.039672
0.069948
-0.085780
-0.133454
-0.050459
0.044022
0.085260
-0.127886
0.043848
0.215940
-0.035495
-0.045761
0.102313
-0.020706
0.083520
-0.008700
-0.112575
0.114319
0.015486
0.019836
0.156603
0.049938
0.078126
0.043848
0.093961
0.055680
-0.106659
-0.000348
0.033756
-0.119360
-0.025752
-0.027278
0.038295
0.139017
0.098797
-0.065747
0.112437
0.141640
-0.020459
-0.079385
0.009792
-0.027278
0.005246
0.086032
0.032174
0.005071
0.006120
-0.041616
-0.049835
0.029726
-0.033573
-0.037769
0.007519
-0.077462
0.043540
0.151957
-0.038119
0.035322
-0.088653
-0.110859
0.056305
0.112262
-0.091275
-0.006820
0.167695
-0.082358
0.012240
-0.055780
-0.149326
0.194625
0.136219
-0.046687
0.083759
0.090054
-0.040917
0.001399
-0.133939
-0.226959
-0.134814
0.172592
0.113661
0.041442
-0.047561
0.097398
0.005596
0.052808
0.009967
0.068896
0.022557
-0.039168
0.041267
0.016612
-0.018710
-0.125721
-0.031300
0.005071
-0.075364
0.160875
-0.037245
0.040917
0.060677
-0.018885
0.047212
0.011716
-0.043365
-0.020109
-0.035321
-0.126771
-0.044939
0.034448
0.131148
-0.014688
0.017661
-0.183947
0.039693
0.047212
-0.185870
-0.066970
0.106841
-0.045813
0.097573
0.042841
0.017311
-0.004197
0.000874
0.056480
-0.010142
-0.008393
-0.014164
-0.004197
-0.340782
-0.067495
0.098273
0.086907
-0.073090
-0.037070
-0.100193
-0.057528
0.007169
0.062600
-0.080434
0.027453
-0.095472
0.169094
0.083934
0.014513
0.137793
-0.039693
-0.017136
0.122579
-0.141283
0.101420
0.052633
-0.010317
0.097923
0.000525
-0.138660
0.140940
-0.050534
-0.085905
-0.077346
-0.054048
-0.065618
0.029798
0.033443
0.063083
-0.004279
0.073862
-0.022982
0.022665
-0.076237
-0.203505
0.035504
-0.019178
0.130923
-0.107619
0.158979
0.034870
-0.012838
0.020922
0.051196
-0.009510
0.038833
0.107623
-0.092720
-0.099535
0.007132
-0.037405
0.097162
0.010778
0.164844
0.057377
-0.075444
0.013155
0.085115
-0.041526
0.124425
0.102392
0.047709
0.091772
-0.002694
-0.080041
0.034236
-0.035662
0.018227
0.002853
-0.142645
0.201618
-0.161981
0.029481
0.045490
0.020763
0.048501
-0.039783
-0.052304
0.001426
-0.059912
0.105087
-0.050085
-0.079882
-0.107460
-0.047549
-0.189875
0.007766
-0.163566
-0.100169
0.105245
-0.204931
-0.023458
0.031858
-0.076237
0.107781
0.018544
0.014740
-0.113324
0.170075
-0.006974
0.061974
0.034711
0.048026
0.102709
0.030432
-0.028213
0.068631
0.046916
-0.109996
-0.076871
0.208276
-0.002694
0.086066
-0.107302
-0.181158
-0.043904
0.012046
-0.105241
0.123156
-0.041843
-0.015691
-0.007608
0.002060
-0.004121
0.012997
0.017435
-0.142328
-0.011887
-0.109203
0.007291
-0.088441
-0.000158
-0.026311
-0.027579
-0.326171
-0.011412
-0.139634
0.025043
-0.083052
0.069265
0.044697
0.001902
-0.135355
-0.081943
-0.024409
-0.019495
0.005230
-0.158494
0.002219
-0.011095
-0.120696
0.140103
0.008746
0.035303
-0.049774
0.007474
-0.265237
0.036098
-0.033236
0.016220
-0.018765
-0.062336
0.111795
-0.015107
-0.007315
-0.041187
-0.049615
0.001749
0.134537
-0.016538
-0.057089
-0.006838
0.130243
0.042459
-0.090482
0.015743
-0.030532
-0.060110
0.048820
-0.003976
-0.044685
-0.103999
0.044368
-0.006838
-0.017651
-0.132145
-0.097479
-0.024807
-0.223100
-0.091278
-0.083168
0.141693
-0.145820
0.130561
-0.066153
0.075219
-0.161244
-0.057407
0.136763
-0.063926
-0.006520
0.058203
-0.015266
0.016379
0.032123
0.003499
-0.059315
-0.181439
-0.067266
0.068858
0.004294
0.095892
-0.074422
0.041505
-0.015584
-0.149636
0.125154
0.036416
-0.059315
0.023376
-0.020832
0.173659
-0.030532
-0.008269
0.116566
0.025444
-0.059315
0.129925
-0.026398
0.111318
-0.014630
0.052955
0.087782
-0.222146
0.057090
-0.055816
0.024967
0.040233
0.028942
0.214530
0.007951
0.002862
-0.084758
-0.021150
0.004930
-0.099705
0.044527
0.088100
-0.005089
0.296594
0.202285
0.108933
-0.032918
0.014471
-0.027193
0.058044
-0.012722
0.010337
-0.000159
-0.033395
-0.021945
-0.181121
-0.027670
0.127221
0.050888
0.073788
0.017970
0.032759
-0.032599
0.076173
-0.006361
-0.067425
0.028465
0.122609
0.010337
-0.043095
-0.035780
-0.113063
-0.009144
-0.097135
0.026504
-0.125890
0.188849
0.015240
-0.090509
-0.115687
-0.036840
0.038166
0.077658
0.121524
0.163005
-0.088389
-0.030479
0.106416
-0.033925
-0.049297
-0.064139
-0.033262
0.029287
-0.020275
-0.024914
0.035251
0.164728
-0.078980
0.076465
-0.043069
0.089453
0.014445
-0.129071
-0.031407
-0.068777
0.077260
0.020143
-0.004771
0.019613
-0.110121
-0.045321
-0.059103
0.077260
0.275128
-0.109194
0.008879
-0.017758
-0.013119
0.021071
0.043997
-0.154513
-0.281719
-0.001855
0.066791
-0.016432
0.009541
-0.003578
0.042142
0.035383
0.017360
-0.087064
-0.028094
-0.021601
0.091043
0.019348
0.088260
0.028890
-0.126155
-0.114494
-0.039358
0.074742
0.290768
-0.188170
0.045985
-0.122975
0.080441
-0.056320
-0.118867
-0.017890
0.004638
-0.018553
-0.112507
0.014842
-0.014312
0.113970
-0.086666
0.012589
0.068646
0.005566
-0.037370
0.041877
0.003976
-0.100315
-0.020010
0.117681
0.003578
0.020276
0.097537
-0.004638
0.038299
0.039491
-0.080703
-0.038563
0.008746
-0.014975
-0.023588
0.285731
0.081766
-0.154645
-0.006891
0.052744
0.003976
-0.108929
0.035913
-0.108796
-0.048899
0.111054
0.002385
-0.049827
-0.104821
-0.075137
-0.129733
0.078321
0.042937
-0.047839
-0.023191
-0.055260
0.082959
0.067851
-0.048767
0.200271
0.219581
-0.042547
-0.005297
-0.117901
0.137728
0.309469
0.032466
0.057927
0.035200
-0.073817
-0.010252
0.018113
-0.047673
0.049554
-0.063906
-0.036909
0.011449
0.176518
-0.019992
0.007518
-0.090733
-0.011278
0.032808
-0.099276
0.065104
0.067325
-0.033833
-0.102352
0.048187
-0.039642
-0.053654
-0.012303
-0.217002
-0.086803
0.051775
0.011278
-0.022897
-0.029390
-0.010765
0.040497
0.071255
0.068009
-0.124223
0.067667
-0.099276
-0.045281
0.036396
0.043231
0.192923
-0.111749
-0.084752
-0.143531
0.020676
0.004101
-0.013157
0.073135
-0.080481
-0.054850
0.140462
-0.001880
-0.016575
-0.082702
-0.032978
0.064249
0.061686
-0.000854
-0.146948
-0.026485
-0.080651
-0.149511
0.042377
-0.065615
-0.024435
-0.053312
-0.002392
0.104919
-0.017087
-0.107478
-0.062197
0.036738
-0.027340
0.168316
-0.055704
0.032808
0.067838
0.098425
-0.016916
0.104577
0.096716
0.030245
0.044598
0.013328
-0.000342
-0.077747
0.094495
-0.013328
0.088514
-0.215806
-0.123539
-0.131741
0.090223
-0.070228
-0.062197
-0.025460
0.034175
0.017771
0.005810
-0.111579
-0.042206
-0.037763
0.029732
0.002734
0.035371
0.011278
-0.065957
0.082192
0.062370
-0.155320
-0.123881
-0.150023
0.040668
-0.044598
0.081508
-0.050066
0.007348
0.232056
-0.063906
0.037093
0.178478
-0.048798
-0.117509
-0.079961
0.062025
-0.019763
0.031316
0.055640
-0.071904
0.132261
-0.016874
-0.176489
0.248413
-0.018546
0.012770
-0.003040
0.055032
-0.083914
-0.000304
-0.014290
-0.021739
0.069474
0.074643
-0.178009
-0.019154
-0.174665
0.059136
0.068562
-0.145631
-0.080721
-0.106108
-0.071296
-0.223611
0.009121
0.042262
-0.076921
-0.004713
0.062937
-0.057311
-0.021131
-0.119485
0.162210
-0.009729
0.015506
0.001216
0.002432
0.120403
0.145487
0.152024
-0.049102
-0.036180
-0.032684
0.030708
0.016266
-0.070384
-0.134534
0.010945
0.044846
0.030556
0.139102
-0.013682
-0.071296
-0.007601
0.050775
0.169964
0.023715
0.181670
0.079204
0.012466
0.035269
-0.021283
-0.012010
0.005169
0.041806
0.065977
-0.095467
0.065217
0.073731
-0.109908
-0.013834
-0.046062
-0.081329
-0.002128
-0.031772
0.055032
0.271978
-0.017482
-0.015354
0.024323
-0.032988
-0.069472
0.004865
0.034509
-0.012162
-0.087258
0.121467
-0.008817
-0.226348
-0.008361
-0.000304
0.111129
-0.041653
-0.000912
0.056856
-0.009425
-0.007905
-0.048038
-0.022955
0.067802
-0.031468
0.108544
-0.177705
0.012162
-0.043933
0.009121
0.024323
-0.003648
-0.079505
0.259663
0.067498
-0.052142
0.067650
-0.051382
0.093950
-0.026755
0.109305
-0.020523
-0.243498
0.114397
0.099197
0.013279
-0.053757
0.134717
-0.152469
0.073918
0.009440
0.067198
0.033119
-0.031998
0.040958
0.148317
0.062078
0.070238
-0.016319
-0.030558
-0.100153
-0.016959
-0.059517
-0.119992
0.032479
0.035679
-0.140630
0.054238
0.011359
-0.013279
0.084637
-0.151349
0.067358
0.286562
0.022879
-0.054877
-0.057277
0.115677
0.054718
-0.096314
0.197278
0.031839
0.077117
-0.013759
0.015199
-0.021919
-0.014559
-0.045118
-0.071676
0.056478
0.136957
0.015519
-0.028319
0.051678
-0.031198
0.019199
-0.065916
0.014719
0.087837
0.172317
0.012479
0.054558
-0.028639
-0.010719
-0.077435
0.009920
-0.061756
0.121117
0.044958
-0.006080
-0.059997
0.011519
0.051838
0.142557
-0.043198
0.045598
-0.106553
-0.050397
0.136797
0.091197
0.146557
-0.109113
-0.019519
-0.062236
-0.169427
0.192798
-0.049757
0.016319
0.039838
0.058718
0.025279
-0.034398
0.008320
0.049918
-0.080155
0.106717
0.003840
-0.097114
-0.044798
-0.055037
0.006560
0.090717
0.053918
-0.119992
-0.105753
0.030239
0.121757
0.199678
-0.062396
-0.024319
0.035039
-0.054717
-0.001440
-0.022239
-0.029918
-0.091194
0.129597
-0.052797
-0.163507
0.009600
0.200318
0.105437
0.101117
0.000800
0.095037
0.033759
0.076477
0.111037
-0.062556
0.017759
-0.014379
0.163062
-0.115891
0.099216
-0.123367
0.081098
0.043712
-0.022431
0.035660
0.026026
-0.027032
-0.015242
0.112014
-0.064848
-0.071893
0.028039
0.009346
-0.059959
-0.027032
-0.014523
0.030052
-0.159169
-0.069736
-0.012941
-0.152267
0.154434
0.062549
0.031202
0.009059
0.277959
-0.021424
0.079085
0.101517
-0.038535
-0.065279
-0.014666
0.009202
0.020274
-0.008484
0.113452
-0.111290
-0.239827
0.024300
-0.001438
-0.014954
-0.049894
0.024732
-0.044430
-0.101369
0.144080
-0.023437
-0.188499
0.025882
-0.106401
0.036810
0.005176
-0.044286
-0.001438
-0.014235
-0.052770
-0.023869
0.040980
-0.000288
-0.039685
-0.017686
0.083255
0.096053
0.011216
-0.052914
-0.251617
0.083111
0.030052
-0.086991
-0.006614
0.069882
0.036954
0.054497
0.046300
-0.118479
-0.009778
-0.054208
0.062693
-0.180736
-0.009202
0.006758
-0.078651
0.196423
-0.102375
0.173128
-0.017974
-0.060534
-0.040260
-0.052051
0.000288
0.002588
-0.121930
0.031490
0.055215
0.342529
-0.029908
0.048889
0.008196
0.008771
-0.044286
0.010209
0.138760
0.001294
0.003595
0.038823
-0.122505
0.019843
-0.111434
-0.043711
-0.055214
0.128119
0.002157
0.057948
0.070457
0.131283
0.000431
0.172265
0.009778
0.002588
-0.000719
-0.052626
0.056366
0.008340
0.059817
0.151099
-0.225473
0.236758
-0.029987
-0.013917
-0.221498
0.002982
0.029324
-0.047217
0.012591
0.052022
0.097749
-0.124419
-0.057488
-0.004970
0.113489
-0.036614
0.010272
0.162034
-0.146452
0.006793
-0.118455
-0.064778
-0.025182
0.029822
0.035455
-0.068257
-0.062458
-0.032141
-0.059973
-0.030153
-0.024851
-0.027336
0.036946
-0.086812
-0.019384
-0.049536
-0.003811
-0.038602
0.133537
-0.054341
-0.046223
-0.006461
0.235764
0.019053
0.036283
0.027502
-0.084161
0.122105
0.070578
-0.065938
0.013751
-0.107686
-0.001988
0.006461
0.009609
0.017562
0.032969
0.054342
0.188378
-0.042744
0.033632
-0.085155
0.030319
0.033135
-0.076540
-0.007952
-0.232928
0.026342
-0.057157
0.211740
-0.082836
0.020875
-0.008118
-0.054341
0.013751
0.105039
0.079359
0.073560
-0.012094
-0.040259
0.045892
-0.028330
-0.014082
-0.078197
0.119619
-0.087309
0.018556
-0.131211
0.027171
-0.085155
0.023526
0.006627
0.018224
-0.031975
0.048543
0.058152
-0.008781
0.003811
0.002982
0.118625
-0.112490
-0.189359
-0.052684
0.077040
-0.184555
0.037277
-0.032141
-0.106526
-0.076375
0.045229
-0.136512
0.046058
-0.076375
0.295910
-0.044400
0.059975
-0.044897
-0.045063
-0.024188
-0.035951
0.058152
-0.125910
-0.027999
-0.051027
0.065442
0.096755
-0.018058
-0.044267
-0.154552
-0.106484
0.050201
-0.018863
-0.042746
-0.068302
-0.017038
0.012626
-0.031337
0.012018
-0.130214
-0.115763
0.029664
0.026926
-0.043050
0.046702
0.018863
0.075454
-0.036357
-0.012170
0.144368
-0.030729
0.065109
-0.027534
0.121549
0.108618
-0.023731
0.062067
-0.044572
-0.101616
0.051418
0.115464
0.216936
-0.002130
0.054765
-0.015821
-0.013995
-0.025100
-0.088230
-0.006541
0.325563
-0.117588
0.046246
-0.029512
0.025252
0.002738
-0.145273
-0.100855
0.062675
0.072564
0.077127
0.007606
0.050962
-0.002890
-0.028599
0.099034
0.089602
0.019776
0.039552
0.040009
-0.005629
-0.013083
-0.038791
-0.062674
-0.025556
-0.077733
0.158669
-0.080776
0.057807
0.041073
-0.032858
-0.047614
-0.035140
0.003803
-0.029512
-0.056285
0.023427
0.130068
-0.016581
-0.040312
-0.004412
-0.027838
-0.022058
-0.006998
0.001065
-0.205966
0.012474
-0.082145
-0.120630
-0.057958
0.013083
0.029360
0.029512
-0.012474
0.168101
0.086559
-0.025556
-0.238213
0.117898
-0.049135
0.003499
-0.123977
-0.006541
-0.142839
-0.001217
0.031794
0.111660
-0.011409
0.060393
0.032250
0.120788
-0.109526
0.151671
0.054613
-0.029664
0.087320
0.003803
0.127634
-0.315787
0.001521
-0.184974
-0.085796
-0.007910
-0.039095
-0.074387
-0.177065
0.011257
-0.007994
-0.225157
-0.047816
-0.106142
-0.078163
-0.015988
0.201045
0.023390
-0.012435
0.044856
-0.035973
0.096523
0.095783
-0.178084
-0.138412
0.010363
0.021614
-0.003997
0.018357
0.011547
-0.064248
-0.104217
0.026647
-0.040266
-0.013323
-0.006810
-0.060695
-0.002813
0.037454
-0.026055
-0.027979
-0.286883
-0.008142
-0.238331
-0.063212
-0.010363
0.045892
0.033161
-0.276521
-0.120501
0.018209
-0.017320
-0.012287
0.077870
0.007994
-0.067357
0.037010
-0.128050
0.102445
-0.030496
-0.080384
-0.091190
0.122135
0.002073
0.016432
0.010363
-0.100072
-0.065728
0.014064
0.152633
-0.028867
-0.016136
-0.081716
-0.035973
0.025315
0.031829
-0.139893
-0.037009
0.047817
-0.006218
0.105998
-0.130123
0.079498
-0.016728
-0.082160
0.007402
0.109847
-0.136932
0.002665
-0.004589
-0.014508
0.061733
0.116657
-0.112507
-0.038046
-0.088378
-0.021169
0.021170
-0.002073
-0.043819
0.013620
0.002369
-0.114431
-0.015248
0.044264
-0.051665
-0.090598
-0.133823
-0.072686
0.132794
-0.090302
0.007994
-0.188742
0.039527
-0.088822
-0.221900
0.069579
0.062473
0.046040
-0.003849
0.010659
0.206523
-0.013620
0.011843
0.187868
-0.075499
0.004441
-0.106290
-0.013620
0.022502
0.017913
-0.037750
0.019985
-0.077423
0.039971
-0.080236
0.052258
0.001925
0.116302
-0.263528
0.028757
0.061335
0.065886
0.057695
-0.072800
0.005824
-0.076258
-0.026208
0.076260
-0.099736
0.160712
0.228058
-0.029484
-0.102102
0.188196
0.088818
-0.033124
-0.009828
-0.003640
-0.062426
0.079900
0.084450
-0.099736
0.050415
-0.112839
0.040587
0.051325
0.110841
0.017290
-0.003822
-0.176173
-0.022932
-0.030940
-0.045864
-0.099190
0.043135
-0.079716
-0.133769
0.092459
-0.097916
-0.012922
-0.008372
-0.062790
-0.001274
-0.012740
0.029303
-0.066066
-0.190187
-0.025480
0.151066
-0.062244
0.083540
0.006370
0.009464
-0.062790
0.036401
0.013104
-0.067158
-0.080990
-0.021658
-0.051688
0.141419
0.012558
0.083358
-0.033488
0.106473
0.022022
0.195659
0.038221
-0.008190
0.159438
0.083358
-0.102102
0.033489
-0.042588
-0.072982
0.056057
-0.130675
-0.051688
-0.073346
0.180552
-0.008190
-0.139593
-0.033852
-0.104650
0.073166
-0.010920
0.089729
-0.089908
-0.035308
-0.103558
-0.022750
-0.025662
-0.057148
0.145969
-0.004550
-0.002912
0.111752
-0.046956
0.065158
0.000182
-0.010192
-0.226039
0.115938
0.049687
-0.063882
0.021658
0.052417
-0.080808
-0.054236
0.077898
0.091185
0.011466
0.003094
0.000910
-0.022568
-0.030758
-0.124851
-0.084084
0.129770
-0.176355
0.045865
0.041861
-0.110837
-0.081536
-0.022022
-0.049229
0.054111
-0.159537
-0.031518
-0.026916
0.276287
-0.319063
-0.008507
0.002231
0.005997
0.012691
-0.019664
-0.076562
-0.058294
0.047277
0.025940
0.010599
-0.011994
0.029426
0.134583
0.025800
-0.066243
0.033471
0.040025
0.033471
-0.040722
-0.011715
-0.017572
-0.034586
0.040165
-0.028729
0.145043
0.040583
-0.003765
0.027195
0.011854
0.061782
-0.048392
0.176284
-0.056760
-0.062338
-0.025661
0.016875
-0.060385
0.023429
0.147414
0.017293
-0.066243
0.012551
0.021477
0.040862
0.036539
0.013388
0.005021
0.057319
-0.017014
0.114500
-0.035841
0.004881
0.135559
0.036957
-0.047137
0.022174
-0.000837
0.011994
0.060526
-0.203603
0.107387
0.033889
-0.078236
-0.038491
0.028729
-0.005718
0.021756
-0.036259
0.044767
0.035423
-0.099154
-0.023987
0.031100
0.026916
-0.051181
-0.036817
0.037515
0.067081
0.032913
0.017293
0.009762
-0.012412
-0.181152
0.030681
0.005439
-0.024126
-0.239998
-0.021756
0.015759
0.015201
-0.180315
0.020919
-0.240417
0.103342
-0.022592
-0.052994
0.038910
0.077541
0.134025
-0.013946
0.039189
0.015480
0.057598
-0.118817
0.301253
0.026498
0.075031
0.053972
0.336123
0.004323
-0.157863
0.006555
0.016177
-0.020640
-0.020640
0.011017
-0.138340
-0.044766
0.006834
0.012133
-0.027055
-0.090754
0.210089
0.013781
-0.032773
0.151095
-0.019664
0.172104
-0.137810
0.020336
0.049916
-0.091594
-0.058486
-0.072771
0.036302
0.117816
0.083025
0.055462
-0.006218
-0.119324
-0.032436
-0.012101
0.045882
0.061681
0.008067
0.037647
-0.027563
0.187735
0.018655
-0.026218
0.370776
-0.174951
-0.061007
0.017143
-0.155792
0.037647
0.144036
0.036302
-0.019664
0.056134
0.111261
-0.020168
-0.030252
0.001849
-0.085040
-0.012773
0.027899
-0.011428
0.080168
0.044706
0.017815
-0.068906
-0.152767
0.063697
-0.167220
0.045546
0.058319
0.005546
-0.011765
-0.039999
-0.024537
-0.138650
-0.104535
0.035462
0.040000
0.010756
0.082185
-0.032773
0.005546
0.242192
0.076303
-0.053444
0.019832
-0.218476
0.015630
0.017311
0.028403
0.033613
-0.183857
-0.095123
0.002857
-0.043361
-0.034789
0.048907
-0.009580
-0.059158
0.060840
0.082689
0.038991
0.034622
0.091261
0.030588
0.058487
0.095967
-0.028571
0.019664
0.017311
0.052269
0.018487
0.041344
0.129581
0.003193
0.046723
-0.064200
0.052941
0.023361
0.068067
0.017815
-0.106719
-0.003361
-0.095459
-0.069074
0.036134
-0.012101
0.187567
0.126388
-0.033949
-0.017647
0.028907
-0.083023
0.050588
-0.113106
0.175970
-0.012437
0.041008
0.039664
0.148069
0.069244
-0.011092
0.126518
0.166775
-0.033807
-0.096192
0.019343
-0.170599
0.346456
-0.008539
0.030322
0.055242
0.022654
-0.080334
0.101249
-0.007668
0.076503
-0.091138
-0.009236
0.016207
-0.093578
0.223762
0.030845
-0.032239
-0.103510
0.057682
0.013070
-0.075803
0.084867
-0.054021
0.035898
0.007319
0.013941
0.232302
-0.046528
-0.163280
0.042695
0.002962
-0.010979
-0.258944
0.342447
0.051060
0.058553
0.064652
0.047574
0.072494
0.031368
0.138368
-0.020563
0.122684
-0.033110
-0.040777
0.035898
-0.027185
-0.146552
-0.057332
0.036770
0.000871
-0.141847
0.013418
-0.008887
0.067441
-0.005576
0.056636
-0.011153
-0.048096
0.021783
-0.076152
-0.006099
-0.007842
0.022306
-0.018820
0.052802
-0.211199
-0.064302
0.014987
-0.005402
0.008016
-0.060643
-0.154393
-0.032064
0.122684
0.045135
0.022480
0.009062
0.061516
0.113099
0.091141
0.040255
0.051582
-0.094101
-0.123376
-0.058552
0.006099
-0.078940
0.049491
0.031193
-0.053498
-0.083645
0.060818
0.032239
-0.059946
-0.022131
0.024745
0.159281
-0.061863
0.009584
0.109614
0.036944
0.003485
-0.018472
-0.045831
-0.016032
0.042869
-0.085736
0.048271
-0.068833
-0.013070
-0.095320
0.009759
0.077548
0.036944
0.044089
-0.020737
0.005751
-0.103162
0.021957
0.016904
-0.015161
0.027359
0.041166
-0.061469
-0.070037
0.020862
-0.040793
-0.121633
0.175658
0.062029
-0.048244
-0.006706
-0.060724
0.014343
0.100774
-0.023843
-0.007823
0.117353
-0.115858
0.073578
-0.059420
-0.000559
-0.015833
0.002608
-0.154042
-0.059047
0.157030
0.043588
0.002235
0.016578
-0.054949
-0.040607
-0.065939
0.054950
0.243466
-0.007265
0.020117
-0.027009
0.028872
-0.014343
0.056627
0.027382
-0.042656
0.044519
0.138775
0.050480
0.061656
0.003167
-0.004843
0.009127
-0.137092
-0.125544
0.086431
0.030362
-0.079723
-0.026637
-0.009686
0.080098
0.079539
-0.014902
0.042843
0.014529
0.116049
0.096490
-0.041166
-0.047871
0.060725
0.056627
-0.137465
0.111951
-0.045264
-0.163355
0.130020
0.025706
-0.273061
0.033715
0.207885
-0.037254
-0.054763
-0.162424
0.040607
0.031480
-0.024960
0.014529
0.050480
0.023843
0.058676
0.038000
-0.088477
0.038000
-0.124799
-0.143984
-0.048616
0.029804
-0.067616
0.020676
-0.065753
-0.076929
0.121451
-0.035764
-0.122191
-0.191294
-0.066684
-0.021607
0.063147
0.211425
0.065009
0.025892
-0.111761
0.073392
0.000373
0.033715
-0.035391
0.067617
-0.021049
0.187208
0.064637
0.003353
-0.073017
0.006892
0.057745
0.090902
-0.089595
-0.128152
0.164109
0.070784
-0.044146
0.169325
-0.143984
0.080470
-0.068886
0.001286
-0.049966
0.070357
0.034168
-0.044087
-0.240636
0.065030
-0.041883
-0.028473
0.006062
-0.006429
0.076971
0.010655
0.006797
0.004592
-0.006429
-0.015063
-0.046475
0.067602
0.105629
-0.036188
0.082849
0.116467
0.064846
-0.065212
0.009736
-0.032515
-0.024064
0.094790
0.057866
-0.247433
-0.019656
-0.131526
0.021860
-0.036923
-0.053272
-0.241187
0.098832
-0.070723
-0.083398
-0.043536
-0.052170
-0.000918
-0.005327
-0.003123
0.179479
0.007715
-0.038577
-0.039495
-0.015982
-0.067417
-0.100114
-0.027371
-0.006062
0.021309
-0.048864
-0.028657
0.061172
-0.011389
-0.060436
0.091851
-0.039862
-0.052537
0.045925
0.067786
0.192890
-0.030678
-0.065212
0.075317
0.015798
-0.142914
-0.066682
-0.007715
0.111875
0.018186
-0.046475
-0.105992
0.121427
0.074399
-0.177081
0.084686
0.055845
-0.016717
0.132266
-0.042985
-0.034903
0.037107
-0.027187
-0.144200
0.010471
-0.007715
-0.038393
0.021309
0.071827
0.054559
0.000918
0.188297
-0.002021
0.078073
0.172682
-0.061171
-0.176530
0.067969
0.144207
-0.214737
0.039128
-0.027738
0.104159
0.012124
-0.138873
-0.150813
0.047211
-0.033249
-0.026085
-0.166427
0.100118
0.178928
-0.156324
-0.095522
0.021125
0.036005
-0.101584
0.098464
-0.113708
-0.033433
0.065949
0.075134
0.129019
-0.013495
-0.028790
-0.024831
-0.051642
0.069637
-0.049303
0.038147
-0.003959
0.018354
0.040486
0.027351
-0.002879
-0.333947
-0.085469
-0.005218
-0.023752
0.147553
0.099148
-0.008817
0.017814
-0.015115
-0.033288
-0.057040
0.000540
-0.066936
-0.116238
0.016734
-0.090508
0.071976
0.027171
0.010796
-0.030589
0.139815
-0.119477
0.075035
0.023752
-0.042645
0.044985
-0.179033
0.086911
-0.257481
-0.077013
0.014215
0.036168
-0.050022
-0.017094
0.024832
-0.016194
0.065318
-0.045704
0.229430
0.049843
0.065858
0.008997
0.023032
-0.059739
0.026091
-0.056140
-0.009537
0.077734
0.007557
0.047324
-0.085290
-0.078812
-0.116778
0.041566
-0.134771
-0.146646
0.044085
-0.105262
-0.006118
-0.113359
-0.049663
0.053982
-0.086009
0.031669
0.070357
-0.095546
-0.018714
0.021953
-0.014035
-0.017454
-0.152224
-0.071974
-0.037247
-0.140169
0.064239
-0.116418
0.001619
0.257323
0.014395
-0.006838
0.056321
-0.006478
0.052902
-0.028250
-0.012956
0.084932
-0.131352
0.060280
-0.020153
0.011336
0.122361
0.087451
0.169147
0.051643
0.006478
0.002519
0.050563
0.029510
-0.098425
0.054342
0.060460
0.207836
0.126319
0.053622
-0.117317
0.036168
-0.119297
0.073056
-0.014395
-0.036527
0.053442
-0.086729
-0.135131
-0.203683
-0.014935
0.070460
0.021396
0.206221
-0.046850
-0.011620
0.242006
-0.028589
0.011805
-0.048141
-0.037443
-0.043714
0.058286
-0.155117
0.173756
0.071936
-0.000184
0.083741
-0.006825
0.063267
0.015678
-0.071381
-0.038918
0.141660
0.032832
0.032463
-0.118045
0.006271
-0.011805
-0.017154
0.031910
-0.042607
-0.135382
0.016232
-0.026007
0.054966
0.004796
-0.221515
0.064558
-0.283485
-0.054412
0.008669
-0.013649
0.007378
0.107904
-0.061052
0.022134
-0.044083
0.097206
0.042792
0.042977
0.008116
0.023978
0.114360
0.024716
-0.015309
-0.056810
-0.028589
-0.070274
0.053306
0.035783
0.015863
-0.065847
-0.086690
-0.091301
-0.001476
-0.003136
0.062529
0.121554
-0.036152
-0.049432
-0.081894
0.169513
-0.116938
-0.001107
0.095546
0.080236
-0.066770
-0.147555
0.053491
-0.020658
0.052937
0.010329
0.054413
0.070276
0.108458
0.041686
0.019552
-0.094621
0.076547
-0.118598
-0.024716
0.030803
-0.066770
0.106613
-0.096281
0.005165
-0.019552
0.000738
0.026376
-0.070274
-0.011251
-0.021949
0.030803
-0.027852
0.283511
-0.258033
-0.056256
-0.043161
0.036890
0.146271
0.008116
-0.030249
0.026007
-0.065479
0.203269
0.044084
0.084848
0.161581
0.077285
0.043715
-0.166553
-0.019183
0.019183
0.128563
0.014018
0.073596
0.015309
0.070091
-0.129677
0.194779
0.005536
-0.125316
-0.013924
0.063415
-0.045966
-0.138568
-0.028352
-0.011072
-0.095791
0.079185
-0.019628
-0.075827
0.097136
0.072642
-0.158363
0.163070
0.182028
-0.027513
0.049826
0.055194
0.088412
0.039760
0.121630
0.062576
-0.036069
-0.054354
0.006878
-0.028855
-0.217579
0.107873
-0.117934
-0.107533
0.109719
0.055027
0.035566
-0.009562
-0.040263
-0.117934
0.018286
-0.161215
-0.082202
-0.037243
0.018454
-0.016441
-0.029526
0.023151
-0.080525
0.044961
-0.079183
-0.062742
-0.062575
0.008220
0.047645
0.053013
0.043954
-0.034559
0.013589
-0.045631
-0.090758
0.006039
-0.068949
0.052510
0.017447
-0.236702
-0.048315
0.193101
0.119114
0.015770
-0.032042
0.117436
-0.158699
-0.038921
-0.205837
-0.036236
0.030365
-0.022145
-0.013924
0.132032
0.022145
-0.040430
-0.053683
-0.147459
-0.041101
-0.009898
0.001510
-0.005033
-0.048986
0.075494
0.018118
0.073649
0.087573
0.002516
-0.035901
0.174478
0.029694
0.093781
-0.090087
0.100156
-0.007549
-0.085557
-0.043618
0.026842
0.011576
-0.052509
-0.057039
-0.020467
0.034224
-0.084719
-0.017447
-0.025332
0.039760
0.084386
-0.100320
0.044961
0.086902
0.001510
-0.090926
-0.166583
0.329504
0.040431
-0.041940
0.036740
0.062408
-0.065259
0.059221
-0.033384
-0.007314
0.112703
0.190169
0.045712
0.024602
-0.013464
0.075634
0.056351
0.094252
-0.064495
0.035739
0.009309
0.031583
0.262150
-0.048205
0.067322
0.074470
0.025100
-0.274757
-0.013963
0.018950
-0.000332
-0.251987
0.018451
-0.051031
-0.038564
0.029588
-0.004156
0.037069
-0.052859
-0.058345
0.163737
0.030586
-0.013298
0.007979
-0.048039
-0.048537
0.051032
-0.513258
-0.083610
-0.007314
-0.024103
0.038066
-0.100897
-0.034907
0.008810
-0.182011
0.099072
0.111540
-0.034408
0.032082
0.064663
-0.051529
-0.000166
-0.050366
0.042554
-0.028092
0.072309
-0.049036
-0.039894
0.063665
-0.052859
-0.083444
0.012301
0.035074
-0.074801
-0.074302
-0.035738
-0.012134
-0.003657
0.036736
0.090262
-0.095911
0.007646
-0.047208
-0.005984
-0.037733
-0.188826
0.023105
0.005153
-0.101562
-0.013630
-0.066988
0.001662
0.062502
-0.054023
0.048871
-0.036237
-0.005319
0.036736
-0.037567
0.045712
-0.098238
-0.060838
-0.050698
-0.045047
0.001828
-0.106050
0.020113
0.005153
0.035074
0.016290
-0.121675
-0.025100
-0.035905
-0.079787
-0.024103
0.032248
-0.044049
0.064164
-0.034907
0.018119
-0.006483
-0.066822
0.245692
-0.127492
-0.017287
0.070979
-0.035738
-0.034076
0.074969
0.003491
-0.049036
0.048372
-0.044049
-0.066656
-0.016623
0.074138
-0.042158
-0.112564
-0.068973
-0.056068
0.018212
0.060801
0.367412
-0.038860
-0.001721
0.011615
0.068832
-0.067396
0.005162
-0.130918
-0.066392
0.148277
-0.006740
-0.115145
-0.009894
-0.020219
0.039148
-0.087327
-0.029683
-0.012619
-0.116292
0.025668
0.020936
-0.019502
-0.127190
0.078726
-0.047751
0.055352
0.127914
0.040438
-0.005306
0.015487
0.023087
-0.012762
-0.069547
0.152436
-0.101380
0.145983
0.079587
0.025955
-0.005879
-0.029970
0.017495
-0.137227
0.008030
-0.044453
0.057360
-0.143393
0.042733
-0.006883
0.019502
-0.037857
0.014913
-0.002725
-0.024234
-0.011328
-0.057215
0.076432
-0.040724
-0.082452
0.008030
0.145122
0.400398
0.004445
-0.108693
-0.046747
-0.079297
0.042446
0.253826
0.011185
-0.117583
-0.040724
-0.092920
-0.169633
0.019215
-0.009894
0.007170
-0.024808
0.030400
0.064243
-0.024808
0.025095
0.142111
0.030687
0.025381
-0.142819
0.112283
0.028536
-0.015917
-0.056498
0.020936
-0.177232
0.072130
-0.072271
0.158889
-0.014626
0.085753
0.022944
-0.076430
0.109271
-0.024808
0.070696
0.100524
0.003585
-0.036566
-0.002868
0.017638
0.081594
0.096221
-0.016060
-0.009464
0.053488
-0.003585
-0.009751
0.026672
0.131786
0.062952
-0.004876
0.053488
0.054348
0.032695
0.062379
0.102531
-0.052626
0.019224
-0.032254
-0.130081
-0.043574
0.135853
0.223648
0.111075
0.047206
0.030545
-0.035244
0.123464
-0.020078
0.148456
-0.120256
-0.039730
-0.124100
0.040157
-0.001922
0.101889
-0.043147
-0.055109
0.000427
-0.005554
0.029050
-0.021146
-0.066857
-0.005767
-0.045283
-0.004272
-0.071556
0.068567
-0.063012
-0.086935
0.068567
0.030118
-0.043574
-0.173013
0.058955
0.200577
0.089927
0.006835
-0.047419
0.014311
0.103171
0.029691
-0.036526
-0.001495
-0.145673
0.035885
-0.001068
0.052760
0.043575
-0.034390
0.013884
0.011748
-0.008117
-0.029477
0.199723
0.009185
0.107016
-0.024137
0.034176
-0.010680
-0.103382
0.068780
-0.013670
0.029050
-0.016661
0.063440
-0.010680
-0.038234
-0.169809
-0.080740
-0.021574
-0.031613
-0.062158
-0.004486
-0.091207
0.141193
0.046779
-0.042934
0.022001
0.047420
-0.059167
-0.040798
-0.043788
0.046565
-0.087148
-0.174508
0.210404
-0.031613
0.055964
0.055750
0.040157
-0.069847
0.111075
0.041866
0.184343
0.004699
0.163623
-0.101459
0.062799
0.156787
-0.058099
-0.024564
-0.004699
-0.052759
0.020933
0.108938
-0.172799
0.013243
-0.185401
-0.061303
0.011107
0.319349
-0.051264
-0.039302
-0.058099
0.022855
-0.000214
0.020506
-0.018370
-0.032254
0.214249
0.083306
0.095054
0.057246
0.101676
0.047648
0.001174
-0.027011
0.018791
0.000839
-0.236717
0.172475
0.045467
-0.085227
-0.018623
-0.015267
0.082545
-0.048654
-0.176155
-0.039594
0.053017
0.113081
0.292107
-0.033386
0.025837
0.056875
0.002181
0.006711
0.043118
-0.077510
0.016777
-0.025669
-0.062411
-0.047815
-0.217257
-0.086234
0.023488
0.082042
-0.038252
0.068787
0.073150
0.032380
-0.020300
0.065767
-0.080362
-0.092441
-0.009395
-0.057210
-0.030534
0.045802
-0.022481
-0.052177
-0.206856
-0.098816
-0.136899
-0.010402
-0.082543
-0.021810
0.011576
-0.014261
0.033555
0.011073
-0.037581
0.002517
0.013254
0.010905
-0.067444
-0.042614
0.006040
-0.049660
0.006375
-0.107204
0.021643
-0.003691
-0.017952
0.030367
-0.004698
0.357378
0.022146
0.034226
-0.022985
-0.039091
-0.102004
-0.023656
-0.020804
-0.004194
0.019126
0.039259
0.058553
0.089760
-0.006711
0.082210
0.066942
-0.006711
0.129859
-0.083046
0.071640
0.052513
0.004865
-0.003355
0.245797
0.129523
0.100497
-0.061572
-0.066940
-0.052177
-0.154682
-0.212056
0.146301
-0.020971
0.001342
-0.206688
-0.011912
0.025334
0.036575
0.047983
-0.084220
0.037413
-0.006375
-0.006711
-0.088582
0.060902
0.028857
0.021139
-0.029360
-0.246447
0.012751
0.018958
-0.020468
0.050332
0.043453
0.068452
0.041105
0.002394
-0.134270
-0.022345
0.070629
0.111929
0.111131
-0.230830
0.003392
-0.023543
-0.095566
0.023942
0.035913
-0.181553
-0.063844
0.024141
-0.026336
-0.013966
0.001397
-0.147438
-0.047085
0.016959
0.058658
0.111730
-0.014165
-0.061250
0.008180
0.020151
-0.012370
0.088186
0.062648
-0.081999
-0.075216
0.044492
0.018355
-0.010375
0.037110
-0.046287
0.055864
-0.176366
-0.057659
0.082400
-0.098758
-0.023144
0.048881
-0.064841
0.113126
0.130485
-0.035513
0.075417
0.106143
0.040901
0.017158
0.225658
-0.000599
0.041699
-0.011771
-0.050676
-0.037708
0.098761
-0.225643
-0.018754
0.035713
0.165202
-0.041100
-0.054267
0.067237
0.111730
0.068434
0.041898
0.039903
-0.260954
0.039903
0.072624
0.002793
-0.103746
-0.043693
-0.033518
-0.211478
0.185753
0.052872
-0.001995
0.069432
0.057261
0.007981
-0.022745
-0.028530
0.022545
-0.026934
0.013567
0.068833
0.052473
0.061251
-0.016759
0.128888
0.176574
-0.055265
-0.062846
-0.021747
-0.062846
0.004190
0.239824
0.015762
-0.058258
0.065242
0.071427
-0.157812
-0.057260
0.029927
0.094371
-0.198909
0.050477
-0.006783
0.070828
0.073023
0.146646
-0.088783
0.042896
-0.046486
-0.025737
0.047485
-0.000000
-0.016360
-0.089581
0.033718
0.034716
-0.058657
-0.042696
0.143254
0.049464
0.116991
0.053771
0.180353
-0.167418
0.028622
-0.111150
0.019591
-0.002362
-0.001528
0.016673
-0.124766
-0.015978
-0.035986
-0.022508
-0.013477
0.037098
-0.192148
-0.099619
-0.023342
0.042794
-0.011115
-0.028066
0.007920
-0.099063
0.007086
0.028622
-0.059049
-0.021397
0.165902
-0.168530
0.037098
0.020841
0.094343
0.058912
0.023342
0.054188
-0.012227
-0.018757
0.042100
0.018340
0.113379
0.032374
0.040154
0.005836
-0.067247
0.061830
0.034736
0.024176
-0.043905
0.010699
0.029734
0.024037
-0.004168
0.044045
-0.024870
0.077531
-0.052380
-0.113790
-0.048490
0.068499
-0.027649
0.004446
-0.018062
-0.022925
-0.096840
0.496351
0.172155
0.098511
-0.015839
-0.092533
0.013894
0.295130
0.044045
-0.070025
0.002501
0.011393
-0.007781
-0.016673
0.167986
0.020008
-0.021119
-0.029316
0.007086
0.062108
0.042516
-0.045572
0.030428
-0.110039
0.021119
-0.095312
0.126718
0.004585
0.033207
-0.029455
-0.138381
0.105598
-0.032929
-0.025843
-0.016951
-0.045017
-0.006530
0.010837
-0.006391
-0.029039
0.104069
0.137139
0.035847
-0.011115
-0.018062
0.079615
0.104486
0.137139
-0.045155
0.181464
-0.013755
-0.160749
-0.011115
0.005697
-0.131990
0.026955
-0.065857
0.045434
0.015700
-0.070164
0.099623
0.049464
-0.035986
-0.058645
-0.090959
0.100537
-0.042488
0.160182
-0.106318
0.078395
-0.030520
0.020347
-0.056451
-0.083978
0.067224
0.142428
0.060242
-0.013564
-0.124271
0.019948
0.034908
-0.046876
-0.025533
-0.002394
0.007181
-0.018551
0.031318
0.056452
0.032515
-0.017554
0.047475
-0.140826
0.111508
0.060242
0.010572
0.013764
-0.000798
-0.018950
0.054457
-0.190892
0.078195
0.036903
0.004787
-0.226596
-0.100733
-0.003391
-0.109709
0.026530
-0.032115
0.012766
-0.052860
0.044084
-0.095946
-0.019947
0.227808
0.134050
-0.001596
-0.003391
-0.026331
-0.025533
-0.176730
0.038898
0.043087
-0.012367
-0.046876
0.072211
0.007181
0.108317
-0.017953
0.020347
-0.028325
-0.029323
-0.048273
0.071812
0.008777
0.038100
-0.005386
-0.066425
0.050069
-0.037102
-0.136039
-0.015958
-0.013165
-0.011370
0.022940
-0.013764
0.155395
-0.047475
-0.098140
-0.029323
0.032914
0.042488
-0.225998
-0.016157
0.073208
0.179333
-0.161770
-0.019548
0.081786
0.136843
0.038698
0.026730
0.180131
-0.303188
0.071812
-0.121079
-0.132848
-0.047275
0.147814
-0.019349
0.049271
0.137242
-0.063632
0.059245
0.021942
-0.095547
-0.036903
0.211051
-0.061438
-0.039695
0.081985
0.070615
-0.081185
0.060641
0.042887
0.057449
0.125472
0.036305
-0.014961
-0.094749
0.121881
-0.090144
-0.107065
-0.078599
0.146767
0.029100
0.027044
0.114187
-0.026411
-0.011070
0.054562
-0.066738
0.203389
0.019927
-0.058515
-0.006010
-0.000949
-0.087930
0.187731
-0.113391
0.002372
0.032895
0.026886
-0.031630
-0.030997
-0.028625
-0.032579
0.114977
0.060414
-0.012019
-0.062627
0.090621
0.016922
-0.035742
-0.030681
-0.174275
-0.054087
0.065949
-0.078125
0.057409
0.036849
-0.071483
-0.122563
-0.099000
-0.088404
0.050450
-0.010280
-0.046812
0.222842
-0.017080
-0.276115
-0.063892
0.101060
-0.004270
-0.008224
-0.052347
0.011703
0.020085
-0.028309
-0.037007
0.067847
0.211297
-0.039063
-0.011703
0.108493
-0.000158
0.266021
0.032579
0.046813
-0.121931
0.098529
0.008066
0.004270
0.246093
0.009489
-0.017713
0.004428
0.030523
0.151670
0.020560
-0.145968
0.047129
-0.004903
0.014708
-0.072906
0.037956
-0.019769
0.139017
0.139017
-0.054245
-0.093307
-0.063417
0.143762
0.170807
-0.034476
-0.054087
0.128263
0.078760
0.013443
0.044282
0.079234
0.063419
0.010122
0.004586
-0.030997
-0.009647
-0.008382
-0.074171
0.023406
-0.019927
0.002056
0.100111
-0.138378
0.076862
-0.034160
0.188838
-0.035109
0.150721
0.026253
0.040012
0.031314
-0.091883
-0.041277
0.047920
0.032105
0.036217
-0.100740
0.010280
-0.039853
0.161274
-0.125799
0.026786
-0.025862
0.129314
-0.043966
-0.156832
-0.026047
-0.068719
-0.007389
-0.119518
-0.004249
-0.123952
-0.094581
-0.023830
-0.057820
-0.000739
-0.037131
-0.097167
-0.095320
0.055050
-0.028079
-0.050616
0.037685
-0.088115
0.048400
-0.032882
-0.025123
0.004249
0.072046
0.010345
0.010899
0.016441
-0.020505
-0.001108
0.027525
-0.062623
0.095138
0.224641
0.014040
0.142431
-0.111206
-0.023276
-0.063916
-0.035838
0.101234
0.070383
0.026601
0.037131
0.087009
0.016811
-0.087192
-0.066318
-0.022722
-0.037685
0.049693
-0.024939
0.038978
0.029927
-0.064286
-0.190082
-0.017365
0.039533
-0.021613
-0.092179
-0.020874
0.032882
0.060592
0.018843
0.017734
0.197483
-0.165329
0.044336
0.033067
-0.131895
0.041934
-0.090332
-0.155355
0.181226
-0.081465
0.040826
-0.048030
-0.005911
0.147234
-0.068350
0.073339
0.017365
0.000185
-0.060776
-0.247714
-0.072598
0.143539
-0.144087
0.065765
-0.046182
-0.047291
-0.107327
-0.086637
-0.104002
-0.144825
0.322187
-0.026416
0.050062
0.055235
-0.018104
0.089411
0.070753
0.056528
-0.019397
-0.118410
0.094214
-0.054865
0.018843
0.000554
0.194712
0.014594
-0.107881
-0.015148
-0.100122
0.059484
-0.043781
-0.001847
-0.068904
-0.024754
-0.027709
0.108439
0.058560
0.088487
-0.041497
0.020183
-0.089128
0.048925
0.106248
0.132084
0.132568
0.071854
0.008396
-0.044242
0.015339
-0.019699
-0.001130
0.069270
0.059259
-0.042466
0.053285
-0.222008
-0.130462
-0.002906
-0.029710
0.069755
0.000323
-0.012917
-0.154035
-0.003229
-0.169535
-0.006943
-0.031647
-0.032455
-0.099946
0.023090
-0.125134
-0.186488
0.071208
-0.012756
0.010495
-0.074597
-0.054575
0.026319
-0.045856
0.103018
0.132245
0.095106
0.031809
-0.036007
0.016147
-0.024381
-0.086868
-0.046341
-0.107858
0.055222
-0.041658
0.113837
0.025673
0.046180
-0.066039
0.056676
-0.009688
-0.046664
0.013725
0.100919
-0.001776
-0.106405
-0.017115
-0.020506
0.185532
-0.001615
-0.003552
-0.111733
0.002906
0.025350
0.248348
0.041497
0.178589
0.059744
0.013240
0.238982
0.076214
0.127724
-0.049247
0.084287
0.126755
-0.104306
-0.014855
0.021798
0.118197
0.029226
0.009042
-0.004037
-0.157910
0.131922
-0.022928
-0.041497
-0.023574
0.030679
-0.030517
-0.117869
-0.034715
0.076214
-0.127395
-0.082670
0.099950
0.043919
0.028903
0.013240
0.214114
-0.094457
-0.067170
0.035685
0.044242
0.183433
0.123687
0.081058
0.120457
-0.050862
-0.083154
0.087517
0.084126
-0.009204
-0.066362
0.186340
-0.083154
0.073630
0.043597
0.047472
0.029226
0.079928
-0.075390
-0.201663
-0.187614
0.020390
0.088243
0.203048
0.372866
-0.011823
-0.039923
-0.034954
0.028272
-0.069736
-0.065452
0.143760
0.010966
-0.067680
-0.028271
0.011309
-0.109486
-0.126105
-0.048661
-0.032212
0.179059
0.032213
-0.063396
0.081560
-0.010109
-0.036153
-0.068365
0.113945
-0.049346
0.014907
-0.045748
0.193795
0.035982
-0.076075
-0.067508
0.055173
0.269363
0.146844
0.091498
-0.059627
0.029985
0.106234
-0.000343
-0.031013
0.087557
-0.027415
0.023988
-0.028785
0.018848
0.231665
0.050889
0.015935
-0.001713
-0.023645
-0.033069
0.119086
0.048833
0.094583
0.085673
-0.040437
0.100923
0.062369
0.007368
0.010452
0.027072
0.024159
0.002399
-0.024502
0.016449
0.019704
0.002227
-0.044720
-0.012508
-0.044720
-0.067851
-0.123878
-0.091324
-0.007710
0.010452
0.013022
0.010452
-0.043007
0.007025
-0.008738
-0.002056
0.099380
-0.076418
-0.058256
0.050889
0.132622
0.060142
-0.049689
0.056201
0.061684
0.075220
0.023988
0.018676
-0.055686
-0.157117
-0.069564
0.091670
-0.098520
-0.069907
-0.163456
0.029814
0.014907
0.120970
0.107605
-0.023817
0.071793
-0.063567
-0.048147
0.109490
-0.053972
-0.007368
-0.143924
0.079847
-0.089097
0.044207
0.022960
-0.072991
0.152670
-0.050546
-0.012679
0.007539
0.037524
0.010967
0.023672
-0.066601
-0.067269
-0.068473
-0.032231
-0.143897
-0.003745
0.042262
-0.040656
0.055636
-0.008158
-0.005884
-0.068473
-0.064327
0.048012
0.031295
0.029423
-0.064327
-0.016049
0.025143
0.158753
0.026614
-0.046005
0.007623
-0.005483
-0.245797
-0.086928
0.057909
0.120501
0.063660
0.047745
0.276855
0.200750
-0.048814
-0.069944
-0.046139
-0.004280
-0.030225
-0.087329
0.030359
0.306548
0.003477
-0.051622
0.003210
0.044134
-0.000802
-0.265454
-0.048546
0.218672
0.125717
-0.085992
0.000802
-0.095621
0.014577
-0.071950
0.023271
0.003745
0.025143
-0.009897
-0.023270
-0.048011
0.004815
0.021398
0.009362
-0.036109
0.008426
0.008292
0.015380
-0.140420
0.176541
-0.036510
0.068742
-0.004815
0.019793
0.031429
-0.059111
-0.011769
-0.141089
-0.028753
-0.079305
-0.047610
-0.013106
0.072487
0.098968
-0.010565
-0.037981
0.097096
-0.032766
0.146180
0.058578
0.089740
-0.137345
0.018188
0.034505
-0.047476
0.207972
0.008559
-0.071415
-0.145368
-0.026079
-0.064060
0.055903
-0.032097
-0.025276
-0.196452
-0.119291
-0.013507
-0.018991
0.064596
0.101108
-0.109395
0.026748
0.052158
0.175605
-0.047209
0.147250
-0.004681
0.027684
0.002808
-0.075561
-0.133065
-0.025811
0.004413
0.030492
-0.012571
0.050687
0.011903
-0.021493
-0.025431
0.045940
-0.033306
0.033963
-0.135026
-0.228868
-0.014930
0.086302
0.039705
0.086958
-0.097948
0.083677
0.074817
0.034783
0.147339
0.015751
0.003610
0.111898
0.027236
-0.008039
-0.035603
0.203782
0.074325
0.036096
0.039213
-0.053650
0.052503
0.066449
0.062675
0.010993
-0.054963
-0.032814
-0.171612
-0.037900
-0.006235
-0.153401
0.172607
-0.256757
-0.011813
-0.111073
-0.048564
-0.033142
0.025923
0.010829
0.256289
0.090732
-0.052174
-0.043642
-0.032978
-0.053158
-0.016079
0.238568
-0.012469
-0.015751
-0.042494
-0.109268
-0.029861
0.081216
0.135689
0.249726
0.046760
-0.027400
-0.065627
-0.045611
0.013618
-0.084167
0.015915
0.037408
0.009680
0.119938
-0.122557
-0.124034
0.027072
0.048237
-0.057752
0.056441
-0.107628
-0.058244
0.075145
0.005414
0.031666
0.064972
0.035111
0.124860
-0.035603
0.004266
-0.050205
0.024939
0.048401
0.021001
0.017227
-0.080393
0.031502
-0.033306
-0.021493
0.005907
-0.156190
0.093193
0.171130
0.140283
-0.144870
0.005907
0.009352
0.183272
0.014438
0.037244
0.063660
0.017227
0.058574
-0.018704
0.068418
0.018376
-0.115831
0.009024
-0.011649
-0.025595
-0.143393
0.104186
0.060542
-0.054963
-0.008860
0.070223
-0.013454
0.020345
-0.132073
0.105663
-0.005414
0.055886
-0.004208
0.008753
0.023061
0.017001
-0.094431
-0.178086
-0.064637
-0.012120
0.020704
-0.073390
-0.070024
0.011951
0.054539
-0.006565
0.131299
0.150658
0.134498
0.023903
0.007743
-0.010773
-0.043765
0.013635
-0.009931
0.202338
0.124061
-0.088034
0.016328
0.030299
-0.091233
0.102009
-0.011110
0.163788
-0.028616
0.040904
-0.067162
-0.073895
-0.056726
-0.017338
0.096286
-0.097965
-0.173541
0.090226
0.070362
-0.030636
0.040231
-0.016159
-0.024071
-0.094767
0.312267
-0.050835
-0.114629
-0.015318
0.084839
-0.040904
0.067332
-0.060934
0.034339
-0.014140
-0.018348
-0.111263
0.011783
-0.070192
0.031309
0.054707
0.039557
-0.041072
0.126923
0.002862
0.202843
0.073224
0.036023
-0.050161
0.001515
-0.086183
0.029963
0.041914
-0.140046
0.011110
0.059084
-0.033161
-0.030636
-0.179601
0.085176
0.071204
-0.096787
-0.037705
0.091909
-0.000505
-0.152333
-0.064469
0.043597
0.062451
0.012625
0.012288
0.131299
0.105376
0.011278
0.116654
0.096454
-0.072885
0.057401
0.036023
-0.016496
-0.187007
-0.051676
0.152005
0.061777
0.010436
-0.082143
0.006733
0.003535
0.210082
0.091067
-0.235818
-0.146274
-0.131293
0.070194
-0.047132
-0.058073
-0.087361
-0.044270
-0.040904
0.040231
-0.066321
0.091572
0.052687
0.006733
-0.089476
0.086670
0.044552
-0.035192
0.078808
0.199551
0.002059
0.032010
0.032197
0.040808
0.048295
-0.079929
-0.052787
-0.221813
0.017409
0.131972
-0.023586
-0.012729
-0.061959
0.203295
0.021153
-0.028078
-0.217882
0.018158
0.062709
0.028079
-0.040246
-0.039123
-0.008236
0.033882
-0.051103
-0.050915
0.072818
-0.008236
0.070572
0.027891
0.022276
0.178210
0.055783
-0.087229
-0.066265
-0.095091
0.021527
0.030512
0.061773
-0.185500
-0.159669
0.023024
-0.038374
-0.075811
0.072818
0.072631
-0.020216
-0.011419
0.066453
0.012167
0.007488
-0.135523
0.005429
-0.022650
0.013291
0.009921
-0.104450
-0.000374
0.063833
0.023024
-0.072442
-0.104638
0.038936
-0.016098
0.020778
-0.020404
-0.059526
0.017409
-0.077496
-0.034068
0.129538
-0.139454
0.055409
0.101833
0.032758
-0.052038
0.009547
0.054098
0.078995
0.014788
-0.001310
-0.076186
0.113439
0.114937
0.000000
-0.134400
0.026581
-0.299303
0.026956
-0.012167
-0.064954
0.092848
-0.074126
-0.303234
-0.054659
-0.072442
0.002059
0.019281
0.176713
0.125794
0.091163
0.107823
0.049793
0.042680
-0.050915
0.113439
0.092473
-0.057280
0.067015
0.034256
0.014975
-0.007113
-0.187933
0.018532
0.138337
-0.004118
-0.088727
-0.100332
-0.139828
0.056719
0.014039
-0.002433
0.080082
0.094700
0.043377
-0.020656
0.074203
-0.013347
-0.021768
-0.020497
-0.012393
-0.047031
0.065940
-0.037974
-0.098192
0.152856
0.126320
-0.089295
-0.180810
-0.038451
-0.068163
-0.032413
0.002066
-0.151100
-0.067051
-0.130286
0.251852
0.061650
0.204022
0.004290
-0.053069
0.023516
-0.095173
-0.093584
0.081353
-0.166829
0.034479
0.043536
-0.044330
0.075315
0.096289
-0.033843
0.035750
-0.015094
-0.069593
-0.084846
0.045443
0.009533
0.032414
0.148407
0.019702
-0.047825
-0.107566
-0.025104
0.055453
-0.192250
0.056406
-0.179857
-0.097715
-0.001748
-0.056246
0.038769
-0.199240
-0.005720
0.005561
0.075633
0.042106
0.042742
0.007945
-0.147128
0.110431
0.081988
0.136331
0.040676
-0.052592
-0.010646
0.029236
-0.041311
0.180187
-0.072453
0.103121
-0.039087
0.013506
0.026376
-0.103276
-0.041788
-0.042264
0.010169
-0.001112
0.058631
0.012076
0.057201
0.192581
-0.047031
0.140462
0.037022
-0.014618
-0.132670
0.107412
0.107729
0.076745
0.217529
-0.077855
-0.001589
0.025264
-0.039087
-0.082463
-0.026852
0.008103
0.042106
0.002860
-0.056564
-0.024787
0.009692
0.026376
0.111384
0.093588
-0.100734
0.156193
-0.000318
0.014459
-0.145539
-0.071658
0.187655
0.080876
-0.035114
-0.019543
0.086279
-0.015889
0.002701
0.013157
-0.085795
-0.269605
-0.084497
0.075420
0.128048
0.152879
0.025943
-0.036875
0.039655
-0.213833
-0.047437
0.094877
-0.201234
0.060595
0.111370
0.004633
-0.019827
-0.199010
0.065598
0.051886
0.048179
-0.182704
0.014454
0.151582
-0.009080
0.009451
0.070972
0.041508
0.103401
0.037988
0.057074
0.009080
-0.037802
-0.075232
-0.042249
-0.158801
0.139537
-0.074862
0.079682
0.086353
-0.082089
0.058001
0.027796
0.007783
0.116929
-0.016492
0.137313
0.022607
0.039841
0.009080
0.101363
0.047253
0.037617
0.035949
-0.007227
-0.010192
0.121932
-0.077085
0.166778
-0.059853
-0.013157
-0.079494
0.061892
0.010933
-0.058555
0.042806
0.037617
-0.002780
0.002409
-0.083942
0.098954
0.026499
0.003891
-0.012230
-0.107845
0.108590
-0.109513
0.081164
-0.014268
0.035764
-0.029648
-0.012601
0.007968
0.005744
0.046697
-0.028907
0.084870
-0.023534
0.048365
-0.067635
-0.056147
0.003891
-0.068932
0.096915
0.046512
-0.003891
-0.061706
-0.006115
0.200505
0.108219
0.053368
-0.121186
0.066340
-0.007783
0.159551
0.071528
0.080423
0.062263
0.045770
0.057259
-0.062076
-0.068376
0.087835
-0.047808
0.006300
-0.020383
0.006115
0.100992
-0.000185
-0.108586
0.027054
0.005003
-0.338161
0.185309
0.055777
-0.025942
0.018160
-0.134504
0.046271
-0.006636
-0.037841
0.030130
-0.022956
0.139891
-0.000717
-0.083214
0.130385
0.078553
0.078912
0.050037
0.110477
-0.025646
-0.095947
-0.144368
0.044657
0.008250
0.067972
0.040711
0.055059
-0.003766
-0.053623
0.138815
-0.075502
0.085189
-0.092002
-0.085366
-0.093795
-0.009146
0.038380
0.086983
0.287501
-0.097023
-0.042325
0.117472
0.013809
0.043043
-0.082317
-0.029233
-0.182566
0.119983
-0.005739
0.084113
0.050934
-0.001973
-0.136836
-0.123386
0.043581
0.043222
0.055238
-0.051650
0.090570
0.028695
0.086265
0.104021
-0.035151
0.001076
-0.035510
0.007891
0.029950
-0.082855
-0.032102
0.012016
0.052369
0.059542
-0.119440
-0.027081
-0.085366
-0.225964
0.001614
-0.107425
0.069227
0.103303
0.061336
0.027081
0.100075
-0.146161
0.077298
-0.022238
0.001793
0.015244
-0.032461
0.021880
-0.020624
-0.095947
-0.097561
-0.014168
-0.000359
-0.045911
0.000897
-0.177903
0.032999
-0.044835
0.160158
0.041070
-0.069764
-0.022776
-0.070122
-0.036048
-0.028874
0.156391
0.107787
0.140250
-0.050216
0.051293
-0.037482
0.016679
-0.008070
-0.117826
0.100075
0.039276
0.111733
-0.211976
-0.062590
-0.080524
-0.050216
-0.126255
-0.240489
0.040352
-0.197271
0.109760
-0.016141
-0.000538
-0.050216
-0.035689
0.053086
-0.053137
-0.140325
-0.019816
-0.003523
0.022018
-0.207696
-0.139151
0.005725
0.029064
0.005138
-0.032733
0.021138
-0.111997
0.126094
0.054899
0.006459
0.016147
0.030092
0.033468
-0.066347
0.052991
0.040514
0.162646
0.026422
-0.007193
0.011009
0.053872
0.007339
-0.026568
0.023486
-0.007193
-0.033908
0.010569
0.092918
-0.005431
-0.010128
0.022605
-0.010422
-0.621128
0.028917
-0.068549
-0.009248
-0.013358
0.008807
-0.005284
-0.091594
0.173656
-0.062384
-0.049614
-0.056366
-0.075154
0.012917
0.113470
-0.019082
-0.017468
0.001615
0.075157
0.078680
0.037578
-0.011743
-0.082787
-0.014238
0.008220
0.013505
-0.004697
0.032587
0.069725
0.052257
0.037284
0.052991
-0.043302
0.028037
-0.035669
-0.009835
0.087781
0.070459
0.062386
0.017027
0.115965
0.032440
-0.002642
-0.004697
0.041688
-0.075154
0.016734
-0.024073
-0.012771
0.052257
-0.015266
-0.041394
-0.011449
-0.125500
0.019082
0.050496
-0.029651
-0.014385
0.074423
-0.123005
0.119488
-0.051962
-0.181130
0.007193
-0.034495
0.043596
0.090570
0.043156
0.059303
-0.023486
0.126241
-0.001468
0.007927
-0.117721
0.090129
-0.022458
-0.016881
-0.033614
-0.089539
0.174537
-0.096731
0.043303
0.092184
-0.021871
0.018789
-0.246151
-0.075888
-0.054017
0.058422
0.079707
-0.105581
0.002400
-0.208758
-0.077643
0.049707
-0.016626
0.082959
-0.025024
0.099071
0.019883
-0.046278
0.064962
-0.067874
-0.038908
-0.097182
0.008913
0.005485
0.103185
-0.048849
-0.069245
-0.018683
-0.024510
0.073532
-0.062732
-0.129405
0.037366
-0.008056
0.020397
-0.015083
0.205002
-0.017483
-0.018340
-0.034966
-0.214928
-0.005828
0.081245
-0.061704
-0.035994
-0.013883
0.250427
0.062905
0.155979
-0.024510
0.083816
0.025710
-0.063589
-0.017826
-0.254004
0.021768
0.059305
-0.053991
0.002228
0.020911
0.058277
-0.081071
-0.122892
-0.069931
0.002057
0.086730
-0.040622
0.082959
-0.015426
0.086559
-0.170367
-0.075072
0.115012
-0.119807
0.048507
-0.201731
-0.071987
-0.038736
-0.056047
-0.084499
-0.013198
0.105756
0.017483
-0.070616
0.095815
-0.020397
0.118097
0.020225
0.010627
0.053649
-0.096840
-0.092898
-0.010284
-0.117750
-0.082443
0.067704
-0.008056
0.090330
0.088615
-0.037708
-0.029652
0.003428
-0.068731
-0.017483
-0.021939
-0.168653
-0.007199
0.003257
0.130610
0.081245
0.140895
0.120669
0.131296
0.053477
-0.094440
-0.045935
0.028624
-0.137117
-0.166254
0.015426
0.183919
-0.021254
0.017826
0.037708
-0.083128
0.045764
-0.085699
0.006342
-0.059647
-0.093755
0.033252
-0.033080
-0.226240
-0.031880
0.031881
0.123465
0.055559
0.212467
-0.039268
-0.016119
0.052987
0.085396
-0.012861
0.024350
-0.037039
0.265457
0.053330
0.020406
0.096200
-0.081621
0.009946
-0.019205
0.005144
-0.017319
-0.067732
0.056759
0.030180
-0.127061
-0.047498
0.021435
-0.001715
-0.003772
-0.051099
0.084196
0.002915
0.040983
-0.000857
-0.075620
0.110261
0.028465
-0.039782
-0.153981
-0.076820
-0.072876
0.008402
0.058988
0.021435
-0.064817
0.130496
-0.073905
-0.129633
0.134612
-0.000686
-0.079907
0.003087
-0.013890
0.079909
0.023149
0.019377
0.016976
0.026407
0.050929
-0.058987
0.077680
0.035496
-0.080421
0.022292
0.025207
-0.110600
0.034810
-0.005659
0.033610
-0.082650
-0.124489
-0.057101
-0.124832
-0.044412
-0.089509
0.024350
0.162392
0.008059
0.085739
-0.041325
0.011660
0.103230
0.028808
0.008231
0.001543
0.028637
0.056931
-0.046813
0.014576
-0.075448
0.006516
-0.086937
0.026922
-0.114201
-0.042354
0.199091
-0.096196
-0.057787
0.023149
0.231330
0.071506
-0.109914
0.111633
-0.108542
-0.035324
-0.009088
0.275575
0.095514
0.014747
-0.085908
0.016633
-0.052643
0.061904
-0.190504
0.007031
-0.125175
-0.329558
0.009431
0.028637
0.202863
-0.001200
-0.069790
0.028122
0.011660
-0.031037
-0.037724
0.045784
0.079395
-0.117116
0.077337
0.012754
-0.040213
-0.059603
-0.090576
-0.035788
-0.018870
-0.003774
0.034618
-0.173600
-0.005596
0.046070
0.025378
0.061427
0.130925
0.067544
-0.077432
0.059735
0.075092
0.014315
0.046591
-0.029932
-0.126363
-0.035268
-0.006377
-0.070535
0.000260
-0.294878
-0.015487
-0.030062
-0.347187
0.017959
0.008069
0.008719
0.167237
0.021213
-0.022514
0.035138
0.065201
-0.036699
-0.210036
0.049324
0.110882
0.034878
-0.032535
-0.029412
0.087977
0.033186
-0.176854
0.059605
0.080428
-0.000390
-0.005336
0.029672
-0.027199
0.041906
0.046070
-0.059994
0.037351
-0.086802
0.002603
0.036440
0.027069
-0.014706
0.097607
-0.005206
0.040344
0.189493
-0.016137
0.022905
0.023295
-0.047501
-0.008980
0.287629
0.014185
0.096306
0.014706
0.036960
-0.067542
0.016788
-0.012884
0.023035
0.025117
0.071578
-0.165792
0.060386
0.045289
-0.006767
0.053358
-0.034877
0.003904
-0.056480
-0.017829
0.047372
0.003644
-0.013274
0.020042
0.116869
-0.058042
-0.068062
-0.114130
0.104505
-0.041775
0.113355
-0.075220
0.128973
-0.094220
-0.024727
0.006377
0.063379
0.037220
0.001432
0.023165
-0.094740
0.240773
-0.133390
-0.034357
-0.133650
0.002473
0.079647
0.028241
-0.108274
0.255611
0.050365
-0.097083
0.012494
0.086024
0.033576
-0.033055
-0.010960
0.149609
-0.025025
0.031054
-0.002009
-0.007124
-0.040004
-0.034524
-0.028861
0.008220
0.010595
0.004932
0.018450
0.061194
0.002009
-0.053887
0.031054
-0.006576
-0.174443
-0.049685
-0.009681
0.108141
-0.115809
-0.019363
-0.042013
-0.044205
-0.012239
0.084211
-0.117818
-0.039639
0.075625
0.017901
-0.032880
-0.018632
-0.019363
0.033611
0.114535
-0.096447
0.307080
-0.079642
-0.040735
0.069963
-0.055165
0.112160
0.022468
0.057176
-0.084574
0.075625
-0.053339
0.126226
0.029410
-0.058270
0.051695
0.044206
-0.080555
-0.033611
0.068684
-0.003653
0.052791
0.014613
0.095537
0.004201
-0.130787
0.066492
0.004749
0.034890
0.096633
0.101017
0.032150
0.073981
-0.360930
-0.100466
0.029958
-0.036351
0.045302
0.116179
-0.032149
-0.068865
0.060098
0.103574
-0.048589
-0.041648
-0.082382
0.162031
0.019363
0.099190
-0.010047
-0.120558
-0.007307
-0.097543
0.014613
-0.024477
-0.030140
0.027400
-0.016623
0.114900
-0.121837
-0.039273
-0.015892
0.179020
-0.035437
-0.193987
-0.073066
0.052609
0.154906
0.120563
0.029227
-0.011873
-0.036533
0.098825
-0.026852
0.149426
-0.136632
-0.024477
-0.066490
0.035986
0.038360
-0.128778
-0.007307
0.031967
-0.324218
-0.013883
-0.064298
0.046215
0.006211
-0.056626
0.055897
0.100652
-0.013538
-0.021249
-0.060663
-0.010796
0.013024
0.037701
0.169487
-0.068718
0.068891
0.016623
-0.002228
-0.199636
-0.023991
-0.056037
-0.024848
0.118417
0.100080
-0.076429
0.005484
-0.020050
-0.046097
0.161090
-0.028276
0.058608
0.043014
0.049354
0.005998
-0.003085
-0.114643
0.407884
0.071290
0.003427
0.074546
-0.062548
0.073175
0.038215
0.052268
-0.049182
-0.051067
0.111905
0.065120
-0.199636
-0.021421
-0.001371
-0.037529
-0.026219
-0.006512
-0.208718
-0.003256
-0.097849
0.028790
-0.069403
-0.020907
0.057923
-0.043013
-0.005826
0.044727
0.045241
0.018336
0.043356
-0.025876
0.024163
0.094596
-0.011996
0.002742
0.085342
-0.085854
0.028790
-0.015937
0.081401
0.064264
-0.050382
0.208562
0.051582
-0.004798
0.117389
0.122016
-0.118241
-0.108302
0.046441
0.034445
-0.081056
0.053296
0.030161
0.058437
0.034274
-0.017137
0.052268
-0.017994
-0.057065
-0.046440
0.032046
-0.005826
-0.035644
0.035645
-0.040100
0.125101
-0.016280
0.224843
-0.046612
0.123559
0.091512
0.063921
-0.081227
-0.043184
-0.105046
-0.013709
0.086713
0.013195
-0.071459
0.132299
-0.019364
-0.007712
0.170859
0.147208
-0.013709
-0.072145
0.033417
0.006512
0.184055
-0.176503
-0.208889
0.075060
0.039243
0.057409
0.055009
0.013195
-0.083969
0.034609
-0.053546
-0.137780
-0.027916
0.007836
0.124400
-0.184467
-0.017305
0.008326
-0.043098
-0.119007
-0.014856
0.037548
0.045221
-0.025630
-0.005714
0.049465
0.023345
-0.040976
-0.053383
0.051261
0.030528
0.377789
0.048976
-0.020896
-0.089623
-0.013876
-0.105295
0.064158
0.006857
-0.022365
0.001959
-0.043914
0.236724
0.020896
0.026610
0.054853
-0.074115
0.285704
-0.013713
0.065301
0.019264
0.127828
0.189051
0.026120
0.118359
-0.106764
0.074607
-0.019264
-0.011754
0.007510
0.009469
-0.012407
0.023998
-0.070850
0.014529
-0.011917
0.079178
0.136155
0.006530
0.071505
0.019427
-0.100887
-0.029385
-0.005877
0.012897
0.169786
0.113788
-0.091745
-0.033466
-0.049791
-0.052077
-0.005714
0.000163
-0.105948
-0.087338
-0.214503
-0.013060
-0.037384
0.018611
-0.051260
-0.055668
0.079994
-0.043261
-0.091419
0.000653
-0.013550
-0.011428
-0.029222
-0.106437
0.035915
0.006204
-0.086685
-0.009305
0.049955
-0.055831
-0.012407
0.001959
0.103176
-0.082440
-0.054525
-0.076564
0.096973
-0.055341
-0.067259
-0.018774
0.015509
0.031344
0.075423
-0.046689
0.056322
-0.018447
0.049139
0.003918
-0.038037
-0.101214
-0.068401
-0.283226
0.042772
-0.017958
0.172398
0.023671
0.119012
0.236397
0.004734
0.063832
-0.015182
0.064648
-0.065140
0.006613
-0.047119
-0.116887
0.178068
0.078534
-0.090600
-0.088286
-0.031082
-0.070596
0.002976
-0.034223
-0.026453
-0.057370
-0.023312
0.031083
-0.113746
0.136071
-0.048276
0.022320
0.003141
0.057205
0.056379
-0.042490
0.051419
0.018021
0.008763
0.073243
-0.046127
-0.277248
0.109948
-0.116061
-0.138049
-0.271462
0.050261
-0.006283
-0.005787
0.078699
0.105318
-0.081507
-0.049764
-0.116226
-0.075060
-0.038026
0.012069
0.003803
0.031413
-0.135403
-0.024304
0.027611
-0.004299
-0.015541
0.010085
-0.037034
-0.010747
0.076880
0.021659
0.022155
-0.005621
-0.009259
0.045136
-0.094072
-0.063817
-0.060180
-0.032240
-0.088947
0.012235
0.057867
0.012235
-0.059684
0.029264
0.049600
0.408730
0.105980
-0.077374
0.033232
-0.171444
-0.157722
-0.092254
-0.000827
0.062000
-0.082830
-0.069108
0.081840
-0.075721
-0.012731
-0.017360
0.090769
0.189807
0.082006
-0.038522
-0.019840
-0.018021
-0.017525
-0.020501
0.121191
0.047285
0.069440
0.019509
0.235277
0.110444
0.042821
-0.017690
0.086470
-0.004795
-0.016864
-0.087294
-0.052906
0.058032
0.004960
0.119538
-0.010581
-0.039514
0.131607
-0.006117
-0.108456
-0.176569
-0.025792
-0.005456
-0.080350
-0.109944
0.041664
-0.049764
-0.032736
-0.051748
0.014384
-0.010912
0.008432
-0.033246
-0.233294
0.115885
0.042663
0.040165
0.018065
0.240999
0.066109
0.029595
-0.064763
-0.112614
-0.011531
-0.125105
0.019794
0.012299
-0.132599
-0.062649
-0.004804
-0.083019
-0.032478
-0.016143
0.032862
-0.030556
-0.030556
-0.193132
-0.044777
-0.059959
-0.020178
-0.032670
0.121266
-0.042855
-0.026712
0.071683
0.051888
0.168543
-0.048620
0.069184
0.108197
0.130875
-0.008456
0.024983
-0.053040
0.041126
-0.132023
0.055924
0.239269
-0.074179
0.017488
-0.084941
0.242152
0.031325
0.026328
-0.027865
0.029019
0.032286
-0.027097
0.011338
-0.082443
0.083021
-0.052272
0.036514
0.002883
0.176231
-0.089169
-0.041510
-0.030940
0.089748
0.033439
0.113578
0.030941
0.105122
-0.035168
-0.008264
0.002690
-0.053040
0.057654
-0.176798
-0.166421
0.080715
-0.058421
0.024983
0.053810
0.067647
-0.066108
-0.161232
0.017872
-0.058421
0.085904
-0.063225
-0.060727
-0.024214
0.068608
-0.011338
-0.071297
0.029019
0.053233
0.038628
0.005573
0.056116
0.070722
0.126839
-0.072642
0.131067
-0.004997
0.015374
0.125109
0.028827
0.073797
-0.045546
0.127608
0.042279
-0.073218
-0.059574
0.078025
0.104930
-0.135674
0.093784
0.186993
-0.019602
0.042663
0.045162
-0.097240
-0.164115
0.171618
-0.032093
-0.025944
-0.037282
0.105507
-0.019662
0.183403
0.211469
-0.023237
0.009474
0.023595
-0.172489
0.002681
0.003039
0.016803
-0.042542
-0.025204
-0.062026
0.037359
-0.022880
-0.048441
0.039504
-0.018947
0.145864
-0.020199
-0.018411
-0.007686
-0.110466
0.022165
0.040219
0.004648
0.092237
0.038789
-0.029136
0.101174
0.290841
0.128882
0.023416
0.220228
-0.068282
0.056843
-0.004826
0.009653
-0.062204
0.057379
0.027528
0.093130
-0.097954
0.025740
0.069892
-0.052016
0.043437
0.083478
0.003039
-0.146572
-0.077755
0.121553
0.037538
0.047369
0.079724
0.104034
0.128345
-0.008759
-0.024310
0.004826
0.123877
-0.039682
0.016445
0.179113
-0.007686
-0.124229
0.008759
0.000358
0.169996
0.066496
0.053089
0.018590
-0.062562
0.065602
-0.131915
0.002681
-0.140494
-0.112074
0.104392
0.030388
0.067926
0.074719
-0.105282
-0.046296
0.128524
0.072216
0.005541
0.007686
0.055056
-0.022880
0.019663
-0.013585
0.043437
0.028421
0.025204
-0.052195
0.233815
0.071858
-0.032175
-0.173562
0.039862
0.228094
-0.065064
0.024846
-0.132630
-0.092413
0.112436
-0.028957
0.019305
0.048620
0.112436
-0.146750
0.152835
0.021271
0.018590
-0.055233
0.140859
-0.018054
0.057558
0.005184
0.084550
0.101711
0.017339
-0.061132
-0.069533
0.075434
-0.021450
0.049514
0.006772
-0.085367
0.034681
0.017238
0.159248
-0.072439
-0.101578
-0.005951
-0.026677
0.061359
-0.111018
0.003489
0.072440
0.066079
0.014160
-0.123740
0.005951
0.011287
-0.147544
0.039401
0.078597
0.064027
-0.231881
-0.077364
-0.029756
0.024215
0.112252
-0.040426
0.076134
-0.029140
-0.011492
0.078597
-0.001436
0.080649
-0.062384
0.070183
-0.133795
0.240516
-0.115532
-0.044941
-0.113685
-0.129896
-0.031602
-0.080031
-0.068335
0.068746
-0.064231
-0.046788
-0.079621
0.006156
0.050688
0.055818
0.053561
-0.005335
0.015801
0.001436
-0.114096
-0.091728
-0.126818
-0.067309
-0.043299
0.017238
0.229639
0.065053
0.031808
-0.014775
-0.087419
0.037759
0.034270
-0.052739
-0.092959
0.047404
0.022984
0.024420
-0.010261
0.115125
-0.013134
0.154117
0.037554
-0.019905
0.005541
-0.028935
0.025241
-0.097474
-0.058280
0.065463
-0.060947
-0.124766
0.056844
-0.202127
0.020316
0.053971
0.046173
0.024420
-0.057869
0.030371
0.146114
-0.105272
0.172998
0.164994
-0.180786
-0.193304
0.196188
-0.067103
0.124976
0.014570
-0.022368
0.108764
0.040016
-0.109786
0.064437
0.236412
0.091936
-0.039606
-0.038785
-0.137284
-0.027703
0.056023
0.053766
-0.037759
-0.007182
0.011902
-0.018674
0.000821
0.069773
-0.030166
0.024831
0.050893
0.044509
-0.129826
0.082109
0.246655
-0.209358
0.065237
-0.144287
0.021692
0.015265
0.004820
-0.020728
-0.033582
-0.033421
-0.158747
-0.146697
-0.132879
-0.074394
0.064112
-0.019764
0.027316
0.029887
0.129832
0.001607
-0.023138
0.063951
-0.017835
0.101070
0.022495
-0.004017
0.012854
0.205357
-0.029886
0.116977
-0.054149
-0.023941
-0.052060
-0.094960
0.044348
0.033582
-0.002089
-0.007873
0.121477
-0.085802
-0.006909
0.058809
-0.054631
-0.031172
0.058327
0.000482
-0.206787
0.007552
-0.024745
-0.035992
-0.002410
-0.032778
-0.062986
0.111032
-0.067003
0.033904
0.004338
-0.024745
-0.073108
-0.041134
-0.173689
0.048044
-0.027797
0.108622
0.181735
0.160845
-0.024905
-0.040170
-0.026673
0.050936
-0.010123
-0.147339
-0.015425
0.095606
0.077931
-0.049007
-0.099780
-0.062504
-0.044508
-0.112634
0.030529
0.158435
0.022817
-0.115044
0.046116
0.010284
-0.011890
0.049811
-0.117133
0.071825
-0.005624
-0.002732
-0.112152
0.071182
0.029726
-0.108778
0.022013
-0.002732
-0.187668
-0.053506
0.008355
-0.068609
0.150722
0.103319
-0.007552
-0.004660
0.022495
0.149918
0.047240
-0.002571
-0.023138
-0.087569
-0.021370
0.117781
0.075842
0.082109
0.145259
0.226086
-0.125167
0.001767
0.032458
0.023138
-0.205984
-0.029244
-0.086926
-0.055312
-0.100274
0.152381
0.028192
0.100813
-0.060486
0.188960
0.042288
-0.018556
-0.038718
0.035150
0.002855
-0.018378
0.019627
-0.009457
-0.006423
-0.049602
-0.000178
-0.085109
-0.026942
-0.010706
-0.032830
0.032831
0.010349
-0.048710
0.041752
-0.009813
0.059952
0.007494
-0.082968
-0.036221
0.122761
0.026943
-0.112050
-0.000535
0.062450
0.088858
0.199488
-0.383951
0.029619
0.030333
-0.160402
-0.043179
-0.060843
0.013739
-0.029262
0.179682
-0.058345
0.029798
0.124902
0.060844
0.005531
0.043715
-0.000892
0.056740
-0.007137
0.056027
-0.038540
-0.057096
-0.064412
-0.046391
0.018378
0.071193
-0.032652
0.092248
-0.020876
-0.127930
0.005888
0.023909
-0.000714
0.223756
0.138998
0.057454
-0.004282
-0.000178
-0.020697
0.007316
0.122939
-0.041573
-0.065839
0.045856
0.015166
0.010884
-0.094387
0.034615
-0.093673
0.048889
0.034615
-0.050316
-0.332035
0.002141
-0.062806
0.037827
-0.213035
-0.034436
-0.044428
0.031403
-0.126859
-0.052457
-0.151838
0.053350
-0.003033
0.046927
0.077438
0.008208
0.115266
-0.040681
0.069587
0.015702
-0.069943
0.075833
-0.070121
0.069231
0.031403
-0.143095
0.034615
0.000535
-0.067980
0.021233
0.071193
0.045678
-0.002498
-0.062806
-0.196442
-0.064768
-0.014096
-0.179136
0.123653
-0.116245
-0.154253
0.067152
0.294435
0.042286
0.029458
0.011878
0.051631
0.037852
0.080139
-0.015837
0.109756
0.095343
0.053214
0.093126
0.091225
-0.129547
-0.061924
-0.020589
-0.007444
0.005068
-0.277775
0.003801
0.068736
0.074596
-0.020905
-0.068575
-0.051630
-0.021064
0.030250
0.067627
-0.025340
0.136998
0.161231
0.041970
-0.001109
0.016788
-0.036268
-0.048146
0.109439
-0.060657
0.211914
-0.009186
0.035476
-0.000950
0.001742
0.082990
0.036426
-0.290444
-0.041336
0.075546
-0.015362
-0.006810
0.022806
-0.019005
0.090750
0.000633
-0.022964
-0.074435
0.051156
-0.045770
0.089167
0.085841
-0.042603
0.040069
-0.162804
0.015362
0.036585
-0.031516
-0.098349
-0.129864
0.006652
-0.245945
-0.046087
0.027399
-0.029458
0.120843
0.177544
0.022489
-0.007444
-0.036901
0.044820
0.099461
0.035951
-0.042603
-0.022489
-0.205404
0.040703
-0.039593
-0.047670
-0.086155
-0.022964
0.060500
-0.006652
0.028508
0.198610
0.045612
-0.016471
0.105638
0.161072
-0.018213
0.032309
-0.024390
0.017421
0.162181
0.034209
-0.087263
0.020272
0.049572
-0.054956
0.005543
-0.087105
-0.043236
0.006335
0.001900
0.019797
0.014254
0.036743
-0.082195
-0.146809
0.061925
0.167883
0.012828
-0.056698
-0.006493
0.035159
0.000950
0.022806
0.141242
0.026515
-0.047830
0.023222
0.042978
0.170011
-0.294246
0.011438
0.010571
-0.056495
-0.012997
0.009012
-0.011091
0.003293
-0.012304
0.054590
-0.031887
0.017677
0.022529
-0.055628
0.059962
-0.029807
-0.234983
0.019929
0.046098
0.101208
0.050257
0.070360
-0.066026
-0.132570
-0.015597
-0.220254
-0.007798
-0.079196
-0.104844
-0.020622
0.091850
0.170011
0.001560
-0.090460
0.018716
-0.121133
0.053376
-0.104844
-0.004852
-0.114721
0.079718
-0.135863
0.053203
-0.143314
-0.042804
-0.000693
0.061175
0.023049
-0.011091
0.019410
-0.006065
-0.090114
0.020276
0.031887
-0.014384
-0.068452
0.123911
-0.030154
-0.136556
-0.034486
-0.038992
-0.145047
-0.029287
-0.026341
0.162732
0.117845
0.084571
-0.032753
0.045405
-0.030327
0.044538
-0.038299
0.002773
-0.112989
0.024955
0.061175
0.046444
-0.023742
0.047831
-0.015424
0.062735
0.012478
0.032060
-0.057881
-0.021489
-0.073478
0.053723
-0.043498
-0.127718
0.051124
0.005546
0.062042
0.005892
-0.048177
-0.015077
-0.027208
-0.059787
-0.012651
-0.260976
0.217671
0.016290
0.002253
-0.072091
-0.158564
0.012824
-0.165842
-0.065333
0.096876
-0.058574
-0.095139
0.104154
0.089770
-0.026341
-0.149033
-0.089074
0.095142
-0.035526
-0.109523
-0.026861
0.029808
0.238989
0.069320
-0.035380
0.338285
0.027445
-0.034388
0.045797
0.096224
-0.039844
0.081839
0.002976
-0.053236
0.111930
-0.083986
-0.060014
0.146486
-0.055881
-0.017856
-0.069768
0.059189
-0.043647
0.021824
-0.013226
-0.051417
-0.030421
-0.014880
0.151281
0.080351
-0.191776
-0.054558
-0.095559
0.184183
0.083658
0.136731
-0.020666
-0.141519
-0.020666
-0.089277
-0.023146
0.029098
0.029264
-0.141023
-0.033562
0.044805
-0.062825
0.019840
-0.038852
0.019674
-0.024799
0.100853
-0.005952
0.088122
-0.062990
0.161201
-0.019013
-0.014218
0.027776
-0.101180
-0.079853
0.074730
0.051418
-0.028437
0.101349
0.009754
0.012234
0.080847
0.034719
0.098869
0.174098
0.108789
-0.303859
-0.034554
-0.090103
-0.041167
-0.016698
-0.042324
0.136896
-0.029263
-0.093244
0.027280
-0.030751
-0.107958
0.059023
0.136070
0.143675
-0.015541
-0.095228
-0.047945
0.062165
0.089941
-0.113910
-0.096220
0.031247
0.005291
-0.031082
0.009093
0.030421
-0.103660
-0.045135
-0.038026
-0.127136
-0.034884
-0.111430
0.005456
-0.069934
-0.064974
-0.017856
0.085477
0.060346
0.040506
-0.015541
0.035381
0.023312
0.070431
-0.038356
0.078863
-0.054724
0.024138
-0.022815
-0.071256
0.056378
-0.288651
-0.034554
-0.100188
0.057535
0.080351
0.042655
-0.090269
-0.031247
0.079690
-0.068935
-0.107937
-0.093788
-0.096690
0.010522
0.058052
0.217519
-0.005261
-0.007619
-0.007982
0.057145
0.088711
0.018322
-0.031202
0.082180
0.059685
0.026123
-0.017415
-0.009796
0.077826
-0.072200
-0.028481
0.095605
0.061862
-0.085443
0.068030
-0.087983
0.037371
0.020862
-0.098504
-0.011610
-0.118096
-0.008345
-0.099411
-0.047529
-0.003991
0.159827
0.069300
-0.076917
-0.099230
0.035012
-0.123356
-0.106667
-0.026123
0.074742
-0.155465
0.072565
0.044264
0.082724
0.029570
-0.090160
0.034105
-0.226210
0.015238
-0.066758
0.032654
0.019230
0.075649
0.028663
0.157287
-0.077461
-0.085806
0.023946
-0.046985
-0.009252
0.021044
0.051340
0.018322
-0.028663
0.015601
-0.044627
-0.145125
0.036827
0.041906
0.186677
-0.079457
0.056419
-0.179954
-0.086169
-0.081634
0.067304
0.015964
0.010885
-0.068754
-0.051339
-0.011247
0.024672
-0.076373
0.039366
-0.030114
-0.007438
0.005624
-0.076373
-0.162539
0.062769
-0.062767
-0.050613
0.214797
0.102680
-0.095965
-0.023220
-0.082903
-0.226936
-0.080364
-0.073289
-0.255052
0.084720
0.018141
0.082724
-0.190112
0.112114
-0.025035
0.048256
-0.024490
0.167628
-0.181586
-0.012880
-0.030295
-0.070205
0.089981
0.034287
-0.062586
-0.001451
-0.136055
-0.005079
0.070025
-0.065488
0.113384
0.065213
-0.169128
0.004615
-0.203816
-0.013400
0.088291
0.033946
-0.004169
0.055088
-0.004764
-0.117915
-0.084119
0.052706
-0.062382
-0.142182
-0.178061
0.114942
0.055684
-0.078462
-0.013846
-0.010720
-0.001787
0.027693
0.024417
0.115389
0.036626
-0.074144
0.017866
0.017717
0.038711
0.102882
0.014293
-0.145308
-0.092754
0.058662
-0.034988
-0.057916
-0.024268
0.048091
-0.093945
-0.098560
-0.363552
0.075039
-0.052109
-0.020695
-0.022035
0.023077
0.032904
-0.095285
0.268455
-0.005509
0.099011
0.012953
-0.020099
-0.026799
0.037668
-0.031712
-0.048834
0.055833
0.007147
-0.109577
-0.107195
0.005658
0.042582
-0.023524
-0.069529
-0.044963
0.216340
-0.083375
0.092162
0.054195
0.029182
0.108838
0.055386
0.053897
0.003871
0.047048
0.006849
-0.107940
0.076082
0.063277
-0.073697
0.056726
-0.033350
-0.000298
-0.037966
0.115985
0.008338
0.176436
0.109731
-0.085310
-0.113746
-0.110917
-0.021291
0.026800
-0.078462
0.062384
-0.064020
0.197281
-0.162727
0.028288
-0.048238
-0.000893
-0.163620
-0.168979
-0.010124
-0.217512
0.002084
-0.034392
-0.008784
0.010273
-0.064318
-0.017717
0.033351
-0.026650
0.030820
-0.088585
-0.025608
0.088589
0.000744
-0.020993
0.002382
0.010124
-0.021588
-0.076228
0.097522
-0.070273
0.023971
-0.125835
0.044360
0.109363
-0.046170
0.021365
-0.121128
-0.031686
0.065545
-0.032229
-0.100307
0.056854
-0.019192
-0.124930
-0.059931
0.017020
0.039110
0.013399
0.022271
0.005432
0.097775
0.066994
-0.070251
0.113528
0.072969
-0.099763
0.054138
-0.036393
0.059208
0.003802
-0.145932
0.001267
0.113347
0.052870
-0.086365
-0.178884
-0.061379
0.039834
-0.008872
-0.162770
-0.065000
-0.126559
-0.027340
0.027522
0.067537
-0.020460
0.200261
0.101939
-0.018830
0.100310
-0.201696
-0.047076
-0.007786
0.049249
0.008148
0.072063
-0.019917
0.030056
-0.042730
0.006337
0.090713
0.005251
0.101939
0.003440
0.080755
-0.013217
0.041463
0.036575
0.106104
-0.062285
-0.103747
0.134351
0.077858
0.119865
0.015028
0.050336
0.040015
-0.039109
0.074779
0.046895
0.046533
-0.036393
0.043455
-0.090167
-0.220163
0.035850
0.016839
-0.102479
0.065907
-0.179608
-0.086365
-0.021727
0.007242
-0.031505
0.158252
0.109906
-0.036212
0.122400
-0.166934
-0.024443
0.119865
0.056311
0.042912
-0.117869
-0.058120
0.181067
-0.082382
-0.015752
0.074960
0.109182
-0.141044
-0.126378
0.320134
-0.001267
0.092524
0.020641
0.049249
0.008691
-0.105195
0.006880
-0.060836
-0.030961
-0.039652
-0.145208
0.047982
-0.010502
-0.024262
0.037480
0.109001
0.030869
-0.116791
0.102157
-0.056487
0.075106
-0.093084
0.160716
-0.144159
-0.043917
-0.036597
0.070650
-0.011457
0.026414
-0.114882
0.002228
0.042326
0.016230
-0.057919
-0.122679
-0.016708
0.011457
0.205591
0.013843
0.080198
0.103271
-0.015435
0.004774
0.075583
-0.059510
0.126662
-0.080832
0.003978
-0.098016
0.130482
-0.040575
-0.030551
-0.069694
-0.004933
-0.104540
0.104226
-0.041053
-0.070967
0.086722
0.073674
-0.032779
0.052351
-0.010502
-0.043599
-0.152273
0.023550
-0.011297
-0.063806
0.025141
0.135415
-0.015912
-0.018140
-0.068739
0.000159
-0.011616
-0.040894
-0.225941
0.070650
-0.055851
-0.048849
-0.023550
-0.024186
0.090063
0.059989
0.097065
0.283726
0.147190
0.009070
-0.040894
0.052192
0.031506
-0.120451
0.120934
-0.030710
0.093564
-0.044553
-0.053464
-0.083537
-0.070489
-0.076854
-0.101676
0.017662
0.151327
-0.009706
0.136528
-0.021163
-0.096584
-0.035961
0.031665
-0.035484
-0.032619
0.173765
0.144962
0.017344
0.019731
0.315394
-0.107563
-0.031665
-0.008592
0.078766
-0.127293
0.034052
0.114728
-0.081309
-0.017980
0.064603
-0.086242
0.092609
-0.130475
-0.037393
-0.041212
0.005410
0.057125
-0.067307
-0.065079
0.005251
0.101202
0.173765
-0.115200
0.058557
0.002228
-0.053941
0.019572
-0.021481
0.003695
0.058069
0.060709
0.011614
-0.076368
0.349137
0.152742
0.054198
0.011790
0.042760
-0.008094
-0.122822
0.007743
-0.094844
-0.020588
-0.031498
-0.009326
0.014253
0.140952
0.160309
-0.029914
-0.035545
-0.019356
0.022700
0.011614
-0.011614
-0.044343
0.004927
0.006335
-0.033609
-0.045927
-0.139010
0.039769
-0.180887
-0.015309
0.098894
0.129866
-0.214846
0.352128
0.029914
0.051910
-0.049446
0.049271
0.002112
0.051734
-0.085518
0.023580
-0.071089
0.022700
0.051558
0.021644
-0.019708
0.184594
0.006511
0.050327
-0.000528
-0.055605
-0.055429
-0.088509
0.094143
0.039241
0.048215
-0.043991
-0.037305
0.024459
-0.039416
0.031674
-0.162236
0.079714
0.021292
0.154854
0.033786
0.056310
-0.042056
-0.038184
-0.030970
-0.027275
-0.071089
-0.032378
0.100126
0.023931
0.028331
0.136377
0.040120
0.072675
-0.010206
0.033962
0.002464
-0.023227
0.044696
0.073907
0.064228
-0.029562
-0.081823
-0.045927
-0.061763
-0.029034
0.187937
-0.042583
-0.114200
-0.034841
0.124938
-0.065107
-0.003343
-0.094492
0.200256
0.010734
0.036777
0.024987
-0.117895
-0.007215
0.242315
-0.007391
0.105229
0.079186
0.038009
0.037129
0.039241
0.109101
0.049095
0.034314
-0.032553
0.061413
-0.114727
-0.033433
-0.091325
0.064404
0.084817
-0.024300
0.062402
0.008700
0.048751
0.041851
-0.093150
0.007650
-0.055800
0.005550
0.038401
0.007350
0.045301
0.005250
0.338428
0.072752
0.027451
-0.123149
0.193210
-0.142648
0.007650
-0.014100
0.071852
0.059702
-0.069450
0.034351
-0.019650
0.116254
0.037651
0.040501
0.212562
0.019500
-0.022350
0.082203
-0.080250
0.134256
0.050101
-0.031350
0.025651
0.037651
-0.004500
-0.039600
0.117455
0.168308
-0.078900
-0.010200
0.026101
-0.063600
0.074702
0.107554
-0.124799
0.022950
-0.181646
-0.042900
-0.195595
0.039001
-0.030750
-0.073050
-0.061950
0.030601
0.044851
-0.029250
0.104104
-0.040950
0.090753
0.087303
0.090153
-0.028950
0.100804
0.067802
-0.079500
0.063302
-0.019200
0.087453
0.050101
0.064652
0.011100
-0.113999
-0.132599
-0.024900
-0.019950
-0.070800
-0.004650
-0.051600
-0.012450
-0.007800
0.060602
0.208812
0.093153
-0.052500
0.008100
0.047701
-0.069150
0.079352
0.041251
-0.026850
-0.127349
0.122105
0.063452
-0.176247
-0.248242
0.027151
0.048001
-0.028800
0.057302
0.147907
0.101104
-0.080850
0.073352
-0.019500
-0.074850
-0.108299
-0.034800
0.072902
0.008550
-0.049800
-0.026700
0.066752
0.053101
-0.076050
-0.080400
-0.095550
-0.190346
0.001800
0.016650
0.061202
0.024000
0.129905
0.082803
-0.003220
0.020835
0.130128
-0.016668
-0.025381
0.135242
-0.099250
0.056445
0.035231
-0.017994
0.019320
-0.075384
0.138273
0.066294
0.008145
-0.031631
-0.000568
-0.025381
-0.119326
0.080122
0.078985
-0.014016
-0.095272
0.009092
-0.053792
0.004546
0.060801
-0.014774
-0.018941
-0.019130
0.000568
-0.089211
-0.020646
-0.074248
-0.034283
0.111186
-0.033525
-0.268383
0.409153
-0.019320
0.006440
-0.051519
0.020078
0.034852
-0.060043
0.172368
-0.082582
0.127097
0.098495
-0.016479
0.105314
0.009281
-0.080309
0.031063
0.024434
0.001136
-0.057012
0.120278
-0.071407
-0.068187
-0.064588
-0.035041
-0.126145
-0.031631
0.036178
-0.050951
0.064968
0.038451
0.009849
0.015911
0.075576
-0.149062
-0.008523
0.028980
-0.060043
-0.060800
0.112701
-0.037692
0.156836
-0.014206
-0.102659
0.059286
0.039776
0.171989
0.018183
-0.012880
0.024055
0.019131
0.085425
-0.117432
-0.065346
0.062506
-0.027086
0.002841
0.067052
0.005872
-0.092052
-0.059474
-0.050951
0.094707
0.070272
0.038829
0.214230
0.051331
0.099442
0.227679
0.072166
-0.076710
0.105125
-0.105879
-0.053413
-0.139592
-0.123683
0.019509
-0.065535
-0.141108
0.078796
-0.121978
0.165928
-0.020267
-0.011365
0.025192
0.008145
-0.012122
0.074250
-0.046026
0.009849
0.077470
-0.030401
-0.062257
0.026197
0.138265
0.081503
-0.008247
0.154760
-0.099288
-0.004690
0.009056
0.033797
-0.073738
0.100100
0.304515
-0.075679
0.059671
0.076004
0.013745
-0.025712
-0.010673
0.033474
-0.092981
-0.002102
-0.018435
-0.220077
-0.071798
0.118859
-0.085704
-0.048189
-0.054495
-0.084573
0.159126
0.127106
0.127753
0.044309
-0.039133
-0.008571
-0.005336
0.044309
0.015524
-0.041397
0.137456
-0.035091
0.008247
0.055628
0.058701
-0.072606
0.113684
-0.068887
0.069697
0.052233
-0.064683
0.010188
0.063876
0.015039
0.061450
0.092014
0.009541
-0.005498
-0.011643
0.063552
-0.019890
-0.003881
-0.020052
0.026844
-0.123219
0.170932
0.205540
-0.044308
-0.308038
0.011805
0.038164
0.159126
-0.007439
0.113522
-0.067917
-0.143917
-0.085543
0.049969
0.058539
-0.015201
0.024742
-0.130981
0.059024
0.062582
0.036708
-0.038810
-0.021507
0.067919
-0.119177
-0.000809
-0.075679
-0.080368
-0.038163
0.009864
0.023771
-0.194367
0.019405
0.080047
0.147968
-0.033635
-0.032180
0.004204
0.007600
0.218316
0.036870
0.014230
0.000162
0.026682
0.035415
-0.066947
-0.013260
-0.013260
-0.142300
0.066787
-0.004043
0.075681
0.063714
0.027976
-0.064359
-0.127909
0.087648
0.103496
0.039942
-0.054981
0.176430
0.040104
-0.050291
0.110178
-0.205215
0.053925
0.095629
-0.065562
-0.198427
-0.131122
0.046941
0.007177
0.001358
0.090004
0.054700
-0.046553
-0.134226
0.024247
0.114445
-0.032005
0.024634
0.236848
0.061102
0.063429
-0.028514
0.123368
0.008535
-0.022501
-0.043837
0.100479
-0.031229
0.077784
0.071964
0.034139
-0.109786
-0.087092
0.116967
-0.122588
-0.061682
-0.121618
-0.117351
0.045196
0.043644
-0.045389
-0.006207
-0.001552
-0.097760
0.105134
-0.118902
0.142184
0.107462
0.006595
0.009311
-0.045195
0.023277
-0.033751
-0.019979
0.001164
-0.008535
0.039958
-0.134807
0.030454
-0.005625
-0.059161
-0.040346
-0.089032
0.056640
-0.038212
0.051015
0.093108
-0.070993
0.071964
0.010281
0.207362
0.067115
-0.046553
0.022113
0.026574
-0.029678
0.031036
-0.115993
0.194559
-0.109204
-0.018233
0.019979
0.012414
-0.271161
-0.005819
0.014936
0.001552
0.080887
-0.087092
-0.154398
-0.015712
0.050045
0.104746
0.045390
0.063235
0.082051
0.038407
0.036079
-0.053536
0.060132
-0.085540
0.082827
-0.012608
0.051403
0.129770
-0.066726
-0.027738
-0.174958
-0.129570
-0.034527
0.061102
-0.121036
0.136365
0.018233
-0.022695
-0.007371
-0.070023
0.074680
-0.222478
-0.000776
0.039958
0.080887
-0.129570
-0.115023
-0.082437
0.048493
0.042868
0.038601
0.202396
0.017240
0.014367
0.043100
0.012571
0.018317
0.095539
0.115833
0.046692
0.042382
-0.003232
0.165220
-0.108466
-0.032504
-0.042202
-0.207410
-0.081888
-0.046511
-0.038430
-0.024423
0.003771
0.001437
-0.070755
-0.045614
-0.083864
0.035917
-0.184066
-0.009159
-0.018138
0.144747
-0.275466
0.091768
-0.058543
-0.233448
-0.098948
0.075964
-0.100385
0.001257
0.008620
0.078119
-0.005747
-0.037712
0.025860
0.022089
0.060699
0.061597
-0.051180
0.069320
-0.066265
0.037892
-0.152821
0.050643
-0.056209
-0.029810
0.012750
-0.057645
0.056030
0.018856
-0.009159
-0.082607
0.105057
-0.040944
0.038431
-0.001437
-0.059082
0.091229
-0.064469
-0.083145
0.084046
-0.056568
0.116731
-0.102181
-0.079195
-0.078476
0.072732
-0.080631
0.113678
0.116910
-0.006106
0.066805
0.023705
0.070038
-0.007542
0.015444
0.079376
-0.031786
-0.114392
-0.069857
0.001796
0.031966
0.049386
-0.113673
-0.027656
0.003771
0.028015
0.024782
-0.006106
0.023705
0.054773
-0.115649
0.101825
0.129661
-0.106311
0.138281
0.104159
0.059442
0.022089
-0.083684
0.054593
-0.008620
-0.019574
0.000180
0.129482
-0.071293
-0.001616
-0.121036
0.142592
-0.084043
0.072911
0.226102
0.279982
0.014187
0.071115
0.035378
0.015085
-0.183527
-0.063033
-0.050462
-0.142372
-0.050134
-0.038359
0.086354
-0.075290
0.175566
-0.038002
-0.035326
0.001249
-0.037824
0.074222
0.020696
-0.040500
0.061197
0.002141
0.088674
-0.000000
0.019804
-0.025692
0.007315
-0.004460
-0.036040
-0.033542
-0.009456
-0.048886
0.005174
0.012668
-0.016414
0.086354
0.006066
-0.034256
0.041214
-0.010705
-0.009634
-0.013916
-0.025692
-0.182514
-0.125067
-0.002855
-0.001427
0.075471
0.005531
0.024621
-0.014273
-0.074934
0.003390
0.330087
-0.058341
-0.008386
0.059591
-0.090634
-0.017306
-0.089385
-0.006958
0.052276
0.043534
0.072973
0.028547
-0.005352
0.043177
0.146483
0.020518
0.103126
-0.066013
0.042285
-0.115968
0.147197
-0.229255
-0.073150
0.031580
-0.085103
0.211609
-0.102052
-0.015165
0.191803
0.059056
-0.073150
0.159686
-0.069760
-0.061018
-0.025157
-0.019982
-0.038538
-0.125602
0.075828
0.069226
0.050135
-0.106155
-0.043712
-0.210345
-0.045317
-0.071187
0.091172
0.174139
-0.074934
0.021053
0.009456
0.099201
-0.034612
0.023194
0.159686
0.064052
0.047281
0.004639
0.262818
-0.125780
-0.020696
-0.101517
-0.005174
-0.122748
0.081894
-0.123104
-0.068332
0.166823
-0.091704
0.012489
0.048708
0.043712
-0.001784
0.019804
-0.021767
-0.025513
0.056558
0.132387
0.059413
0.132031
0.025514
0.057272
-0.101672
-0.128030
0.084101
-0.001614
0.057024
0.031022
-0.229160
0.142920
0.035147
-0.025822
0.125884
0.107055
0.003586
-0.059533
0.090736
-0.025463
-0.146499
0.042140
-0.055947
0.031201
0.024746
-0.125161
0.026898
-0.051284
0.012014
0.073880
0.151886
0.011656
0.019725
-0.013090
-0.000897
-0.066168
0.021698
0.024208
-0.153313
-0.018290
0.007173
-0.081947
-0.014883
-0.018470
0.039630
-0.249421
-0.197243
-0.064554
-0.024387
0.109386
0.064914
0.036222
-0.278826
0.085894
0.065093
0.050747
0.089481
0.013987
0.031201
0.093426
0.103648
0.075852
-0.048057
-0.028691
0.134133
-0.140403
0.020622
-0.111175
-0.054154
0.029767
0.071907
-0.075133
-0.003945
0.174123
0.067424
0.052182
-0.132513
-0.017752
0.019546
-0.020263
0.083384
0.114586
-0.121037
-0.036222
-0.041781
-0.083561
0.135209
0.113690
-0.083202
-0.067243
-0.027256
-0.005917
0.033891
0.093426
-0.021877
-0.048953
0.015242
0.083563
-0.041781
-0.017035
-0.074954
-0.110637
-0.064374
0.031022
-0.031739
-0.139865
0.065272
-0.034250
-0.220732
-0.024746
0.026360
0.025463
-0.017752
-0.122113
-0.137534
-0.071547
-0.065450
-0.162996
0.024567
-0.060967
-0.010221
-0.011656
-0.031022
0.020084
0.143816
-0.036939
0.105261
-0.069754
0.042319
0.071369
-0.159409
-0.049671
0.249602
0.060988
-0.027145
-0.058167
-0.053232
0.245724
0.301781
-0.000881
-0.044771
0.029260
-0.126379
-0.082491
0.013044
0.028555
0.018684
0.111578
-0.022386
0.005993
0.131673
-0.035782
0.009518
0.045653
0.123917
-0.013925
0.000529
0.056758
0.010752
-0.040541
-0.025206
-0.018508
0.015688
0.002997
-0.013396
-0.018860
-0.043008
-0.031375
-0.031375
-0.056228
-0.117566
0.120920
-0.057814
0.036663
-0.131315
0.089720
0.018508
-0.111397
0.043009
-0.040541
0.034901
-0.000705
0.080202
0.078263
0.122859
-0.023972
0.009166
-0.056757
-0.051116
0.125503
-0.068390
-0.028202
-0.100117
-0.023091
0.005288
0.039660
-0.059577
-0.022738
-0.086192
-0.169033
-0.080728
-0.037192
0.010223
-0.240416
0.011457
-0.003349
0.025911
0.086195
0.070154
0.047944
-0.026792
0.118981
0.157056
-0.043008
0.066981
0.105585
0.072270
0.105585
-0.079494
-0.016393
0.017450
-0.054994
0.067334
-0.038778
0.195837
0.123212
-0.015864
0.027321
0.017979
-0.009871
-0.070858
0.014101
-0.149821
0.053233
-0.179432
-0.000353
-0.037897
0.177152
0.067158
-0.046886
-0.057991
0.020976
0.102764
0.138019
0.011281
0.060988
-0.175555
0.054114
-0.018155
0.020799
-0.034548
-0.064160
-0.204460
0.013220
-0.078789
0.073680
-0.100998
-0.069095
0.165165
-0.036310
0.033384
0.126716
0.039307
-0.049716
-0.094047
0.138562
-0.101584
0.034640
-0.039665
-0.005205
-0.045767
0.058511
-0.048639
-0.144120
0.038050
-0.114327
0.099434
-0.051152
-0.002513
-0.090636
0.001436
0.168896
0.006102
-0.006641
0.089024
-0.070356
0.153460
0.114690
-0.017589
-0.153811
0.015256
-0.044331
0.083280
0.234950
-0.068381
-0.093329
-0.040383
0.093690
-0.010230
0.025486
0.011128
-0.054741
0.115408
0.107331
-0.059587
0.064793
-0.039306
-0.064433
-0.101764
-0.059767
0.113075
0.092255
0.017230
0.061742
-0.120788
0.010051
-0.067484
0.040025
-0.129403
0.096024
0.000718
0.119357
-0.014358
-0.005743
-0.063536
0.034281
-0.031230
0.086870
-0.133351
0.047563
0.071793
-0.004667
-0.133531
-0.020640
0.040204
-0.123839
-0.083996
-0.028178
-0.026743
0.121332
0.018307
0.079332
0.095126
-0.011666
0.015435
-0.012025
-0.132275
-0.005923
-0.041101
-0.132454
0.004487
-0.032127
-0.078073
0.031589
-0.129582
0.069101
0.027640
0.000538
-0.144479
0.057973
0.014000
0.047383
0.083639
-0.020640
-0.148786
-0.185936
-0.037691
0.121332
0.030332
0.030512
-0.104994
-0.023512
0.096383
-0.089919
0.017410
-0.039844
-0.165297
0.037691
-0.067305
-0.265082
-0.088483
-0.050613
-0.084893
0.013282
0.050076
-0.136582
-0.250186
0.122767
-0.098450
0.127927
-0.043013
-0.016727
0.025330
0.136689
-0.355231
0.004620
-0.015293
0.005416
-0.147674
-0.087617
0.015771
0.004142
-0.049225
-0.074714
-0.034410
-0.007328
-0.111194
-0.007487
-0.092874
0.020073
-0.142098
-0.024533
-0.117725
0.166640
-0.130469
-0.040304
0.012585
0.001274
-0.009080
-0.184312
0.001752
0.056873
-0.033932
0.061653
0.051775
-0.052093
-0.076785
0.013860
-0.104026
-0.010674
0.037915
-0.014816
-0.068023
-0.181604
-0.025967
-0.082998
0.067706
0.079655
0.047155
0.029153
0.119164
-0.043968
-0.019754
-0.004142
0.040146
0.062290
0.002230
0.152302
-0.151497
-0.043172
-0.029312
0.003186
0.036960
0.125059
-0.188613
0.102277
-0.008443
0.015294
-0.003983
-0.092556
0.050819
-0.007806
-0.086662
0.079018
0.110880
-0.081405
0.106579
0.037278
0.040464
0.012904
-0.032817
0.094152
0.015294
-0.091919
-0.046039
-0.029790
0.032499
0.127449
-0.007169
-0.075511
0.110083
0.022622
-0.009080
0.021825
-0.023896
-0.057350
0.031702
-0.087617
0.011152
-0.118044
-0.000797
0.038871
-0.006372
-0.099406
-0.017364
-0.032817
-0.007010
0.001434
0.080929
-0.009558
-0.166789
-0.032498
-0.284826
0.164251
-0.012267
-0.031543
-0.099246
0.078221
0.183528
-0.045721
0.046040
0.208063
0.089213
-0.088733
-0.097335
-0.039667
0.042877
0.026516
0.057123
-0.011706
0.001975
0.169256
-0.133986
-0.121575
-0.054865
-0.040902
0.141187
-0.000423
-0.004090
-0.239759
-0.032016
-0.168398
0.115234
-0.194489
0.054725
0.055994
0.038646
0.124825
0.039069
0.049506
0.132442
0.028068
-0.142730
0.099296
-0.032580
0.157408
-0.078136
0.106207
0.075882
-0.189835
0.032299
0.035402
0.001128
-0.015374
-0.036671
-0.042030
0.014668
0.234847
-0.109164
-0.055570
0.008180
0.029619
0.075600
-0.072918
-0.151192
-0.043864
-0.078418
0.094641
-0.014527
-0.062481
-0.040479
0.021438
-0.106343
0.021015
0.100565
-0.051762
-0.029901
-0.070379
0.044429
0.142880
0.032299
-0.042312
0.102681
0.020028
0.107476
0.003244
-0.074892
0.066573
-0.136102
0.036812
-0.049505
-0.066853
-0.090406
-0.064737
0.142598
-0.010719
0.050494
0.040903
-0.094355
-0.181655
-0.050634
-0.074469
-0.002116
0.057546
-0.007757
-0.067840
0.059520
-0.066148
0.026657
-0.057403
-0.030465
-0.114100
0.075036
-0.000423
0.124825
-0.094496
-0.075315
0.097039
0.110438
-0.050492
-0.250195
-0.131165
-0.072777
-0.046120
-0.042876
0.028491
0.016079
0.076587
0.033427
-0.086739
0.104655
0.010296
-0.132294
0.035402
-0.018053
0.007475
-0.027080
0.033850
-0.105920
0.032158
-0.101971
0.050635
-0.127640
-0.033991
0.047341
0.064259
0.049358
0.095613
-0.004036
0.058671
0.105547
0.004191
0.038028
-0.058825
0.025455
-0.022351
-0.007916
0.243852
-0.005432
-0.156606
-0.047495
0.036320
-0.023903
-0.004656
0.019557
0.064259
0.140317
-0.016763
0.073417
0.129141
-0.005898
-0.040510
-0.106785
0.055877
-0.007605
0.099649
0.008847
0.059758
-0.031974
-0.016297
0.024834
-0.031663
0.373781
0.025145
0.125415
-0.013504
0.097942
-0.024524
0.014435
0.204579
-0.191526
-0.072484
0.051376
0.054636
-0.005122
-0.054169
-0.219307
0.031043
0.058206
-0.027473
0.070002
-0.067517
0.014280
-0.075433
0.076211
-0.007140
0.038183
-0.033681
-0.042373
0.002639
-0.080089
0.174311
0.002018
-0.004656
-0.145897
0.085058
0.029491
0.023437
0.005588
-0.051375
0.011175
0.077918
0.077608
-0.142016
-0.009623
-0.026231
0.083972
-0.138757
-0.035699
0.051842
0.065346
0.019091
0.041442
0.101356
-0.058670
0.038183
0.015211
0.012728
-0.119046
0.040201
-0.009934
-0.038337
-0.163124
-0.007450
0.064104
-0.048581
-0.092816
-0.016608
-0.050444
-0.317703
0.023593
0.004812
-0.122771
0.060379
-0.025610
-0.008226
0.162203
-0.022040
0.046099
0.046720
0.001242
0.091267
0.140938
-0.121840
-0.079002
0.041908
-0.056031
0.112998
-0.089712
0.051687
0.088473
-0.041597
-0.061773
-0.165204
0.109663
0.036873
-0.062092
-0.040224
0.172397
-0.035915
-0.008460
-0.009258
0.015324
-0.003671
0.004469
0.019474
-0.066083
0.121156
-0.064806
0.088751
-0.000798
-0.065285
-0.032084
-0.107424
-0.031605
0.034159
0.138715
-0.035755
-0.130249
-0.000319
-0.000798
-0.012929
-0.001437
0.006385
0.005108
0.130574
0.086995
-0.076298
-0.055229
0.092582
0.011014
-0.099283
-0.042619
0.089709
0.212944
0.059540
0.030807
-0.024262
0.046929
0.059220
-0.120193
0.101043
-0.019474
-0.011972
0.074545
0.038150
-0.028572
-0.049323
0.044216
-0.090664
-0.194413
-0.022666
-0.086993
-0.007183
0.031446
0.031446
-0.020591
-0.084279
-0.162810
-0.093218
0.122752
-0.061933
-0.132483
-0.012770
0.245829
0.034000
-0.150679
-0.127375
0.171919
0.012929
-0.120831
0.003991
-0.049482
-0.124024
-0.099922
-0.059538
0.082047
-0.013249
0.168726
0.119560
-0.075660
0.197779
0.092582
-0.038309
0.034319
0.008460
0.029051
0.071831
-0.085077
0.092582
0.044056
0.072629
-0.143496
-0.019314
0.126583
0.015962
0.001915
-0.074702
0.135363
-0.022826
-0.002394
0.021230
0.075662
0.069596
0.139992
-0.045492
0.134884
0.000160
-0.079012
0.004469
-0.027295
0.212625
-0.086195
0.015962
0.104395
0.124349
0.054751
0.105193
-0.039426
-0.118277
-0.181092
0.117492
0.024713
-0.012964
-0.078798
-0.057326
0.050440
0.034639
0.027347
0.130862
0.163477
0.087916
0.029170
0.049022
0.007900
-0.080419
-0.057326
-0.041729
0.254436
0.025524
-0.119716
0.030588
-0.099460
0.003241
0.119518
0.104527
-0.028360
-0.017016
0.014788
0.045376
0.040717
0.123974
0.036868
-0.053680
-0.106347
-0.082850
0.086498
-0.017218
0.040919
0.038893
-0.038690
-0.058744
-0.152531
-0.100675
-0.016611
0.023701
-0.040919
0.124582
0.123772
0.226885
0.017016
0.053073
0.034032
-0.007292
0.049832
-0.005672
-0.100473
-0.099460
-0.024511
0.042135
0.121746
0.124987
-0.083052
-0.006077
0.105945
-0.106955
0.099260
-0.127008
0.053884
-0.003039
-0.019649
-0.139972
0.033627
-0.035247
0.119720
-0.131667
-0.087509
-0.110196
0.004659
-0.141390
0.050237
-0.039096
0.074141
0.045578
-0.030790
0.093993
0.068266
-0.052667
-0.043957
0.057733
0.020257
0.073938
0.122961
-0.105942
0.022283
-0.034031
-0.004862
-0.111816
-0.098244
0.021675
-0.120729
0.090955
0.032816
-0.006887
-0.093180
0.058948
0.070090
0.112833
-0.015193
0.236406
-0.039501
-0.012357
0.022688
0.077585
0.022485
-0.097029
-0.064821
0.126810
-0.136529
0.196092
-0.002026
-0.027954
0.043958
0.224454
0.099260
-0.057934
0.021472
-0.068670
0.069762
-0.090786
0.113934
0.120617
-0.110344
-0.240567
0.060145
0.079705
0.078890
-0.080191
0.077912
0.027220
-0.053135
-0.026405
0.096983
0.079542
0.023797
-0.130554
-0.006357
0.050202
0.022004
-0.317003
-0.033250
-0.066174
-0.010106
-0.016625
0.013039
-0.054765
0.032273
-0.052483
-0.010432
-0.044334
-0.058188
-0.039770
0.115727
-0.030480
-0.034228
0.027057
-0.026242
0.039608
0.008965
-0.243827
-0.036510
-0.007824
0.026242
-0.070575
0.041890
0.081172
-0.299239
-0.156632
0.031621
-0.068619
-0.095838
0.014669
0.009128
-0.011246
0.136266
-0.087852
0.146861
0.047594
0.039608
-0.057210
0.041890
-0.186621
0.060145
-0.020700
0.122899
0.066502
-0.137726
-0.054276
-0.096001
-0.008965
0.045312
0.094375
-0.002771
-0.030480
0.058352
0.036674
-0.052809
0.024775
-0.100239
0.035533
-0.025753
0.113771
-0.039607
-0.060633
-0.112626
0.012224
-0.004401
-0.061122
-0.086548
0.000326
-0.034228
-0.009454
0.113119
0.057211
0.292425
-0.005542
0.101547
-0.008639
-0.210742
0.062916
0.003097
-0.047757
0.021352
-0.094371
-0.029176
0.049387
-0.014832
-0.003423
-0.011409
-0.081821
0.172778
0.014343
0.125507
0.013365
-0.030154
0.069925
-0.020863
0.059493
-0.061937
0.008639
-0.066500
0.040423
0.009943
0.056722
0.058189
0.010595
-0.067212
0.013655
-0.062424
0.013123
-0.045044
-0.008335
-0.007980
-0.003547
-0.015961
0.042030
0.066327
0.081933
-0.053734
-0.260149
-0.081044
0.066681
-0.028375
0.007448
-0.086542
0.025715
0.060829
0.012591
0.030680
-0.024650
0.132477
-0.025005
0.038483
0.043094
-0.028552
0.049124
-0.036887
-0.200212
0.062248
-0.082285
0.060119
-0.017734
-0.134245
-0.016138
0.014187
-0.036355
0.008158
-0.003547
0.079450
0.004611
0.048415
-0.043271
0.151099
0.156065
0.066681
0.063844
-0.030857
-0.013123
-0.026956
-0.043803
-0.046286
0.066859
0.014542
0.004966
0.016848
0.009754
0.003369
0.071292
-0.065616
0.059055
-0.032276
0.043626
0.088495
-0.181770
0.011882
0.011173
-0.045576
0.180185
-0.011527
-0.001773
0.061538
-0.106226
-0.147190
-0.030680
0.031744
-0.020040
0.021458
-0.004611
-0.247913
0.102683
0.045755
0.038129
0.058523
-0.003724
-0.007448
-0.059764
0.027311
0.118467
-0.029439
-0.088138
0.081756
-0.128393
-0.004434
-0.021990
0.061893
0.208916
0.045577
0.056041
0.137443
-0.010286
0.292628
0.405076
-0.027311
0.060119
0.007626
-0.095940
-0.035645
0.099313
-0.061005
0.025183
0.015074
0.078031
0.009931
-0.026069
0.138862
-0.146126
0.093993
0.012059
0.105520
0.054090
0.025892
0.086899
-0.091330
0.056927
-0.032736
0.232626
0.251680
0.033083
0.124711
-0.115527
0.079330
-0.017147
0.090415
0.060103
0.021824
0.109815
0.038625
-0.073439
-0.116046
0.076732
0.173039
-0.042089
-0.018533
-0.035507
0.012298
-0.042782
-0.065125
0.072574
-0.103922
0.015762
0.254625
-0.020612
-0.040703
0.168708
0.132679
0.140128
0.162646
-0.095089
-0.144970
-0.017667
-0.010739
0.003811
0.054561
0.180140
0.093013
-0.099073
0.042263
-0.000173
0.013510
-0.071014
0.069976
-0.110850
0.034468
-0.064952
-0.052135
-0.039837
0.028406
-0.089200
0.023210
0.062355
0.078464
0.030311
-0.075171
-0.003464
0.075692
0.108776
-0.030657
0.098556
0.033429
0.016108
-0.086082
0.055253
-0.027020
0.079330
0.012471
0.062701
0.079676
0.015762
0.064953
-0.084350
-0.146702
0.009007
0.118995
0.029965
0.029965
0.014376
-0.022170
0.055946
0.017667
0.019572
-0.154496
0.014030
0.118649
-0.101497
-0.039318
0.014723
0.053002
-0.055426
-0.001039
-0.041396
0.160047
0.020438
-0.139601
0.138742
-0.162463
0.040704
0.008141
0.056639
0.124538
0.253066
0.019053
-0.031870
0.013164
-0.036720
-0.152591
-0.041569
0.015242
-0.097167
0.041050
0.013510
0.118995
0.037066
-0.000173
0.042263
-0.096821
-0.049190
-0.077769
-0.027540
0.050057
0.010566
0.087471
0.069976
0.084415
-0.008708
0.011907
0.002310
-0.028079
-0.003732
0.098988
-0.000000
0.016883
-0.012262
-0.009063
0.002843
-0.042296
-0.250388
0.035721
-0.043006
-0.058112
-0.010130
-0.071262
0.050649
-0.057223
0.025413
-0.046027
-0.000711
-0.033232
0.026657
0.081394
0.013151
0.010663
0.003199
-0.013684
-0.031988
-0.032699
0.114094
-0.134171
0.018482
-0.060244
0.168655
-0.155495
-0.021148
-0.095786
-0.029678
0.036609
-0.104672
-0.046916
-0.094542
0.423344
0.001422
-0.074994
0.100588
0.048161
0.047450
-0.114979
-0.025946
0.004798
-0.035187
0.092057
0.020970
-0.052780
-0.046027
-0.129550
0.004265
0.081572
-0.016172
-0.028256
0.048872
0.001777
-0.142878
0.043362
-0.047805
0.057047
0.025946
-0.159938
0.031100
0.060779
0.131511
-0.094542
0.191759
-0.070907
0.048161
0.004621
-0.020970
0.223217
-0.151053
0.046028
0.039986
-0.011196
-0.023458
0.052426
0.025769
0.019371
0.044429
0.038742
-0.004087
-0.027901
0.035365
0.100765
0.098277
0.040697
-0.086012
0.041052
-0.058290
0.144485
0.004976
0.126179
-0.075705
0.018127
-0.068241
-0.118888
0.061490
0.052248
-0.105915
0.090458
0.030389
0.166700
-0.122975
-0.013151
-0.212893
-0.010130
0.127423
-0.026302
-0.020259
-0.210050
-0.069130
0.099521
0.052604
0.051715
0.017594
0.017377
0.083517
0.274143
-0.174119
0.040428
0.085113
-0.072521
0.085290
-0.060464
-0.014540
0.012944
0.043620
-0.001241
-0.103905
-0.167736
-0.154261
-0.069507
0.041670
-0.090607
0.006206
0.019682
0.128202
-0.056209
-0.003901
-0.107806
0.005674
0.059579
0.009930
0.033690
-0.104792
0.092383
0.090432
0.191330
0.045571
-0.020746
-0.135112
-0.025179
0.011703
0.017200
-0.115253
0.053727
0.054436
-0.088834
0.008334
0.004610
-0.023760
0.039542
0.018618
-0.028902
0.071636
-0.015072
-0.073762
-0.027838
0.066317
-0.008157
0.096461
-0.054967
0.074474
-0.002660
-0.016845
0.102313
0.055146
-0.035640
-0.103196
0.109406
0.104086
0.157461
0.007625
0.115435
-0.037236
0.078729
-0.065961
0.032094
-0.039364
-0.000532
-0.054435
-0.034044
0.023051
-0.079791
-0.144509
0.094334
-0.054613
-0.035995
0.017909
-0.023938
-0.012235
0.159766
0.029789
-0.027838
0.059933
-0.026243
0.043975
0.064544
0.075892
0.020923
0.042024
0.356249
-0.004788
-0.263480
0.001241
-0.220573
0.101958
-0.112593
0.062061
0.050890
0.112952
-0.106565
-0.034222
0.009398
0.015958
-0.095394
0.094511
0.095397
0.007270
0.002660
0.027661
0.067558
-0.055145
-0.017554
0.096993
0.201615
0.019150
0.055146
-0.092912
-0.056741
-0.023760
0.019505
0.017200
0.002733
-0.091561
0.156823
-0.004271
0.012129
-0.033482
-0.138707
0.006833
0.011445
0.035020
-0.056201
-0.031603
0.056715
0.069015
-0.014862
-0.006150
-0.012812
-0.012641
0.005979
0.048857
0.015374
0.067306
-0.051247
0.029211
-0.035873
0.099422
0.077214
0.048857
0.015545
-0.038265
-0.008541
0.090710
-0.021012
-0.253153
-0.111889
0.036215
0.031261
0.204999
-0.216941
0.068331
0.075164
-0.000171
-0.040656
-0.053126
-0.053126
-0.117697
0.249075
-0.110522
-0.104373
0.065256
0.052786
0.004783
0.021183
-0.021012
0.077385
0.011445
-0.015716
0.050907
-0.051589
-0.078750
-0.077554
-0.016228
0.080802
-0.027674
0.048003
0.001708
-0.119063
0.070723
0.068331
0.018791
-0.211133
-0.099590
-0.126750
-0.006321
-0.060984
0.171173
0.062865
0.248392
0.187573
0.043219
-0.048856
0.016058
0.154773
-0.110352
0.004271
-0.018278
-0.022891
-0.039290
0.027845
0.046636
-0.009737
-0.036044
0.008200
0.105231
-0.026136
0.070894
0.085243
-0.256569
-0.029211
0.105914
-0.100786
-0.021012
0.164339
0.097031
-0.073454
-0.169113
0.025624
-0.068330
0.107281
-0.032628
0.095152
0.007687
-0.038948
-0.046977
-0.053126
-0.085412
-0.011616
-0.019645
0.096518
-0.063547
-0.073113
-0.013154
0.121631
-0.166380
0.033824
-0.030578
-0.033653
0.021012
-0.027145
-0.299275
0.217863
-0.091636
-0.022477
0.183626
0.026627
0.094059
-0.011930
0.129505
0.021440
0.025589
0.148352
-0.088870
0.068988
-0.082818
-0.022823
-0.040286
-0.142812
0.022304
0.030431
0.125010
0.024033
-0.061033
0.105125
-0.018327
-0.051870
0.114289
-0.016598
-0.120682
0.126220
0.005533
0.075213
0.074521
-0.123967
-0.111519
-0.102182
0.101667
0.058960
0.009337
-0.067949
-0.063454
-0.014697
0.043225
-0.042015
0.088872
-0.020229
-0.096304
-0.057230
0.180341
0.010028
-0.011411
-0.007435
0.042015
0.006570
0.014178
-0.113421
0.073829
-0.011930
0.030431
-0.029047
0.017290
0.014697
-0.000346
-0.077977
-0.051524
0.180514
-0.061725
-0.095267
-0.079533
-0.095440
0.000692
-0.044781
-0.035099
0.099074
0.077460
0.072792
0.070544
0.076769
0.066913
0.035618
0.033197
0.096307
0.033197
0.039076
0.000692
-0.109444
-0.032851
0.139188
-0.027318
0.102705
0.070371
-0.163213
-0.028356
-0.085757
0.048240
0.108929
-0.056884
0.195730
-0.067258
-0.044089
0.050487
-0.127252
-0.104257
0.082648
0.272504
0.064147
-0.011411
-0.010720
0.062936
0.029047
-0.015561
-0.017463
-0.096823
-0.107888
0.028356
-0.059131
-0.028701
-0.047029
0.002421
0.240860
0.024552
0.010374
-0.086968
-0.019883
-0.048066
0.033716
0.090601
-0.074767
-0.187818
0.030702
-0.061945
0.030341
-0.085964
-0.058875
-0.005960
-0.027993
-0.029257
-0.009030
-0.086145
0.029438
0.354718
-0.050387
0.005599
-0.012281
0.000361
0.101137
0.021311
-0.045330
0.066461
-0.114317
0.039010
-0.000542
0.104930
-0.052915
0.074950
-0.013906
-0.139239
0.072421
-0.016435
-0.059055
0.099512
0.027090
-0.009030
0.322387
0.147012
-0.178788
-0.062667
0.008308
-0.115581
0.028174
0.028174
-0.042441
-0.197750
0.034314
-0.121180
-0.007766
-0.072420
0.016435
0.024020
0.014267
-0.008308
0.061404
0.015170
0.174464
0.032869
0.020588
-0.077115
-0.026548
-0.057791
0.037023
0.039010
0.057251
0.004515
-0.209308
0.012461
-0.098606
-0.016073
-0.059778
-0.005418
-0.002890
-0.001445
-0.044788
0.078381
0.122810
0.149721
0.026909
0.002890
0.004876
-0.034494
-0.282083
0.042441
0.036843
0.052013
0.021491
0.016796
-0.033050
0.096261
0.007766
-0.013184
-0.016435
0.088134
0.002348
0.040093
0.016796
-0.126417
-0.086145
-0.272693
0.020047
-0.050748
0.014267
0.003251
-0.070614
0.040816
-0.079824
-0.087409
0.004515
-0.130029
0.110710
0.106556
-0.012823
-0.030702
-0.132196
0.081993
-0.022755
0.000542
-0.058152
-0.011739
0.049123
0.016615
-0.024742
-0.045872
0.078923
-0.077296
-0.027812
0.000542
-0.027827
-0.027827
0.064526
0.055134
0.070961
0.054438
0.040176
0.043481
0.000870
-0.005566
0.092007
-0.075481
0.015827
0.203149
0.027828
0.076353
-0.088177
0.029915
-0.124526
0.011827
-0.011305
0.153578
0.107834
-0.012522
0.212889
0.027480
-0.096699
0.052873
-0.033567
0.211846
0.180016
0.047829
-0.005218
-0.105743
0.218803
-0.068351
-0.038784
0.023654
-0.035828
-0.083656
-0.093047
0.135663
0.144707
-0.044176
-0.034436
0.080701
-0.048872
-0.096004
-0.329043
0.016871
0.037220
0.061569
-0.054611
-0.055829
-0.046611
-0.036524
-0.127309
-0.080699
0.027480
0.007479
-0.155135
0.066613
-0.025740
0.102268
-0.029045
-0.098960
0.012175
0.047481
-0.065568
0.144533
-0.036524
-0.021914
0.085745
-0.049046
0.179494
0.023306
0.042090
0.086615
-0.065394
-0.019479
-0.044872
-0.142265
0.074962
0.033393
-0.021566
-0.039654
-0.105221
-0.010087
0.078092
0.086615
0.126445
-0.006957
0.098964
-0.019653
-0.031654
-0.013044
0.073048
0.037220
0.087832
-0.019479
-0.028697
0.079658
-0.168874
-0.160700
0.067135
0.074440
-0.086786
0.024697
-0.019479
-0.102091
0.137924
0.029741
0.002783
-0.122961
0.013740
0.040350
0.044525
-0.057568
-0.039828
-0.118265
0.144881
-0.005392
-0.024697
-0.011827
-0.056176
-0.009392
0.144012
0.019132
0.091178
-0.190838
0.016427
-0.062199
0.060724
0.025286
-0.045219
-0.042081
0.012735
-0.026578
0.007383
-0.017349
0.006829
0.009228
-0.033038
0.026393
0.045589
0.000738
0.038760
0.008306
0.019011
0.058878
0.329656
0.050203
-0.080655
0.072536
-0.088222
0.038760
-0.025101
-0.047803
-0.054447
0.001292
0.021595
0.041897
-0.090437
0.034699
0.209307
0.149504
0.254899
-0.025839
0.029900
-0.144883
0.025286
0.113696
-0.016057
0.136214
-0.007383
0.031377
0.045220
0.017349
0.048357
0.098007
-0.076226
0.027501
-0.018088
-0.012551
0.043005
-0.006275
0.035991
-0.098189
-0.008121
-0.043189
0.033961
0.006829
-0.031192
-0.024178
0.054817
-0.244912
-0.003691
-0.016242
-0.130672
-0.052786
0.018088
-0.002769
0.061646
-0.151896
0.084164
0.079919
-0.055555
-0.075118
0.034145
-0.012735
0.111850
0.127170
-0.025839
0.029531
0.010336
-0.054632
-0.022702
0.268743
-0.027316
0.116465
-0.090253
-0.231624
-0.017718
0.013843
-0.034699
0.170546
0.029716
0.029531
0.008859
-0.025470
0.218352
0.023625
-0.145805
0.222413
0.028793
-0.041343
0.064600
-0.166661
0.022887
0.059801
-0.076595
-0.016057
-0.070873
-0.106494
0.085825
0.016980
0.040236
0.037837
0.003322
-0.043558
0.002030
0.001477
-0.025286
0.108159
0.044297
-0.020487
-0.014249
0.041664
0.049600
-0.012265
0.096134
0.002525
0.014790
-0.042385
0.030301
-0.033006
-0.005952
-0.134727
0.000361
0.127158
-0.161059
0.212293
-0.076112
0.014790
0.007214
0.020020
0.034089
0.211752
-0.037515
-0.028677
0.177301
-0.015150
-0.040040
0.039139
-0.103706
-0.082785
0.171890
0.238448
-0.062044
-0.026874
-0.067094
-0.120299
-0.049960
0.093248
0.054470
0.080984
-0.016593
0.050141
-0.020922
0.005050
0.031744
0.102447
-0.016774
0.026333
0.185237
0.008838
-0.015331
-0.010641
0.046894
-0.048156
0.047796
-0.079899
0.061865
-0.088917
0.071604
-0.034449
-0.135449
-0.180176
0.017315
0.008297
-0.027415
-0.185046
0.176940
0.196420
-0.068537
-0.044549
-0.083687
0.016233
0.205800
-0.013347
0.042025
0.015872
0.082066
-0.063126
-0.006854
-0.060781
-0.017315
0.009379
0.085673
0.013166
-0.087655
-0.055190
-0.132383
0.001082
0.226904
-0.057896
0.118320
-0.103165
-0.060601
-0.024168
-0.027235
-0.042024
0.104612
-0.099378
-0.028497
-0.091622
0.052486
0.065833
-0.096672
-0.083146
-0.167010
0.049420
0.079721
0.061865
-0.042204
-0.007575
0.099922
-0.038417
0.036614
-0.171880
-0.087294
0.033367
-0.103346
-0.031202
0.083509
-0.022184
-0.138875
0.003607
0.017495
-0.023627
0.045632
-0.019840
0.061143
-0.116692
-0.178845
-0.001823
-0.072742
-0.002005
-0.024248
-0.017502
0.167734
0.043938
0.014403
-0.009298
-0.040656
-0.044120
-0.041203
-0.144572
0.096446
-0.018778
-0.023154
0.015861
0.126711
0.012215
0.017685
0.001094
0.087147
0.020966
-0.112486
0.040656
-0.094073
-0.016773
0.026253
-0.065632
-0.009298
-0.077483
0.062717
-0.140379
-0.098630
-0.077483
-0.014038
0.013674
-0.131628
0.089518
-0.142566
-0.083134
-0.068549
-0.101730
-0.012762
-0.058887
0.011121
0.104103
0.117960
-0.029170
-0.007475
0.124158
-0.181033
0.018596
-0.011486
0.001276
0.049590
-0.157151
-0.025159
-0.080946
0.038286
0.103009
-0.086233
0.053236
-0.026435
0.009480
0.226078
-0.015497
-0.096443
-0.031905
-0.077300
0.155336
0.006928
0.040109
0.055606
-0.100818
-0.040109
0.196359
0.164634
-0.003099
0.129810
0.004558
0.085324
-0.236999
-0.009845
0.052325
-0.026800
-0.036280
-0.088239
0.161899
-0.044667
0.107932
0.067822
-0.115585
0.125435
-0.051230
0.085142
0.189430
0.097904
-0.073836
-0.075295
0.102098
-0.092067
-0.031540
-0.094620
0.036098
0.039015
-0.014767
0.050319
-0.027165
0.065998
-0.051959
0.133457
-0.005287
-0.065450
-0.154234
-0.021513
0.101186
-0.105558
0.000182
0.042662
-0.078576
-0.147124
0.115225
0.155336
0.068004
-0.047766
0.043938
-0.015931
0.041422
0.054354
-0.056790
-0.019305
-0.113954
0.047419
-0.118452
-0.008059
0.030176
-0.000937
-0.040297
0.026615
-0.309615
-0.052479
-0.061288
0.007310
0.068224
-0.072346
-0.037860
0.016494
-0.203540
-0.085091
0.077221
0.001499
-0.049668
0.121268
0.006935
-0.043108
0.074410
-0.013307
0.017243
-0.036173
0.212175
-0.006935
0.004873
-0.055103
-0.032050
-0.014432
-0.027552
0.018368
0.102899
0.076471
0.039735
0.069911
0.030738
0.008997
0.144135
-0.119951
0.028114
-0.125386
0.026615
-0.065786
0.109834
-0.055103
0.027552
0.120143
0.032613
-0.091276
-0.072159
-0.050980
-0.005623
-0.054166
-0.084903
0.059977
0.066163
-0.004686
-0.130634
-0.000375
0.046107
0.053792
-0.103646
0.003561
0.011995
-0.030738
0.084906
0.286590
-0.047606
0.058665
0.035799
-0.028676
0.112084
-0.017431
-0.113017
0.111334
0.036923
-0.132508
-0.108331
0.184247
-0.064849
0.017243
-0.144878
0.027739
0.024553
0.067849
0.123705
0.099713
-0.079468
0.100650
0.022304
0.065413
-0.034861
-0.083029
0.060165
0.034862
0.022117
-0.266698
-0.074783
0.078908
0.079470
-0.076469
0.068787
-0.120326
-0.171491
0.126703
-0.002249
0.063351
-0.105520
0.071973
-0.035611
0.031675
0.062601
0.047607
0.122955
-0.028114
-0.127261
-0.123700
-0.077594
0.016097
0.108856
-0.106841
-0.089738
-0.133400
0.001811
-0.110865
-0.000604
0.017103
-0.089940
0.005835
0.038431
0.032395
-0.085111
0.051913
0.021731
-0.020523
0.004225
-0.025956
0.001006
0.066601
-0.001207
-0.167000
0.002012
-0.089940
-0.003823
0.006841
0.083704
-0.032998
0.010664
-0.029779
0.017908
0.074851
0.008451
0.128978
0.011469
-0.124345
-0.072032
-0.113682
-0.060966
0.038431
0.070625
-0.035413
0.045273
-0.022133
-0.042857
0.291163
0.017505
0.078272
0.062174
-0.008048
0.016097
-0.152715
-0.038833
0.015493
0.016499
-0.006036
0.105838
-0.063179
-0.064588
-0.004829
-0.008048
-0.161769
-0.106237
0.054327
-0.004024
0.098393
-0.137625
-0.020523
-0.008652
-0.163781
0.138033
-0.009054
-0.043461
0.169222
-0.049497
-0.074044
0.197795
-0.125351
0.062174
-0.100603
-0.046278
-0.169415
0.217515
0.058351
0.027566
0.037224
0.062174
-0.004829
-0.119919
0.039437
0.175460
-0.025554
-0.136418
-0.014688
0.022536
0.068814
0.108856
-0.159354
0.169222
0.062174
0.128576
0.097789
0.051711
0.103021
0.057345
-0.085513
-0.045272
0.008853
-0.141045
-0.001207
-0.105231
-0.052113
0.099198
0.004829
-0.008652
0.006036
0.070223
-0.075050
0.009457
0.040846
0.011670
0.027767
0.213289
-0.077264
-0.148892
0.040645
0.134411
0.036335
-0.048392
0.085054
0.099719
-0.060611
-0.027373
0.004888
-0.101996
0.008961
-0.060286
0.047741
0.090757
-0.025744
0.159356
-0.011568
-0.063055
-0.104603
-0.066477
-0.116171
0.058169
0.040245
-0.039104
-0.022974
-0.042037
-0.119592
-0.045785
0.021019
-0.007006
0.042527
0.290530
-0.072180
-0.065662
-0.024114
-0.038453
0.103955
-0.045622
0.048555
0.020693
-0.027210
0.043015
-0.043992
0.059472
-0.086518
-0.050998
0.018738
-0.014501
0.051488
0.074952
0.153001
0.051162
0.110636
-0.061915
-0.017434
-0.113075
0.038616
-0.007984
0.074463
0.023463
-0.007495
0.038127
0.118457
0.013035
0.029654
-0.101996
-0.017597
0.182331
0.254192
-0.091405
0.189338
0.286130
-0.137514
0.036009
0.039431
0.007821
0.044971
0.039757
0.038779
0.106399
0.005214
-0.126435
-0.042037
-0.062567
-0.017923
-0.081630
-0.036660
-0.006029
0.152838
-0.003422
-0.044318
0.123182
-0.013361
-0.103951
0.044482
0.034380
-0.011894
-0.111446
0.161637
0.036824
-0.140773
-0.020204
-0.038778
0.027536
0.054258
-0.062893
0.064197
-0.046762
0.004725
-0.012220
-0.003259
-0.048554
-0.117148
-0.050347
0.131004
-0.044644
-0.008961
0.019878
0.060450
0.033728
-0.072668
-0.109491
0.309922
-0.110305
-0.093849
-0.034379
0.024115
0.000000
-0.149082
-0.102974
-0.000000
-0.035815
-0.000545
-0.093809
-0.108172
-0.018544
0.127629
0.023271
-0.069448
0.020726
0.000545
-0.011817
-0.068539
0.257082
0.014726
0.058541
-0.062358
0.010726
0.012545
-0.049450
0.003091
0.015999
-0.039451
-0.019089
0.084722
0.035270
-0.032361
0.057087
-0.019453
-0.085810
-0.021271
0.010181
0.005454
-0.027816
-0.082174
0.185446
0.056178
-0.000182
0.160355
0.030907
-0.037088
0.008363
-0.004181
-0.122352
-0.010545
-0.062358
0.054542
-0.126351
0.069814
-0.000545
0.066177
0.083086
0.066723
-0.069448
-0.065812
-0.032361
-0.066540
0.025453
0.047815
-0.082902
-0.028180
-0.020907
-0.172345
0.019817
-0.019271
-0.032725
-0.161801
0.080722
0.008908
0.016362
0.013454
-0.211976
-0.015635
0.003091
0.071813
0.110175
0.067086
0.185809
0.120357
0.035452
0.215809
-0.006363
0.141083
0.164901
0.028180
0.090176
0.055996
-0.069267
0.032361
-0.245426
0.020908
0.158537
0.139811
0.092176
-0.050541
-0.086174
-0.023453
-0.196160
-0.147076
-0.079811
-0.015817
0.036725
0.149447
0.012908
-0.039997
0.015272
0.020544
-0.128533
-0.042360
-0.052905
0.047451
0.149628
0.023453
-0.042178
0.182719
0.062905
-0.076902
-0.114534
0.195627
0.089449
-0.064358
0.004000
0.001091
0.055814
0.075631
-0.096173
0.041997
0.091631
-0.009725
0.045740
0.126889
0.175367
-0.013068
-0.017475
0.072486
0.051971
0.007446
0.028113
-0.051970
0.167161
-0.029784
-0.098468
-0.031152
-0.037230
0.070358
0.117012
-0.088895
-0.048627
0.026289
-0.123996
0.049387
-0.019299
-0.205137
0.034951
-0.101659
-0.076435
0.018387
-0.158945
-0.019299
0.141478
-0.035406
-0.245707
-0.046347
-0.021882
-0.063366
-0.030544
0.030544
0.044828
-0.103786
-0.076586
0.011701
0.033583
-0.042092
0.008662
-0.007902
0.291171
0.066711
0.031456
0.009270
0.094217
-0.030848
0.103639
-0.013828
0.023706
0.048780
-0.005926
0.000456
-0.011549
0.043613
0.053490
0.010333
0.143454
-0.046803
-0.188727
-0.112144
0.241323
0.081604
-0.264244
0.109413
-0.042548
-0.028264
-0.047107
0.046044
-0.049842
-0.180826
0.026137
0.013069
0.030696
-0.021578
0.066863
-0.069597
0.168985
0.147709
-0.025529
-0.027049
-0.033431
0.102119
-0.140711
0.008966
-0.049082
-0.049690
-0.033583
-0.013980
0.021882
-0.050906
0.009422
-0.032367
0.121419
-0.023250
-0.003799
0.026441
-0.002279
0.136159
0.042245
-0.058504
-0.018235
0.009725
-0.013828
-0.089655
-0.032063
-0.034039
-0.104394
0.188437
0.026289
-0.016564
0.071878
-0.069900
-0.180066
0.072790
0.017779
0.011549
0.063368
0.039206
0.027961
-0.069445
0.107438
0.077788
-0.133476
0.125265
-0.125808
0.008217
-0.320443
-0.111566
0.039076
-0.032868
-0.004017
-0.095680
0.056058
0.068840
0.054780
-0.009495
0.062084
0.018990
0.000548
0.159047
0.039441
-0.080890
-0.020268
-0.028850
0.055145
0.104265
0.000365
0.029946
0.027572
0.011321
-0.008582
0.000365
-0.138954
-0.029763
-0.212172
0.002556
0.010408
0.018077
0.178769
0.129100
-0.078516
0.030311
-0.049666
0.168725
-0.127451
-0.004382
-0.179489
-0.029763
0.001096
-0.022277
0.022277
-0.061900
-0.005113
-0.003104
-0.002556
-0.009495
-0.020999
0.086918
-0.057153
0.016616
0.035607
0.015703
-0.025746
-0.112844
0.017347
0.000183
0.055876
-0.027024
-0.011504
0.015703
-0.006391
0.137317
-0.119782
0.024286
0.015886
-0.071395
0.057884
0.123439
0.152473
0.221865
-0.123069
-0.094402
0.025199
0.018442
-0.032320
-0.066830
0.015703
0.020816
0.075049
-0.004565
-0.137676
0.051128
-0.009678
-0.012051
-0.104444
-0.044188
0.084362
-0.001461
0.001461
-0.054049
0.094405
0.042546
0.165621
0.193925
0.063727
0.124717
-0.040719
-0.015703
-0.148814
-0.134389
-0.108827
0.008582
-0.049484
0.016251
-0.142423
-0.238281
-0.074134
0.018808
-0.023190
-0.119965
-0.095132
0.088927
0.080162
-0.065735
0.001826
-0.099697
0.084909
0.046198
0.075231
