shape: [b:1, f:1, x:256, y:64, z:1, w:1, u:1, v:1, g:1] (count: 16384, addr: 0x7fffab442e00, original format: bfyx)
0.001820
0.004913
-0.007786
-0.007835
0.002068
-0.003235
-0.007687
0.015472
-0.013695
-0.011452
-0.010460
0.018646
0.001676
0.003359
0.006512
-0.011230
-0.005913
0.000201
0.002272
-0.010254
0.004753
-0.002878
0.005951
-0.007633
0.019653
0.008736
0.001949
-0.015282
0.007339
-0.010582
-0.002560
0.000898
0.010345
0.006638
0.006763
-0.015060
0.000650
0.003687
0.010918
-0.001030
-0.001810
-0.000301
-0.015427
-0.007458
-0.006268
0.012543
-0.001536
0.013527
0.009514
-0.023148
0.004169
-0.002468
0.008064
-0.000125
0.015373
-0.002092
0.007801
-0.001508
-0.011414
0.011246
0.003361
-0.010750
-0.005604
0.003460
-0.003191
0.001499
-0.007282
0.008530
-0.021393
-0.006302
0.012093
-0.003832
0.019547
0.004490
0.004196
0.001571
0.008011
-0.033142
-0.007080
-0.005169
-0.005886
-0.005638
-0.010315
-0.000385
-0.005119
-0.015579
-0.009857
-0.002653
0.005489
0.003607
0.014862
-0.002132
-0.003250
-0.003866
0.003523
0.013268
-0.006432
0.001309
0.000079
-0.006836
-0.002975
0.015594
-0.005825
-0.013351
-0.025864
-0.019470
0.005066
0.013306
-0.002464
-0.003056
0.018158
-0.005760
0.002151
-0.012077
0.003460
0.014793
0.001519
0.008003
0.000340
0.009941
-0.009224
-0.016342
0.001280
-0.007774
0.002836
0.001534
-0.007000
0.015091
-0.008888
-0.009331
0.000535
-0.022171
-0.004429
0.007057
-0.005577
0.006927
0.018997
-0.002499
-0.007980
0.002474
0.004372
-0.007462
-0.015388
-0.009583
-0.018463
-0.007828
-0.005867
-0.001389
-0.000462
-0.015343
0.007858
0.011024
-0.001999
-0.003418
-0.006310
-0.002111
0.014740
-0.008766
-0.003799
0.004124
-0.018860
-0.006653
0.003685
-0.007072
-0.004734
-0.007092
-0.001028
0.003077
-0.016174
0.002314
-0.001582
-0.014030
0.017731
0.014847
0.001931
-0.001175
0.003510
0.004356
0.018280
0.011055
-0.004398
0.001717
0.006519
0.007690
0.011932
0.003244
-0.009888
-0.003057
0.011772
0.010010
0.013809
-0.005978
-0.011993
-0.001284
0.003010
-0.009453
0.002670
0.030609
0.004364
-0.005314
-0.019089
0.003237
0.004326
-0.005932
-0.016724
0.015221
0.001045
0.002472
0.001537
0.001921
0.009628
0.009018
0.009323
0.000847
-0.015381
-0.000446
-0.003077
0.002066
-0.003925
0.009621
-0.001014
-0.015251
-0.003941
0.000332
0.002625
-0.001410
0.002880
-0.005692
-0.009094
-0.022842
0.003258
0.001033
-0.012024
0.008614
-0.020660
-0.003925
-0.013367
-0.006996
-0.001373
-0.017868
-0.007557
-0.006996
-0.003197
0.006222
-0.009163
-0.004215
0.014763
-0.010017
0.025497
0.008018
0.024963
0.000668
0.015884
-0.007034
0.004166
-0.012192
0.006939
0.006905
0.009666
-0.011482
0.001163
-0.005466
0.006279
0.010399
0.009804
-0.001287
-0.001517
0.017426
-0.009521
0.009689
0.007355
-0.003618
0.001678
0.001709
-0.009682
0.009865
0.015244
-0.006237
0.006676
-0.009331
0.013603
-0.011406
0.014137
0.009018
0.000238
-0.010841
0.008736
-0.000052
-0.000299
0.009781
-0.004555
-0.017334
-0.012161
-0.003813
0.000543
0.013397
0.009590
0.019485
-0.007145
0.003622
-0.002146
0.010788
-0.015503
0.005638
-0.000118
0.004375
0.006508
0.003773
-0.012665
-0.009888
0.007660
-0.014046
-0.005222
0.004993
-0.026749
-0.001987
0.007202
0.002256
-0.015038
-0.013664
-0.024017
0.018036
0.011749
-0.008690
0.003874
-0.008636
0.013924
0.022293
-0.001699
-0.006329
0.008286
-0.008194
0.010414
-0.017288
-0.005840
0.006508
0.006931
0.037476
-0.007664
0.008659
-0.000790
-0.000676
0.003561
0.017258
0.012917
0.013710
0.005943
-0.011681
-0.011696
-0.018478
0.009346
-0.011292
0.014893
-0.002262
-0.011116
-0.008591
0.003870
-0.008690
0.000336
0.007111
-0.001814
0.001287
0.009262
-0.000944
0.000693
-0.007301
0.019943
-0.010292
-0.008392
-0.008766
0.003017
-0.010551
-0.011223
-0.018250
0.005810
-0.002626
-0.001687
0.012825
0.001961
-0.004768
0.014473
0.000179
0.006794
-0.008461
0.000700
0.010338
0.007427
0.005856
0.009621
-0.004723
-0.001272
-0.003178
0.004730
0.006939
-0.007465
0.004715
-0.010948
0.010841
0.008102
-0.001631
-0.017761
0.003597
-0.004005
-0.013428
0.020081
0.002380
-0.008881
0.007729
0.007389
0.006256
-0.017914
0.001311
-0.019531
0.006344
0.013245
-0.011856
0.002193
-0.008881
-0.013016
0.003704
0.006695
0.001319
0.014313
0.003963
-0.007793
-0.012482
-0.010300
0.003576
0.007072
0.003248
-0.000029
0.005493
0.005688
0.004154
0.001504
0.007786
-0.009155
-0.006748
-0.012383
-0.008049
-0.002439
-0.015778
0.002428
-0.000282
0.000539
0.017471
-0.001478
-0.003696
0.008041
0.002325
0.004292
0.002272
-0.005951
-0.003716
-0.021317
-0.006462
-0.004097
0.006149
-0.011307
-0.021637
-0.007660
-0.003164
0.005302
-0.000921
0.009018
0.000998
0.013237
-0.004398
0.005589
-0.006416
-0.010880
-0.005112
-0.030060
0.006493
-0.013695
0.005428
0.004974
-0.000664
0.002129
-0.000970
-0.000462
0.006638
0.005516
-0.005188
0.010399
0.012138
0.016586
-0.003029
-0.000916
0.005009
0.004314
-0.003180
0.012436
0.011772
-0.003733
0.014771
0.009666
0.008484
0.007633
0.000473
-0.009315
0.006260
-0.008423
0.010597
-0.007343
0.005314
-0.003279
-0.002159
-0.014671
0.017899
-0.012848
0.004299
0.017242
-0.006714
-0.004135
-0.006931
0.011215
-0.004765
-0.010902
0.009644
0.000410
0.002701
0.002934
-0.008949
-0.004272
0.006290
-0.007729
0.018738
0.015083
-0.004993
0.001416
0.002020
0.007496
-0.001841
-0.004303
-0.008575
-0.010704
0.018326
-0.006680
-0.010498
-0.001618
-0.001312
-0.009796
0.004025
-0.007828
0.006485
0.009323
0.007500
-0.004257
-0.009842
0.013893
0.002008
0.006264
0.000934
-0.001045
0.006336
-0.013939
-0.006763
-0.005600
-0.012314
-0.005470
-0.018250
-0.001835
0.022247
0.003963
0.012688
-0.013153
0.001288
-0.006588
-0.018280
-0.009941
-0.017746
-0.004128
-0.007919
-0.003025
0.020248
0.002289
-0.009346
-0.013626
0.003195
-0.005466
0.006645
-0.002344
0.006104
-0.010887
-0.015549
0.001999
0.005138
-0.023712
0.004250
0.009468
0.004211
0.006805
-0.007496
0.004963
-0.004990
-0.006714
0.009781
0.011368
-0.009583
0.019348
-0.007748
-0.007404
-0.008484
0.000611
-0.022202
-0.007442
0.008202
-0.007652
-0.005680
-0.012833
0.016907
-0.006046
-0.002954
-0.012611
0.009941
0.002020
-0.001993
-0.000944
0.005527
-0.007397
0.010506
-0.003622
0.002035
0.001531
0.008438
-0.001804
-0.007069
0.005516
-0.006737
-0.001805
-0.004581
0.008652
-0.004536
-0.000088
-0.010384
0.002857
-0.001824
-0.006668
0.032074
-0.015556
0.021332
0.009361
0.001446
-0.013412
0.002857
-0.013962
0.000441
-0.011787
-0.022476
-0.002577
0.007809
-0.001852
0.020874
0.010475
-0.009163
-0.004448
-0.002909
0.011398
-0.006252
0.005932
0.000036
0.015213
-0.018127
0.002428
-0.003258
0.002760
0.007744
0.003315
-0.001425
0.013077
0.006165
0.000741
-0.008217
-0.009735
-0.006893
-0.004463
0.004845
0.000965
-0.005951
0.018402
-0.006813
0.003130
0.018097
0.015465
0.001947
-0.012138
-0.011162
-0.002859
0.015961
0.020477
-0.002146
-0.013016
0.005348
-0.010040
0.022781
0.009468
-0.003948
-0.022644
-0.004929
-0.005081
-0.014282
0.015213
0.000195
-0.003284
0.012802
-0.013901
0.013229
0.003548
-0.008728
-0.005951
0.009598
0.006748
-0.010719
-0.004086
-0.006626
0.005424
-0.004047
-0.001794
0.020935
0.014862
0.006683
0.010391
0.003345
-0.002703
-0.010956
-0.004379
-0.029175
-0.005146
0.001179
0.007725
-0.010719
0.003979
-0.015594
0.008110
0.019150
-0.007328
0.010536
-0.008377
-0.000914
0.013771
-0.002148
0.008560
0.003130
0.014328
0.014046
-0.026031
-0.004440
-0.006260
0.001437
-0.023544
-0.002607
0.006721
0.001357
0.002277
0.002218
-0.005936
0.014977
-0.006969
0.007324
0.000397
-0.001784
0.027084
-0.005867
-0.005611
0.000368
-0.007477
-0.008110
0.003727
0.001727
0.013321
0.004986
-0.003094
-0.009010
0.023010
-0.002724
0.001420
-0.001085
0.003685
-0.016266
-0.006058
0.002186
-0.006184
-0.008949
-0.009186
-0.001190
-0.017181
0.010361
0.016190
-0.009102
-0.004906
0.014908
0.011963
-0.003630
-0.014603
-0.014969
0.013176
0.003405
0.004276
-0.006268
-0.001511
0.002789
0.006424
0.001450
-0.009552
-0.005127
0.004612
0.015671
-0.001989
0.005493
-0.001061
0.008163
-0.010994
0.002798
0.005157
0.009033
-0.001921
0.001835
-0.017029
0.000276
-0.007599
0.020248
0.001799
-0.001150
0.003071
-0.023010
-0.005157
-0.011307
0.006283
-0.011482
-0.007305
0.023972
0.002619
0.002432
-0.003782
0.010605
0.014854
-0.000525
-0.003567
0.000559
0.007881
-0.012108
0.009613
0.010651
0.001589
-0.003054
-0.001103
-0.004009
-0.010208
0.018555
0.009499
-0.003817
-0.012054
0.003809
0.007137
0.001296
-0.005745
-0.010742
-0.006153
-0.009407
-0.006382
-0.019531
-0.004883
-0.007069
-0.007095
0.003426
-0.003700
-0.010887
-0.016037
-0.005814
0.001657
-0.012489
0.008606
0.006653
-0.008774
0.014000
-0.014565
0.003717
0.001035
-0.008644
0.010605
0.003548
-0.016678
-0.004646
-0.000981
0.010757
-0.012260
0.006569
-0.007851
-0.021866
-0.008461
-0.005608
0.011635
-0.017822
-0.020142
0.006802
-0.003567
0.001823
0.003410
0.002314
-0.004135
0.001034
-0.013786
-0.002594
0.014198
0.012184
-0.014214
0.017319
-0.001032
0.008850
0.006256
-0.009377
0.003906
0.004742
0.009094
-0.019440
-0.013168
0.006580
-0.003279
-0.011932
-0.013863
0.017700
0.000853
-0.004551
-0.019073
-0.014633
-0.002670
-0.010468
0.011086
-0.016922
0.007790
0.001498
0.005863
-0.002623
0.010315
-0.011040
0.006462
-0.008347
-0.010635
0.015762
-0.003817
0.008263
0.009903
-0.002832
-0.005775
0.002876
0.014259
0.003922
0.007175
-0.005733
-0.001348
0.011711
-0.002998
0.008781
-0.003241
-0.000948
-0.015465
-0.004944
-0.000469
-0.002048
0.001326
0.007374
0.002649
-0.007702
-0.008553
-0.003067
-0.023849
-0.018112
0.012199
0.002001
0.009407
-0.006416
0.011452
-0.013977
0.003284
-0.016296
0.000998
-0.016556
-0.008881
0.001649
-0.006340
-0.022644
0.017380
0.013611
-0.004585
-0.014999
-0.007088
0.010117
0.009872
-0.016449
0.008583
0.011459
0.002529
-0.008316
-0.011398
-0.010590
0.014450
0.013748
0.007694
-0.000272
-0.001026
-0.000124
0.002691
0.010170
-0.012009
-0.007385
-0.007442
-0.000076
0.011162
0.022263
0.022018
-0.008904
-0.018097
-0.024750
0.019226
0.004639
0.014778
0.027863
-0.003405
0.013428
-0.006252
-0.010582
0.005699
0.001355
-0.012894
0.004101
-0.000438
0.005314
-0.000350
-0.015228
-0.011162
-0.007366
-0.005299
-0.016724
0.013107
0.006157
0.004814
-0.002918
-0.004646
0.014473
0.004261
0.002983
-0.019135
-0.013634
-0.015472
0.006756
0.008667
-0.011375
-0.015587
-0.025696
-0.000186
0.010132
-0.006592
-0.014244
-0.008308
0.014992
-0.025284
-0.016281
-0.014160
-0.005859
-0.008415
-0.001350
-0.014412
-0.012146
0.007462
0.011406
0.007240
-0.005814
-0.001510
-0.000401
-0.004154
0.012444
0.008156
0.006401
0.010559
0.006828
0.000002
-0.004063
0.021454
0.003208
-0.009026
-0.001860
0.000497
-0.013084
0.007671
0.017456
0.025955
-0.004898
-0.007866
0.002810
0.011803
0.003380
0.005009
-0.004410
-0.005344
0.004002
0.012550
0.000744
-0.014702
-0.005226
0.006447
0.005825
0.008011
0.016205
-0.013618
-0.014130
-0.019348
-0.012589
-0.006145
-0.005367
0.016663
0.003616
-0.004650
-0.022202
-0.004002
-0.005238
0.004585
0.010735
0.018372
-0.012085
0.009064
0.004780
-0.004616
-0.016830
-0.003880
0.018692
0.009697
-0.011383
0.008865
-0.023407
0.001761
0.013535
-0.003277
0.005161
0.008583
0.005703
-0.011391
-0.001807
0.021332
0.007774
-0.013931
-0.016052
-0.001016
0.002228
-0.007889
0.007488
-0.006302
0.002378
-0.007904
-0.002506
0.000317
0.003700
-0.004490
0.001862
0.007282
-0.016037
0.013176
0.004585
0.016129
0.017822
0.005661
0.004353
-0.004883
-0.003851
-0.002884
0.015396
0.000587
0.003155
0.001534
0.000302
-0.013145
0.006821
-0.016617
0.015762
0.001966
0.000623
0.012070
-0.000172
-0.001868
-0.006142
-0.016357
0.005543
-0.003107
0.012840
0.000494
0.003864
0.008018
-0.005211
-0.014000
0.004566
0.009789
-0.011902
0.008942
-0.004509
0.005070
0.004623
-0.001520
0.005646
0.005146
-0.005680
-0.014717
0.031616
0.004871
0.001040
-0.003698
-0.009514
0.005409
0.007751
0.003262
0.007988
0.000063
0.006451
-0.007477
0.005329
0.013748
0.004814
-0.020264
-0.016159
0.011658
0.004585
0.006386
0.002213
0.002270
0.014687
0.009995
-0.012299
0.004646
-0.012093
-0.005997
-0.006924
-0.005245
-0.004128
0.026550
-0.005817
0.002199
-0.004990
-0.022034
-0.003584
0.000096
0.007114
-0.001067
-0.007896
-0.008675
-0.005249
-0.019547
-0.001563
-0.004852
-0.018509
-0.011505
0.000532
-0.000829
-0.028275
-0.002062
-0.020111
0.010841
-0.004902
0.006161
-0.005608
0.004189
0.000353
-0.002304
-0.009094
0.005375
0.010117
-0.000930
-0.004288
-0.003618
0.006050
-0.004498
-0.015533
0.014297
0.021393
-0.006031
0.008286
-0.003222
-0.006096
0.005730
-0.006748
0.016602
-0.001899
0.008987
-0.000820
-0.013100
-0.007294
0.017899
-0.018356
0.015144
0.007778
0.001216
0.002827
-0.002728
0.000021
0.006958
-0.018753
-0.007126
-0.004471
0.013535
0.019073
0.004299
-0.012726
0.002459
0.013603
0.010262
-0.012436
0.004250
0.000403
-0.006119
-0.016251
0.008163
-0.005058
0.004410
-0.002361
0.009605
-0.003370
-0.010979
-0.001978
0.010155
-0.014603
0.000123
0.004681
-0.011345
-0.003773
-0.004528
-0.022736
-0.012550
-0.011765
-0.000254
-0.011566
-0.003311
-0.014221
-0.018112
-0.010445
-0.004246
-0.013763
-0.013046
0.012413
0.006943
0.010544
0.009781
0.011993
-0.006660
0.011124
-0.005955
0.020554
0.013031
-0.007835
0.002649
0.005310
0.004902
0.009010
0.009972
0.005821
0.005199
-0.003290
0.004330
0.010124
-0.013512
0.008133
0.017838
0.017715
0.001472
-0.002079
0.010818
0.018936
0.006493
0.016632
0.005402
0.011810
0.012321
-0.008293
0.003979
0.004398
-0.009071
-0.003597
-0.028488
-0.000104
-0.000394
-0.018616
0.009827
-0.009071
-0.004650
0.001821
-0.010101
-0.008827
-0.015144
-0.014328
-0.020554
-0.007462
0.005932
-0.005573
-0.003469
0.011116
0.009201
0.003868
-0.012672
0.003183
-0.008324
0.006741
-0.012329
-0.012238
0.005856
0.000787
-0.004120
-0.007507
-0.006031
-0.001627
-0.001957
-0.013725
-0.000423
-0.005611
-0.013184
0.003725
0.009270
0.000466
-0.003115
0.017166
-0.010796
0.005672
0.005058
0.006004
-0.002800
-0.005642
-0.005451
-0.002125
-0.002228
0.011772
-0.000141
-0.006962
-0.004040
0.006359
0.018539
0.002903
-0.010612
0.000464
-0.012871
0.002417
0.005756
0.007591
-0.005447
-0.001204
0.016052
0.008606
-0.004532
-0.001461
0.000909
-0.003839
0.001238
-0.004791
-0.008835
0.008591
0.000764
-0.009392
0.006241
0.005131
0.005798
-0.004963
0.012016
-0.011353
0.004959
-0.004059
-0.000440
-0.001264
-0.016846
-0.002039
-0.005253
-0.008751
-0.010574
0.009735
0.006203
-0.006195
0.005196
-0.018204
-0.004238
0.005295
0.008949
-0.000343
-0.001397
0.004860
-0.007565
-0.002068
-0.005867
-0.015175
0.015160
0.012039
-0.011009
0.000209
-0.002968
-0.007557
-0.003525
0.001039
-0.011055
-0.004524
-0.002829
-0.001436
0.011017
0.001107
0.006725
0.004517
0.005054
0.006863
-0.006325
-0.007881
-0.001637
0.002163
0.011192
0.009132
-0.006729
-0.012177
-0.003122
-0.010910
-0.009056
-0.002834
-0.007648
0.009682
0.003132
-0.008720
-0.004841
0.007046
-0.009293
-0.000248
0.002983
-0.002817
-0.004654
0.002506
-0.013550
-0.006420
0.008545
0.001820
0.001175
0.004776
0.003544
-0.011650
0.004856
-0.005432
-0.005856
0.013481
-0.000698
0.009087
0.000423
-0.016769
-0.000157
0.005455
-0.015457
-0.003624
0.004662
-0.002365
-0.006622
-0.010414
0.016022
0.012131
-0.001765
0.001876
-0.003674
0.016464
-0.008842
0.009529
0.009018
-0.010025
0.007107
-0.016907
-0.005077
-0.014412
0.012428
-0.012474
0.000466
0.008392
-0.000279
-0.000518
0.004337
-0.001937
0.002705
0.000703
0.011116
-0.001517
-0.008377
0.005989
0.006821
-0.011993
-0.011269
-0.004185
0.007950
0.004318
-0.008415
-0.004593
0.004704
0.015373
-0.013618
-0.011810
-0.007557
0.001875
0.000350
0.000892
0.002823
0.000930
0.008904
0.016098
-0.006458
-0.001284
-0.005287
0.002548
-0.012238
0.014084
-0.003817
0.005573
-0.000100
-0.005295
0.012962
-0.006439
-0.003452
0.010864
-0.002398
-0.015068
-0.005562
0.006866
0.004761
0.010323
0.002686
-0.010963
0.003429
0.002342
0.002972
-0.011162
0.003006
-0.008438
0.004932
-0.006496
-0.002260
-0.000921
0.008629
-0.010445
-0.009300
0.000182
0.006519
0.006248
0.001506
-0.008133
0.009277
0.016708
0.001307
0.006332
-0.004375
0.014999
0.005779
-0.000224
-0.007038
-0.000654
0.002218
0.005520
-0.003017
-0.009300
-0.003189
-0.013428
-0.001065
0.004311
0.004070
-0.002577
0.008568
-0.010017
-0.009178
0.012749
-0.009163
0.011581
0.014565
-0.012138
-0.010803
0.006912
-0.002235
0.007690
0.023224
-0.004917
0.018845
0.036835
-0.007172
-0.005444
0.010628
-0.000325
-0.011940
0.008728
-0.005596
-0.004444
0.009827
-0.013069
0.002905
-0.009605
0.006737
0.012589
-0.018326
0.013779
0.009285
0.015839
0.000660
-0.006054
-0.001890
-0.005203
-0.022766
0.001447
0.004059
-0.010002
0.014420
0.000131
0.004696
0.020157
-0.002195
-0.004147
0.007797
-0.012016
-0.006039
-0.023254
0.013580
0.005627
-0.006226
0.013176
0.001947
0.002712
0.009087
-0.024887
0.011292
-0.010368
0.002312
-0.001127
-0.006992
0.019180
0.006584
0.008377
-0.006927
-0.016083
-0.015175
-0.004616
-0.009369
0.001575
-0.003376
0.006538
-0.002346
-0.017807
-0.020248
0.006458
-0.011002
0.001746
-0.008430
-0.000858
0.004684
-0.010361
0.001616
-0.023346
0.002205
0.000526
-0.009712
0.003458
0.001566
0.007805
0.002127
0.002878
0.008980
-0.014091
-0.003241
-0.003361
0.016113
0.008026
-0.001633
-0.003716
0.016205
0.009590
0.001187
0.001908
0.009956
0.007912
0.018417
-0.006702
-0.000702
0.001364
-0.018021
0.016632
0.001204
-0.004551
-0.005398
-0.005322
-0.006180
0.011703
-0.007187
-0.012138
-0.001107
-0.000711
0.008163
-0.005238
-0.006298
0.004898
-0.006668
0.002930
0.001215
-0.002050
-0.013199
-0.001114
0.004299
0.016647
-0.004383
-0.008179
0.005276
0.012207
0.004642
-0.018356
-0.002817
-0.026474
-0.001457
0.009529
0.000206
0.000957
0.009735
0.006229
0.002871
-0.007008
-0.002790
0.001586
0.007896
-0.014061
-0.009132
-0.004238
0.000962
-0.004570
0.010963
0.011162
-0.009872
0.001589
0.002638
0.002207
0.005070
0.011414
-0.003819
-0.002537
0.002792
-0.000804
-0.008011
0.018723
0.026184
0.001345
0.025803
-0.016281
-0.008888
-0.007690
0.016907
0.006931
-0.007057
0.008766
-0.008003
0.015511
0.000423
-0.002338
-0.000825
0.004070
-0.002377
0.009918
0.007027
0.007835
-0.001374
-0.009163
-0.000851
0.006577
0.003895
-0.013634
0.003208
0.001365
-0.007259
0.011009
0.005222
-0.015747
-0.001562
0.000151
0.018112
0.007729
0.006264
0.019699
0.007240
0.013008
-0.002747
-0.007835
-0.001381
-0.017822
-0.013329
0.018677
-0.008240
-0.003578
-0.005348
0.020676
-0.000535
0.011040
0.011246
-0.007267
0.003222
-0.008400
0.013763
-0.005344
0.009842
0.009171
-0.015526
0.009445
0.001048
-0.005882
-0.006096
-0.007782
-0.001566
-0.001873
-0.016144
-0.020187
-0.007107
0.015442
0.003531
0.018143
0.001614
-0.013298
-0.004768
0.007732
-0.007607
0.002821
-0.016418
0.014275
-0.012703
0.007156
-0.001459
0.005939
-0.008621
0.003096
0.012535
0.004799
-0.001355
-0.013016
-0.008087
0.020065
0.004868
0.012817
-0.015419
-0.013222
0.002005
0.000552
0.000252
-0.021423
0.014252
-0.008202
-0.007286
0.019348
0.014961
-0.004246
0.009811
-0.009705
-0.008125
0.011040
-0.002605
0.010963
0.001802
0.013603
-0.009468
0.009605
-0.004166
0.012047
-0.006779
-0.010933
-0.005154
0.013435
0.015099
0.016495
0.006218
0.001819
0.002592
-0.004490
-0.011833
-0.007805
-0.000955
0.012192
0.013390
-0.010956
0.022980
0.004333
-0.004944
-0.001425
-0.003855
0.001479
-0.001761
0.006805
-0.023666
0.005314
0.006462
0.000502
-0.000135
-0.015152
0.005161
0.006496
0.016357
0.020798
-0.001384
0.003654
0.005741
-0.005028
0.010017
0.001765
-0.003796
-0.013176
-0.000261
-0.003201
-0.011894
0.009407
0.002888
-0.004318
0.006496
0.007805
0.011551
-0.004444
-0.002293
0.013588
0.001033
-0.001069
0.004120
0.004719
-0.008499
-0.003397
-0.000347
0.003441
0.002466
-0.012207
0.011147
-0.010666
-0.004101
-0.006687
0.000319
0.007927
0.023926
-0.007381
-0.002703
0.015450
-0.006393
0.008492
-0.007881
-0.008789
-0.008545
0.009621
-0.002689
0.005405
-0.003613
0.019821
0.002489
-0.009361
0.005005
0.001405
-0.010216
0.007130
-0.006142
-0.006020
0.002346
0.025696
-0.003536
-0.006165
0.001287
0.008598
0.002144
0.008278
0.002634
-0.000930
0.015793
-0.007057
0.003025
-0.012741
0.014023
0.013969
-0.002897
-0.005665
0.011513
0.001491
-0.000751
0.007736
-0.003098
0.012650
0.003078
-0.002867
-0.007534
0.007271
-0.004726
-0.011604
-0.001411
-0.003428
0.001581
-0.005611
0.015640
0.008224
0.008026
-0.000744
-0.002172
-0.013496
0.010963
0.006439
-0.009377
-0.001793
0.006783
-0.011002
0.013054
-0.013069
-0.004887
0.000851
0.000250
-0.006104
0.009285
-0.007843
0.005295
-0.026443
0.011765
-0.006081
-0.004265
0.004303
-0.002069
0.002428
-0.010620
-0.009216
0.004200
-0.000230
-0.003550
0.000731
-0.008224
-0.025208
-0.002991
0.001578
-0.006153
-0.002378
-0.010010
-0.013672
0.005684
0.005634
-0.002066
-0.005379
-0.002287
0.003334
0.006050
-0.006191
0.007221
0.010605
-0.014290
-0.002880
0.005703
-0.002579
0.009308
-0.004250
0.015343
0.002811
-0.002113
0.001861
0.005806
-0.000184
-0.003305
0.012009
0.006210
0.012756
-0.001477
-0.004684
-0.003635
-0.001451
0.001760
-0.010643
-0.005192
0.012917
-0.014091
-0.006126
0.010818
0.004730
-0.018967
0.015823
0.004452
0.006790
-0.001628
-0.000316
0.010742
0.001910
0.002205
-0.013763
0.000257
-0.014778
0.000113
-0.000401
0.014313
-0.009575
0.001122
-0.006546
-0.002485
-0.010330
-0.018250
0.010178
-0.003267
0.005611
-0.017075
-0.022369
0.010956
0.012886
-0.010841
0.021515
0.011208
0.010254
-0.015373
0.004219
0.017288
-0.010559
0.006065
-0.010178
-0.007828
0.000002
-0.012634
0.005737
0.018036
0.010292
-0.002247
0.011253
0.002087
-0.000825
-0.001423
0.022263
-0.009911
0.004330
-0.003304
0.000622
0.009926
0.012466
-0.009003
-0.000747
-0.007866
-0.009018
0.000835
-0.027252
0.017807
-0.006092
-0.000781
-0.013725
0.001929
-0.001009
0.002378
0.012108
-0.002386
0.004921
0.025589
-0.005135
-0.007439
-0.001451
-0.000115
-0.010475
0.003857
-0.012550
-0.009193
0.002275
0.013123
-0.004642
-0.000667
-0.011642
-0.010094
-0.010582
0.001860
-0.002747
0.006538
-0.007942
-0.009468
-0.000289
-0.003559
0.002506
-0.001382
-0.011528
0.003801
0.000500
-0.006195
-0.008476
-0.018295
0.012291
-0.030029
0.020538
-0.010948
0.001364
-0.006020
0.006001
0.007549
-0.004265
0.023361
0.004032
0.008591
-0.009872
-0.002373
0.019547
-0.007240
0.003637
-0.016754
-0.000792
0.000198
-0.014206
-0.026962
0.002884
-0.017242
0.000643
0.004330
0.003263
-0.018082
-0.013725
0.001676
-0.012077
-0.010605
-0.001230
-0.009277
0.003246
0.001879
0.016830
0.001334
0.010201
0.000055
-0.014160
-0.008583
-0.009308
0.006893
0.000676
-0.000860
0.012848
0.017761
0.007996
-0.008400
0.020569
-0.000646
-0.006706
-0.001596
0.016174
-0.008774
0.007404
-0.004128
0.001100
0.003193
0.005096
0.014862
-0.003975
0.007496
-0.002880
0.002747
-0.000901
-0.020370
0.016312
0.000235
0.000167
0.010185
0.011383
-0.015244
-0.007538
-0.003811
-0.009354
-0.001128
-0.004986
-0.016953
-0.002184
-0.000135
-0.018112
0.025421
0.002983
-0.005383
0.000049
-0.008881
-0.021378
0.007275
-0.001161
0.004883
0.014091
-0.000742
-0.017059
0.007252
-0.012848
-0.006973
-0.007927
0.008545
-0.007225
0.002796
0.004738
-0.011887
0.011963
-0.002251
0.007282
-0.000166
0.013893
0.025345
0.002661
0.015587
-0.012024
-0.000947
0.000763
-0.004402
0.006790
-0.008614
0.001476
0.001030
-0.001681
0.005028
0.006866
0.014824
0.016800
0.002283
0.000159
0.017609
0.001887
0.018295
0.003078
0.014885
-0.005756
0.009727
-0.009422
0.003096
0.010818
0.010292
-0.009956
0.006596
0.005196
-0.020187
0.005062
0.018356
-0.010857
0.011391
0.003435
-0.001704
-0.009064
-0.005291
-0.002190
-0.000437
-0.004532
-0.007957
0.017746
-0.001725
0.013832
-0.005096
-0.000006
-0.002861
0.014328
-0.013206
-0.016388
0.005363
-0.021454
-0.004742
-0.015572
-0.002468
0.023346
-0.000971
0.000227
-0.004856
0.032806
0.002882
0.008736
-0.004440
0.001606
-0.008385
0.005116
0.003017
-0.006157
0.003023
-0.004486
0.001578
0.003651
-0.011116
-0.010452
-0.007263
0.011078
-0.003826
0.006554
0.011414
-0.003756
0.001955
-0.005322
0.004299
0.006649
0.005451
0.018372
0.017563
0.003229
-0.004253
-0.020950
0.003380
0.002607
0.006603
0.001735
-0.004719
0.006878
0.000089
0.000387
0.002308
-0.006069
0.004318
0.012222
-0.003380
0.005386
-0.003910
-0.006935
-0.007431
0.001429
-0.012108
-0.005672
0.000072
0.011810
-0.006386
-0.004387
-0.001511
0.017380
0.007957
0.020859
-0.004551
-0.008972
-0.002501
-0.003933
-0.006016
-0.003588
0.002724
-0.002823
0.009903
-0.006912
-0.000366
-0.009804
0.002489
0.005779
0.009529
-0.007973
-0.012657
0.003855
0.010391
-0.002565
0.010323
0.001331
-0.018265
0.005360
0.000958
-0.011642
0.001795
-0.015900
0.002369
0.000224
-0.007065
0.002022
0.007545
0.014206
-0.009392
0.008873
-0.004761
0.004040
0.000684
-0.004528
-0.000326
-0.006374
-0.013611
0.012840
0.015106
0.004177
-0.013474
0.003479
0.004715
-0.005280
0.010399
0.007809
-0.013405
0.014076
-0.006039
-0.025101
-0.005501
0.006180
0.006096
0.009209
-0.007973
0.012390
-0.008240
0.001639
0.000953
0.001810
-0.003300
0.003624
-0.008507
0.000610
-0.005623
0.021835
0.020187
0.005150
-0.004349
-0.013084
-0.025696
-0.002550
0.011589
0.007591
-0.006306
-0.011696
-0.013702
-0.004910
0.002970
-0.001995
0.006733
0.004784
0.000958
0.003635
-0.006023
0.019806
0.001847
-0.004501
-0.013611
-0.000307
0.014046
-0.004070
0.012459
0.007980
0.012878
-0.010780
0.029694
0.004864
-0.007706
0.005798
0.006813
0.000929
0.018631
0.006016
-0.006596
0.000700
-0.002705
0.002159
0.008781
-0.004086
-0.019104
-0.014175
-0.000856
-0.005993
-0.023056
-0.007721
0.000119
-0.006500
-0.006565
-0.002224
-0.011520
-0.005733
0.007305
-0.007988
-0.019119
0.008331
0.007759
-0.013252
-0.005566
0.000562
0.005253
0.030014
-0.014832
0.008606
0.003174
0.002499
-0.009422
0.004269
-0.010674
-0.001841
-0.011253
-0.022491
0.006744
0.010323
0.001279
0.022598
-0.002897
-0.001986
-0.021057
-0.002592
0.012894
0.006428
-0.002987
-0.002359
-0.007256
-0.003202
-0.003273
0.007065
0.000155
0.000708
0.000687
-0.008400
0.007053
0.002253
0.008492
-0.017548
-0.001056
0.003222
0.003422
0.005913
0.012283
0.007904
-0.014702
-0.013153
-0.010384
0.004383
-0.000661
-0.001183
0.014633
-0.006706
-0.000119
-0.016068
-0.000907
-0.009880
0.015106
-0.023560
0.011131
0.004044
-0.002682
-0.004967
0.005463
-0.005856
-0.009338
-0.012077
0.002405
0.005272
-0.012115
-0.003704
0.009247
-0.013321
0.005116
-0.003010
0.013794
-0.001586
-0.004219
0.013550
-0.009171
-0.001913
0.005512
0.009003
0.003626
0.009102
0.002859
-0.005314
0.008041
0.013145
0.014824
0.000928
-0.010170
0.008476
0.017273
-0.011818
-0.003265
0.008965
0.006775
-0.009125
-0.000255
-0.000900
0.009644
-0.008080
-0.008636
-0.012375
0.017609
0.005829
0.008835
0.006470
0.006012
-0.008064
-0.000090
-0.012726
0.004677
-0.002153
-0.011154
-0.006916
0.001093
-0.000445
0.013184
0.002670
0.008698
0.003407
0.011635
-0.019775
-0.008774
-0.008675
0.014565
0.022888
-0.008202
-0.000137
-0.005215
0.001074
0.005287
-0.015541
0.002779
0.004745
0.006729
0.006149
-0.000032
-0.010521
-0.001937
-0.003119
-0.005863
-0.003193
-0.004745
-0.001060
0.002415
0.002365
-0.015076
-0.003599
0.004890
-0.001252
0.005638
-0.001042
0.009323
0.012703
0.016129
-0.009079
0.006756
-0.006115
0.005409
-0.001420
0.001390
-0.001682
-0.005440
-0.004845
0.001581
0.012924
0.000908
-0.001704
-0.005360
-0.010597
0.018127
-0.000347
0.011414
-0.002850
-0.012573
0.000103
-0.006229
-0.003401
-0.012497
0.005711
-0.002306
-0.005219
0.019516
-0.018250
-0.003021
0.014656
0.010201
0.004608
-0.007370
-0.010193
0.004414
-0.002300
0.006351
0.004116
0.002201
-0.008667
0.019119
-0.012993
-0.003601
0.006866
0.010963
-0.017029
0.021881
-0.014496
-0.018158
0.009247
-0.004662
-0.006603
0.002718
0.014206
0.011093
-0.000372
-0.005341
0.000787
-0.002836
-0.009422
0.003979
-0.008049
-0.013329
0.009666
0.012840
-0.007038
0.006779
-0.009628
0.012749
-0.001829
-0.001526
-0.003155
-0.007812
0.002581
-0.000774
-0.000668
0.012505
-0.001338
0.013802
0.000936
-0.005241
-0.005920
-0.001248
-0.009384
-0.018158
0.009193
-0.008911
0.007126
0.006256
0.004627
-0.021179
-0.004395
0.008438
0.009094
0.011787
-0.002602
-0.010773
-0.003752
-0.001703
-0.007301
0.011490
0.007530
0.009438
-0.009766
-0.001493
0.013649
-0.012238
-0.003658
0.001663
0.010757
-0.008568
-0.010635
0.001004
-0.012886
0.003613
-0.007450
-0.014076
0.017838
0.006462
0.001728
-0.001331
-0.003448
0.006870
-0.007492
-0.002470
0.010330
0.000716
0.008362
0.003284
-0.010033
0.017120
-0.004608
0.016449
0.009773
-0.005268
-0.002726
0.002913
-0.003906
0.022736
-0.010818
-0.011734
0.005600
0.014595
0.000007
0.008972
0.007656
-0.013039
-0.008095
-0.022003
-0.003294
0.018356
0.003302
-0.007687
0.027191
-0.002119
-0.006760
0.017731
0.017273
-0.005623
0.016235
0.002834
0.010979
-0.008003
0.003073
-0.003038
0.001033
-0.001574
-0.010078
0.008644
0.003635
-0.006695
-0.007305
-0.018677
0.002043
-0.006245
0.012260
0.000935
0.001754
0.016998
-0.006702
0.004620
0.009827
-0.002142
-0.001984
0.005737
-0.009338
0.012390
0.017212
0.006554
0.010712
0.013405
-0.001465
-0.013313
-0.006393
0.006481
0.004601
0.027939
0.002447
0.006958
0.003820
-0.003859
-0.001643
-0.000108
0.008385
0.010994
-0.028015
-0.002062
-0.026230
-0.006142
0.005981
-0.018845
0.001447
0.007874
0.001609
-0.008049
-0.009369
0.003189
-0.000304
0.009781
0.004128
0.012192
-0.011009
-0.008316
-0.004776
-0.001557
-0.002825
0.003584
-0.015793
0.009346
0.014694
0.006001
-0.010986
-0.014938
-0.016449
0.005867
-0.012665
0.009354
0.008896
-0.002747
0.015182
0.011726
0.005157
-0.008011
-0.003494
-0.024445
-0.003248
0.014343
0.001536
-0.012970
-0.009178
-0.007351
-0.003439
-0.014381
-0.012115
-0.001184
0.013031
-0.012398
0.005650
-0.002493
-0.000449
0.011482
0.000470
0.013115
0.002235
0.010895
-0.005318
0.004303
0.007835
-0.011566
-0.001005
-0.010040
-0.000568
-0.003693
0.007858
0.000558
-0.010811
-0.001899
0.008324
-0.000342
0.000446
0.011032
-0.004715
0.002571
0.011826
-0.013824
0.010193
-0.011124
0.011192
0.025726
0.007011
-0.003342
0.011749
0.013512
0.007309
0.022461
0.014168
0.011787
-0.007282
0.004162
-0.010674
-0.007576
0.000994
0.023972
0.012733
-0.002689
0.004528
0.016205
-0.003637
0.008682
0.004230
-0.007950
-0.012199
0.006767
-0.021866
-0.002436
0.003979
-0.009499
0.010597
-0.008797
0.009079
-0.013000
0.013702
0.015549
-0.002131
-0.007027
0.013092
0.001033
0.007648
0.003641
0.009224
-0.002993
0.009720
-0.003603
0.007973
-0.010307
0.011650
0.007133
-0.004173
0.001907
-0.003847
-0.000562
0.004864
0.025146
-0.022385
0.000728
-0.011276
0.000194
-0.020325
0.008949
-0.010002
-0.000759
0.000762
-0.008186
0.007298
0.009033
0.013672
0.016403
-0.023285
0.003138
-0.006737
-0.021774
-0.005367
-0.009827
-0.018127
0.002401
-0.006054
-0.010574
-0.020813
-0.003773
-0.012970
0.002876
0.006489
-0.009155
0.017426
-0.010246
-0.018295
0.005299
-0.001703
0.000731
-0.009621
-0.003752
-0.006245
0.001592
0.015823
0.006393
0.004673
0.002893
-0.008659
0.003567
-0.003683
-0.000976
-0.014832
0.002863
0.007896
0.000123
-0.004856
-0.004524
0.004711
-0.030899
0.011337
0.004623
-0.000835
-0.016556
-0.014221
-0.000172
-0.004074
-0.004398
0.005127
0.011627
0.008720
-0.009293
-0.022980
-0.003059
0.010117
0.010841
-0.007092
-0.017807
-0.002300
0.008064
-0.010582
-0.002878
-0.013969
0.003967
0.003801
-0.000365
0.001339
0.012024
0.011612
-0.005566
0.005867
-0.002542
-0.008583
-0.009506
0.009003
-0.002415
-0.005840
0.013397
-0.004852
0.002087
-0.019958
0.013542
-0.013359
-0.001057
0.018143
-0.015259
0.004112
0.001291
-0.012093
0.001108
-0.005692
-0.011665
-0.001884
-0.002354
-0.001886
-0.014305
-0.006783
0.006119
-0.014679
-0.009743
-0.003258
-0.003180
-0.014229
0.007622
-0.013771
0.004025
0.010773
-0.012199
-0.012703
-0.003710
0.001175
-0.020142
0.007942
-0.003229
-0.006271
0.004421
0.011620
-0.004620
0.005306
0.036621
0.014236
-0.004536
0.013664
-0.004234
0.015182
0.000348
0.004879
-0.006477
-0.012566
-0.017746
-0.013206
0.009247
-0.006660
0.006371
-0.003813
-0.017975
-0.000120
-0.002047
0.001995
0.009247
-0.012863
-0.000715
0.006062
0.004086
-0.003502
-0.010933
0.001511
-0.009460
0.003239
-0.012733
0.006298
-0.007603
-0.004532
0.011208
0.018677
-0.000436
0.005718
0.004555
-0.000226
0.013321
0.004852
0.010414
-0.012169
0.010300
0.006912
0.006264
-0.002239
-0.000312
-0.009712
-0.004105
0.014328
0.000673
0.011238
-0.007072
0.008980
-0.000810
-0.006634
-0.023285
0.018600
-0.004574
-0.006618
0.000928
-0.015083
-0.001364
-0.004837
-0.000160
-0.001735
0.001678
-0.014297
-0.004154
-0.006729
-0.001417
0.003843
-0.010376
0.021393
-0.000263
-0.007736
-0.007549
0.007118
0.015083
0.000214
-0.001580
-0.008514
-0.001495
-0.002775
0.001220
-0.007519
0.000707
0.001060
0.010094
-0.012840
-0.015671
0.007729
-0.005741
0.000234
0.019562
0.008018
-0.015137
-0.018021
-0.005238
-0.009956
0.007248
0.017059
0.000944
0.007477
0.001911
-0.000737
0.016312
0.004368
0.009293
0.005402
0.000494
0.012749
-0.010109
0.000285
-0.000540
-0.012650
-0.014664
-0.005726
-0.000160
0.010651
-0.008301
-0.001493
0.002239
0.000482
0.003036
-0.001560
0.002216
0.010300
0.000664
0.002302
0.014603
-0.007740
-0.001222
-0.001206
-0.006409
-0.008812
0.002563
-0.000737
-0.016098
0.011665
-0.021530
-0.016495
0.007423
-0.006969
0.003775
0.002533
0.011581
-0.006031
-0.001945
0.000696
0.004894
-0.005177
-0.010040
0.013115
-0.002893
-0.006977
0.019257
-0.014977
0.007298
-0.009071
-0.002953
-0.011826
0.005390
0.007515
0.012901
-0.001289
-0.017242
0.009079
0.000824
0.008118
-0.009216
-0.002241
-0.023376
0.010368
-0.010406
0.002630
-0.002531
-0.009094
-0.013870
-0.001559
0.018082
0.016159
-0.004772
-0.015068
0.006714
0.003225
0.001439
-0.016739
0.016556
-0.020447
-0.012642
-0.011116
-0.003895
0.009270
-0.015793
0.003199
-0.008583
0.007771
-0.006565
0.000090
-0.001236
-0.009277
0.014153
-0.018875
-0.001807
0.001396
0.007629
-0.004387
0.008759
-0.008163
0.000945
0.010002
0.016006
-0.014107
-0.001007
0.009995
0.002157
-0.005180
0.024353
0.019714
-0.003775
-0.019669
-0.000708
-0.004612
-0.000523
-0.005543
-0.013695
0.001968
0.001027
0.019974
-0.006413
-0.003237
0.001068
0.002228
-0.008224
-0.009041
-0.002520
-0.000049
0.008171
-0.000388
0.009178
-0.007957
-0.003223
-0.007092
0.015579
0.003229
0.008659
0.008797
0.008575
-0.001034
0.002914
-0.001772
0.001295
0.000371
-0.013557
0.023880
0.002977
0.002607
0.005928
-0.005486
0.018585
-0.000005
-0.012329
0.007381
0.000331
0.002813
-0.015671
-0.003519
0.024765
-0.007858
-0.003809
-0.010597
-0.010201
-0.006958
0.012100
0.019577
0.020065
-0.008621
0.000003
0.007519
-0.008057
-0.011719
0.000576
-0.010254
-0.012306
0.010735
-0.008316
0.015945
0.015976
0.003687
0.003778
0.013290
-0.001926
0.009308
0.003326
0.001884
0.009140
0.005112
-0.010437
0.000863
0.001550
-0.006973
0.001864
-0.003677
0.005424
-0.007183
0.012825
-0.002859
0.013924
-0.001252
0.007065
0.022919
0.006935
-0.006958
-0.003960
-0.009209
0.014565
-0.017487
0.008888
-0.007935
-0.002079
-0.002762
0.007557
-0.008499
0.005981
-0.006165
0.002232
0.002855
-0.008331
0.009407
0.009125
0.005810
-0.008156
-0.010216
0.000934
0.014664
0.007168
0.000531
-0.008919
-0.008919
-0.001788
-0.008469
-0.002701
0.006248
0.001225
0.000577
-0.018372
-0.002649
0.003742
-0.003714
-0.001388
-0.006775
-0.006966
0.015991
-0.011200
-0.012550
-0.017548
0.005978
-0.013336
0.002501
0.019226
0.003248
-0.001678
0.002878
-0.002134
0.005844
-0.004875
-0.005154
-0.012207
0.016449
0.016113
0.028809
-0.004032
0.005451
0.009613
0.001235
-0.003960
0.010651
-0.008636
0.005985
0.003725
0.003887
0.001299
0.002222
0.012917
-0.018356
0.007603
0.017487
-0.013954
0.005054
0.021240
-0.010147
-0.013405
0.010216
-0.019073
0.003872
0.009750
0.013672
-0.008713
0.015747
0.007820
0.015182
-0.000811
-0.001565
0.012230
0.004219
0.009140
-0.010086
-0.009377
0.001484
0.001400
0.003517
0.009613
0.013809
0.014648
-0.001779
0.008362
-0.010353
-0.009834
-0.001563
-0.008156
-0.006840
-0.000420
0.014595
-0.020981
-0.004265
0.005722
0.003408
0.012192
-0.003109
-0.007175
0.003544
-0.017303
-0.006199
-0.007683
0.005581
0.003036
-0.007851
0.016296
-0.008324
0.014160
-0.011032
-0.009705
-0.010155
0.001966
-0.018860
0.009308
-0.010925
0.003311
0.003462
-0.004555
0.005306
-0.011436
-0.005154
-0.019684
0.016418
-0.024429
0.008156
0.001271
-0.007980
-0.004574
-0.011917
-0.004055
-0.005627
0.009239
-0.010010
-0.002920
-0.001372
0.000262
-0.014595
0.006477
-0.009720
0.001852
-0.000896
-0.004025
-0.000318
0.017334
0.001723
-0.002905
0.000046
0.013290
-0.000118
-0.010719
0.011971
0.003141
0.008034
-0.001489
-0.027115
0.001924
0.016251
-0.004963
-0.023697
0.002810
-0.012093
-0.009544
-0.018860
-0.024231
-0.000640
-0.009499
-0.016907
0.006023
-0.011589
0.003527
0.016724
0.001502
0.010307
-0.005196
-0.005249
0.000931
0.020615
0.009109
0.007046
-0.010269
0.006317
0.004578
-0.002672
-0.015579
0.000474
-0.005409
-0.011070
0.007183
-0.003180
0.018417
0.011848
-0.007259
0.014008
-0.014183
0.002995
0.023941
0.011726
-0.000588
0.011696
0.014854
-0.020142
0.018951
-0.018219
-0.002777
-0.010155
-0.006893
0.008865
-0.000894
-0.010712
0.000700
0.008453
0.019241
-0.002031
0.000555
0.009171
-0.010643
-0.004684
0.008255
-0.004314
-0.007694
-0.023529
0.014908
-0.000837
0.007809
-0.007698
0.005474
0.007618
-0.000175
-0.015839
-0.000903
0.007706
-0.005028
0.014755
-0.001838
0.002300
-0.001122
0.002630
-0.004150
-0.001169
0.008621
0.008469
0.015121
-0.007332
-0.001881
-0.004604
0.006935
0.004383
0.008736
0.007221
-0.009018
-0.017807
0.011475
-0.008217
0.007206
0.020554
0.007401
-0.011818
-0.004570
-0.003271
-0.003477
0.008507
-0.007015
-0.003506
0.013733
0.011787
0.004173
0.011047
0.013313
0.006874
0.016159
-0.021149
0.002176
0.003527
-0.000698
-0.008461
-0.012733
-0.009560
-0.010567
-0.001170
0.006844
0.004642
-0.004044
-0.018372
-0.001425
0.013565
0.007988
0.010437
0.001075
-0.011490
-0.001266
-0.007835
0.002388
-0.013290
-0.007587
-0.013649
0.002043
0.020447
0.002996
0.006535
-0.025803
0.001354
0.000055
0.010765
-0.009727
-0.008781
0.015381
-0.006618
-0.010124
-0.008621
0.010994
-0.003548
-0.018417
-0.000128
0.013390
-0.005421
0.015465
-0.004864
-0.003199
-0.005222
0.004467
-0.001356
0.012337
-0.001026
-0.008987
-0.008553
0.000153
-0.002054
-0.008781
0.019028
-0.000829
0.006897
-0.001440
-0.001710
-0.011925
-0.001824
0.024826
0.017700
0.003628
-0.004669
-0.017044
0.006252
-0.014191
0.034210
-0.002609
-0.000279
-0.009651
0.001165
0.008713
-0.006554
-0.022049
-0.006191
-0.009880
-0.015129
-0.021210
-0.004505
0.000218
0.003548
-0.012650
-0.006149
-0.005882
0.008347
-0.009529
-0.021805
0.012901
0.000955
-0.010529
-0.017365
0.011765
0.000914
0.014206
-0.004429
0.000653
0.011658
-0.008125
-0.011894
0.012581
-0.022522
-0.014771
0.007641
-0.006294
0.000697
-0.015099
-0.010704
0.006313
0.005177
-0.004833
0.021820
-0.001972
-0.004238
-0.008179
0.001274
0.001071
0.003614
-0.002718
-0.008247
0.004433
-0.012619
-0.006737
0.001501
-0.000904
-0.021805
0.004345
0.001883
0.010246
-0.007599
-0.005695
-0.005581
0.022034
0.024399
-0.014366
0.006123
0.016129
0.000094
0.002518
-0.008423
0.011230
-0.012375
0.010269
0.011749
-0.005005
0.000968
0.004513
0.025070
-0.004543
0.005466
0.004963
0.003256
0.010666
-0.002880
0.003855
-0.003557
-0.001333
-0.006413
-0.003941
0.003050
-0.009224
-0.001370
0.010254
0.003748
0.017960
0.002054
-0.015839
-0.003624
0.019806
0.008125
0.004467
0.025467
0.010124
0.005669
0.005085
-0.002548
0.005623
0.005051
0.006264
-0.010796
-0.008354
0.013206
0.015381
0.013206
0.008667
-0.003647
-0.011101
-0.012108
-0.000793
0.005142
0.005844
-0.023468
0.008331
-0.001989
0.013611
0.010696
-0.004471
-0.001360
0.001740
0.014259
0.029831
-0.003761
0.001440
0.020950
-0.011032
-0.011772
-0.003967
0.016251
0.002605
0.002625
-0.011177
0.003136
0.004044
-0.015282
0.000764
-0.014786
-0.010582
0.012215
-0.002094
-0.001361
0.009979
-0.004360
0.006889
0.003216
0.013763
0.002165
0.005085
0.001870
0.010910
-0.018204
-0.007652
-0.010384
0.002771
-0.010109
-0.002396
0.002104
-0.004841
0.009033
-0.022461
-0.025894
0.002937
-0.004097
-0.018524
0.007431
0.013756
-0.014809
0.003967
0.021927
0.001340
0.010941
0.006226
-0.000280
-0.001225
0.013145
-0.018692
0.013397
-0.016769
0.002878
0.002773
0.008995
0.008659
0.008492
-0.003147
0.005325
-0.008736
-0.010757
0.015259
0.020676
0.005013
0.016495
0.011208
0.007744
0.001021
0.003937
0.011124
-0.012558
-0.005814
-0.004864
0.012230
-0.006809
0.014778
0.029099
-0.004276
0.005093
-0.007866
-0.011169
0.013260
-0.000551
0.003437
0.003752
-0.006962
0.008881
-0.027802
-0.021805
-0.007828
0.009987
-0.009003
-0.014137
-0.007370
-0.009544
-0.015251
0.008278
-0.003355
0.012276
-0.006237
-0.008858
-0.002258
0.001422
-0.002436
0.001792
0.005848
-0.009865
0.010742
-0.013054
-0.000561
-0.008949
-0.014671
-0.004814
-0.007011
0.019379
0.010040
0.002010
0.003798
-0.001166
-0.003036
0.013771
0.012207
0.004631
0.017471
-0.006878
-0.001439
0.021820
-0.003429
0.000167
0.015099
-0.005177
-0.006931
0.006199
0.016937
0.002350
-0.004681
0.008926
-0.018997
0.004539
0.010201
-0.000205
0.005230
-0.014160
0.011436
0.011253
-0.000345
0.005356
0.008080
0.025696
0.000937
-0.016754
-0.009666
-0.006824
-0.000411
0.003691
0.014229
-0.009834
-0.005585
0.014694
0.017487
-0.000204
-0.004139
0.013550
-0.011841
-0.004002
0.001859
-0.006485
0.003555
0.002731
0.009171
-0.011497
0.006062
-0.006996
0.016373
0.009918
0.011154
0.005260
0.002810
0.000229
-0.003241
-0.013794
-0.009865
0.015457
-0.001919
-0.026169
-0.002075
0.007851
-0.002281
0.011261
-0.006710
0.004780
0.002075
0.001596
-0.010529
0.000478
-0.003508
0.013901
-0.006882
0.007309
0.005180
0.006374
0.016830
0.012894
-0.009644
0.007168
0.007851
-0.008179
-0.001933
-0.016113
-0.009521
0.002853
0.001678
0.008560
-0.004433
-0.008072
-0.000971
0.004963
-0.005363
0.008667
0.017792
0.018524
-0.002453
0.004108
0.000032
-0.025757
-0.003071
0.008904
0.004932
-0.009621
0.000878
0.008217
-0.003719
0.004192
-0.008430
-0.005207
-0.001916
0.002501
0.007607
-0.012352
0.020889
-0.002424
-0.002905
0.004486
-0.025208
-0.006046
0.012543
-0.002851
-0.008499
-0.000906
-0.007198
0.027954
-0.009613
0.009415
0.006344
-0.002289
0.009903
-0.000337
-0.006538
-0.010452
0.000441
0.005161
0.014641
0.018524
0.005527
-0.002001
-0.005379
0.022415
-0.004948
-0.003387
-0.001206
0.006245
0.005257
0.004089
-0.004963
0.009331
-0.003071
-0.016632
-0.002304
0.001911
-0.028900
0.006527
0.024841
0.003845
0.007484
0.012863
-0.010132
0.019791
-0.011887
0.005096
0.004047
0.000971
0.019852
0.021179
-0.008301
-0.005039
0.013062
0.023514
0.005440
0.016083
0.004189
0.002136
-0.001818
0.007019
-0.014999
0.001224
0.010475
-0.001477
-0.000423
-0.004833
-0.009674
-0.016846
-0.014191
0.002056
-0.001530
-0.011154
0.002888
0.000007
-0.000801
-0.009102
0.007038
-0.001144
0.011398
0.004028
0.004913
-0.001116
0.005699
-0.007442
-0.007919
-0.004108
0.012314
-0.006378
0.013725
-0.011795
-0.002773
0.001995
-0.004036
-0.009720
0.002214
0.014168
0.005886
-0.004704
-0.017120
0.000702
0.011452
-0.016098
-0.010567
0.002617
0.000463
0.000282
-0.001758
0.002174
-0.001999
-0.003031
-0.006405
0.012337
-0.005302
-0.010109
0.011658
0.010941
0.013535
-0.014961
-0.005981
0.011307
0.015114
0.004654
0.011917
0.008179
-0.001482
-0.006962
-0.007763
-0.014091
-0.004925
0.003260
-0.015762
0.004593
0.004028
0.011383
-0.010254
0.007957
0.004562
0.003006
-0.007324
-0.000622
0.024017
-0.004768
0.007347
0.011673
-0.005016
0.000610
0.000715
0.008041
0.013641
0.018585
0.028152
-0.014481
-0.005196
0.007843
-0.007385
-0.007744
0.010010
0.003822
-0.009430
-0.021851
-0.014488
-0.009575
-0.017029
0.024261
-0.013855
0.008095
-0.002897
0.012810
-0.003658
0.010231
-0.003340
0.010368
0.012848
-0.004639
-0.015244
0.004913
0.005959
0.009735
-0.007038
-0.006783
0.001406
-0.001500
0.003645
-0.003542
-0.008667
0.001040
0.004478
-0.004154
0.005592
0.015167
0.021286
0.001341
0.008110
-0.016144
-0.014107
0.001376
-0.016388
0.001995
0.011322
0.001738
0.003603
-0.011330
-0.010796
-0.005569
-0.006157
-0.018829
-0.013817
0.003685
-0.013969
0.007225
-0.000816
0.003202
0.008598
0.000777
-0.002287
-0.009041
0.012299
0.009125
0.016876
-0.010719
0.003628
-0.001727
0.011345
-0.000023
-0.010735
-0.012375
0.012611
-0.017273
-0.007145
-0.000569
0.003311
0.008125
0.014496
-0.009018
-0.012642
0.007881
0.002554
-0.012680
0.004074
0.010803
0.004723
0.004040
-0.004902
0.002958
-0.016693
-0.012970
-0.019760
0.016190
-0.004562
0.015930
0.000640
0.021652
0.001197
0.015610
0.003572
-0.012718
0.001904
0.001174
-0.013374
-0.014885
0.006615
-0.013252
0.005615
-0.005669
-0.006554
0.002768
0.009361
-0.009315
0.006798
-0.002529
-0.007381
-0.004002
-0.011856
-0.013031
-0.003160
0.010323
-0.002943
-0.012535
0.001203
-0.018082
-0.013329
0.005463
0.004261
0.000105
0.014351
-0.008102
-0.004749
-0.000986
0.012611
-0.020401
-0.008026
0.010117
0.004807
-0.003853
0.002647
0.015305
-0.001371
0.005493
0.003126
-0.000087
0.002131
0.001313
-0.004696
-0.000939
-0.008171
-0.011284
-0.002571
0.003151
0.007450
0.002745
-0.026489
0.023773
0.012611
-0.003126
-0.005341
-0.019394
-0.021790
-0.013420
0.000523
-0.003283
-0.010513
-0.000544
-0.004028
-0.000863
-0.013779
0.005390
0.002531
-0.009171
0.008530
-0.000566
-0.020020
0.007652
-0.011391
0.004162
0.005512
0.001654
0.001574
0.010811
0.007507
0.006039
0.006767
0.004326
-0.004513
-0.003355
-0.007019
0.000865
-0.008484
-0.008316
0.005539
0.002974
0.006264
0.001925
-0.006310
-0.002695
-0.005699
-0.002686
-0.015480
-0.001925
0.000820
0.002899
-0.001479
0.001328
0.005894
0.004917
-0.007950
-0.001982
0.020081
0.001957
-0.015320
-0.005966
-0.002012
-0.009743
0.003214
0.009323
0.001558
0.009331
0.017960
-0.015656
-0.003994
-0.019958
0.000419
-0.007614
0.000739
-0.013260
-0.010399
-0.019867
0.006329
-0.003321
0.001347
0.000886
0.010841
0.008308
0.001376
0.018509
0.001822
-0.003960
0.009598
-0.011948
0.003874
0.005600
0.019608
-0.004089
-0.003401
-0.003853
-0.021088
0.002377
0.005234
0.005707
-0.000714
0.007412
-0.016785
0.010811
0.001330
-0.006386
0.002762
0.005981
0.012642
0.005314
0.002535
-0.011528
0.018555
-0.011086
-0.004547
-0.006004
0.008507
-0.022247
0.009239
-0.003370
-0.015686
0.014534
-0.000054
-0.006100
-0.003761
-0.007107
0.007221
-0.002319
-0.013802
0.004032
0.011086
0.009865
-0.010208
0.000415
-0.018021
0.013924
-0.013885
0.003901
-0.010529
-0.016449
0.017090
0.011856
0.004459
0.002934
-0.001124
-0.024872
0.009476
0.011627
0.007011
0.015961
0.005825
-0.007206
0.013985
-0.005707
0.004959
0.006981
-0.015625
-0.005108
0.001395
-0.008827
0.000874
-0.018707
0.003937
0.000092
-0.017868
0.001851
0.006416
-0.005341
0.009346
0.007935
-0.012688
0.006500
-0.020599
-0.005306
-0.008598
0.004417
0.006939
-0.008179
0.001481
-0.007412
0.001254
-0.012688
0.001350
-0.000984
-0.005157
0.011963
-0.000298
-0.006416
-0.003633
-0.025894
0.002338
0.001516
-0.015076
0.006538
0.022171
-0.004822
0.000811
-0.001605
0.004951
-0.011147
0.012299
0.008148
-0.003029
0.010521
-0.004410
0.017929
-0.016556
-0.009506
-0.005466
0.001152
-0.013710
-0.001225
0.005165
0.011986
0.020401
-0.001747
0.005062
-0.018723
0.005260
-0.019455
0.004612
0.001226
0.006859
0.009750
-0.024948
-0.009270
-0.010193
0.002731
-0.005836
0.014847
0.003443
0.001169
-0.004448
0.013962
0.005638
0.022308
-0.002131
-0.009071
-0.002657
0.008461
-0.002369
0.001358
0.004242
-0.008224
0.012413
0.004642
-0.005890
-0.003967
0.001911
-0.007656
-0.002872
0.007950
-0.012032
-0.008301
0.011353
0.011482
-0.001492
0.011772
0.011612
0.010475
0.012527
0.012962
-0.004711
0.000759
0.004639
0.000488
-0.020721
-0.006180
0.014648
0.011620
-0.005383
0.002314
-0.004383
0.002535
-0.007599
-0.006916
-0.001372
0.006779
-0.012665
0.000384
-0.003477
0.010590
-0.006718
-0.011063
0.011658
0.005615
0.009506
0.000679
0.001137
-0.008430
-0.006058
-0.003025
0.001524
0.007160
0.003716
-0.006371
0.013893
0.002596
0.007690
-0.008736
-0.005726
0.010971
0.006439
-0.000860
0.006763
-0.013733
-0.007828
0.003601
0.002993
-0.006210
-0.006153
-0.000042
0.012604
-0.000332
-0.021042
-0.001863
-0.001740
0.003660
-0.000967
0.003937
-0.001348
-0.021622
0.002972
0.002443
-0.010010
0.013168
0.001435
-0.006744
-0.000353
0.013908
-0.005329
0.009087
-0.002983
0.014526
0.011116
-0.008278
-0.017242
-0.006390
-0.004066
0.002216
0.001560
-0.002764
-0.012589
-0.001810
-0.012474
-0.016235
-0.010429
-0.010185
0.001546
-0.007919
0.003126
-0.003733
0.006866
0.013100
-0.012329
0.001948
0.000644
-0.000619
-0.010384
0.012711
-0.004726
-0.001570
0.014099
-0.009811
-0.022491
-0.001011
-0.016174
0.008492
0.011162
0.019150
-0.011894
0.007950
0.006050
-0.008812
-0.020279
-0.002100
-0.006813
0.012650
0.008293
-0.007416
-0.002947
0.014252
0.017242
0.011345
0.001029
0.004772
-0.009361
-0.008682
-0.009377
-0.001913
-0.016602
0.001860
-0.013062
0.000633
0.014671
-0.009079
0.001729
-0.022614
0.000334
0.005344
-0.013100
-0.003952
-0.005577
0.008987
-0.008835
-0.007702
-0.009827
-0.013840
-0.017670
-0.020981
0.007000
-0.002626
0.006073
0.005707
-0.011383
0.007343
-0.016495
0.004017
0.002047
0.000897
-0.018997
-0.001945
0.018295
0.005520
-0.015404
0.020172
-0.005054
-0.019348
-0.004536
0.013016
-0.000932
0.004288
-0.010056
-0.003792
0.006008
0.001974
-0.005695
-0.003265
-0.000205
0.000316
-0.001333
-0.006054
-0.014717
-0.013428
0.000876
0.004044
0.005672
0.001206
-0.000087
0.011681
-0.005222
-0.003305
0.010620
0.003824
-0.000235
-0.013283
0.004490
-0.001039
-0.020203
-0.012192
-0.005989
0.005611
-0.017685
0.005928
0.011238
-0.014320
-0.002333
-0.018921
-0.003960
0.008034
-0.005547
-0.010483
-0.001697
-0.001084
0.013435
0.006737
-0.009056
0.007385
0.002737
0.002043
-0.000801
0.005177
0.006992
-0.001123
0.021820
-0.010933
-0.012466
0.010353
0.017563
0.019897
0.023804
-0.008194
-0.001583
-0.028671
0.001791
-0.009354
0.001158
-0.010422
0.004333
0.008713
-0.004211
-0.012711
-0.001899
-0.012695
-0.002485
-0.008408
-0.002234
-0.007046
-0.000574
0.002605
0.002567
-0.002932
-0.011292
-0.010773
-0.006706
0.003769
0.013809
0.000626
0.007030
-0.007996
0.010788
0.011078
-0.005379
0.006207
-0.015472
0.004848
-0.009758
-0.002897
0.005123
-0.013199
0.001397
0.014282
0.010963
-0.014259
-0.000878
0.009445
-0.003395
0.008583
-0.012939
-0.003208
-0.011208
0.002657
-0.003313
-0.012154
-0.029709
0.013847
0.002720
-0.005833
0.026840
0.026596
0.011208
0.011276
0.003407
0.002531
0.014755
0.013863
-0.003529
0.008888
-0.012863
0.009689
-0.014259
-0.004436
-0.001616
0.017349
-0.003120
0.004219
0.002071
-0.016113
0.009132
-0.001881
0.001232
-0.011452
-0.009644
-0.000072
0.002943
0.002871
-0.022156
-0.009117
0.001036
0.001771
0.004406
-0.000410
0.010612
-0.000258
-0.007275
0.003254
-0.008034
-0.002991
-0.001175
0.003599
-0.009964
0.000080
-0.005154
-0.006466
0.003998
-0.012901
0.010178
0.011314
-0.002947
0.001806
0.006294
-0.002851
-0.008751
0.001667
0.014351
-0.002964
-0.012756
-0.003294
0.004345
0.004303
0.005157
0.007210
-0.005692
0.007130
0.004372
-0.003956
0.005409
-0.017838
0.001959
-0.007366
-0.006794
-0.002872
-0.009659
-0.003548
-0.002169
-0.009491
-0.017258
-0.003307
0.008545
0.010460
0.013237
0.004162
0.015121
-0.015038
0.007351
0.014336
0.009964
-0.001437
-0.005032
0.001135
-0.003910
-0.001665
0.017242
-0.004837
0.009315
-0.007492
0.006500
0.005440
-0.006508
0.004044
-0.016388
0.008987
0.011215
0.002054
0.005806
-0.003391
-0.003540
0.000628
0.006428
0.004341
0.017197
0.006039
0.021652
0.003290
-0.016876
-0.004524
-0.003080
0.011406
0.017624
-0.012367
0.000076
0.002941
0.012108
0.006744
-0.004967
-0.010361
-0.004864
0.004337
0.002899
0.019104
0.005028
0.005318
0.003862
0.012489
0.001443
0.011925
-0.008186
-0.005169
-0.012383
0.011635
-0.013390
-0.011101
0.013268
-0.012085
0.012001
-0.008385
-0.002134
0.014526
-0.000685
0.001781
0.001532
-0.010139
-0.005196
0.003626
0.001856
0.009460
0.011993
0.011795
0.002005
0.009308
-0.000069
0.002621
-0.000849
-0.003706
-0.010529
0.006756
-0.009163
0.016159
0.005451
0.007160
-0.009537
-0.009834
-0.004871
0.008270
0.012199
0.009224
-0.011482
0.008575
0.017761
-0.002234
0.000794
-0.012939
-0.001941
0.005554
0.019257
0.005821
-0.005230
-0.001957
-0.010963
0.003338
0.024872
-0.014854
-0.002180
0.018661
0.000028
-0.004326
0.002686
0.007782
-0.003456
0.002544
-0.003319
0.002035
0.005886
-0.000233
0.003242
0.016571
-0.009743
0.013634
-0.003723
-0.018311
0.017807
0.002344
-0.019913
0.003731
-0.004841
-0.011139
0.003937
0.021362
0.007740
0.007576
-0.005810
0.010963
0.010315
-0.022552
0.008026
0.003752
-0.000916
-0.005726
0.009323
-0.002071
-0.016846
0.004070
-0.002552
-0.002850
-0.007450
0.000357
0.000710
-0.014694
-0.007149
-0.011955
0.001035
-0.005013
-0.003613
-0.014786
0.009583
-0.010742
0.004101
-0.007248
0.006248
0.008453
-0.003925
-0.006588
-0.006310
0.001090
0.013916
0.002577
0.005627
0.009712
-0.009521
0.000224
-0.002653
-0.002480
-0.000356
0.014038
0.000543
-0.002613
0.010017
0.003613
-0.003847
0.026520
-0.007263
-0.000532
0.010727
-0.016815
0.006878
0.011238
-0.000204
-0.010811
0.004005
0.007538
0.001829
-0.000374
0.001163
-0.000108
-0.005859
-0.007584
-0.002615
-0.012207
-0.008514
-0.004227
0.011810
-0.000316
0.011688
-0.000044
-0.003819
-0.002321
0.009666
-0.003813
-0.014061
-0.002073
0.003254
-0.002043
-0.007801
0.000480
0.023849
-0.001019
-0.001180
0.013206
0.011650
0.002651
0.003866
-0.003609
0.007404
-0.009026
0.004925
-0.000338
0.006569
-0.004250
-0.004852
0.014885
-0.006477
-0.016052
-0.007404
0.002541
0.005699
-0.018799
-0.000903
-0.009453
0.006729
0.026108
0.011566
0.005486
0.010597
-0.004959
0.004139
0.008453
0.004894
0.005417
-0.003468
0.034088
0.007427
-0.006031
-0.000082
0.020233
-0.003378
0.007557
-0.012985
-0.007957
0.001496
-0.005680
-0.004395
-0.000705
0.002251
0.005054
-0.011833
-0.014915
0.010849
0.000002
0.002903
-0.003387
0.002478
0.012390
0.010841
0.000672
-0.002522
0.004887
0.001226
-0.008919
0.003231
-0.001933
0.001202
0.006786
-0.009506
-0.016617
0.004181
0.008751
0.007751
0.001044
-0.010895
0.002691
-0.013824
-0.004211
-0.001226
0.000839
-0.005573
-0.010895
-0.004425
-0.010506
0.003231
-0.023315
-0.008873
0.012459
0.006069
0.022705
0.002523
-0.020233
-0.000334
0.010773
-0.005997
0.012581
0.020721
0.018661
0.008842
0.000245
-0.004181
0.003122
0.017471
-0.015259
-0.004498
0.013611
-0.001982
-0.009270
-0.000008
0.006077
0.007256
0.004169
0.019653
0.008568
-0.003426
-0.000025
-0.000923
-0.015854
-0.013138
0.000394
0.001161
-0.010567
-0.030487
0.020462
-0.014694
-0.000683
-0.006565
0.001603
0.002720
0.006691
-0.007881
-0.008232
-0.001765
-0.000427
-0.016937
0.004105
-0.000675
-0.010429
-0.011574
0.012726
-0.003628
-0.009262
0.005028
-0.000839
-0.013260
-0.002796
0.001542
0.004936
0.004086
0.010468
0.025726
0.007011
-0.003342
0.011749
0.013512
0.007309
0.022461
0.014168
0.011787
-0.007282
0.004162
-0.010674
-0.007576
0.000994
0.023972
0.012733
-0.002689
0.004528
0.016205
-0.003637
0.008682
0.004230
-0.007950
-0.012199
0.006767
-0.021866
-0.002436
0.003979
-0.009499
0.010597
-0.008797
0.009079
-0.013000
0.013702
0.015549
-0.002131
-0.007027
0.013092
0.001033
0.007648
0.003641
0.009224
-0.002993
0.009720
-0.003603
0.007973
-0.010307
0.011650
0.007133
-0.004173
0.001907
-0.003847
-0.000562
0.004864
0.025146
-0.022385
0.000728
-0.011276
0.000194
-0.020325
0.008949
-0.010002
-0.000759
0.000762
-0.008186
0.007298
0.009033
0.013672
0.016403
-0.023285
0.003138
-0.006737
-0.021774
-0.005367
-0.009827
-0.018127
0.002401
-0.006054
-0.010574
-0.020813
-0.003773
-0.012970
0.002876
0.006489
-0.009155
0.017426
-0.010246
-0.018295
0.005299
-0.001703
0.000731
-0.009621
-0.003752
-0.006245
0.001592
0.015823
0.006393
0.004673
0.002893
-0.008659
0.003567
-0.003683
-0.000976
-0.014832
0.002863
0.007896
0.000123
-0.004856
-0.004524
0.004711
-0.030899
0.011337
0.004623
-0.000835
-0.016556
-0.014221
-0.000172
-0.004074
-0.004398
0.005127
0.011627
0.008720
-0.009293
-0.022980
-0.003059
0.010117
0.010841
-0.007092
-0.017807
-0.002300
0.008064
-0.010582
-0.002878
-0.013969
0.003967
0.003801
-0.000365
0.001339
0.012024
0.011612
-0.005566
0.005867
-0.002542
-0.008583
-0.009506
0.009003
-0.002415
-0.005840
0.013397
-0.004852
0.002087
-0.019958
0.013542
-0.013359
-0.001057
0.018143
-0.015259
0.004112
0.001291
-0.012093
0.001108
-0.005692
-0.011665
-0.001884
-0.002354
-0.001886
-0.014305
-0.006783
0.006119
-0.014679
-0.009743
-0.003258
-0.003180
-0.014229
0.007622
-0.013771
0.004025
0.010773
-0.012199
-0.012703
-0.003710
0.001175
-0.020142
0.007942
-0.003229
-0.006271
0.004421
0.011620
-0.004620
0.005306
0.036621
0.014236
-0.004536
0.013664
-0.004234
0.015182
0.000348
0.004879
-0.006477
-0.012566
-0.017746
-0.013206
0.009247
-0.006660
0.006371
-0.003813
-0.017975
-0.000120
-0.002047
0.001995
0.009247
-0.012863
-0.000715
0.006062
0.004086
-0.003502
-0.010933
0.001511
-0.009460
0.003239
-0.012733
0.006298
-0.007603
-0.004532
0.011208
0.018677
-0.000436
0.005718
0.004555
-0.000226
0.013321
0.004852
0.010414
-0.012169
0.010300
0.006912
0.006264
-0.002239
-0.000312
-0.009712
-0.004105
0.014328
0.000673
0.011238
-0.007072
0.008980
-0.000810
-0.006634
-0.023285
0.018600
-0.004574
-0.006618
0.000928
-0.015083
-0.001364
-0.004837
0.000699
-0.008766
-0.019287
0.004520
-0.020020
-0.006088
-0.011559
0.001984
0.015060
-0.015640
0.004711
0.010292
0.006958
-0.002293
-0.013435
-0.009628
0.015419
0.019852
-0.004498
0.009453
-0.007339
0.000293
-0.010689
-0.023178
-0.005249
0.003748
-0.010017
0.006077
-0.010735
0.003330
0.014084
-0.001323
0.009064
-0.012527
0.001800
0.007027
0.018906
-0.006596
0.000337
-0.004047
-0.002842
0.007164
-0.009613
0.002668
-0.003044
-0.004898
0.007172
0.010063
-0.000405
-0.006912
0.012329
-0.002098
0.030426
-0.007210
-0.000536
0.006645
0.015808
-0.009041
0.003389
-0.025223
-0.001989
0.016327
-0.005604
-0.005714
-0.003195
-0.003944
-0.007484
-0.002851
0.004578
-0.003063
-0.000870
0.010551
-0.008751
-0.006863
0.007122
0.000528
0.000173
0.001160
0.010704
0.005196
-0.001863
-0.015991
0.006073
-0.008705
-0.000392
-0.010002
-0.022583
-0.027039
0.005199
-0.010857
-0.003386
-0.001835
-0.000826
0.004375
-0.021378
-0.005096
-0.001986
-0.001808
-0.005356
0.008904
-0.004665
0.007660
0.006683
0.020157
0.007488
0.005753
0.003662
0.005150
-0.015808
0.014252
-0.004570
-0.012337
-0.012581
-0.001243
-0.005760
0.000597
0.008621
-0.008911
0.011917
0.006256
0.001340
-0.022797
-0.005169
0.002609
0.012016
0.021439
-0.004917
-0.003117
0.000173
-0.010674
-0.010231
0.004856
0.016968
0.007618
-0.020859
0.007881
0.018661
0.004456
-0.023972
0.008064
0.014359
-0.017715
0.007435
-0.000892
0.003031
-0.021500
-0.003172
0.006302
-0.004265
-0.006264
0.005325
0.003201
0.005451
-0.014549
-0.005741
0.004581
-0.014549
-0.001328
0.013519
0.015762
-0.006283
0.001751
-0.015465
-0.009171
0.014755
0.004253
0.010216
-0.000763
0.006519
-0.010780
-0.001929
-0.009193
-0.005077
0.000959
0.002846
-0.005413
0.007309
0.012665
0.007710
0.000990
0.000812
0.003534
0.007072
0.008698
0.002840
-0.013069
0.021027
0.018707
-0.019272
-0.005646
0.000608
-0.006115
0.019531
0.000968
0.001435
-0.009132
0.000997
-0.008736
0.009056
0.002188
0.005867
-0.021317
-0.005005
-0.001288
-0.007965
0.000066
-0.001079
-0.006996
0.012154
0.005207
0.006493
-0.020767
0.008156
0.005909
0.005116
0.018661
-0.005146
0.011971
-0.026382
-0.003899
0.006962
0.033142
0.012527
0.028534
-0.002794
-0.016479
0.006233
-0.000586
-0.007851
0.000998
-0.004963
-0.006550
0.010193
0.004818
-0.005783
0.006123
-0.000597
0.007500
-0.019119
0.000439
0.004623
-0.008018
-0.019119
-0.018082
-0.002907
-0.014969
0.003695
0.005856
-0.004452
0.002680
-0.002920
0.007118
0.006817
-0.006229
-0.002975
-0.006214
0.006454
-0.001219
-0.013771
-0.010735
-0.008102
0.011345
0.008438
-0.005501
0.006008
-0.006134
0.004486
0.002918
-0.014763
0.000847
-0.012024
0.003363
0.000078
0.004360
-0.009682
-0.006145
-0.017181
0.011528
-0.005375
0.014229
0.017639
0.018341
0.006073
-0.001067
-0.005611
0.000387
0.019638
0.020737
0.017929
0.004379
-0.003717
-0.008827
0.007301
-0.003069
-0.007282
0.001350
0.002972
-0.006214
-0.006138
0.007668
-0.000792
-0.000013
-0.012459
-0.004639
-0.004429
-0.012642
0.001205
0.006718
0.001410
-0.000317
0.001463
-0.005356
0.015327
-0.000680
-0.013130
-0.021042
-0.005753
0.018982
0.019974
0.000821
0.001907
0.011230
0.007114
0.003492
-0.003616
0.010109
-0.011070
-0.007175
-0.004936
-0.012520
-0.001415
0.008759
-0.007576
-0.006943
0.002491
0.000333
-0.012077
-0.006519
-0.005577
-0.000546
0.012779
0.018188
-0.006668
-0.010399
-0.012100
-0.003752
0.004768
0.005318
-0.016022
0.013702
-0.006779
-0.009819
0.010849
-0.011856
0.001365
-0.021957
0.004383
0.009575
0.027176
-0.012505
-0.002079
-0.019363
0.019287
-0.001732
0.005409
0.003561
0.011871
-0.000335
-0.004711
-0.000871
0.016998
0.005611
0.020111
-0.016556
0.007576
0.004112
-0.009323
-0.003223
0.007801
0.006626
0.004261
0.005287
0.005039
-0.008835
0.007271
-0.003796
-0.004330
0.020386
-0.015236
0.016907
0.010117
0.007652
0.012505
-0.003170
-0.014557
-0.003914
-0.004498
0.003216
0.006065
0.004082
0.015945
-0.004311
-0.007919
-0.003971
-0.008385
-0.001561
-0.009872
-0.017639
-0.006680
-0.008980
-0.002033
-0.015419
0.012581
-0.014351
-0.000728
0.000029
0.004665
0.007084
0.000846
0.014999
0.006172
0.010429
-0.005753
-0.022705
-0.006222
-0.015556
-0.002079
0.013306
0.016190
-0.003622
0.002312
0.002197
0.005619
0.002623
0.001913
0.002483
0.000728
0.001968
0.001677
0.002237
-0.010269
0.010078
-0.002743
0.002636
0.003910
0.014252
-0.007599
0.001059
-0.001328
-0.007416
0.002653
0.002983
0.002907
-0.014473
0.008209
-0.009087
-0.001479
0.008698
0.000790
-0.005611
-0.010254
0.013695
0.009499
0.001563
-0.018066
-0.003714
0.013519
-0.011879
0.022400
-0.013206
0.000497
-0.016785
0.004639
0.000165
0.010712
0.001016
0.009827
0.016785
-0.006351
-0.026489
-0.014359
-0.007488
-0.007298
0.000720
-0.000496
-0.006588
0.006641
-0.002171
0.000339
0.009995
0.005444
-0.000407
0.009842
0.000108
-0.002253
-0.006859
-0.003099
-0.005150
0.014046
0.008095
-0.003300
0.013374
0.002665
0.000679
0.010323
-0.004230
-0.008034
0.001092
-0.011864
-0.000940
0.000547
0.003078
0.002459
-0.015465
-0.002354
-0.000508
-0.002638
-0.015762
-0.012863
-0.003386
-0.011803
0.005371
0.008713
0.003288
0.002775
0.008171
0.009529
0.017105
0.020615
-0.006638
-0.006660
-0.003288
-0.004776
0.018906
0.005219
0.001767
0.007706
-0.002401
0.005302
-0.002485
-0.003311
0.004177
-0.000632
0.004005
0.010948
0.004902
0.019989
0.015373
-0.000483
0.001927
-0.011536
0.014069
-0.001877
-0.014740
0.004433
-0.002590
0.009323
-0.015732
-0.000554
0.011955
0.001848
-0.011635
0.010124
-0.001963
0.011131
0.016327
0.005611
-0.003464
-0.020187
0.001464
-0.000478
-0.012024
0.008644
0.004742
0.001517
0.001654
0.004311
-0.007385
0.006824
-0.004704
0.001369
0.008423
-0.007164
-0.001051
0.017212
0.014931
-0.001965
0.002512
-0.020584
0.003462
-0.009720
0.011299
-0.003471
-0.002348
-0.030182
0.000206
0.012413
0.013756
0.004398
0.012398
-0.008644
-0.017319
0.013206
-0.003185
0.001872
-0.004097
0.015427
-0.002165
-0.004734
0.013580
0.009720
0.001399
0.020462
-0.000342
0.002340
-0.001953
-0.002718
-0.001972
0.005974
-0.004326
0.010452
0.006008
-0.000155
-0.004539
-0.001578
-0.007820
0.007092
0.001791
-0.003328
-0.008308
0.005177
-0.003408
-0.002306
0.003983
0.006039
0.015717
0.000494
0.003599
-0.002825
-0.021622
-0.011864
-0.004845
0.021790
-0.012161
0.009880
-0.016235
0.014465
-0.015976
0.001639
0.007248
0.008163
0.011269
0.004227
-0.003548
-0.012451
0.007141
-0.032562
-0.012413
0.004059
-0.014900
0.001319
0.004108
-0.008850
0.003696
0.005611
-0.000621
-0.014763
0.011200
-0.013222
0.009552
0.008095
0.015900
0.007248
-0.000623
-0.011696
0.011566
0.002325
-0.011177
-0.010056
0.003857
-0.018631
0.006813
-0.007469
0.003366
0.010468
0.004230
0.002745
0.006527
-0.001561
-0.004768
0.001823
0.003967
-0.017288
0.000186
0.004593
-0.006004
-0.012238
0.010376
0.012177
0.007675
0.003576
0.005470
-0.005829
-0.004436
-0.011581
-0.001597
-0.001793
0.001570
-0.011650
0.018768
0.006332
0.009552
0.013153
-0.024399
0.013130
0.003767
-0.007725
-0.010422
-0.022797
-0.005989
-0.004829
-0.016602
0.005219
-0.012367
0.005333
-0.015541
-0.007187
0.012825
-0.007229
0.012970
-0.000806
-0.002993
0.003874
0.007549
0.021683
0.004684
0.004864
0.016098
-0.001231
-0.010101
0.005867
0.008347
-0.022202
0.011597
-0.016754
0.011940
0.014870
0.008102
-0.012566
0.006649
0.003860
0.003677
0.008766
-0.007637
-0.002436
-0.001401
-0.010849
-0.001739
-0.001592
0.000854
0.009079
0.001133
-0.002544
0.007061
0.016235
-0.009827
-0.015396
-0.009117
0.013451
-0.007458
-0.009048
-0.006271
0.005070
0.011200
-0.007023
0.018112
-0.006054
-0.010452
0.006863
-0.003345
-0.010742
-0.000021
-0.000223
0.000745
-0.006344
0.001165
0.000435
-0.009315
0.011856
0.005619
-0.004078
-0.005371
0.003876
-0.008919
-0.005085
0.001644
0.002216
0.004406
-0.011246
0.009956
-0.007347
0.004421
0.020615
0.012772
0.014801
0.006527
-0.004189
-0.008476
0.002554
-0.000645
-0.001350
0.007225
-0.011528
0.005333
-0.008171
0.008347
0.006126
0.014320
0.009331
-0.001750
-0.013206
-0.007538
-0.007645
-0.006069
-0.004776
-0.000848
0.008240
-0.004227
0.012032
0.010193
-0.006268
0.025223
0.003929
-0.006737
0.003839
0.002714
-0.004211
-0.002640
0.006546
-0.007397
-0.011330
0.001153
0.004433
-0.001646
0.002218
0.014137
-0.001127
-0.014229
0.012924
0.002777
0.003033
-0.012581
-0.014191
0.014267
-0.010620
0.002220
-0.019913
-0.004055
-0.018295
-0.006641
0.001485
-0.002243
-0.002771
-0.003948
0.001798
0.001064
-0.001620
-0.015373
0.006607
-0.003464
-0.008110
-0.006695
0.008156
-0.000996
-0.005554
0.002562
0.015701
-0.013474
0.020309
-0.010170
0.001908
-0.002514
0.023804
-0.011589
0.012291
-0.008408
-0.004818
-0.001025
-0.014839
0.005520
-0.008781
-0.005520
-0.003454
0.001428
-0.004528
0.025452
-0.016739
0.011452
0.001928
0.003763
0.002033
-0.001644
0.001331
0.011398
-0.002283
0.012138
0.010506
-0.006332
0.008987
0.004562
-0.011253
-0.001504
0.001076
-0.007526
-0.004417
0.002666
-0.001061
0.007500
0.010155
-0.003176
0.008156
0.019409
0.007812
-0.009186
0.009087
-0.004101
0.008476
-0.001573
-0.006989
-0.008804
-0.007919
0.000688
0.003979
-0.002581
-0.015587
0.004650
-0.018753
-0.001310
-0.003155
-0.023483
0.006874
0.015869
0.006550
0.011658
0.000200
0.002785
0.006409
-0.001119
0.001434
0.006294
-0.000721
-0.007896
0.009781
-0.009392
-0.002142
0.009712
-0.006199
0.001381
-0.002146
-0.011002
0.019119
-0.016159
-0.011833
0.001464
0.001425
0.013191
-0.008659
-0.004478
-0.016602
0.018036
0.002470
0.001501
0.005569
-0.019455
-0.009682
0.005726
-0.014610
0.019608
0.001511
-0.001500
-0.001999
0.020050
0.012642
-0.007294
0.004688
0.007347
-0.006542
0.010086
0.011063
0.000522
0.001315
0.008469
0.014908
0.006729
-0.009010
-0.000335
0.006512
-0.002480
-0.002676
-0.014130
0.003496
-0.009804
0.017380
0.004204
-0.005306
0.005470
0.007233
0.005711
-0.011894
-0.007084
-0.002096
-0.003593
-0.007076
0.014458
-0.001465
0.003843
0.000652
-0.010963
-0.003901
-0.001666
0.004436
0.002264
0.012573
-0.004185
-0.008759
-0.000773
0.006199
-0.022842
-0.002674
0.000699
0.000139
-0.006992
0.001120
-0.001707
0.013100
0.014458
0.018005
-0.009369
0.008392
0.003305
-0.006569
-0.019592
0.002264
-0.008110
0.004021
-0.007336
0.008408
-0.001046
0.000179
-0.003738
-0.007404
-0.008667
0.005604
-0.008461
0.011719
-0.011665
-0.001907
0.006310
0.013618
-0.000997
0.028168
-0.011734
-0.016251
0.011726
0.001605
0.019501
-0.003464
0.015823
0.009697
0.000190
-0.008499
0.006763
0.018509
-0.005016
-0.015976
-0.015083
0.009560
-0.008163
0.000760
0.003002
0.014656
0.000630
0.011230
0.008865
0.004017
0.009338
0.001159
0.018311
0.000890
-0.004372
0.013649
0.007595
0.009163
-0.012016
-0.011681
0.013344
-0.008553
-0.017761
0.009827
-0.013176
0.002327
0.003874
0.006195
-0.002134
0.000273
0.003237
0.000871
-0.009995
0.010887
0.019409
-0.012497
-0.012650
-0.013397
-0.002445
0.009674
0.011635
-0.000026
-0.002094
-0.004543
-0.014534
0.017044
0.002346
-0.000134
0.004845
0.014977
0.003979
0.001305
0.013474
0.021744
-0.005398
-0.032837
0.004513
0.009003
-0.017365
-0.003811
0.009827
-0.000266
0.004269
-0.017273
0.026505
0.005554
0.004017
0.005203
0.005817
0.004463
-0.001746
0.004456
-0.007130
0.005512
0.022278
-0.003286
-0.007381
-0.007008
0.005413
-0.000928
0.005608
-0.000232
0.015038
-0.009094
-0.026108
0.013992
0.000721
0.009216
-0.005905
0.000383
-0.009895
-0.010521
-0.004303
0.011009
-0.010010
0.009483
-0.002392
0.009666
-0.008629
0.018784
-0.004093
0.008530
-0.002991
-0.002851
-0.011070
0.009445
-0.011093
0.006645
-0.013481
0.011917
-0.020844
0.007458
-0.008705
0.004200
0.006134
0.004475
0.003231
0.010406
-0.008133
0.022995
0.006531
-0.008751
0.007526
0.007290
0.014961
0.020630
0.004856
0.007381
-0.020584
-0.001345
-0.000459
0.006077
0.006893
-0.008034
0.009079
0.000308
-0.004757
0.013351
-0.001718
0.012779
0.005276
-0.009491
0.003723
-0.006496
0.003960
0.005089
-0.012688
0.001365
0.003897
0.005459
-0.002357
0.007553
0.005913
0.016830
0.008598
-0.008743
-0.005947
-0.032623
-0.004314
-0.000947
-0.003193
0.003990
-0.002174
-0.003210
-0.006001
0.009483
-0.004955
-0.018311
0.001810
-0.017609
0.005260
0.007339
0.002110
0.007767
0.006824
0.008247
0.007469
0.007004
-0.024887
0.001671
-0.014389
-0.009132
0.000906
-0.001070
0.009926
-0.011635
0.004761
0.007641
-0.004463
-0.002674
0.004593
-0.022247
-0.002930
-0.011185
0.006298
-0.003906
0.014030
-0.003035
-0.010078
-0.018784
0.011566
0.003633
-0.008865
-0.004436
0.018723
-0.003500
0.003599
-0.005806
-0.014977
-0.002110
-0.002001
0.000498
-0.007187
-0.005222
0.000015
0.012520
0.000224
-0.005070
0.005840
0.002884
-0.006329
0.003311
-0.025574
-0.003618
0.010246
0.003906
0.014687
0.008636
-0.001241
0.002937
-0.012825
0.021515
0.026718
0.009819
0.005211
0.005417
0.009499
-0.008621
0.000301
-0.002718
0.000312
0.003096
-0.005798
0.004379
-0.000362
-0.004452
0.003904
-0.001071
0.002871
-0.019272
-0.004089
-0.002167
-0.006306
-0.000846
-0.019760
-0.008057
0.004185
0.013153
-0.004040
0.000437
0.018799
0.010590
0.017349
0.000782
-0.012230
0.004128
-0.000347
0.012825
-0.006023
0.001163
-0.000620
-0.006382
0.008141
-0.005100
0.008659
-0.002071
-0.008247
0.009056
0.004677
0.012566
0.016022
0.002277
0.013451
0.004753
-0.030548
-0.008865
0.009727
0.004372
0.020157
-0.009750
-0.010185
-0.001439
0.001059
-0.013672
-0.015930
0.011002
-0.002167
-0.002577
0.009277
0.016953
0.000437
0.003181
0.002424
0.006775
-0.005272
0.000033
0.009476
-0.001997
-0.002501
-0.008392
-0.007561
0.001060
-0.006908
-0.001800
0.009308
-0.010094
0.009773
0.014732
-0.010620
-0.006725
-0.007015
0.007133
0.002821
0.005264
-0.000175
-0.000414
-0.008804
0.008980
0.002642
-0.000724
-0.000538
0.018280
0.007000
-0.010269
0.009956
0.006218
-0.013931
0.002888
-0.003235
-0.000598
-0.005749
0.005394
-0.008728
0.005413
-0.012558
-0.005009
-0.008644
0.002426
-0.008217
-0.000446
-0.007679
0.003790
-0.000379
0.025055
0.000117
0.013168
-0.001645
-0.015930
-0.007790
0.000226
0.019714
0.004990
-0.002338
0.000605
-0.011765
-0.009476
-0.009026
-0.013100
0.001310
-0.011856
0.007488
-0.000571
-0.002714
0.007305
0.010925
-0.002462
0.008842
-0.008537
0.002460
0.007980
0.000036
0.007744
0.001376
0.009178
0.002769
-0.010132
0.016769
-0.013718
-0.004326
0.014572
0.000523
0.004433
0.008362
0.011597
-0.002155
-0.000739
0.000605
0.005085
0.015099
0.000065
-0.004055
0.005066
0.010292
0.004887
0.015388
0.000292
0.001993
-0.004566
0.003967
0.011971
0.007381
0.003773
0.001561
0.001833
0.002337
0.006184
-0.008186
-0.001628
-0.000248
-0.001934
0.007149
0.003016
-0.004837
-0.004326
-0.008560
-0.001114
0.001760
0.002357
-0.008125
-0.007980
0.001991
-0.012047
0.017624
0.014999
0.009033
0.001117
0.022736
-0.001188
-0.000123
-0.007572
0.003408
-0.012749
0.002333
0.006462
-0.000520
-0.012146
0.010933
-0.015182
0.004337
-0.007263
0.011902
-0.001910
-0.003754
0.007015
-0.014832
-0.001250
0.018173
0.013237
0.004509
0.008644
0.001835
0.007298
-0.005367
0.011230
-0.008614
0.004662
0.007988
-0.001200
-0.005138
-0.001963
-0.007305
-0.001884
0.013626
-0.017609
0.007366
-0.014397
0.012978
0.003357
0.004093
0.015236
0.013756
0.006069
0.013069
-0.009598
0.005859
-0.003363
0.005878
0.002153
0.013283
-0.004234
-0.009277
0.011116
0.005829
-0.015625
0.011734
-0.008713
0.008492
0.000091
0.005726
0.004215
0.016785
0.001009
-0.012711
0.001816
-0.010353
0.007797
-0.000252
0.001720
0.003384
0.011726
0.013069
0.003874
-0.006531
-0.004108
0.017380
-0.000336
-0.018387
-0.003460
0.002018
0.005722
-0.001395
0.006199
-0.032898
0.006317
-0.004154
0.004589
-0.008537
-0.016739
0.004265
-0.006973
0.010971
0.002823
0.001162
0.025925
0.013062
0.001694
-0.003601
0.004227
0.003384
-0.006714
-0.020996
-0.011330
-0.002020
0.007393
-0.007942
-0.010757
-0.017395
0.001488
0.010818
0.005821
0.001451
0.009232
-0.002241
0.005466
0.000237
0.015587
-0.014450
0.002638
0.022339
-0.025955
-0.021057
0.021545
0.002865
-0.005028
-0.020844
0.005371
0.003428
0.002934
0.010162
0.007980
0.011421
-0.023087
0.001854
-0.016968
0.012299
0.015472
0.007210
0.000767
-0.001264
0.006493
-0.004807
0.014458
0.000070
0.008476
0.003944
-0.002800
0.000512
0.007256
-0.003660
-0.005844
-0.010582
-0.001968
-0.019135
-0.006580
-0.001756
0.007492
0.014893
-0.008369
0.002110
0.004517
-0.016052
-0.004795
0.017807
-0.003012
0.002806
-0.009949
0.000173
0.008385
0.000461
-0.001422
-0.000479
-0.015732
-0.008293
0.007683
0.004112
-0.007187
-0.004654
0.007038
0.011932
-0.016632
0.018723
-0.005825
-0.015518
0.003231
-0.001424
0.005440
0.014420
0.017059
0.005962
0.005772
0.008011
0.003490
-0.001032
-0.004189
-0.020050
-0.007103
-0.006031
-0.010109
-0.004230
0.007263
-0.001555
-0.012711
-0.000495
0.020874
-0.010361
-0.003468
-0.001008
0.008888
-0.014175
-0.013489
-0.002941
0.002365
-0.000293
0.014854
-0.003094
0.014465
-0.009636
-0.010384
0.005058
-0.003895
-0.004463
-0.002529
-0.002291
-0.005119
0.003712
-0.009430
-0.003214
0.008987
0.003153
-0.004421
-0.002645
0.004211
-0.011040
0.002403
-0.007263
-0.011986
0.015656
0.005482
0.017822
0.012360
-0.001767
-0.009117
0.002367
0.018433
0.006664
0.003483
0.002672
-0.003134
-0.004505
0.005848
0.006977
-0.002748
0.008797
-0.017899
0.000350
-0.004810
-0.010139
-0.003313
0.014313
0.004189
0.002895
0.004768
0.002930
0.001317
-0.000142
0.001132
0.010780
0.010361
-0.006905
-0.005177
0.001959
-0.001431
0.008133
-0.012268
-0.007919
0.010704
0.009834
-0.003500
0.003599
-0.005806
-0.014977
-0.002110
-0.002001
0.000498
-0.007187
-0.005222
0.000015
0.012520
0.000224
-0.005070
0.005840
0.002884
-0.006329
0.003311
-0.025574
-0.003618
0.010246
0.003906
0.014687
0.008636
-0.001241
0.002937
-0.012825
0.021515
0.026718
0.009819
0.005211
0.005417
0.009499
-0.008621
0.000301
-0.002718
0.000312
0.003096
-0.005798
0.004379
-0.000362
-0.004452
0.003904
-0.001071
0.002871
-0.019272
-0.004089
-0.002167
-0.006306
-0.000846
-0.019760
-0.008057
0.004185
0.013153
-0.004040
0.000437
0.018799
0.010590
0.017349
0.000782
-0.012230
0.004128
-0.000347
0.012825
-0.006023
0.001163
-0.000620
-0.006382
0.008141
-0.005100
0.008659
-0.002071
-0.008247
0.009056
0.004677
0.012566
0.016022
0.002277
0.013451
0.004753
-0.030548
-0.008865
0.009727
0.004372
0.020157
-0.009750
-0.010185
-0.001439
0.001059
-0.013672
-0.015930
0.011002
-0.002167
-0.002577
0.009277
0.016953
0.000437
0.003181
0.002424
0.006775
-0.005272
0.000033
0.009476
-0.001997
-0.002501
-0.008392
-0.007561
0.001060
-0.006908
-0.001800
0.009308
-0.010094
0.009773
0.014732
-0.010620
-0.006725
-0.007015
0.007133
0.002821
0.005264
-0.000175
-0.000414
-0.008804
0.008980
0.002642
-0.000724
-0.000538
0.018280
0.007000
-0.010269
0.009956
0.006218
-0.013931
0.002888
-0.003235
-0.000598
-0.005749
0.005394
-0.008728
0.005413
-0.012558
-0.005009
-0.008644
0.002426
-0.008217
-0.000446
-0.007679
0.003790
-0.000379
0.025055
0.000117
0.013168
-0.001645
-0.015930
-0.007790
0.000226
0.019714
0.004990
-0.002338
0.000605
-0.011765
-0.009476
-0.009026
-0.013100
0.001310
-0.011856
0.007488
-0.000571
-0.002714
0.007305
0.010925
-0.002462
0.008842
-0.008537
0.002460
0.007980
0.000036
0.007744
0.001376
0.009178
0.002769
-0.010132
0.016769
-0.013718
-0.004326
0.014572
0.000523
0.004433
0.008362
0.011597
-0.002155
-0.000739
0.000605
0.005085
0.015099
0.000065
-0.004055
0.005066
0.010292
0.004887
0.015388
0.000292
0.001993
-0.004566
0.003967
0.011971
0.007381
0.003773
0.001561
0.001833
0.002337
0.006184
-0.008186
-0.001628
-0.000248
-0.001934
0.007149
0.003016
-0.004837
-0.004326
-0.008560
-0.001114
0.001760
0.002357
-0.008125
-0.007980
0.001991
-0.012047
0.017624
0.014999
0.009033
0.001117
0.022736
-0.001188
-0.000123
-0.007572
0.003408
-0.012749
0.002333
0.006462
-0.000520
-0.012146
0.010933
-0.015182
0.004337
-0.007263
0.011902
-0.001910
-0.003754
0.007015
-0.014832
-0.001250
0.018173
0.013237
0.004509
0.008644
0.001835
-0.002459
0.007828
0.025650
-0.005177
0.007763
-0.008667
-0.000248
-0.011917
-0.004768
0.000153
-0.002316
-0.017456
0.009140
-0.006306
0.010391
0.005527
-0.002659
0.015572
0.013718
0.014229
0.007767
0.013847
-0.008270
-0.006557
0.001662
-0.005100
-0.009392
0.010086
0.002996
-0.006630
0.019363
0.005890
-0.014565
0.002283
0.010216
0.002369
0.007233
-0.001438
0.016998
0.006626
0.017044
-0.003353
0.001760
-0.000442
-0.004066
0.000684
0.011261
0.017929
-0.000652
0.000946
0.010635
-0.005363
-0.012962
-0.005138
-0.005581
-0.011848
-0.010567
-0.000907
-0.002859
0.003523
-0.000521
-0.022736
-0.009338
-0.005810
0.005985
0.011253
-0.008133
-0.011696
-0.012138
0.008850
0.007248
0.012344
0.008667
0.001708
-0.009567
-0.003338
0.004143
-0.006645
0.002405
0.012039
-0.016769
-0.007008
-0.005322
-0.017395
0.004181
-0.002182
-0.008759
-0.003798
0.005394
0.007339
0.015121
0.000713
-0.007233
-0.004444
-0.009560
-0.008347
0.003342
-0.018982
-0.001665
0.002655
0.002068
-0.004608
0.002958
0.018723
0.003819
-0.008720
0.006119
0.008141
-0.013222
-0.000992
0.001353
0.001520
-0.014801
0.014809
-0.010124
0.001946
-0.004745
0.002832
-0.005131
0.014793
-0.006241
-0.002623
0.007919
0.004379
-0.011497
-0.007614
0.005932
-0.009048
0.003078
-0.005127
-0.013397
0.006351
0.013504
-0.007050
-0.008224
0.007111
-0.006706
0.010590
-0.012505
-0.004272
-0.014297
-0.010895
0.005894
-0.005219
0.004227
0.000539
-0.013664
0.012177
-0.007504
-0.012337
-0.002098
0.010292
-0.002230
-0.003176
-0.008072
-0.008064
0.000819
0.010193
-0.000352
0.017883
0.007504
0.011078
0.012215
-0.001450
0.009880
0.000538
0.013687
0.012291
0.022827
0.012024
-0.008484
-0.012634
0.004642
-0.008904
0.011726
0.000909
0.004467
0.003706
-0.018112
0.011818
0.003574
-0.002159
0.003105
-0.005981
-0.017517
-0.006054
0.004627
-0.024612
0.017838
0.014305
-0.012764
-0.000663
-0.012901
0.012283
0.019592
-0.002230
0.003851
0.005966
-0.001965
-0.002707
-0.002972
0.001168
-0.000093
0.008331
0.015991
-0.000183
0.020065
0.008163
-0.004417
0.009132
0.019028
-0.008102
0.012505
0.005211
-0.001828
0.008835
-0.001247
0.001074
-0.000723
0.006477
0.004848
-0.003487
0.000174
0.004570
0.005089
0.029785
-0.000570
0.003637
-0.003696
-0.008675
0.009193
0.002472
0.018707
-0.012482
0.003277
0.022522
0.025681
0.003872
0.017731
0.004753
0.023987
0.021271
-0.004002
0.008514
0.014565
0.006073
0.002680
0.010727
-0.005085
-0.011177
-0.012321
0.003809
0.007530
0.007515
-0.000002
0.000035
-0.004978
0.007866
-0.010948
-0.004612
0.006432
0.000657
0.014877
-0.002243
0.000197
0.009537
0.006168
0.008980
-0.011292
0.001744
-0.005325
0.019623
0.009659
0.006306
0.001351
0.007221
0.002478
0.014725
-0.007149
-0.006752
0.010422
-0.003941
-0.002102
0.011368
-0.012627
0.010551
0.005238
-0.008415
-0.009018
-0.000929
-0.020386
-0.003313
-0.005001
0.003611
0.003244
0.004597
-0.008995
-0.003189
-0.001124
-0.016571
0.000170
-0.010628
0.000763
-0.005215
-0.005291
0.002783
0.001739
0.000097
-0.021835
0.015793
0.004200
-0.005112
0.001197
0.012794
-0.001820
-0.008522
0.014183
-0.010521
0.003626
0.008949
0.004059
0.014145
-0.003361
0.007759
0.010101
-0.006676
0.017365
-0.003832
0.020172
0.031494
-0.003666
-0.013901
-0.004772
-0.008316
0.001691
-0.007481
-0.005085
-0.000071
0.004314
-0.005920
-0.012215
0.001041
0.006176
-0.011604
-0.002014
-0.008080
0.011818
0.009621
-0.004982
-0.005260
0.015450
0.002323
0.010704
0.002453
0.014427
-0.008781
0.001897
0.008804
0.003172
0.004265
-0.011497
-0.006557
-0.002581
0.000885
0.002132
-0.004436
-0.000286
-0.016953
-0.006012
0.005215
0.005379
-0.010735
-0.019531
0.006630
-0.013626
-0.001218
-0.016266
0.004276
0.006229
0.001191
0.006252
-0.005161
-0.000446
-0.012985
0.017899
-0.003609
-0.006596
0.007233
0.006901
0.001255
-0.001089
0.009949
-0.004025
0.010994
0.002039
0.002562
-0.013481
-0.006531
-0.001625
0.006447
-0.000113
0.004173
-0.019730
-0.006176
-0.014542
0.013466
-0.009659
-0.006516
0.000682
-0.021332
0.005436
-0.001863
0.003223
0.000466
0.000024
0.012794
0.006283
0.004925
-0.012314
0.012672
0.008263
-0.014168
0.017090
-0.003534
-0.000700
0.010765
0.016556
-0.002295
-0.013191
-0.002203
0.003527
0.003811
-0.001221
0.002363
0.002777
-0.016235
-0.008705
-0.000089
-0.001308
-0.014282
-0.005207
-0.023453
-0.018997
-0.005402
0.026260
-0.006466
-0.003468
0.000842
0.001862
-0.004105
0.013161
0.013489
0.002808
0.002960
0.002697
-0.015686
0.002029
0.004627
0.002455
-0.004147
0.006374
0.011261
0.007702
-0.003538
0.004417
-0.007652
0.006172
-0.008247
0.000448
-0.001053
0.006241
0.008919
0.003805
-0.009598
-0.016068
0.000476
0.016937
0.019272
0.005142
0.010361
0.002939
0.005596
0.008919
0.002897
0.009239
0.006050
0.005005
0.001721
-0.006622
0.013084
0.009804
-0.009094
0.006916
0.003302
0.017654
0.013466
0.012260
0.008514
0.012138
-0.017059
-0.002172
0.007973
-0.005035
-0.000787
0.008652
0.001555
0.009209
-0.008934
0.013359
-0.004642
0.004505
-0.002945
-0.008797
-0.007446
0.013847
-0.018021
-0.009300
-0.003153
0.021835
0.000403
-0.002769
0.007072
-0.014870
0.011467
0.004173
0.016144
-0.014259
0.013779
0.008759
-0.000919
-0.011765
0.015823
-0.008629
0.001042
0.004681
0.007935
-0.013100
0.014618
0.026138
0.012550
-0.005203
0.006481
0.004776
0.005772
0.014183
-0.017120
-0.000652
-0.005260
0.011551
-0.013435
0.000603
0.007328
-0.013062
0.002562
-0.002052
0.023010
-0.009544
0.006012
-0.003853
-0.000417
-0.000979
-0.007545
-0.000587
0.014740
-0.003136
-0.005051
-0.007805
-0.008247
0.007469
-0.004738
-0.013512
0.001782
0.014816
-0.010323
0.003956
0.009842
-0.000145
-0.009102
-0.006683
-0.003860
-0.010063
-0.003693
-0.017029
0.004913
-0.002119
0.012833
-0.007973
-0.007229
-0.019302
0.000118
0.000198
-0.005920
-0.004673
0.001566
0.018967
0.007507
-0.004650
-0.018585
0.005310
-0.014954
0.015350
0.006599
-0.003691
-0.025330
0.001153
-0.007721
0.006767
0.002031
-0.016449
0.008148
-0.006649
0.005085
-0.012398
-0.012199
-0.008392
-0.001207
0.011330
-0.000391
-0.008034
0.006023
0.009445
0.013115
-0.013084
0.012077
0.000941
0.000626
0.007240
0.011421
-0.000238
-0.003536
-0.000429
-0.006580
-0.022659
0.007664
-0.013275
-0.003723
-0.000057
-0.019943
-0.008987
0.002777
-0.017075
0.001440
0.002886
-0.008713
-0.006458
0.007675
0.024155
-0.009460
0.011528
-0.000708
0.004025
0.002808
0.001788
0.006535
0.010841
0.017380
0.015930
-0.007454
-0.012856
0.007320
-0.012093
0.005440
-0.001234
-0.003767
-0.000052
-0.011925
-0.001431
0.006207
0.022293
0.009674
-0.020065
0.009041
-0.000566
0.004192
-0.008247
-0.008003
-0.015526
-0.002750
0.003122
0.008827
-0.023071
-0.011597
0.015526
0.001677
-0.001315
0.009460
-0.000924
-0.007896
0.011276
0.005505
-0.002384
-0.001880
0.011368
-0.010841
-0.007828
0.004791
0.010902
0.012360
0.008614
0.002697
0.004372
0.005512
0.005196
0.004738
0.023605
0.007645
-0.003687
-0.001101
-0.014954
-0.005322
-0.006332
-0.006790
-0.008789
-0.019699
-0.010460
-0.002539
-0.010704
-0.003807
0.002304
0.006683
0.021408
0.012451
-0.009750
-0.011993
0.004738
-0.001755
0.008362
0.003746
0.000444
0.000258
0.007927
0.003761
-0.012047
-0.011223
0.002193
0.001105
-0.008354
0.001925
0.006451
0.002296
-0.001664
-0.001563
0.024078
-0.001309
-0.002224
0.006519
-0.005733
0.000484
0.021378
0.001559
-0.007576
0.003857
-0.001403
-0.012863
-0.009224
-0.012253
-0.007198
-0.007454
-0.001498
-0.000883
-0.000052
-0.002630
0.011856
0.012894
-0.017914
0.002483
-0.000862
-0.019150
0.012001
-0.000264
-0.006756
-0.003693
0.004105
0.005833
0.009872
-0.010666
0.009659
-0.010162
-0.007092
0.014168
0.007652
0.010956
-0.015343
-0.018295
0.002048
-0.002577
0.013840
0.014267
0.008965
-0.004993
-0.002657
0.002693
-0.009270
-0.014671
-0.006088
0.005604
0.005615
0.008324
0.003008
-0.003859
0.006920
0.009674
-0.006523
0.025909
0.005646
0.001016
0.000577
-0.016937
0.002489
-0.005730
0.000386
0.010841
0.011360
-0.006630
-0.012627
-0.010826
-0.008003
-0.004707
-0.009178
-0.002106
0.005878
-0.013519
-0.006821
-0.003370
0.006771
-0.012245
0.002335
-0.003998
0.013649
0.007118
-0.008774
0.003187
-0.008095
-0.008133
-0.006916
-0.022293
-0.004108
-0.001999
-0.008972
0.012383
-0.010468
-0.000712
-0.000856
0.019684
-0.000024
-0.001028
-0.004139
0.013023
0.000464
0.014709
-0.019302
0.022156
0.003975
-0.011971
0.000803
-0.008675
-0.015480
0.003510
0.021912
0.007927
-0.018829
0.008743
0.000903
0.018509
0.007500
0.007896
0.006561
0.006130
-0.009758
0.006882
0.006664
-0.004326
-0.001040
-0.012527
0.025574
-0.009758
0.012474
-0.013725
0.008858
-0.004272
0.002472
-0.009262
0.016098
0.008400
0.017120
0.008980
-0.007889
0.001623
0.029770
-0.005585
0.008995
0.008926
-0.005833
-0.003393
0.003483
-0.012421
0.000677
-0.010338
0.001406
-0.001222
-0.001370
0.014732
0.008827
-0.007912
-0.015190
-0.010841
-0.000601
0.000054
0.000860
0.005611
0.000645
-0.016159
0.004471
0.005978
0.003769
0.009216
-0.000008
-0.005989
0.005531
0.009079
-0.002216
0.002094
0.003073
-0.016525
-0.006458
0.005589
-0.007595
-0.010124
-0.001010
-0.005676
-0.005188
0.000048
0.000452
0.003225
-0.011253
-0.009377
0.008987
-0.007912
-0.023178
-0.002300
0.018219
0.001366
-0.012680
0.008545
-0.002607
-0.008263
0.007530
0.009506
-0.008018
0.002062
-0.003195
0.008636
-0.012749
0.001186
0.027466
0.004860
-0.010330
0.002327
0.005032
-0.000256
0.004322
0.002766
-0.001520
0.010971
-0.000074
-0.007614
0.000976
0.000439
0.013107
-0.001213
0.007057
-0.007259
0.009590
0.013725
-0.007896
0.009460
0.008141
0.005383
-0.014809
-0.008141
0.007320
-0.013702
0.006458
0.007156
0.003269
-0.011826
0.004967
0.003630
-0.005058
-0.013161
0.014168
0.010117
0.004051
0.009880
-0.015076
0.003929
0.002790
-0.000418
0.002943
-0.004028
-0.017899
0.015808
0.004551
-0.013969
0.003748
0.019424
-0.012321
0.011505
0.013153
0.001412
0.002657
-0.014557
-0.007721
0.000472
-0.002831
0.004887
-0.000405
-0.006241
-0.003153
0.009727
-0.013542
0.014069
-0.014580
0.003752
0.006454
-0.001219
-0.013771
-0.010735
-0.008102
0.011345
0.008438
-0.005501
0.006008
-0.006134
0.004486
0.002918
-0.014763
0.000847
-0.012024
0.003363
0.000078
0.004360
-0.009682
-0.006145
-0.017181
0.011528
-0.005375
0.014229
0.017639
0.018341
0.006073
-0.001067
-0.005611
0.000387
0.019638
0.020737
0.017929
0.004379
-0.003717
-0.008827
0.007301
-0.003069
-0.007282
0.001350
0.002972
-0.006214
-0.006138
0.007668
-0.000792
-0.000013
-0.012459
-0.004639
-0.004429
-0.012642
0.001205
0.006718
0.001410
-0.000317
0.001463
-0.005356
0.015327
-0.000680
-0.013130
-0.021042
-0.005753
0.018982
0.019974
0.000821
0.001907
0.011230
0.007114
0.003492
-0.003616
0.010109
-0.011070
-0.007175
-0.004936
-0.012520
-0.001415
0.008759
-0.007576
-0.006943
0.002491
0.000333
-0.012077
-0.006519
-0.005577
-0.000546
0.012779
0.018188
-0.006668
-0.010399
-0.012100
-0.003752
0.004768
0.005318
-0.016022
0.013702
-0.006779
-0.009819
0.010849
-0.011856
0.001365
-0.021957
0.004383
0.009575
0.027176
-0.012505
-0.002079
-0.019363
0.019287
-0.001732
0.005409
0.003561
0.011871
-0.000335
-0.004711
-0.000871
0.016998
0.005611
0.020111
-0.016556
0.007576
0.004112
-0.009323
-0.003223
0.007801
0.006626
0.004261
0.005287
0.005039
-0.008835
0.007271
-0.003796
-0.004330
0.020386
-0.015236
0.016907
0.010117
0.007652
0.012505
-0.003170
-0.014557
-0.003914
-0.004498
0.003216
0.006065
0.004082
0.015945
-0.004311
-0.007919
-0.003971
-0.008385
-0.001561
-0.009872
-0.017639
-0.006680
-0.008980
-0.002033
-0.015419
0.012581
-0.014351
-0.000728
0.000029
0.004665
0.007084
0.000846
0.014999
0.006172
0.010429
-0.005753
-0.022705
-0.006222
-0.015556
-0.002079
0.013306
0.016190
-0.003622
0.002312
0.002197
0.005619
0.002623
0.001913
0.002483
0.000728
0.001968
0.001677
0.002237
-0.010269
0.010078
-0.002743
0.002636
0.003910
0.014252
-0.007599
0.001059
-0.001328
-0.007416
0.002653
0.002983
0.002907
-0.014473
0.008209
-0.009087
-0.001479
0.008698
0.000790
-0.005611
-0.010254
0.013695
0.009499
0.001563
-0.018066
-0.003714
0.013519
-0.011879
0.022400
-0.013206
0.000497
-0.016785
0.004639
0.000165
0.010712
0.001016
0.009827
0.016785
-0.006351
-0.026489
-0.014359
-0.007488
-0.007298
0.000720
-0.000496
-0.006588
0.006641
-0.002171
0.000339
0.009995
0.005444
-0.000407
0.009842
0.000108
-0.002253
-0.006859
-0.003099
-0.005150
0.014046
0.008095
-0.003300
0.013374
0.002665
0.000679
0.010323
-0.004230
-0.008034
0.001092
-0.011864
-0.000940
0.000547
0.003078
0.003727
0.001727
0.013321
0.004986
-0.003094
-0.009010
0.023010
-0.002724
0.001420
-0.001085
0.003685
-0.016266
-0.006058
0.002186
-0.006184
-0.008949
-0.009186
-0.001190
-0.017181
0.010361
0.016190
-0.009102
-0.004906
0.014908
0.011963
-0.003630
-0.014603
-0.014969
0.013176
0.003405
0.004276
-0.006268
-0.001511
0.002789
0.006424
0.001450
-0.009552
-0.005127
0.004612
0.015671
-0.001989
0.005493
-0.001061
0.008163
-0.010994
0.002798
0.005157
0.009033
-0.001921
0.001835
-0.017029
0.000276
-0.007599
0.020248
0.001799
-0.001150
0.003071
-0.023010
-0.005157
-0.011307
0.006283
-0.011482
-0.007305
0.023972
0.002619
0.002432
-0.003782
0.010605
0.014854
-0.000525
-0.003567
0.000559
0.007881
-0.012108
0.009613
0.010651
0.001589
-0.003054
-0.001103
-0.004009
-0.010208
0.018555
0.009499
-0.003817
-0.012054
0.003809
0.007137
0.001296
-0.005745
-0.010742
-0.006153
-0.009407
-0.006382
-0.019531
-0.004883
-0.007069
-0.007095
0.003426
-0.003700
-0.010887
-0.016037
-0.005814
0.001657
-0.012489
0.008606
0.006653
-0.008774
0.014000
-0.014565
0.003717
0.001035
-0.008644
0.010605
0.003548
-0.016678
-0.004646
-0.000981
0.010757
-0.012260
0.006569
-0.007851
-0.021866
-0.008461
-0.005608
0.011635
-0.017822
-0.020142
0.006802
-0.003567
0.001823
0.003410
0.002314
-0.004135
0.001034
-0.013786
-0.002594
0.014198
0.012184
-0.014214
0.017319
-0.001032
0.008850
0.006256
-0.009377
0.003906
0.004742
0.009094
-0.019440
-0.013168
0.006580
-0.003279
-0.011932
-0.013863
0.017700
0.000853
-0.004551
-0.019073
-0.014633
-0.002670
-0.010468
0.011086
-0.016922
0.007790
0.001498
0.005863
-0.002623
0.010315
-0.011040
0.006462
-0.008347
-0.010635
0.015762
-0.003817
0.008263
0.009903
-0.002832
-0.005775
0.002876
0.014259
0.003922
0.007175
-0.005733
-0.001348
0.011711
-0.002998
0.008781
-0.003241
-0.000948
-0.015465
-0.004944
-0.000469
-0.002048
0.001326
0.007374
0.002649
-0.007702
-0.008553
-0.003067
-0.023849
-0.018112
0.012199
0.002001
0.009407
-0.006416
0.011452
-0.013977
0.003284
-0.016296
0.000998
-0.016556
-0.008881
0.001649
-0.006340
-0.022644
0.017380
0.013611
-0.004585
-0.014999
-0.007088
0.010117
0.009872
-0.016449
0.008583
0.011459
0.002529
-0.008316
-0.011398
-0.010590
0.014450
0.013748
0.007694
-0.000272
-0.001026
-0.000124
0.002691
0.010170
-0.012009
-0.007385
-0.007442
-0.000076
0.011162
0.022263
0.022018
-0.008904
-0.018097
-0.024750
0.019226
0.004639
0.014778
0.027863
-0.003405
0.013428
-0.006252
-0.010582
0.005699
0.001355
-0.016434
0.004612
0.024567
-0.011223
0.012566
0.005791
-0.001820
0.010071
0.019974
0.000823
0.003000
-0.015793
0.000645
-0.016678
0.005093
-0.004086
0.010796
-0.010185
0.000777
-0.003454
0.007324
0.008698
-0.004116
-0.005230
0.017303
0.006817
0.006683
-0.013321
-0.002022
0.019318
-0.001963
0.011055
-0.011650
0.003752
0.002203
-0.010406
-0.005058
0.002954
0.010414
-0.014709
-0.016678
0.017212
-0.001873
0.025574
0.016449
0.001434
0.004223
-0.003551
-0.008507
-0.000121
-0.000364
-0.002022
0.005413
0.013184
-0.004349
0.016174
0.011703
0.009636
-0.002319
-0.006924
0.001369
-0.003269
0.001751
0.014252
-0.009300
0.016495
-0.001483
-0.005604
0.009254
-0.003244
-0.017212
-0.005802
-0.009666
-0.007275
-0.006958
-0.006546
0.008331
0.010803
-0.000991
-0.014046
-0.007889
-0.013260
-0.004417
0.009109
0.000800
0.002377
-0.001195
0.000648
-0.001379
0.004574
0.006546
0.004459
-0.010536
-0.003336
-0.007298
0.003824
-0.014107
0.007027
0.013947
0.004566
-0.007145
0.001475
-0.009453
-0.001056
0.002623
-0.002529
-0.010727
-0.007679
0.022888
0.001961
-0.005981
-0.018845
0.012291
-0.010857
-0.004631
-0.013878
0.010178
0.005775
-0.007469
-0.000891
0.008736
-0.006458
0.002060
-0.009682
0.000007
-0.012169
0.010941
0.000600
-0.004944
0.006771
0.015884
0.008522
0.013039
0.010918
0.013321
-0.009651
0.009209
-0.020660
0.020309
0.006905
0.008972
-0.002056
-0.006184
0.005745
-0.006981
-0.014870
0.012756
0.007477
-0.004326
0.001789
0.004414
0.006519
-0.010872
0.009354
0.007278
0.008286
0.008293
-0.001360
0.010605
0.000666
-0.003170
0.000330
0.000859
0.016144
-0.002506
0.009163
0.007526
-0.009651
0.011078
-0.012505
-0.000414
0.015869
0.001972
-0.006119
-0.011749
-0.005470
0.002609
0.009743
0.003279
-0.002661
-0.006695
0.006939
0.003408
-0.009308
0.000397
0.011597
0.015640
0.001580
-0.004089
0.014648
0.015778
0.000148
0.001308
-0.006241
0.013237
0.000681
0.012764
-0.001872
0.012825
-0.009048
0.010857
0.005993
0.000638
0.012878
0.004097
-0.006618
0.009186
-0.005283
0.016815
0.007828
0.006577
0.034271
0.001776
0.006165
0.006832
0.001149
0.013229
0.000151
0.009598
-0.013214
-0.011604
0.002226
0.007111
-0.007927
0.002377
-0.012070
0.009590
-0.003782
0.001261
-0.006878
-0.005936
0.021530
0.008980
0.010353
-0.013680
0.004387
-0.000616
0.010559
-0.020386
0.018036
0.012558
0.003979
0.005722
-0.020996
-0.031647
-0.003876
0.012535
0.007755
0.010338
0.007523
-0.000176
0.007889
0.006886
-0.000146
0.002571
-0.003546
0.004875
-0.012871
-0.015991
-0.016312
0.010490
-0.001649
-0.001123
-0.000992
-0.002495
-0.006023
0.027145
0.000909
-0.006310
-0.002068
0.000242
-0.005531
-0.009270
-0.011749
0.017990
0.001494
0.006058
-0.019104
0.000487
-0.001661
0.011787
0.010735
-0.004734
0.013618
-0.006714
0.002325
0.005951
-0.002851
-0.007114
-0.011513
-0.002468
-0.006420
0.002739
0.005569
0.004539
-0.009079
-0.009644
-0.002396
-0.003036
0.015297
-0.001965
-0.000472
0.002266
0.009155
0.013168
0.019714
-0.002253
-0.002604
-0.000440
0.009483
0.000063
-0.008423
0.007744
-0.000344
0.000669
-0.007740
0.017731
0.007935
0.002504
0.008476
0.012917
-0.001854
-0.016830
-0.000587
0.009171
0.008652
0.018112
-0.008049
-0.008629
-0.005718
-0.002514
0.011841
0.010017
-0.012489
-0.002758
0.007786
0.002615
0.006668
-0.006363
-0.005947
-0.017899
-0.000947
-0.001073
-0.001266
0.014511
0.000767
0.000724
0.010651
0.008606
0.008293
-0.008865
-0.016876
-0.000489
0.000910
0.000835
0.020706
0.010498
-0.004681
0.011383
-0.002651
-0.009872
0.010536
-0.012695
0.005066
-0.005672
0.013702
-0.002510
0.011658
0.011269
0.000134
0.002602
-0.003647
0.010735
-0.017899
0.006706
0.016907
-0.001950
-0.007950
-0.011307
0.003775
0.009529
0.015465
-0.006115
0.010536
0.005543
-0.002752
-0.013771
0.002489
-0.002577
0.018829
0.021378
-0.021515
0.005157
0.015175
0.014717
-0.015503
0.015358
0.004734
0.001483
-0.006859
0.005474
-0.007809
0.012863
-0.008156
0.016068
-0.010994
-0.009903
-0.004105
0.003393
0.010170
-0.012726
0.003386
0.016891
0.004204
-0.003784
0.013115
0.001382
-0.011169
-0.009987
-0.012833
-0.004807
-0.011574
-0.008827
-0.007835
-0.008865
0.007561
0.007332
0.000397
-0.016479
-0.020447
0.012733
-0.001783
-0.012489
-0.015991
0.013130
-0.005711
-0.005878
0.011520
0.000970
-0.005455
0.001997
-0.010750
0.002399
-0.001056
0.005505
-0.004173
-0.004498
-0.020294
0.008148
-0.003326
0.010567
0.009277
-0.023453
0.000207
-0.012207
0.008240
0.006012
-0.007389
0.013168
0.008904
-0.001401
-0.007530
0.010330
0.006252
-0.005856
0.002382
0.009453
-0.009781
-0.003576
-0.002705
-0.014816
0.004768
0.013412
-0.009651
0.013168
-0.005749
0.009827
-0.003607
0.005733
0.019058
-0.013756
-0.004246
-0.003452
0.004093
0.003139
0.021881
-0.005333
0.009743
-0.008766
-0.003105
0.002941
0.002384
0.006157
0.003433
0.000353
-0.008240
0.005501
-0.000330
-0.012154
0.016068
0.008537
0.002075
-0.010956
0.015106
0.012314
-0.004295
-0.017685
0.000082
-0.012291
0.006092
-0.022263
-0.019012
-0.000698
0.009087
0.000423
-0.016769
-0.000157
0.005455
-0.015457
-0.003624
0.004662
-0.002365
-0.006622
-0.010414
0.016022
0.012131
-0.001765
0.001876
-0.003674
0.016464
-0.008842
0.009529
0.009018
-0.010025
0.007107
-0.016907
-0.005077
-0.014412
0.012428
-0.012474
0.000466
0.008392
-0.000279
-0.000518
0.004337
-0.001937
0.002705
0.000703
0.011116
-0.001517
-0.008377
0.005989
0.006821
-0.011993
-0.011269
-0.004185
0.007950
0.004318
-0.008415
-0.004593
0.004704
0.015373
-0.013618
-0.011810
-0.007557
0.001875
0.000350
0.000892
0.002823
0.000930
0.008904
0.016098
-0.006458
-0.001284
-0.005287
0.002548
-0.012238
0.014084
-0.003817
0.005573
-0.000100
-0.005295
0.012962
-0.006439
-0.003452
0.010864
-0.002398
-0.015068
-0.005562
0.006866
0.004761
0.010323
0.002686
-0.010963
0.003429
0.002342
0.002972
-0.011162
0.003006
-0.008438
0.004932
-0.006496
-0.002260
-0.000921
0.008629
-0.010445
-0.009300
0.000182
0.006519
0.006248
0.001506
-0.008133
0.009277
0.016708
0.001307
0.006332
-0.004375
0.014999
0.005779
-0.000224
-0.007038
-0.000654
0.002218
0.005520
-0.003017
-0.009300
-0.003189
-0.013428
-0.001065
0.004311
0.004070
-0.002577
0.008568
-0.010017
-0.009178
0.012749
-0.009163
0.011581
0.014565
-0.012138
-0.010803
0.006912
-0.002235
0.007690
0.023224
-0.004917
0.018845
0.036835
-0.007172
-0.005444
0.010628
-0.000325
-0.011940
0.008728
-0.005596
-0.004444
0.009827
-0.013069
0.002905
-0.009605
0.006737
0.012589
-0.018326
0.013779
0.009285
0.015839
0.000660
-0.006054
-0.001890
-0.005203
-0.022766
0.001447
0.004059
-0.010002
0.014420
0.000131
0.004696
0.020157
-0.002195
-0.004147
0.007797
-0.012016
-0.006039
-0.023254
0.013580
0.005627
-0.006226
0.013176
0.001947
0.002712
0.009087
-0.024887
0.011292
-0.010368
0.002312
-0.001127
-0.006992
0.019180
0.006584
0.008377
-0.006927
-0.016083
-0.015175
-0.004616
-0.009369
0.001575
-0.003376
0.006538
-0.002346
-0.017807
-0.020248
0.006458
-0.011002
0.001746
-0.008430
-0.000858
0.004684
-0.010361
0.001616
-0.023346
0.002205
0.000526
-0.009712
0.003458
0.001566
0.007805
0.002127
0.002878
0.008980
-0.014091
-0.003241
-0.003361
0.016113
0.008026
-0.001633
-0.003716
0.016205
0.009590
0.001187
0.001908
0.009956
0.007912
0.018417
-0.006702
-0.000702
0.001364
-0.018021
0.016632
0.001204
-0.004551
-0.005398
-0.005322
-0.006180
0.011703
-0.007187
-0.012138
-0.001107
-0.000711
0.008163
-0.005238
-0.006298
0.004898
-0.006668
0.002930
0.001215
-0.002050
-0.013199
-0.001114
0.007298
-0.005367
0.011230
-0.008614
0.004662
0.007988
-0.001200
-0.005138
-0.001963
-0.007305
-0.001884
0.013626
-0.017609
0.007366
-0.014397
0.012978
0.003357
0.004093
0.015236
0.013756
0.006069
0.013069
-0.009598
0.005859
-0.003363
0.005878
0.002153
0.013283
-0.004234
-0.009277
0.011116
0.005829
-0.015625
0.011734
-0.008713
0.008492
0.000091
0.005726
0.004215
0.016785
0.001009
-0.012711
0.001816
-0.010353
0.007797
-0.000252
0.001720
0.003384
0.011726
0.013069
0.003874
-0.006531
-0.004108
0.017380
-0.000336
-0.018387
-0.003460
0.002018
0.005722
-0.001395
0.006199
-0.032898
0.006317
-0.004154
0.004589
-0.008537
-0.016739
0.004265
-0.006973
0.010971
0.002823
0.001162
0.025925
0.013062
0.001694
-0.003601
0.004227
0.003384
-0.006714
-0.020996
-0.011330
-0.002020
0.007393
-0.007942
-0.010757
-0.017395
0.001488
0.010818
0.005821
0.001451
0.009232
-0.002241
0.005466
0.000237
0.015587
-0.014450
0.002638
0.022339
-0.025955
-0.021057
0.021545
0.002865
-0.005028
-0.020844
0.005371
0.003428
0.002934
0.010162
0.007980
0.011421
-0.023087
0.001854
-0.016968
0.012299
0.015472
0.007210
0.000767
-0.001264
0.006493
-0.004807
0.014458
0.000070
0.008476
0.003944
-0.002800
0.000512
0.007256
-0.003660
-0.005844
-0.010582
-0.001968
-0.019135
-0.006580
-0.001756
0.007492
0.014893
-0.008369
0.002110
0.004517
-0.016052
-0.004795
0.017807
-0.003012
0.002806
-0.009949
0.000173
0.008385
0.000461
-0.001422
-0.000479
-0.015732
-0.008293
0.007683
0.004112
-0.007187
-0.004654
0.007038
0.011932
-0.016632
0.018723
-0.005825
-0.015518
0.003231
-0.001424
0.005440
0.014420
0.017059
0.005962
0.005772
0.008011
0.003490
-0.001032
-0.004189
-0.020050
-0.007103
-0.006031
-0.010109
-0.004230
0.007263
-0.001555
-0.012711
-0.000495
0.020874
-0.010361
-0.003468
-0.001008
0.008888
-0.014175
-0.013489
-0.002941
0.002365
-0.000293
0.014854
-0.003094
0.014465
-0.009636
-0.010384
0.005058
-0.003895
-0.004463
-0.002529
-0.002291
-0.005119
0.003712
-0.009430
-0.003214
0.008987
0.003153
-0.004421
-0.002645
0.004211
-0.011040
0.002403
-0.007263
-0.011986
0.015656
0.005482
0.017822
0.012360
-0.001767
-0.009117
0.002367
0.018433
0.006664
0.003483
0.002672
-0.003134
-0.004505
0.005848
0.006977
-0.002748
0.008797
-0.017899
0.000350
-0.004810
-0.010139
-0.003313
0.014313
0.004189
0.002895
0.004768
0.002930
0.001317
-0.000142
0.001132
0.010780
0.010361
-0.006905
-0.005177
0.001959
-0.001431
0.008133
-0.012268
-0.007919
0.010704
0.009834
0.012428
-0.008095
0.029160
0.001820
-0.006939
-0.016724
0.000411
0.009148
-0.003706
-0.007515
0.000947
-0.011909
0.000101
0.005234
0.002645
-0.006653
-0.007042
0.001752
-0.010895
0.001551
0.022629
0.000948
0.020477
0.020782
-0.013802
0.002878
-0.010406
0.006115
-0.006180
0.006920
-0.011284
0.006363
-0.000570
-0.009659
0.003260
-0.012505
0.005882
-0.001205
0.004593
0.018280
-0.010391
-0.007099
0.010086
-0.022125
-0.004055
-0.026886
-0.010193
-0.017319
-0.004051
-0.015129
0.011429
0.004692
-0.005249
-0.004169
0.018829
-0.006676
0.011627
0.001721
0.001566
0.002140
0.007156
-0.013199
0.005112
0.002787
-0.009460
-0.010384
-0.002150
0.010376
-0.000951
0.005974
0.004761
-0.003456
0.020767
-0.007488
-0.008415
0.009804
-0.003391
0.019531
-0.000662
0.012733
-0.001686
-0.002764
-0.000676
-0.004967
0.020370
0.005161
0.010918
0.005287
-0.005558
-0.003471
0.009109
0.001524
0.009308
0.009857
-0.022964
-0.026031
0.001723
-0.014366
0.014000
0.003353
-0.008301
0.004185
0.005329
0.016266
-0.006832
-0.005959
-0.002712
0.022812
0.002438
0.007107
0.006611
0.005501
0.000864
0.019318
-0.007290
0.004452
-0.004402
-0.011925
-0.008163
-0.012009
0.000229
-0.004150
-0.008316
0.016449
-0.005692
-0.001066
0.005863
-0.000049
0.001089
-0.003275
-0.001399
-0.012154
-0.006622
0.003399
0.011246
-0.005638
-0.006176
0.010208
-0.005524
-0.020432
-0.011284
-0.009178
0.012909
0.002028
-0.024338
-0.024338
0.010048
0.007664
0.008926
-0.006641
0.008369
0.023315
0.003807
0.003885
-0.010750
0.000516
-0.012833
-0.000287
-0.003872
-0.000055
-0.006962
0.002096
-0.004253
-0.007061
-0.001612
0.006824
0.008141
-0.008400
0.006618
-0.000548
0.003550
-0.004242
-0.020355
-0.003580
-0.013603
-0.000518
0.000084
0.000006
-0.012207
0.013214
-0.002644
0.009079
0.007553
0.000370
0.005821
-0.007339
-0.006832
0.005108
0.005432
0.010597
0.009369
-0.023544
-0.006195
-0.001313
-0.021851
0.009995
0.005974
0.027512
-0.016464
-0.000756
-0.002834
0.014793
-0.004757
0.007206
-0.006489
0.006493
-0.000370
-0.003716
-0.011238
0.007408
-0.003727
-0.005939
-0.011620
0.000657
-0.005936
0.016769
0.006836
0.010582
0.007927
-0.001059
-0.014786
-0.006496
-0.002790
0.003736
-0.000136
0.028015
-0.024368
-0.001561
-0.007477
0.008499
-0.014717
-0.015556
0.029663
-0.011932
-0.003248
0.004395
-0.000270
0.005661
0.020523
0.012733
-0.021957
-0.001961
0.001214
0.008659
-0.006165
-0.002117
0.013870
-0.005272
-0.002962
-0.015701
0.018723
-0.010185
0.009247
0.003548
0.002598
0.016083
-0.000428
-0.010078
0.004715
0.009331
-0.003372
0.007771
-0.009155
-0.005104
0.001568
-0.007881
-0.012108
0.009552
-0.009140
-0.011589
0.003971
-0.001191
0.023422
0.004822
0.000153
-0.008659
0.009232
0.008476
0.014275
-0.006767
0.000370
-0.005001
0.006237
-0.003580
-0.004063
-0.003700
0.009026
-0.020798
-0.004311
0.001640
-0.001632
0.009064
-0.004917
0.005341
-0.001164
-0.018036
-0.013130
0.001345
-0.000996
-0.000461
0.014236
-0.003265
-0.013130
0.007404
-0.001204
-0.008087
-0.001147
0.014893
0.007782
0.009811
0.000540
-0.006882
0.009621
0.007851
-0.015762
-0.011284
-0.000151
-0.013542
-0.000660
0.016708
-0.008003
-0.011177
-0.013840
0.000535
0.000159
-0.007381
-0.000245
-0.000850
0.018463
0.004478
0.002012
-0.007252
-0.010063
0.004032
0.002939
0.006630
-0.006599
-0.002739
-0.007008
0.025009
0.011322
-0.017532
0.016220
-0.007137
0.001049
-0.004742
0.010010
-0.001229
-0.007717
0.009125
0.017975
-0.002657
0.005344
0.008278
-0.008987
-0.006401
-0.003496
-0.000667
-0.000946
0.014626
0.010925
-0.000842
0.000493
0.008720
0.004143
-0.003344
-0.003868
-0.008163
0.005756
-0.004364
0.007889
0.020493
0.016571
0.008263
0.003284
0.014435
-0.009094
0.001543
0.012909
0.012535
0.001036
-0.013641
0.001347
0.022781
-0.020386
0.008598
-0.009079
-0.019424
-0.014633
-0.015503
-0.005672
-0.016846
-0.008881
0.008728
-0.004128
-0.006443
0.007038
-0.013283
0.016434
-0.007965
-0.022156
-0.010155
0.009529
0.011810
0.004051
-0.010338
-0.013138
0.005066
-0.012901
-0.004028
0.015732
0.002220
0.011597
-0.013496
0.011665
0.001552
0.006840
0.001456
0.016647
-0.002062
0.013321
0.005280
-0.024094
0.003559
0.004250
0.001926
0.016357
-0.005623
0.001461
-0.012405
-0.006306
-0.000204
-0.011238
0.010872
0.007652
-0.005161
-0.019684
-0.000808
0.001024
-0.004124
-0.006283
0.005272
0.001663
-0.009834
0.000744
-0.016602
-0.005173
0.002876
-0.008507
0.004501
0.003714
-0.003532
0.007835
0.013405
0.011436
0.001256
0.011032
0.010582
-0.005619
-0.019363
0.005180
0.001901
-0.009773
0.014664
0.008430
-0.002264
-0.004574
-0.003189
-0.004311
-0.005367
0.003084
-0.004154
0.001383
-0.010880
0.000306
0.001534
0.003479
0.009361
0.004799
0.025330
0.003439
-0.014679
-0.004482
-0.003376
-0.004326
-0.012009
-0.015808
0.013504
-0.010445
0.002720
-0.002119
0.006519
-0.001172
0.012756
-0.005203
-0.011971
-0.011978
-0.013412
-0.003050
-0.003223
-0.007381
-0.011269
0.002403
-0.006699
0.010864
-0.004055
0.007710
0.009666
0.019043
-0.003128
-0.008255
-0.020798
0.005684
0.006756
0.001982
0.005959
0.002008
0.007050
-0.009949
-0.003403
0.002642
0.007252
0.000066
-0.000144
-0.004627
-0.008347
0.004402
0.001460
-0.001837
0.003309
0.010933
-0.009827
-0.001516
0.012192
-0.017914
-0.004848
-0.014832
-0.008453
0.023849
-0.002132
0.028214
0.003714
0.005634
-0.002226
-0.003475
-0.006565
0.011757
0.006496
-0.014305
0.001631
-0.000150
-0.001010
-0.009140
-0.020081
-0.002937
0.008476
0.015640
-0.004925
0.013062
0.021606
0.004772
0.009712
0.011169
0.006279
-0.020187
0.007427
-0.007278
-0.014809
-0.006248
-0.001927
0.003712
0.000370
-0.001533
-0.005447
0.011360
-0.010445
-0.010201
0.003922
-0.001953
0.010849
0.001543
0.012886
-0.007385
0.003767
-0.001414
-0.018982
0.017715
0.008621
0.004894
0.006088
-0.009399
0.002295
-0.007591
-0.007801
-0.007030
0.007782
0.003199
0.004559
0.005146
-0.023392
-0.002291
0.018097
-0.010963
-0.003929
-0.006496
-0.005203
-0.008560
-0.001080
-0.002333
0.013268
-0.002090
0.006561
0.005543
0.003633
-0.023041
-0.014946
0.006027
-0.005859
-0.001821
-0.004589
0.000229
0.000967
-0.001955
-0.005322
-0.004093
-0.016296
-0.006222
-0.010040
0.010078
-0.008728
-0.011055
0.009926
0.021164
-0.004028
-0.006535
0.002569
-0.019547
-0.006172
0.003128
0.006016
0.027222
-0.012611
0.001574
-0.010353
-0.014984
-0.010239
-0.001915
-0.021362
0.006256
-0.003202
-0.007710
-0.001005
-0.025040
-0.010033
0.011353
-0.006172
-0.009575
0.018906
0.006432
-0.004032
0.002251
-0.001260
0.007835
-0.001135
0.002344
-0.000259
-0.011871
0.004009
-0.019623
-0.000795
0.011604
0.003712
0.025681
0.000622
0.012932
0.000656
0.024872
0.003128
-0.005863
0.006500
0.016129
0.003380
0.014404
-0.007343
-0.008400
0.021851
-0.003357
0.010048
0.009277
-0.007256
-0.003687
-0.006062
-0.003117
0.011002
-0.011803
0.017288
0.002613
0.010513
0.001875
0.008316
-0.002249
-0.007252
-0.007515
0.005508
-0.002134
-0.009331
0.001749
0.012764
-0.006351
0.008904
-0.002892
-0.026932
-0.016525
0.007332
0.002695
0.011665
-0.006611
0.017212
-0.006432
-0.016327
0.014648
0.006744
-0.001563
-0.018158
-0.002048
-0.010712
0.000911
-0.005325
-0.018982
0.012817
0.003019
-0.001912
-0.016235
0.008789
0.015045
0.007133
-0.027481
0.003105
0.000088
0.016983
0.017685
-0.015732
0.002514
0.004276
0.005383
0.013458
0.009079
0.011116
0.014183
0.013878
0.012878
0.004581
0.013168
0.008011
-0.009674
0.002247
-0.002895
-0.006729
0.026764
-0.009232
0.011116
-0.002329
-0.003435
-0.001561
-0.010223
0.007679
0.007511
-0.000303
-0.001583
-0.028671
0.001791
-0.009354
0.001158
-0.010422
0.004333
0.008713
-0.004211
-0.012711
-0.001899
-0.012695
-0.002485
-0.008408
-0.002234
-0.007046
-0.000574
0.002605
0.002567
-0.002932
-0.011292
-0.010773
-0.006706
0.003769
0.013809
0.000626
0.007030
-0.007996
0.010788
0.011078
-0.005379
0.006207
-0.015472
0.004848
-0.009758
-0.002897
0.005123
-0.013199
0.001397
0.014282
0.010963
-0.014259
-0.000878
0.009445
-0.003395
0.008583
-0.012939
-0.003208
-0.011208
0.002657
-0.003313
-0.012154
-0.029709
0.013847
0.002720
-0.005833
0.026840
0.026596
0.011208
0.011276
0.003407
0.002531
0.014755
0.013863
-0.003529
0.008888
-0.012863
0.009689
-0.014259
-0.004436
-0.001616
0.017349
-0.003120
0.004219
0.002071
-0.016113
0.009132
-0.001881
0.001232
-0.011452
-0.009644
-0.000072
0.002943
0.002871
-0.022156
-0.009117
0.001036
0.001771
0.004406
-0.000410
0.010612
-0.000258
-0.007275
0.003254
-0.008034
-0.002991
-0.001175
0.003599
-0.009964
0.000080
-0.005154
-0.006466
0.003998
-0.012901
0.010178
0.011314
-0.002947
0.001806
0.006294
-0.002851
-0.008751
0.001667
0.014351
-0.002964
-0.012756
-0.003294
0.004345
0.004303
0.005157
0.007210
-0.005692
0.007130
0.004372
-0.003956
0.005409
-0.017838
0.001959
-0.007366
-0.006794
-0.002872
-0.009659
-0.003548
-0.002169
-0.009491
-0.017258
-0.003307
0.008545
0.010460
0.013237
0.004162
0.015121
-0.015038
0.007351
0.014336
0.009964
-0.001437
-0.005032
0.001135
-0.003910
-0.001665
0.017242
-0.004837
0.009315
-0.007492
0.006500
0.005440
-0.006508
0.004044
-0.016388
0.008987
0.011215
0.002054
0.005806
-0.003391
-0.003540
0.000628
0.006428
0.004341
0.017197
0.006039
0.021652
0.003290
-0.016876
-0.004524
-0.003080
0.011406
0.017624
-0.012367
0.000076
0.002941
0.012108
0.006744
-0.004967
-0.010361
-0.004864
0.004337
0.002899
0.019104
0.005028
0.005318
0.003862
0.012489
0.001443
0.011925
-0.008186
-0.005169
-0.012383
0.011635
-0.013390
-0.011101
0.013268
-0.012085
0.012001
-0.008385
-0.002134
0.014526
-0.000685
0.001781
0.001532
-0.010139
-0.005196
0.003626
0.001856
0.009460
0.011993
0.011795
0.002005
0.009308
-0.000069
0.002621
-0.000849
-0.003706
-0.010529
0.006756
-0.009163
0.016159
0.005451
0.007160
-0.009537
-0.009834
-0.004871
0.008270
0.012199
0.009224
-0.011482
0.008575
0.017761
-0.002234
0.000794
-0.012939
-0.001941
0.005554
0.019257
0.005821
-0.005230
-0.001957
-0.010963
0.003338
0.024872
-0.014854
-0.002180
0.018661
0.000028
-0.004326
0.002686
0.007782
0.000699
-0.008766
-0.019287
0.004520
-0.020020
-0.006088
-0.011559
0.001984
0.015060
-0.015640
0.004711
0.010292
0.006958
-0.002293
-0.013435
-0.009628
0.015419
0.019852
-0.004498
0.009453
-0.007339
0.000293
-0.010689
-0.023178
-0.005249
0.003748
-0.010017
0.006077
-0.010735
0.003330
0.014084
-0.001323
0.009064
-0.012527
0.001800
0.007027
0.018906
-0.006596
0.000337
-0.004047
-0.002842
0.007164
-0.009613
0.002668
-0.003044
-0.004898
0.007172
0.010063
-0.000405
-0.006912
0.012329
-0.002098
0.030426
-0.007210
-0.000536
0.006645
0.015808
-0.009041
0.003389
-0.025223
-0.001989
0.016327
-0.005604
-0.005714
-0.003195
-0.003944
-0.007484
-0.002851
0.004578
-0.003063
-0.000870
0.010551
-0.008751
-0.006863
0.007122
0.000528
0.000173
0.001160
0.010704
0.005196
-0.001863
-0.015991
0.006073
-0.008705
-0.000392
-0.010002
-0.022583
-0.027039
0.005199
-0.010857
-0.003386
-0.001835
-0.000826
0.004375
-0.021378
-0.005096
-0.001986
-0.001808
-0.005356
0.008904
-0.004665
0.007660
0.006683
0.020157
0.007488
0.005753
0.003662
0.005150
-0.015808
0.014252
-0.004570
-0.012337
-0.012581
-0.001243
-0.005760
0.000597
0.008621
-0.008911
0.011917
0.006256
0.001340
-0.022797
-0.005169
0.002609
0.012016
0.021439
-0.004917
-0.003117
0.000173
-0.010674
-0.010231
0.004856
0.016968
0.007618
-0.020859
0.007881
0.018661
0.004456
-0.023972
0.008064
0.014359
-0.017715
0.007435
-0.000892
0.003031
-0.021500
-0.003172
0.006302
-0.004265
-0.006264
0.005325
0.003201
0.005451
-0.014549
-0.005741
0.004581
-0.014549
-0.001328
0.013519
0.015762
-0.006283
0.001751
-0.015465
-0.009171
0.014755
0.004253
0.010216
-0.000763
0.006519
-0.010780
-0.001929
-0.009193
-0.005077
0.000959
0.002846
-0.005413
0.007309
0.012665
0.007710
0.000990
0.000812
0.003534
0.007072
0.008698
0.002840
-0.013069
0.021027
0.018707
-0.019272
-0.005646
0.000608
-0.006115
0.019531
0.000968
0.001435
-0.009132
0.000997
-0.008736
0.009056
0.002188
0.005867
-0.021317
-0.005005
-0.001288
-0.007965
0.000066
-0.001079
-0.006996
0.012154
0.005207
0.006493
-0.020767
0.008156
0.005909
0.005116
0.018661
-0.005146
0.011971
-0.026382
-0.003899
0.006962
0.033142
0.012527
0.028534
-0.002794
-0.016479
0.006233
-0.000586
-0.007851
0.000998
-0.004963
-0.006550
0.010193
0.004818
-0.005783
0.006123
-0.000597
0.007500
-0.019119
0.000439
0.004623
-0.008018
-0.019119
-0.018082
-0.002907
-0.014969
0.003695
0.005856
-0.004452
0.002680
-0.002920
0.007118
0.006817
-0.006229
-0.002975
-0.006214
-0.002131
-0.009071
-0.002657
0.008461
-0.002369
0.001358
0.004242
-0.008224
0.012413
0.004642
-0.005890
-0.003967
0.001911
-0.007656
-0.002872
0.007950
-0.012032
-0.008301
0.011353
0.011482
-0.001492
0.011772
0.011612
0.010475
0.012527
0.012962
-0.004711
0.000759
0.004639
0.000488
-0.020721
-0.006180
0.014648
0.011620
-0.005383
0.002314
-0.004383
0.002535
-0.007599
-0.006916
-0.001372
0.006779
-0.012665
0.000384
-0.003477
0.010590
-0.006718
-0.011063
0.011658
0.005615
0.009506
0.000679
0.001137
-0.008430
-0.006058
-0.003025
0.001524
0.007160
0.003716
-0.006371
0.013893
0.002596
0.007690
-0.008736
-0.005726
0.010971
0.006439
-0.000860
0.006763
-0.013733
-0.007828
0.003601
0.002993
-0.006210
-0.006153
-0.000042
0.012604
-0.000332
-0.021042
-0.001863
-0.001740
0.003660
-0.000967
0.003937
-0.001348
-0.021622
0.002972
0.002443
-0.010010
0.013168
0.001435
-0.006744
-0.000353
0.013908
-0.005329
0.009087
-0.002983
0.014526
0.011116
-0.008278
-0.017242
-0.006390
-0.004066
0.002216
0.001560
-0.002764
-0.012589
-0.001810
-0.012474
-0.016235
-0.010429
-0.010185
0.001546
-0.007919
0.003126
-0.003733
0.006866
0.013100
-0.012329
0.001948
0.000644
-0.000619
-0.010384
0.012711
-0.004726
-0.001570
0.014099
-0.009811
-0.022491
-0.001011
-0.016174
0.008492
0.011162
0.019150
-0.011894
0.007950
0.006050
-0.008812
-0.020279
-0.002100
-0.006813
0.012650
0.008293
-0.007416
-0.002947
0.014252
0.017242
0.011345
0.001029
0.004772
-0.009361
-0.008682
-0.009377
-0.001913
-0.016602
0.001860
-0.013062
0.000633
0.014671
-0.009079
0.001729
-0.022614
0.000334
0.005344
-0.013100
-0.003952
-0.005577
0.008987
-0.008835
-0.007702
-0.009827
-0.013840
-0.017670
-0.020981
0.007000
-0.002626
0.006073
0.005707
-0.011383
0.007343
-0.016495
0.004017
0.002047
0.000897
-0.018997
-0.001945
0.018295
0.005520
-0.015404
0.020172
-0.005054
-0.019348
-0.004536
0.013016
-0.000932
0.004288
-0.010056
-0.003792
0.006008
0.001974
-0.005695
-0.003265
-0.000205
0.000316
-0.001333
-0.006054
-0.014717
-0.013428
0.000876
0.004044
0.005672
0.001206
-0.000087
0.011681
-0.005222
-0.003305
0.010620
0.003824
-0.000235
-0.013283
0.004490
-0.001039
-0.020203
-0.012192
-0.005989
0.005611
-0.017685
0.005928
0.011238
-0.014320
-0.002333
-0.018921
-0.003960
0.008034
-0.005547
-0.010483
-0.001697
-0.001084
0.013435
0.006737
-0.009056
0.007385
0.002737
0.002043
-0.000801
0.005177
0.006992
-0.001123
0.021820
-0.010933
-0.012466
0.010353
0.017563
0.019897
0.023804
-0.008194
0.006454
-0.001219
-0.013771
-0.010735
-0.008102
0.011345
0.008438
-0.005501
0.006008
-0.006134
0.004486
0.002918
-0.014763
0.000847
-0.012024
0.003363
0.000078
0.004360
-0.009682
-0.006145
-0.017181
0.011528
-0.005375
0.014229
0.017639
0.018341
0.006073
-0.001067
-0.005611
0.000387
0.019638
0.020737
0.017929
0.004379
-0.003717
-0.008827
0.007301
-0.003069
-0.007282
0.001350
0.002972
-0.006214
-0.006138
0.007668
-0.000792
-0.000013
-0.012459
-0.004639
-0.004429
-0.012642
0.001205
0.006718
0.001410
-0.000317
0.001463
-0.005356
0.015327
-0.000680
-0.013130
-0.021042
-0.005753
0.018982
0.019974
0.000821
0.001907
0.011230
0.007114
0.003492
-0.003616
0.010109
-0.011070
-0.007175
-0.004936
-0.012520
-0.001415
0.008759
-0.007576
-0.006943
0.002491
0.000333
-0.012077
-0.006519
-0.005577
-0.000546
0.012779
0.018188
-0.006668
-0.010399
-0.012100
-0.003752
0.004768
0.005318
-0.016022
0.013702
-0.006779
-0.009819
0.010849
-0.011856
0.001365
-0.021957
0.004383
0.009575
0.027176
-0.012505
-0.002079
-0.019363
0.019287
-0.001732
0.005409
0.003561
0.011871
-0.000335
-0.004711
-0.000871
0.016998
0.005611
0.020111
-0.016556
0.007576
0.004112
-0.009323
-0.003223
0.007801
0.006626
0.004261
0.005287
0.005039
-0.008835
0.007271
-0.003796
-0.004330
0.020386
-0.015236
0.016907
0.010117
0.007652
0.012505
-0.003170
-0.014557
-0.003914
-0.004498
0.003216
0.006065
0.004082
0.015945
-0.004311
-0.007919
-0.003971
-0.008385
-0.001561
-0.009872
-0.017639
-0.006680
-0.008980
-0.002033
-0.015419
0.012581
-0.014351
-0.000728
0.000029
0.004665
0.007084
0.000846
0.014999
0.006172
0.010429
-0.005753
-0.022705
-0.006222
-0.015556
-0.002079
0.013306
0.016190
-0.003622
0.002312
0.002197
0.005619
0.002623
0.001913
0.002483
0.000728
0.001968
0.001677
0.002237
-0.010269
0.010078
-0.002743
0.002636
0.003910
0.014252
-0.007599
0.001059
-0.001328
-0.007416
0.002653
0.002983
0.002907
-0.014473
0.008209
-0.009087
-0.001479
0.008698
0.000790
-0.005611
-0.010254
0.013695
0.009499
0.001563
-0.018066
-0.003714
0.013519
-0.011879
0.022400
-0.013206
0.000497
-0.016785
0.004639
0.000165
0.010712
0.001016
0.009827
0.016785
-0.006351
-0.026489
-0.014359
-0.007488
-0.007298
0.000720
-0.000496
-0.006588
0.006641
-0.002171
0.000339
0.009995
0.005444
-0.000407
0.009842
0.000108
-0.002253
-0.006859
-0.003099
-0.005150
0.014046
0.008095
-0.003300
0.013374
0.002665
0.000679
0.010323
-0.004230
-0.008034
0.001092
-0.011864
-0.000940
0.000547
0.003078
-0.005848
0.020386
-0.003038
0.001978
-0.000236
0.005440
0.010590
0.009956
0.002234
-0.006012
-0.008049
-0.001589
-0.014427
-0.010788
-0.019043
0.003983
0.014404
-0.003925
-0.019424
0.001950
0.008133
0.005501
-0.005039
0.008141
0.016174
0.011787
0.012489
0.011337
-0.005753
-0.000669
0.002708
-0.002499
-0.001566
-0.023697
0.002764
-0.008636
-0.007805
0.007030
-0.007812
0.018555
0.010025
-0.011162
-0.008278
0.005562
-0.002832
0.014282
0.009171
0.001980
-0.009720
0.008217
-0.001506
0.001526
-0.018661
-0.012962
-0.012505
0.005852
-0.007385
-0.013084
-0.008804
0.002619
-0.004543
0.004982
0.017624
0.003738
0.001683
-0.009903
-0.007088
0.012566
0.002171
0.018097
-0.024551
-0.002445
-0.011925
-0.000508
0.007496
0.006271
0.006180
0.009407
-0.022629
0.003504
0.005753
0.017227
-0.001482
-0.005863
0.008530
0.002068
0.012787
-0.009537
-0.007069
0.001124
0.008995
-0.006599
-0.001140
0.011948
0.014671
0.003191
-0.018616
0.002863
0.001638
0.013222
-0.008713
0.004063
-0.007191
-0.015388
0.014732
0.000041
-0.010406
0.012497
-0.004005
0.005917
-0.004456
-0.002678
-0.012161
0.015068
-0.016266
0.004608
0.012535
0.005501
-0.006721
-0.002119
-0.005356
-0.000147
-0.002211
-0.001318
-0.010162
-0.000685
0.013641
-0.016830
-0.011208
0.014999
0.016907
-0.015137
-0.000469
0.004932
0.002224
0.008606
0.020386
-0.003990
-0.012169
-0.014610
0.008194
0.001100
0.011215
0.007214
-0.005981
0.003365
-0.002411
0.009270
-0.000653
-0.010048
0.033813
0.015610
-0.005791
0.001976
0.005974
-0.011452
-0.009666
-0.008072
0.000038
-0.015854
-0.001291
0.007751
0.003538
0.002827
0.000061
0.012138
0.007469
-0.003639
0.016357
0.000805
-0.000394
-0.009956
-0.002909
0.001723
-0.006851
-0.000359
0.007874
-0.023010
0.000723
0.006130
0.018707
0.010841
-0.002253
-0.038452
-0.020142
-0.006824
-0.003492
0.017700
-0.002523
-0.010986
0.002552
0.005783
-0.001708
-0.007515
0.005394
-0.011604
0.001959
0.004234
0.007790
-0.000702
0.009094
-0.000757
-0.006748
-0.003391
-0.002327
0.003546
-0.017975
0.001302
-0.027420
0.012802
0.004524
-0.004025
0.005623
-0.016541
-0.002941
0.013947
-0.015594
-0.001708
0.002287
0.014549
0.011353
-0.000398
-0.014748
-0.009323
0.000887
0.000194
0.008781
-0.007069
-0.010315
0.025513
0.003960
-0.009987
0.003967
0.006638
0.010490
-0.025360
0.004929
0.016495
0.010635
0.005592
-0.004414
0.008904
0.014038
-0.017288
0.002474
0.001850
0.008705
-0.008331
0.011070
-0.005718
0.000641
-0.000369
0.004421
0.008362
-0.017792
0.005928
-0.008507
0.000610
-0.005623
0.021835
0.020187
0.005150
-0.004349
-0.013084
-0.025696
-0.002550
0.011589
0.007591
-0.006306
-0.011696
-0.013702
-0.004910
0.002970
-0.001995
0.006733
0.004784
0.000958
0.003635
-0.006023
0.019806
0.001847
-0.004501
-0.013611
-0.000307
0.014046
-0.004070
0.012459
0.007980
0.012878
-0.010780
0.029694
0.004864
-0.007706
0.005798
0.006813
0.000929
0.018631
0.006016
-0.006596
0.000700
-0.002705
0.002159
0.008781
-0.004086
-0.019104
-0.014175
-0.000856
-0.005993
-0.023056
-0.007721
0.000119
-0.006500
-0.006565
-0.002224
-0.011520
-0.005733
0.007305
-0.007988
-0.019119
0.008331
0.007759
-0.013252
-0.005566
0.000562
0.005253
0.030014
-0.014832
0.008606
0.003174
0.002499
-0.009422
0.004269
-0.010674
-0.001841
-0.011253
-0.022491
0.006744
0.010323
0.001279
0.022598
-0.002897
-0.001986
-0.021057
-0.002592
0.012894
0.006428
-0.002987
-0.002359
-0.007256
-0.003202
-0.003273
0.007065
0.000155
0.000708
0.000687
-0.008400
0.007053
0.002253
0.008492
-0.017548
-0.001056
0.003222
0.003422
0.005913
0.012283
0.007904
-0.014702
-0.013153
-0.010384
0.004383
-0.000661
-0.001183
0.014633
-0.006706
-0.000119
-0.016068
-0.000907
-0.009880
0.015106
-0.023560
0.011131
0.004044
-0.002682
-0.004967
0.005463
-0.005856
-0.009338
-0.012077
0.002405
0.005272
-0.012115
-0.003704
0.009247
-0.013321
0.005116
-0.003010
0.013794
-0.001586
-0.004219
0.013550
-0.009171
-0.001913
0.005512
0.009003
0.003626
0.009102
0.002859
-0.005314
0.008041
0.013145
0.014824
0.000928
-0.010170
0.008476
0.017273
-0.011818
-0.003265
0.008965
0.006775
-0.009125
-0.000255
-0.000900
0.009644
-0.008080
-0.008636
-0.012375
0.017609
0.005829
0.008835
0.006470
0.006012
-0.008064
-0.000090
-0.012726
0.004677
-0.002153
-0.011154
-0.006916
0.001093
-0.000445
0.013184
0.002670
0.008698
0.003407
0.011635
-0.019775
-0.008774
-0.008675
0.014565
0.022888
-0.008202
-0.000137
-0.005215
0.001074
0.005287
-0.015541
0.002779
0.004745
0.006729
0.006149
-0.000032
-0.010521
-0.001937
-0.003119
-0.005863
-0.003193
-0.004745
-0.001060
0.002415
0.002365
-0.015076
-0.003599
0.004890
-0.001252
0.005638
-0.001042
0.009323
0.012703
0.016129
-0.009079
0.006756
-0.006115
0.005409
-0.001420
0.001390
-0.001682
-0.005440
-0.004845
0.001581
0.012924
0.000908
-0.001704
-0.005360
-0.010597
0.018127
-0.000347
0.011414
-0.002850
-0.012573
0.000103
-0.006229
-0.003401
-0.012497
0.005711
-0.002306
-0.005219
0.019516
-0.018250
-0.003021
0.014656
0.010201
0.004608
0.002731
-0.014435
-0.009964
0.008537
0.008263
0.004581
-0.001795
-0.000648
0.007988
-0.002441
-0.018875
0.010048
-0.009109
-0.020981
0.008911
0.003771
0.021179
-0.023422
-0.000551
-0.005726
0.002625
0.008087
-0.001508
-0.005489
-0.001961
0.000810
0.007050
0.002777
0.013420
-0.004620
0.010796
0.006504
0.007919
0.009903
0.011139
-0.007439
-0.009232
0.018646
-0.007484
-0.001974
0.000184
-0.011101
0.023758
0.001586
-0.019073
-0.008606
-0.009216
-0.004520
0.002436
0.013786
0.011833
0.003611
-0.009621
-0.013832
0.005291
-0.011337
0.012604
-0.000885
0.001403
0.023087
-0.008057
0.007671
-0.010025
-0.002134
0.009155
-0.011055
0.019211
-0.001938
0.014450
-0.027603
-0.000703
-0.012581
-0.016556
-0.000632
-0.004467
0.009666
0.015869
0.000257
0.009506
0.004700
0.002504
0.012138
-0.005482
0.005295
-0.000370
0.002691
-0.002581
0.013092
0.007618
0.009209
0.002010
-0.009621
-0.013710
0.004673
0.010139
0.000220
-0.010864
0.009460
-0.004051
-0.008331
0.006763
0.011452
-0.003963
0.010941
0.009201
-0.019318
0.005543
-0.007595
-0.004105
0.008995
-0.012421
-0.005371
0.006241
-0.014542
0.002865
0.006020
-0.006233
0.012627
-0.013138
-0.000627
0.014793
0.013870
-0.009346
-0.018692
-0.013977
-0.028473
0.005653
-0.012062
0.010155
0.004883
0.005299
-0.013519
0.011475
0.000821
-0.013611
-0.010178
-0.019547
-0.008537
-0.000583
0.007313
0.018433
0.015327
-0.000737
-0.018494
-0.013557
0.013405
0.000710
-0.000396
0.005856
0.006371
-0.005970
-0.010231
-0.006413
0.015221
0.017593
0.007874
-0.000283
0.016388
0.004738
0.019653
-0.000025
-0.004417
-0.006130
-0.011658
-0.001432
0.010757
-0.002325
0.003447
0.010811
-0.010887
0.013985
-0.002476
0.007660
-0.005718
0.004425
-0.005695
0.003027
0.018723
0.006149
-0.002914
-0.003159
0.003876
-0.013161
0.013710
-0.010223
0.013702
0.011024
0.017242
0.004047
-0.001725
-0.002268
-0.018204
0.011070
0.000730
-0.008446
0.020294
-0.004704
0.002327
-0.004467
-0.020462
-0.000124
0.018738
0.006828
0.013077
0.004230
-0.008293
0.004417
0.010025
-0.007214
-0.015533
0.001768
0.004604
0.005211
-0.008362
0.001218
0.001287
0.001449
-0.002750
0.011955
0.016098
0.020721
0.002930
-0.000654
0.008736
-0.013565
0.010300
-0.020325
-0.011467
-0.006371
-0.000520
-0.017715
0.010681
0.013565
0.011932
-0.006508
-0.012474
-0.004559
0.006989
-0.003632
0.015251
-0.017517
-0.009926
0.004951
0.011597
0.000793
-0.008766
0.013443
-0.019028
0.018280
0.019791
0.009468
0.011871
-0.000820
-0.012733
0.021255
-0.008858
-0.007370
-0.010193
0.004414
-0.002300
0.006351
0.004116
0.002201
-0.008667
0.019119
-0.012993
-0.003601
0.006866
0.010963
-0.017029
0.021881
-0.014496
-0.018158
0.009247
-0.004662
-0.006603
0.002718
0.014206
0.011093
-0.000372
-0.005341
0.000787
-0.002836
-0.009422
0.003979
-0.008049
-0.013329
0.009666
0.012840
-0.007038
0.006779
-0.009628
0.012749
-0.001829
-0.001526
-0.003155
-0.007812
0.002581
-0.000774
-0.000668
0.012505
-0.001338
0.013802
0.000936
-0.005241
-0.005920
-0.001248
-0.009384
-0.018158
0.009193
-0.008911
0.007126
0.006256
0.004627
-0.021179
-0.004395
0.008438
0.009094
0.011787
-0.002602
-0.010773
-0.003752
-0.001703
-0.007301
0.011490
0.007530
0.009438
-0.009766
-0.001493
0.013649
-0.012238
-0.003658
0.001663
0.010757
-0.008568
-0.010635
0.001004
-0.012886
0.003613
-0.007450
-0.014076
0.017838
0.006462
0.001728
-0.001331
-0.003448
0.006870
-0.007492
-0.002470
0.010330
0.000716
0.008362
0.003284
-0.010033
0.017120
-0.004608
0.016449
0.009773
-0.005268
-0.002726
0.002913
-0.003906
0.022736
-0.010818
-0.011734
0.005600
0.014595
0.000007
0.008972
0.007656
-0.013039
-0.008095
-0.022003
-0.003294
0.018356
0.003302
-0.007687
0.027191
-0.002119
-0.006760
0.017731
0.017273
-0.005623
0.016235
0.002834
0.010979
-0.008003
0.003073
-0.003038
0.001033
-0.001574
-0.010078
0.008644
0.003635
-0.006695
-0.007305
-0.018677
0.002043
-0.006245
0.012260
0.000935
0.001754
0.016998
-0.006702
0.004620
0.009827
-0.002142
-0.001984
0.005737
-0.009338
0.012390
0.017212
0.006554
0.010712
0.013405
-0.001465
-0.013313
-0.006393
0.006481
0.004601
0.027939
0.002447
0.006958
0.003820
-0.003859
-0.001643
-0.000108
0.008385
0.010994
-0.028015
-0.002062
-0.026230
-0.006142
0.005981
-0.018845
0.001447
0.007874
0.001609
-0.008049
-0.009369
0.003189
-0.000304
0.009781
0.004128
0.012192
-0.011009
-0.008316
-0.004776
-0.001557
-0.002825
0.003584
-0.015793
0.009346
0.014694
0.006001
-0.010986
-0.014938
-0.016449
0.005867
-0.012665
0.009354
0.008896
-0.002747
0.015182
0.011726
0.005157
-0.008011
-0.003494
-0.024445
-0.003248
0.014343
0.001536
-0.012970
-0.009178
-0.007351
-0.003439
-0.014381
-0.012115
-0.001184
0.013031
-0.012398
0.005650
-0.002493
-0.000449
0.011482
0.000470
0.013115
0.002235
0.010895
-0.005318
0.004303
0.007835
-0.011566
-0.001005
-0.010040
-0.000568
-0.003693
0.007858
0.000558
-0.010811
-0.001899
0.008324
-0.000342
0.000446
0.011032
-0.004715
0.002571
0.011826
-0.013824
0.010193
-0.011124
0.011192
0.001033
-0.009880
0.000353
-0.005825
0.007710
0.006634
-0.003593
-0.005589
-0.005291
0.018326
-0.006039
-0.005661
-0.017014
0.006538
-0.013313
0.002066
0.000179
0.004955
-0.008469
0.007362
0.006855
-0.009865
0.000466
0.018417
0.000048
0.006847
0.013931
-0.007351
-0.010246
0.016022
0.001616
-0.005859
-0.007721
0.008324
-0.008934
0.010544
0.022980
0.012230
0.017456
-0.014481
0.004475
0.011765
-0.004086
-0.001281
0.004307
-0.003548
0.004055
-0.004913
0.007717
-0.012413
-0.007664
0.007248
-0.006546
0.003506
-0.001486
0.003174
-0.005009
-0.018234
-0.005127
-0.021591
0.004128
0.001690
0.002464
-0.001429
-0.008728
0.022018
-0.015190
0.013390
0.007706
0.004276
-0.004780
0.003880
0.001974
0.003128
-0.007381
0.006855
-0.004257
0.019989
-0.006760
-0.005730
-0.017441
-0.004192
0.008484
-0.012375
-0.012787
-0.015762
-0.016174
-0.000490
-0.008209
-0.001015
0.007004
-0.007160
-0.018280
-0.015213
-0.007957
-0.006779
0.004684
0.009186
-0.000794
0.019852
-0.001546
-0.005756
0.004341
0.005543
0.001697
-0.010307
-0.008926
-0.009277
0.014877
0.004436
0.005116
-0.010063
-0.010712
0.003902
-0.009598
-0.005299
0.002697
0.001450
0.008217
-0.016693
0.007622
0.002197
0.006397
0.012207
-0.005169
-0.004639
-0.007988
-0.008949
-0.014282
-0.003630
-0.000747
-0.008347
0.001130
-0.008698
-0.003645
-0.002108
0.005001
0.020309
-0.000111
-0.010124
0.012032
-0.003145
0.001529
-0.016846
0.002670
0.010788
0.000595
-0.018646
-0.009193
0.018906
-0.003126
-0.006870
-0.007690
0.013260
-0.001075
0.003479
-0.002432
0.004681
-0.007347
0.000210
0.011436
0.006069
0.020447
0.021332
0.009819
0.010445
-0.008728
-0.010529
0.007202
-0.016022
0.002670
0.000162
-0.003744
-0.005081
-0.002388
0.013374
0.006615
-0.010529
0.001917
0.017792
0.001804
0.001097
0.001664
0.015732
-0.000504
-0.011269
-0.003592
0.002678
-0.019394
0.001337
-0.020172
0.004017
-0.002888
-0.000208
-0.013138
0.002649
0.007278
0.004353
-0.004074
-0.010315
-0.010269
0.016464
-0.004753
-0.003584
0.002300
-0.014748
0.000343
0.002892
-0.008560
-0.003275
0.000381
0.006718
-0.003746
-0.005180
-0.004356
0.003584
0.014984
0.012161
0.011604
0.001258
-0.014679
0.007523
-0.009544
0.002123
-0.004822
0.004784
0.004692
-0.001564
0.011803
0.003225
-0.000659
0.007065
-0.000110
0.011490
0.005054
0.005829
-0.005386
0.004360
0.000190
0.005699
0.002003
-0.000382
0.003109
0.004967
0.003365
-0.007668
0.018784
0.009445
0.003292
-0.006077
0.024307
-0.002880
-0.014946
0.013260
0.001841
-0.005520
-0.005920
-0.008537
0.009949
-0.005165
0.014557
-0.014397
0.002947
-0.005947
-0.006374
-0.011978
-0.000546
0.001830
0.008995
-0.000519
0.001329
0.001224
-0.011948
-0.005054
-0.002865
0.001506
0.003262
0.008575
-0.014091
0.003401
0.003063
0.022919
-0.018326
0.001792
-0.003971
-0.003944
0.009949
-0.012299
0.004013
-0.008476
0.000741
0.000572
-0.007858
0.007240
-0.011383
-0.007626
0.013145
0.013168
0.003214
-0.005707
0.003315
-0.012062
0.006577
0.003990
-0.011711
0.004887
0.000626
0.007652
0.000640
0.008980
-0.002989
-0.002403
0.008125
0.010124
-0.005348
-0.007141
0.000477
0.002560
0.022293
-0.000885
0.011559
-0.006767
0.003597
0.001380
0.008293
-0.006683
0.016876
-0.001533
0.002493
0.008980
-0.005165
-0.009552
0.005238
0.000745
-0.007706
-0.006462
-0.031891
-0.008507
-0.011780
-0.009544
-0.004387
0.005932
0.000188
0.005287
-0.003305
0.001123
0.009781
0.022095
-0.001023
-0.005852
0.001605
0.012344
0.008484
-0.004368
-0.014488
-0.009705
-0.012146
-0.002310
0.002766
0.006863
0.000277
0.013329
0.017944
-0.004795
0.005184
-0.003023
-0.000769
0.003262
-0.001991
-0.007416
-0.019699
-0.000813
0.007545
-0.015594
-0.004616
0.000298
-0.007828
-0.008438
-0.002031
0.006165
0.005653
0.007812
0.009010
0.002687
0.015228
0.003006
-0.020920
0.000485
-0.012207
0.002518
-0.007431
0.011986
0.000176
0.008255
-0.022858
-0.014320
0.005066
-0.004494
-0.014244
0.005653
0.002289
-0.000073
-0.013901
0.014214
-0.008217
-0.018600
-0.005432
0.001673
0.017960
-0.005264
-0.001317
0.001855
-0.002306
-0.003838
-0.000509
0.007301
-0.010742
-0.000789
0.006821
0.007927
0.006516
-0.011436
0.009575
0.001833
-0.004154
0.004486
-0.000422
0.000702
-0.002146
-0.021988
0.006741
-0.004715
-0.007023
0.008369
0.010788
-0.006844
-0.006973
0.014679
0.005585
0.003128
-0.015297
0.005043
-0.021912
-0.015793
-0.017136
0.008545
-0.015701
0.007385
-0.005878
-0.003202
-0.000629
-0.000563
-0.018417
-0.015198
-0.001218
0.012970
-0.008087
0.007408
0.002363
0.009514
-0.000024
0.003677
0.003134
-0.011932
-0.001472
-0.012787
-0.003702
-0.008537
0.002443
0.003372
0.005077
-0.003113
-0.002752
-0.000383
0.000833
0.003813
-0.000440
0.014061
-0.005184
-0.007343
0.002443
0.002520
-0.011093
-0.007595
-0.003202
-0.018372
0.011238
-0.002050
0.020157
0.008759
0.021362
-0.018494
-0.010071
0.004272
0.023300
0.006107
-0.008217
0.022247
-0.016525
0.016281
-0.001519
-0.003410
-0.001196
-0.004223
-0.006332
-0.002182
0.004051
0.007267
0.008072
0.001087
0.012085
-0.011536
0.018021
0.003487
0.005512
-0.018967
0.001807
0.000897
-0.007351
-0.005634
0.002499
-0.014694
-0.000436
0.002525
-0.004906
-0.014999
-0.001373
-0.004215
0.011955
0.010330
0.003744
-0.001714
-0.007771
-0.003258
0.017975
0.017059
-0.000314
-0.012428
-0.001248
-0.005829
0.006081
-0.012817
0.004501
-0.015625
0.000992
0.001778
0.002895
0.006287
-0.010147
0.004761
0.010139
0.014488
0.014236
-0.007866
0.020950
0.002167
-0.020416
-0.001325
-0.002831
-0.000396
0.009941
0.009148
-0.003630
0.007820
0.000677
-0.013023
0.008591
-0.001647
0.005219
-0.003725
0.017578
-0.001746
0.007381
-0.006485
-0.033325
0.003633
-0.005127
-0.007214
-0.001618
-0.006092
-0.007267
-0.009796
-0.010811
0.002350
0.018326
-0.002821
0.004822
-0.005939
-0.022903
0.001425
0.002865
-0.008949
-0.010689
0.021088
0.006481
0.007393
0.017059
0.001475
0.014526
-0.010269
-0.014786
0.004780
0.016632
0.006714
-0.002800
-0.012085
0.000579
-0.000275
-0.005920
0.024124
0.010361
0.000456
0.010071
0.001635
-0.003143
-0.003136
0.001447
0.000241
0.015511
-0.007305
-0.014221
-0.006283
0.019775
0.000703
0.002789
0.004475
0.007114
-0.009270
-0.005352
0.013824
-0.004745
0.004463
-0.005978
0.011169
-0.005116
0.001714
-0.011612
-0.011749
-0.023712
0.008171
0.011703
-0.030060
-0.005859
-0.002239
-0.001027
-0.004963
-0.020477
-0.000757
0.010307
0.005257
0.008965
0.005478
-0.003199
0.006382
-0.008202
0.005585
-0.005356
0.012436
0.019745
-0.011024
-0.005550
0.010742
0.004810
-0.005463
-0.003201
-0.000247
-0.020996
0.001226
-0.010109
0.001187
0.000681
0.000995
-0.008392
-0.004204
-0.002401
0.010063
0.004696
0.003061
0.021225
-0.003601
-0.010284
0.000224
-0.024918
-0.018295
0.015251
0.004200
-0.014923
-0.006100
-0.016785
-0.000582
-0.001143
-0.001291
-0.000399
0.000448
-0.015091
-0.004223
0.012856
-0.013611
0.007565
0.002369
-0.000074
0.017120
-0.005493
0.001392
-0.005741
-0.013451
0.013977
0.000096
0.001670
-0.014664
0.009674
-0.005920
0.014404
0.002081
-0.017593
-0.002787
-0.012215
0.000317
0.023010
0.008759
0.004261
-0.012215
-0.006435
-0.005501
0.008583
0.004509
0.008850
0.019348
0.012955
-0.008987
-0.008347
0.010681
0.000957
-0.002064
0.015106
-0.017227
-0.004913
-0.010002
0.012543
-0.001527
-0.005024
-0.003227
-0.009857
-0.011406
-0.007473
0.017883
0.013435
0.008636
0.005085
-0.004246
0.013084
0.003355
0.009552
-0.004993
0.000017
0.010704
-0.003527
0.007401
0.008896
-0.013824
0.010178
0.003523
-0.011093
0.003372
-0.007366
-0.025436
-0.007488
0.009552
0.002714
0.000254
0.001770
0.007061
-0.015526
-0.008423
0.006168
0.004971
0.011292
-0.005589
-0.004509
-0.000249
-0.007942
-0.007019
0.001673
-0.005749
0.006397
-0.002058
0.001374
0.015717
-0.028580
-0.007225
0.009598
0.007011
0.006420
-0.001863
-0.000919
-0.013054
0.008850
0.000794
-0.007145
0.006245
0.012695
0.002781
0.006107
-0.003666
-0.020355
0.001756
0.003519
-0.018784
0.006580
-0.014000
0.002369
-0.002766
0.010635
-0.012619
0.006222
-0.003883
0.003990
-0.021957
-0.002789
0.027435
-0.014137
-0.002270
-0.001619
0.012329
0.005806
0.002426
-0.003550
0.000372
0.001419
0.001980
0.005856
0.009575
0.006824
-0.004936
0.008270
-0.002110
-0.022705
-0.020615
0.015480
0.001162
-0.006184
0.006447
0.030411
-0.009010
0.001314
-0.000644
0.004368
0.006165
0.006756
0.002136
0.032990
-0.012115
0.006447
-0.004761
0.003561
-0.002703
-0.002764
0.014236
0.006638
-0.000831
-0.017380
-0.014420
-0.002954
0.021164
-0.001815
0.013931
-0.003502
-0.016556
0.017014
-0.016846
-0.000616
-0.011948
-0.006413
-0.007336
0.007149
-0.003452
-0.014084
0.000148
0.010864
0.000781
-0.006615
-0.013283
0.004124
-0.005314
0.010750
0.027985
0.002268
0.005234
0.004921
-0.002754
0.007957
0.005573
-0.000834
-0.005177
0.004169
0.008446
0.003132
-0.008591
-0.009293
-0.006603
0.005989
-0.001927
-0.008141
-0.002985
-0.015083
-0.007622
0.005898
-0.011215
0.001252
0.009628
0.001410
-0.001220
-0.004368
0.004070
0.005417
-0.012848
-0.005653
-0.007801
-0.021225
0.008080
0.005890
-0.025772
0.001910
0.011215
-0.001965
-0.007435
-0.007362
0.007229
0.012337
0.004116
-0.000464
0.001848
-0.002214
-0.002604
0.000778
-0.005367
-0.005608
0.005096
-0.010811
0.000574
0.006302
-0.004253
0.012054
0.010849
-0.006866
-0.010384
0.001510
0.023193
-0.007660
0.000942
0.005283
0.019791
0.007408
0.000681
-0.012085
-0.006916
-0.001222
0.007191
0.006638
-0.014717
0.002415
-0.005146
-0.004562
-0.010956
0.006981
-0.008972
0.016159
-0.006973
-0.016647
0.004036
0.016647
0.009102
-0.005959
0.015221
0.012421
-0.008392
0.010925
-0.006413
-0.002069
0.003506
-0.005138
-0.011002
-0.000901
0.005791
-0.001927
0.013985
-0.004120
0.006378
-0.004944
-0.003426
-0.005913
0.008713
0.003523
0.008057
-0.000302
-0.005726
-0.000887
0.004375
-0.016525
-0.002342
0.000999
0.002939
-0.019424
0.012115
0.004387
-0.008179
0.011299
-0.008484
-0.009483
-0.010178
-0.002441
-0.004818
-0.009224
-0.001641
-0.005096
0.001058
-0.005077
0.001410
0.005203
0.000127
0.017212
0.016922
-0.001524
-0.016876
-0.000428
-0.010078
0.004715
0.009331
-0.003372
0.007771
-0.009155
-0.005104
0.001568
-0.007881
-0.012108
0.009552
-0.009140
-0.011589
0.003971
-0.001191
0.023422
0.004822
0.000153
-0.008659
0.009232
0.008476
0.014275
-0.006767
0.000370
-0.005001
0.006237
-0.003580
-0.004063
-0.003700
0.009026
-0.020798
-0.004311
0.001640
-0.001632
0.009064
-0.004917
0.005341
-0.001164
-0.018036
-0.013130
0.001345
-0.000996
-0.000461
0.014236
-0.003265
-0.013130
0.007404
-0.001204
-0.008087
-0.001147
0.014893
0.007782
0.009811
0.000540
-0.006882
0.009621
0.007851
-0.015762
-0.011284
-0.000151
-0.013542
-0.000660
0.016708
-0.008003
-0.011177
-0.013840
0.000535
0.000159
-0.007381
-0.000245
-0.000850
0.018463
0.004478
0.002012
-0.007252
-0.010063
0.004032
0.002939
0.006630
-0.006599
-0.002739
-0.007008
0.025009
0.011322
-0.017532
0.016220
-0.007137
0.001049
-0.004742
0.010010
-0.001229
-0.007717
0.009125
0.017975
-0.002657
0.005344
0.008278
-0.008987
-0.006401
-0.003496
-0.000667
-0.000946
0.014626
0.010925
-0.000842
0.000493
0.008720
0.004143
-0.003344
-0.003868
-0.008163
0.005756
-0.004364
0.007889
0.020493
0.016571
0.008263
0.003284
0.014435
-0.009094
0.001543
0.012909
0.012535
0.001036
-0.013641
0.001347
0.022781
-0.020386
0.008598
-0.009079
-0.019424
-0.014633
-0.015503
-0.005672
-0.016846
-0.008881
0.008728
-0.004128
-0.006443
0.007038
-0.013283
0.016434
-0.007965
-0.022156
-0.010155
0.009529
0.011810
0.004051
-0.010338
-0.013138
0.005066
-0.012901
-0.004028
0.015732
0.002220
0.011597
-0.013496
0.011665
0.001552
0.006840
0.001456
0.016647
-0.002062
0.013321
0.005280
-0.024094
0.003559
0.004250
0.001926
0.016357
-0.005623
0.001461
-0.012405
-0.006306
-0.000204
-0.011238
0.010872
0.007652
-0.005161
-0.019684
-0.000808
0.001024
-0.004124
-0.006283
0.005272
0.001663
-0.009834
0.000744
-0.016602
-0.005173
0.002876
-0.008507
0.004501
0.003714
-0.003532
0.007835
0.013405
0.011436
0.001256
0.011032
0.010582
-0.005619
-0.019363
0.005180
0.001901
-0.009773
0.014664
0.008430
-0.002264
-0.004574
-0.003189
-0.004311
-0.005367
0.003084
-0.004154
0.001383
-0.010880
0.000306
0.001534
0.003479
0.009361
0.004799
0.025330
0.003439
-0.014679
-0.004482
-0.003376
-0.004326
-0.012009
-0.015808
0.013504
-0.010445
0.002720
-0.002119
0.006519
-0.001172
0.012756
-0.005203
-0.011971
-0.011978
-0.013412
-0.003050
-0.003223
-0.007381
-0.011269
0.002403
-0.006699
0.010864
-0.004055
0.007710
0.009666
0.019043
-0.003128
-0.008255
-0.020798
-0.000428
-0.010078
0.004715
0.009331
-0.003372
0.007771
-0.009155
-0.005104
0.001568
-0.007881
-0.012108
0.009552
-0.009140
-0.011589
0.003971
-0.001191
0.023422
0.004822
0.000153
-0.008659
0.009232
0.008476
0.014275
-0.006767
0.000370
-0.005001
0.006237
-0.003580
-0.004063
-0.003700
0.009026
-0.020798
-0.004311
0.001640
-0.001632
0.009064
-0.004917
0.005341
-0.001164
-0.018036
-0.013130
0.001345
-0.000996
-0.000461
0.014236
-0.003265
-0.013130
0.007404
-0.001204
-0.008087
-0.001147
0.014893
0.007782
0.009811
0.000540
-0.006882
0.009621
0.007851
-0.015762
-0.011284
-0.000151
-0.013542
-0.000660
0.016708
-0.008003
-0.011177
-0.013840
0.000535
0.000159
-0.007381
-0.000245
-0.000850
0.018463
0.004478
0.002012
-0.007252
-0.010063
0.004032
0.002939
0.006630
-0.006599
-0.002739
-0.007008
0.025009
0.011322
-0.017532
0.016220
-0.007137
0.001049
-0.004742
0.010010
-0.001229
-0.007717
0.009125
0.017975
-0.002657
0.005344
0.008278
-0.008987
-0.006401
-0.003496
-0.000667
-0.000946
0.014626
0.010925
-0.000842
0.000493
0.008720
0.004143
-0.003344
-0.003868
-0.008163
0.005756
-0.004364
0.007889
0.020493
0.016571
0.008263
0.003284
0.014435
-0.009094
0.001543
0.012909
0.012535
0.001036
-0.013641
0.001347
0.022781
-0.020386
0.008598
-0.009079
-0.019424
-0.014633
-0.015503
-0.005672
-0.016846
-0.008881
0.008728
-0.004128
-0.006443
0.007038
-0.013283
0.016434
-0.007965
-0.022156
-0.010155
0.009529
0.011810
0.004051
-0.010338
-0.013138
0.005066
-0.012901
-0.004028
0.015732
0.002220
0.011597
-0.013496
0.011665
0.001552
0.006840
0.001456
0.016647
-0.002062
0.013321
0.005280
-0.024094
0.003559
0.004250
0.001926
0.016357
-0.005623
0.001461
-0.012405
-0.006306
-0.000204
-0.011238
0.010872
0.007652
-0.005161
-0.019684
-0.000808
0.001024
-0.004124
-0.006283
0.005272
0.001663
-0.009834
0.000744
-0.016602
-0.005173
0.002876
-0.008507
0.004501
0.003714
-0.003532
0.007835
0.013405
0.011436
0.001256
0.011032
0.010582
-0.005619
-0.019363
0.005180
0.001901
-0.009773
0.014664
0.008430
-0.002264
-0.004574
-0.003189
-0.004311
-0.005367
0.003084
-0.004154
0.001383
-0.010880
0.000306
0.001534
0.003479
0.009361
0.004799
0.025330
0.003439
-0.014679
-0.004482
-0.003376
-0.004326
-0.012009
-0.015808
0.013504
-0.010445
0.002720
-0.002119
0.006519
-0.001172
0.012756
-0.005203
-0.011971
-0.011978
-0.013412
-0.003050
-0.003223
-0.007381
-0.011269
0.002403
-0.006699
0.010864
-0.004055
0.007710
0.009666
0.019043
-0.003128
-0.008255
-0.020798
-0.000400
0.002066
-0.023682
-0.000896
-0.000157
0.013062
-0.003109
0.009201
-0.010796
0.016693
-0.006584
0.007755
0.008308
0.001068
0.010048
0.002886
0.008743
0.004807
0.009445
0.011459
-0.005959
0.004608
0.012772
-0.008194
-0.010185
0.008636
0.010025
-0.007504
-0.001122
-0.028488
-0.000910
-0.022934
-0.004566
0.000208
-0.011833
0.004745
0.013184
-0.015327
-0.006763
0.004677
0.000978
-0.004520
0.011620
0.003717
-0.012047
-0.004700
-0.003222
0.003891
0.021790
0.018036
0.011520
-0.008202
-0.010773
-0.000096
-0.005657
-0.007473
-0.021683
-0.000349
0.004280
0.023743
0.000581
0.001094
-0.004284
-0.011421
-0.018463
-0.015869
0.009926
-0.016327
-0.002111
-0.010017
-0.018250
-0.012604
-0.014000
-0.000891
-0.007519
-0.010239
0.001526
0.003460
0.007408
0.019958
-0.011337
0.008850
0.012489
-0.015587
0.001480
0.001450
0.006092
-0.003164
0.004173
0.007896
-0.015053
-0.009926
-0.014816
0.001534
-0.000547
0.007332
-0.005611
-0.003826
0.013115
-0.000643
-0.008301
0.006432
-0.001156
0.006439
-0.000170
0.001019
0.010101
0.015945
0.005531
-0.008041
0.007904
0.008873
0.018982
-0.015602
-0.004498
-0.003254
-0.006725
-0.013794
0.004387
-0.000419
0.012947
0.001220
-0.013000
0.016418
0.008720
-0.006050
0.002171
-0.006683
0.013306
0.005844
-0.000696
-0.001531
0.002670
-0.010246
-0.004005
0.017578
0.010124
-0.000006
-0.006546
0.000968
0.005863
0.003384
0.018585
0.004700
-0.006100
0.000736
0.007980
-0.006382
-0.006706
-0.000489
-0.005863
0.006481
-0.000305
0.001927
-0.020554
0.003180
0.011292
-0.002810
0.006096
-0.002005
0.007965
0.006031
0.015236
0.030075
0.004791
-0.001307
-0.003073
0.001879
0.024429
-0.006371
0.000118
0.015625
-0.013741
-0.004066
-0.014099
0.008377
-0.006870
0.011139
-0.002556
-0.012459
-0.026550
0.014687
-0.000343
0.003767
-0.007267
-0.005882
-0.006298
-0.003506
0.002378
0.003775
-0.009262
0.008530
-0.001322
0.010208
0.007282
-0.019394
-0.005371
-0.002136
-0.002142
0.007538
-0.003334
0.013527
-0.005478
-0.010895
-0.007011
-0.013863
-0.009567
-0.000947
0.002268
-0.014328
-0.015411
0.006973
0.011337
-0.007408
-0.017151
0.000713
0.026642
-0.001949
0.021484
-0.004028
0.006645
-0.003542
-0.003271
0.002213
0.033997
0.005962
0.003838
0.016647
-0.003279
0.003445
-0.007336
-0.002600
-0.016159
-0.005749
-0.011337
0.006111
0.009285
0.009224
-0.018021
-0.015114
0.003658
0.000636
-0.001106
-0.015686
-0.000077
0.007648
-0.024292
-0.003801
0.001231
-0.000067
0.018051
0.005077
0.009598
-0.009148
-0.004986
0.002136
-0.005848
0.020386
-0.003038
0.001978
-0.000236
0.005440
0.010590
0.009956
0.002234
-0.006012
-0.008049
-0.001589
-0.014427
-0.010788
-0.019043
0.003983
0.014404
-0.003925
-0.019424
0.001950
0.008133
0.005501
-0.005039
0.008141
0.016174
0.011787
0.012489
0.011337
-0.005753
-0.000669
0.002708
-0.002499
-0.001566
-0.023697
0.002764
-0.008636
-0.007805
0.007030
-0.007812
0.018555
0.010025
-0.011162
-0.008278
0.005562
-0.002832
0.014282
0.009171
0.001980
-0.009720
0.008217
-0.001506
0.001526
-0.018661
-0.012962
-0.012505
0.005852
-0.007385
-0.013084
-0.008804
0.002619
-0.004543
0.004982
0.017624
0.003738
0.001683
-0.009903
-0.007088
0.012566
0.002171
0.018097
-0.024551
-0.002445
-0.011925
-0.000508
0.007496
0.006271
0.006180
0.009407
-0.022629
0.003504
0.005753
0.017227
-0.001482
-0.005863
0.008530
0.002068
0.012787
-0.009537
-0.007069
0.001124
0.008995
-0.006599
-0.001140
0.011948
0.014671
0.003191
-0.018616
0.002863
0.001638
0.013222
-0.008713
0.004063
-0.007191
-0.015388
0.014732
0.000041
-0.010406
0.012497
-0.004005
0.005917
-0.004456
-0.002678
-0.012161
0.015068
-0.016266
0.004608
0.012535
0.005501
-0.006721
-0.002119
-0.005356
-0.000147
-0.002211
-0.001318
-0.010162
-0.000685
0.013641
-0.016830
-0.011208
0.014999
0.016907
-0.015137
-0.000469
0.004932
0.002224
0.008606
0.020386
-0.003990
-0.012169
-0.014610
0.008194
0.001100
0.011215
0.007214
-0.005981
0.003365
-0.002411
0.009270
-0.000653
-0.010048
0.033813
0.015610
-0.005791
0.001976
0.005974
-0.011452
-0.009666
-0.008072
0.000038
-0.015854
-0.001291
0.007751
0.003538
0.002827
0.000061
0.012138
0.007469
-0.003639
0.016357
0.000805
-0.000394
-0.009956
-0.002909
0.001723
-0.006851
-0.000359
0.007874
-0.023010
0.000723
0.006130
0.018707
0.010841
-0.002253
-0.038452
-0.020142
-0.006824
-0.003492
0.017700
-0.002523
-0.010986
0.002552
0.005783
-0.001708
-0.007515
0.005394
-0.011604
0.001959
0.004234
0.007790
-0.000702
0.009094
-0.000757
-0.006748
-0.003391
-0.002327
0.003546
-0.017975
0.001302
-0.027420
0.012802
0.004524
-0.004025
0.005623
-0.016541
-0.002941
0.013947
-0.015594
-0.001708
0.002287
0.014549
0.011353
-0.000398
-0.014748
-0.009323
0.000887
0.000194
0.008781
-0.007069
-0.010315
0.025513
0.003960
-0.009987
0.003967
0.006638
0.010490
-0.025360
0.004929
0.016495
0.010635
0.005592
-0.004414
0.008904
0.014038
-0.017288
0.002474
0.001850
0.008705
-0.008331
0.011070
-0.005718
0.000641
-0.000369
0.004421
0.008362
-0.017792
0.005928
-0.002131
-0.009071
-0.002657
0.008461
-0.002369
0.001358
0.004242
-0.008224
0.012413
0.004642
-0.005890
-0.003967
0.001911
-0.007656
-0.002872
0.007950
-0.012032
-0.008301
0.011353
0.011482
-0.001492
0.011772
0.011612
0.010475
0.012527
0.012962
-0.004711
0.000759
0.004639
0.000488
-0.020721
-0.006180
0.014648
0.011620
-0.005383
0.002314
-0.004383
0.002535
-0.007599
-0.006916
-0.001372
0.006779
-0.012665
0.000384
-0.003477
0.010590
-0.006718
-0.011063
0.011658
0.005615
0.009506
0.000679
0.001137
-0.008430
-0.006058
-0.003025
0.001524
0.007160
0.003716
-0.006371
0.013893
0.002596
0.007690
-0.008736
-0.005726
0.010971
0.006439
-0.000860
0.006763
-0.013733
-0.007828
0.003601
0.002993
-0.006210
-0.006153
-0.000042
0.012604
-0.000332
-0.021042
-0.001863
-0.001740
0.003660
-0.000967
0.003937
-0.001348
-0.021622
0.002972
0.002443
-0.010010
0.013168
0.001435
-0.006744
-0.000353
0.013908
-0.005329
0.009087
-0.002983
0.014526
0.011116
-0.008278
-0.017242
-0.006390
-0.004066
0.002216
0.001560
-0.002764
-0.012589
-0.001810
-0.012474
-0.016235
-0.010429
-0.010185
0.001546
-0.007919
0.003126
-0.003733
0.006866
0.013100
-0.012329
0.001948
0.000644
-0.000619
-0.010384
0.012711
-0.004726
-0.001570
0.014099
-0.009811
-0.022491
-0.001011
-0.016174
0.008492
0.011162
0.019150
-0.011894
0.007950
0.006050
-0.008812
-0.020279
-0.002100
-0.006813
0.012650
0.008293
-0.007416
-0.002947
0.014252
0.017242
0.011345
0.001029
0.004772
-0.009361
-0.008682
-0.009377
-0.001913
-0.016602
0.001860
-0.013062
0.000633
0.014671
-0.009079
0.001729
-0.022614
0.000334
0.005344
-0.013100
-0.003952
-0.005577
0.008987
-0.008835
-0.007702
-0.009827
-0.013840
-0.017670
-0.020981
0.007000
-0.002626
0.006073
0.005707
-0.011383
0.007343
-0.016495
0.004017
0.002047
0.000897
-0.018997
-0.001945
0.018295
0.005520
-0.015404
0.020172
-0.005054
-0.019348
-0.004536
0.013016
-0.000932
0.004288
-0.010056
-0.003792
0.006008
0.001974
-0.005695
-0.003265
-0.000205
0.000316
-0.001333
-0.006054
-0.014717
-0.013428
0.000876
0.004044
0.005672
0.001206
-0.000087
0.011681
-0.005222
-0.003305
0.010620
0.003824
-0.000235
-0.013283
0.004490
-0.001039
-0.020203
-0.012192
-0.005989
0.005611
-0.017685
0.005928
0.011238
-0.014320
-0.002333
-0.018921
-0.003960
0.008034
-0.005547
-0.010483
-0.001697
-0.001084
0.013435
0.006737
-0.009056
0.007385
0.002737
0.002043
-0.000801
0.005177
0.006992
-0.001123
0.021820
-0.010933
-0.012466
0.010353
0.017563
0.019897
0.023804
-0.008194
0.001304
0.006733
0.005844
-0.003147
0.006893
-0.005497
0.016144
-0.012146
0.005932
-0.008240
-0.003811
0.001877
-0.015572
-0.000166
0.004158
0.013870
0.007236
0.006405
-0.003290
0.005360
0.003078
-0.003197
0.007919
0.006229
0.002039
0.008728
-0.017242
0.004288
0.012794
-0.016907
0.004364
0.009056
-0.001488
0.003740
0.001781
-0.011864
0.007305
-0.009712
-0.004532
-0.002497
0.008926
0.009796
-0.002571
0.007454
0.000011
-0.010033
-0.002024
0.008453
0.022644
0.003979
0.015839
-0.009277
-0.002821
-0.009987
0.009315
-0.005451
-0.004890
-0.001401
0.009529
0.004051
0.006111
-0.014862
0.004833
-0.014809
-0.000952
-0.017349
-0.001716
0.015030
0.009460
-0.008308
-0.020172
-0.010551
0.024673
0.004547
0.004589
0.010750
0.004227
-0.013977
0.020370
-0.005726
0.010750
-0.010124
0.000803
0.003052
-0.003735
-0.002047
0.001423
-0.013840
-0.007996
0.001085
-0.014771
-0.000786
0.002703
0.009102
0.000302
0.011742
0.000543
0.006908
0.015015
0.013870
0.002045
0.006615
0.002926
0.005142
-0.010956
-0.014969
-0.016998
0.000812
0.007362
0.006580
-0.001869
-0.011887
0.021927
-0.014725
-0.010933
-0.010315
0.006821
-0.025497
-0.004761
0.013657
-0.017883
0.014420
0.016907
-0.030426
-0.010300
-0.001602
0.001226
0.000803
-0.003588
-0.005798
-0.010490
-0.005051
0.005466
0.014778
-0.003862
0.014320
-0.012459
0.023041
0.003166
-0.002295
-0.011810
0.016891
0.007137
-0.013077
-0.011009
0.005856
0.007740
-0.003838
0.000417
0.016632
-0.010750
0.007523
-0.011131
-0.008881
-0.003725
-0.011078
0.019760
0.014046
0.017609
0.003168
-0.006020
-0.012009
0.011276
-0.009941
0.007889
0.000109
0.002819
-0.004429
0.002361
0.004665
0.005798
0.000586
0.007538
-0.004490
-0.013756
0.002377
0.006401
0.017502
-0.013245
0.009827
0.018021
0.004288
0.005299
0.000460
-0.005726
0.002218
-0.002037
0.005913
-0.006706
-0.003819
-0.009361
-0.004498
-0.007690
-0.010757
-0.013824
-0.000252
-0.002367
0.003553
-0.007362
-0.006485
0.003428
-0.024094
0.002338
0.006050
-0.004116
0.003366
0.005886
-0.007393
0.001636
-0.002041
0.016052
0.011780
-0.011894
-0.002495
-0.003428
-0.001463
0.007530
0.005253
-0.015884
-0.000152
0.020706
-0.006203
-0.003937
-0.009872
0.005058
0.002535
0.000211
-0.008652
0.008408
0.000062
-0.002666
-0.002308
0.003078
0.008621
-0.015381
-0.011620
0.010246
-0.001114
0.010002
-0.011070
-0.014168
0.002090
-0.006668
0.001945
0.018784
0.007812
0.000793
0.020599
-0.002409
-0.008461
-0.007812
0.007450
-0.000289
-0.006550
0.003817
-0.015373
0.000301
-0.010559
0.000697
-0.013168
0.017502
-0.003647
0.003727
-0.024216
0.008690
-0.009758
0.013184
0.005619
-0.002226
-0.004841
-0.009171
-0.008507
-0.004803
0.001006
-0.014664
-0.004337
-0.005768
-0.000770
-0.002659
0.004639
-0.020645
0.007305
0.006989
-0.005802
-0.002321
-0.012688
-0.005898
-0.005215
0.006603
0.005825
0.015144
-0.013100
-0.006977
0.005829
0.010475
-0.007614
-0.005150
-0.008751
-0.000787
-0.002211
0.016983
0.004585
-0.006016
-0.011551
-0.006725
-0.000360
0.000263
0.003029
-0.008522
0.006081
-0.002190
0.002800
-0.000875
-0.002285
-0.007786
-0.017960
-0.006027
-0.002340
0.001612
-0.006096
-0.004616
0.002529
-0.005459
-0.001065
-0.005455
0.020554
0.009232
-0.004093
0.001681
0.004478
-0.021271
-0.009506
0.005241
-0.004494
-0.010498
-0.022675
-0.009544
0.007935
-0.011192
0.007156
-0.005100
0.005543
0.005310
0.002966
-0.008766
-0.005100
-0.008347
0.003853
-0.002186
0.013916
0.004066
0.008644
-0.006104
0.008217
0.008087
0.005383
-0.012123
-0.004025
0.012917
-0.000675
0.013397
0.001294
-0.006470
0.004406
0.011322
0.024933
-0.001876
-0.010956
-0.001471
0.013672
-0.005207
0.009682
-0.007130
0.014145
0.003517
0.010338
-0.008865
0.008911
0.009506
-0.006042
0.007069
-0.006580
-0.009239
-0.000817
0.004311
-0.010551
-0.002144
0.010498
-0.000067
0.001160
-0.020889
0.005333
-0.015350
0.006218
0.008247
0.016541
-0.008560
-0.015236
-0.011833
0.003674
-0.000365
-0.008110
-0.004559
0.002771
0.018829
-0.007328
0.001658
0.003658
0.010727
0.000978
0.010864
0.001007
0.004200
0.011650
0.013573
0.004662
0.009575
0.005997
0.003769
-0.005428
-0.012695
0.006340
-0.000898
0.006828
-0.006977
0.000762
-0.018372
-0.006874
0.002029
0.020004
-0.000445
0.008018
-0.001788
0.009438
0.005939
0.008659
-0.003040
-0.007439
-0.007275
-0.024155
-0.009369
0.015839
-0.010712
-0.004250
-0.003803
0.007229
-0.000181
-0.006844
0.002453
0.000728
-0.005314
0.002863
0.001516
-0.007706
-0.012672
-0.004185
0.016968
0.009377
0.004719
0.009811
-0.015053
0.003025
-0.008759
0.001980
-0.012054
0.003124
-0.016861
0.004478
0.002161
-0.005272
0.005379
-0.008461
0.009865
-0.008469
-0.006157
0.008621
0.002375
-0.017838
0.002987
-0.000236
0.017792
-0.006798
0.008698
-0.015808
-0.000128
-0.028732
-0.007450
-0.011742
0.008041
0.017441
0.000591
-0.003546
0.003681
-0.009552
-0.013039
0.001329
0.008415
-0.025772
0.003883
-0.014526
0.000735
0.002687
-0.003967
-0.000978
-0.005421
-0.010132
0.014786
-0.001904
-0.003286
-0.013336
-0.002583
-0.001903
0.001612
0.007881
-0.011925
0.018265
-0.001146
0.009430
0.008507
0.009338
-0.018723
0.004505
-0.001768
-0.013756
-0.011139
0.000414
0.012245
-0.003145
-0.014252
-0.001847
-0.009750
-0.004646
-0.000165
0.019226
-0.004032
0.001545
-0.000839
0.003113
-0.001387
0.016525
-0.003269
-0.025665
-0.016495
-0.005096
0.005478
0.003487
0.009338
0.012741
-0.008743
0.002249
0.000312
0.015656
0.017899
0.007637
0.003159
0.005470
0.008995
-0.001223
0.000802
0.001269
-0.003256
0.009438
0.018936
0.007355
0.010384
-0.010193
-0.007553
-0.003027
-0.005939
-0.003630
0.015205
0.004662
-0.005531
-0.002373
0.007683
-0.002949
-0.004990
0.018478
-0.019897
-0.011864
0.002066
-0.008415
-0.001753
0.005310
-0.002689
-0.009270
-0.002371
0.006096
0.020844
0.007080
0.025528
0.016800
-0.001857
0.009438
-0.004681
0.008484
0.011780
-0.002825
-0.000517
0.004211
-0.001655
-0.008286
0.005547
0.009850
0.000237
0.008415
0.006302
-0.019089
0.012756
-0.002422
-0.013069
0.002518
0.015335
-0.007942
0.012726
0.006596
-0.002312
0.005737
-0.006424
0.005302
0.014290
0.009720
0.015480
0.003256
0.005455
0.012100
0.006172
-0.011917
-0.017380
-0.005470
0.005135
0.013237
-0.005707
-0.003864
0.003510
-0.015854
0.003162
-0.001892
0.015762
0.009720
-0.013092
0.017365
0.016388
-0.000509
-0.012032
-0.011078
-0.006374
-0.007942
0.007175
0.000426
-0.005573
0.002544
0.001616
-0.006863
0.010406
-0.003460
0.002594
0.012039
0.003944
0.013222
-0.002439
-0.011269
0.001488
-0.013008
0.018326
-0.000411
-0.001733
-0.022873
-0.000630
0.007095
0.006809
0.005375
-0.013115
0.001798
0.010536
-0.000340
0.001903
0.027328
-0.018295
-0.003998
0.004601
0.011200
-0.006630
-0.007229
-0.006474
0.001782
-0.001265
-0.000284
-0.006851
-0.009331
-0.015732
0.004173
-0.010162
-0.001370
0.024445
0.006046
0.001234
-0.009117
0.005730
0.012032
0.001103
-0.015610
0.000591
-0.014557
-0.010094
-0.006561
0.000734
-0.009682
0.004257
0.019104
-0.007889
-0.008965
-0.015686
-0.009087
-0.007511
0.000854
0.008224
-0.003590
0.016998
-0.011414
-0.012016
0.008469
0.002687
-0.008881
0.003052
-0.010941
0.019852
0.010811
-0.010002
-0.005314
-0.003111
0.011055
0.008621
-0.017807
0.006596
-0.000704
-0.004974
0.013908
-0.000010
-0.008728
0.005531
0.001398
-0.001460
0.001611
-0.006767
-0.025635
0.001010
-0.005325
0.000677
-0.008530
0.016434
0.007225
-0.003347
-0.002892
0.008018
-0.006481
-0.005745
-0.005394
-0.021835
-0.004189
0.002069
-0.008789
0.011185
0.016342
-0.003796
0.009789
0.023575
0.006424
