shape: [b:1, f:64, x:128, y:2, z:1, w:1, u:1, v:1, g:1] (count: 16384, addr: 0x7fffab28c200, original format: bfyx)
0.011459
0.042023
-0.067444
-0.136841
-0.034363
0.030548
-0.056335
-0.000955
0.045502
0.003500
0.048065
-0.001273
0.053772
0.005093
-0.000637
0.103088
-0.150513
0.152466
-0.000955
0.010818
-0.006683
-0.009232
-0.014641
-0.076721
-0.046143
0.000955
0.077637
-0.128296
-0.022278
-0.037231
0.002865
-0.016556
-0.117126
0.010818
-0.005093
0.116821
0.110107
0.030548
-0.025146
0.059845
0.093567
0.044556
-0.051880
0.006367
0.032776
-0.009865
-0.074463
-0.177856
0.011459
-0.114868
0.001909
-0.025772
0.086243
-0.252441
0.001273
-0.073181
-0.006367
0.039154
-0.007637
0.049011
0.000637
-0.112366
-0.012093
-0.101196
-0.016556
-0.010506
-0.015915
0.041046
-0.028320
0.152466
-0.000318
-0.009865
0.189087
-0.036285
-0.017181
0.206177
-0.002546
-0.077637
0.015274
-0.140015
0.031189
-0.065552
-0.030228
-0.025146
-0.016235
-0.002865
-0.026093
-0.036591
0.005409
-0.000955
0.007000
0.044250
-0.017502
0.041046
-0.039795
-0.007637
-0.074768
-0.106628
-0.169312
0.007000
0.015274
0.008278
-0.107910
0.000955
-0.019730
-0.010818
0.080811
-0.032135
0.097412
0.002228
0.296875
-0.042969
0.044250
0.001909
-0.288330
-0.042969
-0.030228
0.003819
0.092957
0.051544
0.042023
0.060791
0.042633
0.443359
-0.010818
0.020050
-0.112366
-0.173462
-0.015121
-0.015884
0.090759
-0.017776
-0.000378
-0.051788
-0.017395
0.001513
-0.159180
-0.002647
-0.012100
0.209106
-0.013229
-0.043488
0.034027
0.023056
0.086609
-0.030243
-0.093384
-0.040833
0.167847
-0.038574
0.086182
-0.021927
0.265137
0.076355
-0.001513
0.083557
-0.013992
-0.079407
0.050659
0.032898
0.187866
-0.009827
-0.000756
0.035156
0.001134
0.062012
0.014366
-0.001134
0.296143
-0.036682
0.229858
-0.123657
0.064636
0.002268
0.040833
-0.002647
0.029114
-0.021179
-0.020035
0.006050
0.046509
0.155396
0.113831
-0.008316
-0.198120
-0.000378
0.003403
0.043854
-0.072571
-0.057861
0.073364
-0.040466
0.100952
-0.040070
0.000378
0.070679
-0.141724
-0.104370
-0.253662
-0.012100
0.000756
0.001134
-0.045380
0.006050
-0.038177
-0.015503
0.128540
0.043854
0.068787
-0.006050
0.023819
-0.006050
-0.044983
0.001513
-0.025711
0.010590
0.007942
-0.003403
-0.012474
-0.011719
-0.004158
-0.168579
-0.013992
-0.164429
0.099426
0.002268
-0.008316
0.251709
0.006428
0.095642
0.009071
0.000756
-0.023438
-0.089600
-0.006428
-0.043488
0.002647
0.068420
0.074890
-0.003403
0.018524
-0.080933
-0.028351
0.004536
-0.054810
0.076355
-0.079773
-0.049896
-0.038177
0.004536
-0.360596
-0.042358
0.008316
-0.017395
0.046509
0.018143
-0.028625
0.030823
-0.070251
0.008812
-0.122559
0.029846
0.040131
-0.010033
-0.176880
0.001224
-0.036469
-0.000734
0.017624
-0.014679
0.002691
0.047211
0.041840
0.039154
0.075867
0.014191
0.026428
-0.044037
-0.002447
0.026184
0.083679
-0.012238
0.025696
0.165894
0.020065
-0.090271
0.009789
-0.131348
-0.178101
0.000245
-0.212158
0.024719
-0.077332
0.083679
-0.018356
-0.049194
-0.094666
-0.065308
-0.055786
-0.084167
-0.017365
0.026184
-0.084167
-0.240234
-0.018112
0.013214
-0.011009
0.007584
-0.019333
-0.212402
0.011009
-0.158813
0.010277
-0.015900
-0.000978
0.227295
0.012970
0.006119
-0.024963
-0.033020
0.010765
-0.108398
-0.018356
-0.060913
0.028625
-0.114258
-0.012726
-0.037445
-0.143433
0.085144
0.005383
-0.116211
-0.001957
0.064331
-0.012238
-0.110596
-0.238525
-0.116211
0.080261
-0.015656
0.018600
0.048431
-0.007584
-0.030579
-0.014679
-0.011497
0.043793
-0.055786
-0.024460
-0.134521
-0.000978
-0.049683
0.025696
0.018845
0.005627
0.006851
-0.002203
-0.014679
0.038422
-0.017868
0.029358
-0.001957
-0.024719
0.006851
0.231201
0.085632
0.190552
0.016388
0.000000
0.024719
0.057983
0.024963
-0.005871
-0.015900
-0.115234
0.190308
-0.012482
0.078552
0.070007
-0.369385
0.080994
-0.116699
-0.066772
-0.182495
0.030670
-0.025742
-0.162964
0.018066
-0.051758
0.082703
0.016159
0.081055
-0.025467
-0.029846
-0.088440
0.026016
-0.090637
-0.006023
-0.000000
0.033691
0.084595
-0.059967
0.075867
-0.044098
-0.072815
-0.101624
0.161621
-0.104065
-0.059967
-0.069275
-0.016983
0.143555
0.024094
-0.051758
0.022736
-0.082153
0.083252
-0.037506
0.007942
-0.013145
0.006847
-0.119690
-0.024094
0.024094
0.052582
0.019165
0.048462
-0.114441
0.107910
-0.043823
-0.048737
-0.016434
-0.186157
0.024094
0.046814
-0.019989
0.048462
-0.213623
0.199951
-0.062988
-0.021912
-0.009583
0.069275
-0.010406
-0.102966
-0.030121
0.145142
-0.029022
-0.049561
0.008492
0.039978
0.048187
0.358643
-0.140259
-0.326172
-0.182617
-0.018890
0.003286
0.006573
-0.081604
0.075867
-0.004654
-0.050934
-0.136353
0.001917
-0.003834
0.039154
0.012596
-0.032043
0.046265
0.041626
0.058044
0.005753
-0.027939
-0.033142
0.088989
-0.035614
-0.054230
0.039978
0.206177
-0.087646
-0.038879
0.026566
0.154663
0.032593
0.038605
-0.012596
0.042450
0.117493
-0.020264
-0.014236
-0.050110
0.013969
0.012047
0.175049
-0.074463
0.093079
0.183716
0.031769
-0.065735
-0.018341
-0.080261
-0.044373
-0.039429
-0.084351
0.006023
0.160767
-0.061890
-0.081848
-0.053680
-0.065186
-0.013695
0.013840
-0.043335
0.121948
0.081055
-0.147827
-0.003210
-0.073608
-0.010033
0.121765
-0.037323
-0.009232
-0.001805
0.018661
-0.011032
-0.080627
-0.191040
-0.079834
-0.194946
0.053558
-0.027878
-0.017654
0.017853
0.103699
0.128540
-0.028091
0.000401
0.025681
-0.022064
0.140625
-0.027084
-0.014046
-0.109314
0.005016
-0.005817
0.059998
-0.188721
-0.073608
-0.058777
-0.001805
-0.028091
-0.170532
-0.077637
-0.084229
0.051361
-0.083679
0.017654
-0.045532
-0.139771
0.006618
0.009026
-0.010834
0.001605
0.013840
-0.081665
0.014847
-0.031097
0.087097
-0.017456
-0.068420
0.080627
-0.093079
0.037506
-0.078247
0.009026
-0.051361
-0.180786
-0.050140
-0.041321
0.017654
-0.086243
-0.071228
0.014847
-0.116577
-0.016052
0.006020
0.151489
-0.015656
-0.031891
-0.027084
-0.077209
0.197998
-0.086243
0.007023
0.095093
-0.012642
-0.094910
0.124756
0.049347
-0.009827
-0.046539
-0.085876
0.033508
-0.040710
0.041534
0.059174
-0.105896
-0.007221
0.002207
0.263672
-0.041534
-0.002810
-0.002207
0.156128
0.004414
-0.068420
0.003410
-0.042725
-0.012840
0.200806
-0.107910
-0.159546
0.052765
0.003410
-0.009827
0.199829
-0.000000
0.032715
-0.123352
-0.095520
0.091064
-0.164673
-0.069031
0.070435
0.070190
-0.088684
-0.089050
-0.295410
-0.046936
0.004883
-0.024414
0.117798
0.017654
-0.140625
0.010704
0.062927
-0.047150
-0.043945
-0.007137
0.121887
-0.054291
-0.044312
0.051453
-0.007324
0.086792
0.122253
-0.051453
-0.123779
-0.103699
-0.148560
-0.063110
0.044342
0.152100
-0.295654
0.060669
-0.002066
0.041504
-0.028168
0.006763
-0.032684
0.184204
0.109314
-0.084167
-0.018219
0.006573
-0.024231
0.070251
0.000564
0.030426
0.111938
0.031555
0.243042
0.245850
-0.134644
0.016525
-0.051453
-0.010704
0.081116
0.078125
-0.024979
-0.078308
0.010895
0.040375
0.151001
-0.042999
0.114746
-0.037567
-0.026855
0.134277
-0.071167
0.024414
-0.059540
-0.099365
-0.039429
0.027237
-0.100464
-0.126953
0.121521
0.001878
0.092957
-0.101807
0.002441
0.001503
0.020279
0.076843
0.068909
-0.004509
0.060669
0.154419
-0.100647
0.012207
0.050323
0.149536
0.006573
0.088684
-0.027420
0.072510
-0.009766
-0.025360
0.018967
0.040771
-0.054657
-0.151245
0.093567
0.101074
-0.052399
-0.065735
0.021225
0.345703
-0.007702
-0.043579
0.032501
-0.002254
-0.026291
0.029114
0.015022
0.006386
0.013901
0.076416
-0.045837
-0.005634
0.061615
0.025925
0.119629
0.012398
0.021042
-0.023849
0.051453
0.049774
-0.012207
-0.035126
0.184204
-0.038513
-0.123413
-0.047882
-0.049011
-0.076233
-0.025894
-0.021179
0.146118
-0.082397
-0.053558
-0.021347
0.026779
0.042358
-0.040253
0.042511
-0.013298
0.000700
0.089783
-0.007351
-0.116333
-0.033936
0.104614
0.104309
-0.074219
-0.038330
0.015572
0.010323
0.181274
-0.002100
-0.069458
0.083313
-0.046539
-0.079468
-0.140991
0.002625
-0.023621
-0.068970
0.030273
0.054779
0.033081
-0.042694
-0.175171
-0.152100
-0.059479
0.015221
-0.035004
0.041809
-0.210449
0.073486
-0.064758
0.077148
-0.079285
-0.015572
0.051971
0.070679
0.060364
-0.082397
-0.169556
-0.093262
0.010498
0.067871
-0.120056
-0.001400
0.017319
0.006474
0.027298
0.004025
-0.092407
0.064392
-0.117432
-0.041290
0.033936
0.143677
-0.099060
-0.216797
-0.100281
0.053009
0.022049
-0.044617
0.025543
-0.022568
0.003149
0.117065
0.068420
0.017502
-0.060883
-0.002625
0.217896
0.130371
0.018555
-0.076965
-0.159546
-0.058441
-0.008049
-0.025375
0.044434
-0.028000
-0.041992
-0.063538
0.049347
-0.070496
-0.141357
0.150269
-0.059326
0.039368
0.046021
0.032715
0.086975
0.024673
0.045319
-0.037262
-0.062805
-0.062103
0.235596
0.082764
0.052856
-0.027298
0.056335
0.148926
-0.199707
0.071899
-0.026428
-0.038147
0.159058
-0.125854
0.006824
-0.019592
-0.085205
-0.094849
0.073120
0.014175
-0.258057
0.144409
-0.100098
-0.059235
-0.062561
-0.021912
-0.238281
-0.128174
0.087463
-0.033020
-0.032196
0.098938
0.001659
0.093628
0.049133
-0.046143
-0.029037
-0.004814
0.038177
0.062073
-0.027054
-0.084473
0.088135
-0.223877
-0.070374
-0.009460
-0.168579
-0.113342
-0.067200
-0.021072
0.011116
-0.010788
-0.100403
-0.066406
-0.048126
-0.138550
0.008629
-0.017426
-0.008629
0.177734
0.028214
0.093933
0.108887
-0.050446
0.106873
0.029709
-0.082947
0.141602
0.091797
0.050293
-0.247314
0.000498
-0.029205
-0.056763
-0.016602
0.157349
0.158203
-0.013771
0.068054
-0.017761
0.048798
0.029877
0.058075
0.016434
0.031204
-0.037994
0.088135
-0.039673
-0.113342
0.042145
-0.295654
0.128174
0.083313
-0.087097
-0.020584
0.000166
0.077820
0.082458
-0.023727
0.007801
-0.022064
-0.110840
0.019577
0.085632
-0.042328
0.143433
-0.066406
0.046814
0.028046
-0.051117
-0.016602
0.027710
0.057434
-0.057739
-0.021408
-0.130493
0.083008
-0.021912
-0.020737
-0.082458
0.014435
0.123657
-0.009789
0.076172
-0.054596
-0.134644
-0.000830
-0.048798
-0.019577
-0.008133
-0.040649
0.007301
-0.196655
0.047638
0.084961
0.189819
0.008133
0.114685
0.061737
-0.029037
0.147827
-0.072998
-0.080811
0.063721
0.053436
-0.020416
-0.117798
-0.049469
0.094604
0.128174
-0.012833
-0.032501
-0.039520
0.034546
0.050812
-0.095154
-0.048065
-0.065674
-0.027710
-0.080566
-0.005302
-0.025146
-0.023788
0.019333
0.041565
0.015747
0.092224
0.191406
0.010437
0.037476
0.028061
-0.004276
0.066406
-0.078186
0.023270
0.002737
-0.015747
0.024292
0.213501
-0.004620
-0.032349
0.076294
0.160645
-0.016769
0.129639
0.066406
-0.027206
-0.204590
0.012146
-0.018311
0.104187
-0.070129
-0.036621
-0.018143
0.066711
-0.014717
0.112244
0.141479
0.000855
0.007015
0.013519
0.068970
-0.073547
0.026184
0.030792
0.023270
0.167358
0.055786
-0.105896
0.098877
0.007874
0.111389
-0.125610
0.034912
0.136353
0.015747
-0.006500
-0.158081
0.005302
-0.018814
-0.151611
0.012321
0.063965
0.057312
0.008209
0.169189
0.127808
0.146484
0.010094
0.068115
-0.034210
-0.092712
0.073059
0.121155
-0.058350
-0.126953
0.088806
0.028229
-0.034729
0.178955
0.079712
0.005135
-0.028580
0.022415
0.040375
-0.048431
-0.190308
-0.011635
-0.092712
-0.001369
0.046204
-0.032166
0.097351
0.038483
0.036102
-0.010948
-0.041931
-0.206543
0.192871
0.050812
0.138428
0.009407
0.003422
-0.033356
0.081421
-0.026520
0.034729
-0.102295
-0.035919
-0.102966
0.011292
-0.075439
-0.170898
0.070679
0.007874
-0.050476
-0.349365
-0.079224
0.166382
0.039856
-0.021088
-0.077576
-0.260498
0.006733
0.146484
0.122620
0.047485
0.028885
-0.125977
0.025513
-0.079712
0.012932
-0.011696
-0.185791
-0.158569
0.078125
-0.038971
-0.081116
0.108398
-0.025696
-0.102234
0.009567
0.190308
0.002480
-0.043579
-0.014702
0.037567
0.015762
-0.047302
-0.007263
0.059875
-0.073364
0.005138
0.022141
0.004429
-0.173096
-0.089661
-0.044647
0.093872
0.067688
0.152954
-0.090515
-0.043762
0.183228
-0.034027
-0.042877
-0.008682
-0.071411
0.036865
0.013641
0.018784
-0.049255
-0.005669
0.075989
-0.081482
0.068909
-0.070679
0.062195
0.075134
-0.000886
0.114990
-0.025330
-0.113403
0.068359
-0.028702
-0.030472
-0.001240
-0.034363
0.192993
-0.171021
-0.032410
-0.011162
0.016479
-0.006554
-0.342529
0.054932
-0.101685
-0.050842
-0.014702
-0.151855
-0.049438
0.050140
0.110046
-0.060577
-0.001595
-0.052094
-0.036316
-0.064148
-0.019669
-0.229980
-0.019836
0.029587
0.029053
0.136108
0.037750
0.041992
-0.005848
0.082031
0.060944
0.070862
0.044830
0.040222
0.080811
0.005314
-0.042328
0.022324
-0.101501
0.029236
-0.046051
-0.161011
0.140137
-0.005314
0.039673
0.040039
-0.017715
0.036133
0.000709
-0.049774
-0.104187
-0.039154
0.083435
0.027283
-0.027985
0.022507
-0.025330
-0.198730
0.037170
-0.058685
0.076843
0.038330
0.100708
-0.088379
0.054565
0.042633
0.014275
-0.059082
-0.073120
-0.043823
0.074158
0.067505
-0.016235
0.067078
0.091553
-0.103088
-0.041656
0.087402
-0.014862
-0.055542
-0.056915
0.069641
0.143311
0.053986
0.021713
0.020538
-0.041473
0.042053
0.060822
0.119507
0.029922
0.006260
0.047516
-0.014671
-0.021118
-0.024643
-0.024063
0.015259
0.102295
0.053802
-0.077637
-0.088806
0.117371
-0.013298
0.064941
0.165283
-0.056732
-0.037750
0.021713
0.020935
0.058868
0.042450
-0.000196
0.027573
-0.151367
0.036774
0.121460
-0.063171
-0.070435
-0.019562
-0.251221
-0.021515
0.189575
0.136963
0.105042
0.087036
-0.000978
0.030121
-0.258789
-0.034027
0.045563
-0.111877
-0.050476
-0.218994
0.062561
-0.037933
-0.068481
0.034424
-0.146851
-0.004108
0.083496
-0.030701
0.073914
-0.106812
-0.231934
-0.061035
0.006649
0.066711
-0.048126
0.120117
-0.015839
-0.065308
0.025421
-0.106812
-0.029541
-0.082153
0.042633
0.134155
-0.025421
-0.000978
0.095032
-0.000978
-0.099976
-0.015060
0.039307
-0.131836
0.085266
-0.070190
-0.070618
0.004108
0.053589
0.087219
0.115967
0.012909
-0.113464
0.090576
-0.035400
-0.001565
-0.024063
-0.153687
-0.008804
-0.006454
-0.012520
0.104431
-0.352539
-0.047913
-0.093994
0.094360
-0.000191
0.048523
-0.153809
0.105469
0.046997
-0.112671
-0.049866
0.072388
0.133301
-0.043182
-0.093628
0.090515
0.069702
-0.243774
-0.164673
0.071045
-0.010506
0.007259
-0.042603
0.134644
-0.008598
-0.055389
0.242798
-0.033417
-0.058075
0.073181
-0.123779
-0.020050
0.010124
-0.050049
0.187744
-0.067261
-0.037811
-0.116516
0.070862
-0.121277
0.096069
0.037048
-0.009361
0.055206
0.051208
-0.061707
0.035156
-0.019867
0.041443
-0.069885
-0.076416
-0.022354
0.037262
0.009743
0.044128
0.059418
-0.252686
-0.034943
-0.136719
0.058258
0.002293
0.066833
0.072754
-0.014519
-0.015091
-0.176147
-0.015671
-0.082336
-0.052917
0.018524
-0.019867
-0.089783
0.070679
-0.016235
-0.046417
-0.004204
0.026932
0.058655
0.094727
-0.066650
-0.110229
0.135010
-0.028656
0.030762
-0.010696
-0.168335
0.010124
-0.222900
0.032288
0.098938
0.025208
0.003056
0.039734
-0.088257
0.146118
-0.046997
0.026749
-0.138916
0.029419
0.080200
-0.040314
0.082703
-0.069153
-0.042603
0.031143
0.177979
0.086731
-0.020828
0.122070
-0.075073
-0.028656
-0.074890
0.018143
0.176514
0.076965
0.084045
-0.023880
-0.046234
-0.008026
0.093994
-0.058441
0.040100
-0.065125
-0.077576
0.193726
0.037445
0.055786
0.096497
0.026367
-0.051971
-0.203735
-0.054871
0.006645
0.020889
0.141479
-0.085632
-0.012527
0.026962
-0.031143
0.018036
0.029617
-0.027908
0.020508
0.019180
-0.032837
0.027145
-0.111816
-0.128540
0.281738
-0.076538
0.032074
0.135986
-0.019180
0.098755
-0.036072
0.035309
0.013672
0.041565
-0.274414
-0.061707
0.087524
0.192139
0.104797
-0.015945
0.012909
-0.115784
0.034546
-0.058289
0.066833
0.043274
-0.002468
-0.025436
-0.032288
0.078003
0.018036
-0.063782
0.156006
0.118103
-0.039673
-0.097595
-0.075195
-0.025635
0.074036
-0.035126
-0.029434
-0.010254
-0.009491
-0.070984
-0.024307
-0.057709
0.037018
-0.025818
-0.134277
0.033417
0.074829
0.052979
0.059601
-0.038361
0.050110
0.093811
-0.071411
0.004745
0.065308
0.178833
0.060944
0.266357
-0.240479
0.005886
-0.003227
0.044434
0.134766
0.054108
-0.047089
-0.124756
-0.006836
0.006645
0.141602
0.137207
-0.026199
-0.122070
-0.020309
-0.123779
0.013100
0.096252
-0.044800
0.014236
-0.023544
-0.012337
0.005695
-0.176514
-0.090576
0.100647
0.062286
-0.000569
-0.019745
0.059052
0.029053
0.003798
0.056000
0.027145
-0.062469
-0.033997
0.061127
-0.192261
0.045380
-0.040070
0.070068
0.123047
0.050507
0.031708
0.054108
-0.057343
0.035889
-0.050110
-0.120361
0.149658
-0.039490
0.043488
0.009911
0.022629
0.033203
0.133179
-0.045593
0.169800
0.034180
0.112793
0.226807
-0.009087
-0.130005
0.048218
0.020813
-0.019821
-0.025925
-0.103088
0.104736
0.006443
-0.103699
0.092163
-0.296875
0.102417
-0.171143
-0.023788
0.042938
0.026428
-0.025436
-0.027908
0.051849
-0.014862
0.062744
0.009911
0.094116
-0.051849
0.027908
0.088501
0.206665
0.160889
0.015030
0.032043
-0.011559
0.109985
0.073181
0.038971
-0.062622
-0.111328
-0.113953
0.002478
-0.098572
0.031052
-0.053680
-0.106995
0.069031
0.004128
-0.214722
0.089050
0.012550
-0.045105
0.002478
-0.003963
0.029068
-0.006443
0.125854
-0.023621
0.002974
0.041443
-0.014534
-0.058289
-0.034180
0.013710
-0.039459
-0.046570
-0.009415
-0.010735
-0.037323
0.044769
-0.171753
0.047729
0.027908
0.097473
0.084717
-0.166626
-0.019989
0.060120
0.026093
-0.034851
-0.079285
0.182373
0.088196
0.002478
-0.109009
0.268066
0.085693
-0.077820
-0.034851
-0.138916
-0.042603
0.038818
-0.003304
-0.179565
-0.016510
0.046234
0.044586
-0.070862
0.080933
0.011398
-0.043427
0.152832
-0.033203
-0.132324
-0.009743
-0.093506
-0.049225
0.005779
-0.086365
-0.031052
-0.051544
-0.078613
-0.071533
0.070007
-0.031372
0.094666
-0.042603
0.001322
0.093628
0.157715
-0.006935
-0.006275
0.192749
-0.026367
-0.065369
-0.011597
0.188721
-0.009666
-0.047974
0.014236
0.042175
0.141846
-0.020035
0.044464
-0.024948
0.009666
0.175415
-0.112305
-0.071716
0.143188
-0.151855
-0.173950
-0.020920
0.073792
-0.030762
-0.153564
-0.007912
0.058167
0.023376
0.005096
0.115967
-0.025482
0.004921
0.102295
0.085388
0.024948
0.024078
-0.027069
-0.048157
0.013184
0.010719
0.033569
-0.024780
-0.012833
0.098267
-0.026184
-0.006680
-0.002987
0.183716
0.111755
-0.075562
-0.012474
0.187134
-0.053253
0.129395
-0.012833
-0.008614
-0.014412
0.063965
0.077698
-0.108765
0.120239
0.080322
0.159912
-0.072937
-0.023193
-0.059387
0.256836
-0.000351
0.066589
0.014763
0.056427
0.122131
-0.000176
-0.024429
-0.076294
-0.092773
-0.012833
0.027420
-0.130371
-0.073303
-0.040253
-0.034088
0.046570
-0.202148
-0.121094
-0.093872
-0.163818
0.009666
-0.106323
0.046234
0.087341
-0.142212
0.027069
0.037964
0.066406
-0.008614
-0.043579
-0.069214
-0.068542
-0.044800
0.086487
-0.064331
0.094177
0.129517
0.040771
0.049042
0.025131
-0.012123
0.017395
-0.030579
-0.118469
-0.003164
0.021622
-0.058167
0.014763
0.091553
0.039551
-0.057983
0.211426
0.010017
0.039001
-0.097900
-0.059570
-0.029877
-0.016525
-0.056763
0.039551
0.062378
0.274414
0.011635
0.035461
0.017456
0.032471
0.020447
0.220825
-0.074463
-0.002064
-0.234863
0.025330
0.089111
0.125122
0.064575
0.012756
-0.010696
-0.029648
0.111633
-0.098328
0.090088
0.000188
0.263428
0.090088
0.019699
-0.008446
-0.100403
-0.033783
-0.003189
-0.029831
0.072083
-0.018387
0.042603
0.151001
-0.003941
0.014824
0.007507
-0.043732
0.147339
-0.047852
-0.117859
0.025711
-0.104675
0.022522
0.011444
-0.050110
-0.019882
0.007507
0.002439
0.027954
0.055725
-0.050476
0.026825
-0.148926
0.115967
-0.162109
-0.264893
0.096985
0.106201
-0.072266
0.030029
-0.019882
0.099854
-0.008255
0.057220
-0.019516
-0.070740
-0.006004
-0.057800
0.105835
0.120667
-0.007507
-0.173340
-0.036774
-0.046539
-0.006004
-0.014633
0.047852
0.270996
0.080872
0.095337
-0.089294
-0.181396
0.190674
-0.038086
-0.087830
0.024399
0.024200
0.100220
0.095703
0.103027
-0.003002
0.083679
0.012947
-0.096985
-0.088745
-0.154785
-0.088196
-0.043518
0.019135
-0.021759
0.033020
0.152222
0.081421
-0.005630
0.064758
-0.058929
-0.033203
0.016510
0.012009
0.034515
-0.049713
0.087646
-0.006569
0.004505
0.073730
-0.007694
-0.012756
-0.080505
0.035645
-0.083862
-0.119690
0.058533
0.036407
-0.128662
-0.020447
0.032837
0.006943
-0.162354
0.024399
-0.087158
0.035431
-0.072083
-0.043030
0.218140
0.137085
-0.035889
-0.021759
-0.076111
0.005592
0.078491
0.012428
0.035583
0.006680
-0.027039
0.121216
-0.054840
0.176147
-0.104736
-0.024704
0.016006
-0.065247
0.083740
-0.092163
-0.111389
-0.011810
0.009171
0.133057
-0.026718
0.077820
-0.070862
0.092163
0.020813
-0.009789
-0.211670
0.017715
-0.045685
0.314453
0.042114
-0.009789
0.019272
0.095276
0.053284
0.001087
0.043518
0.011650
0.013519
0.141235
-0.008698
-0.136230
-0.122131
0.073975
0.386719
-0.018173
-0.050659
-0.134399
-0.039612
-0.017868
-0.107178
0.074097
-0.052521
0.039307
-0.045044
-0.027969
-0.039459
0.128052
0.082031
-0.020813
-0.058105
-0.039612
0.070984
-0.033875
0.039917
0.001398
0.079102
0.011032
-0.022842
-0.048645
0.112488
-0.026108
-0.009476
0.029205
0.008392
-0.153687
0.161133
0.014915
-0.041626
0.030136
-0.068848
0.126221
-0.147339
0.015854
0.004196
0.086243
0.023468
0.025635
0.057495
0.021759
-0.092468
0.089172
0.010254
0.020355
0.151855
0.047241
0.011345
-0.046448
0.007458
-0.090454
-0.075378
0.157349
0.112000
0.006371
0.061523
-0.002953
0.048492
-0.011032
-0.050964
0.096313
0.079712
-0.012589
-0.059967
-0.006371
0.082947
0.011185
-0.089050
-0.112183
0.121521
-0.130615
-0.032867
-0.033661
-0.039520
0.096985
0.060883
-0.076233
-0.054840
-0.140747
-0.108643
0.008469
0.055450
-0.038910
0.092346
-0.114685
-0.077026
0.100220
0.018143
-0.019562
-0.225342
-0.033478
0.226196
0.066345
0.198730
-0.016525
0.176392
0.198608
0.063904
0.086670
-0.003830
-0.002621
0.063110
0.168579
0.039520
0.060699
0.033264
0.074219
0.040710
0.007259
0.201050
-0.040710
-0.052216
-0.061707
-0.029236
0.046356
0.012901
-0.076416
0.034271
0.058075
0.042328
0.001209
0.054443
-0.068970
0.115723
0.089539
0.008064
0.027008
-0.154785
0.022583
-0.060486
-0.013306
-0.078247
0.092163
0.160278
0.045349
0.053436
0.035065
-0.050598
-0.052216
-0.020157
-0.070984
-0.010887
-0.227661
0.053436
0.024994
0.005444
-0.121765
0.022583
-0.069580
0.048187
0.122192
0.007660
-0.056244
0.019348
0.009674
-0.075012
0.213867
-0.049988
0.010689
-0.186890
0.009880
-0.015732
0.136719
0.000202
-0.082886
-0.205200
-0.083435
-0.014114
0.033661
0.029236
-0.097778
0.007660
0.035278
-0.124573
-0.010078
-0.115112
-0.144287
0.006653
-0.060272
0.080261
-0.068726
0.157104
-0.002016
0.014717
-0.125244
0.033478
0.000403
0.020966
-0.008263
-0.043152
0.143799
0.003225
-0.129028
0.077209
-0.032471
0.011696
-0.110657
0.054840
-0.055237
0.061279
-0.048218
0.150879
0.084106
0.210205
0.061676
0.039948
-0.052582
0.029999
-0.030701
-0.062805
-0.053131
-0.003365
-0.003925
-0.062927
0.150024
0.055389
-0.153564
0.156494
0.052002
0.004768
-0.059723
0.039673
0.051025
0.065918
0.015701
-0.070679
-0.013039
-0.112122
0.014580
-0.027893
-0.012756
-0.088867
-0.029587
0.085632
-0.022858
0.020752
-0.000981
0.074463
0.034637
-0.056641
0.118469
0.010231
0.004906
-0.008690
-0.015839
0.013596
0.154541
0.057770
0.021317
-0.048096
-0.021866
-0.070801
0.067017
-0.032806
-0.119019
0.013039
-0.076416
-0.038269
0.023560
-0.129517
-0.072632
0.031952
-0.021866
0.111145
0.086792
-0.109192
-0.019760
0.030289
0.034485
0.015144
-0.050201
-0.078918
0.091553
0.037720
-0.014023
0.007572
-0.008553
0.021164
-0.118713
-0.083130
0.171509
0.092834
-0.146362
-0.139404
-0.037018
-0.015976
0.045135
-0.002384
-0.268555
0.180908
-0.034912
0.032257
-0.042206
0.013458
-0.041229
-0.127441
-0.010796
0.117065
-0.100220
0.047791
0.005608
0.159180
0.001262
0.075562
0.006451
0.003506
-0.162720
-0.022003
-0.040924
-0.107361
-0.014442
-0.003506
-0.017807
-0.029160
-0.020325
0.008972
0.088196
-0.103333
-0.050476
-0.034210
-0.090393
-0.010094
-0.393066
-0.059448
-0.010796
0.223877
-0.201904
-0.058807
-0.095886
0.059906
0.063843
-0.072083
-0.193604
-0.109741
0.101257
0.096191
-0.054413
-0.090637
0.012138
-0.006306
0.076294
0.004414
0.241943
0.181519
-0.000473
-0.178223
-0.000788
-0.338623
0.270996
-0.040375
0.022552
-0.046356
-0.129761
-0.056122
-0.171021
0.049500
-0.006466
-0.048096
-0.013718
-0.067932
0.033112
0.007881
-0.069397
-0.107849
0.095581
-0.153564
0.053772
0.008514
0.004414
0.068909
-0.082153
-0.071106
-0.049500
0.086731
-0.015930
0.044464
0.023651
-0.006149
0.120972
0.060394
0.102478
0.243774
-0.066040
-0.075684
0.011513
-0.019547
0.001103
0.078674
-0.033752
0.090210
-0.029648
-0.060394
-0.021133
0.038940
-0.017502
0.066711
-0.011665
-0.037201
-0.037994
-0.048248
0.025543
-0.014351
-0.004730
0.105042
0.054230
0.065430
-0.129883
0.054718
-0.041168
-0.005993
0.046844
0.018921
0.160645
-0.047943
0.026962
-0.049042
0.022385
0.081970
0.051086
0.053284
-0.079163
-0.091003
0.109741
-0.014503
-0.041626
0.019867
-0.209839
-0.127563
-0.016083
0.137085
-0.031525
-0.134766
-0.059753
0.018921
-0.064514
0.003469
0.087341
0.061035
-0.080872
0.018768
-0.002050
-0.029953
-0.045898
0.087036
-0.044159
-0.001419
-0.102478
0.118408
0.043671
0.028061
0.009621
0.056458
-0.020340
0.120972
0.034363
-0.096130
0.027435
0.054260
-0.013641
0.120056
0.087219
0.009995
0.038055
-0.014595
-0.064087
-0.004917
0.057892
-0.030777
0.057434
0.029663
-0.090088
-0.062683
-0.050110
-0.032043
0.070129
-0.022690
0.103760
0.047119
-0.014908
-0.026642
0.081360
0.064880
-0.064087
0.006821
0.151489
-0.059479
0.048706
-0.195068
0.053925
-0.024582
0.092163
-0.022842
0.006344
-0.003172
-0.068848
-0.042023
-0.091980
0.151367
0.051392
-0.047119
-0.000000
-0.064880
0.244141
-0.030609
-0.070251
0.051239
0.100891
0.304199
0.058685
0.072327
-0.059326
0.028076
0.012215
0.037903
0.044891
0.005711
-0.035217
-0.065369
-0.062164
0.072144
0.018723
-0.136841
0.101379
-0.106140
-0.038696
0.030930
0.019028
0.026169
-0.161987
-0.132812
0.024261
0.082642
-0.127075
-0.005234
-0.125122
0.199341
0.063477
-0.039978
-0.157227
0.110718
-0.027924
0.168823
-0.015541
-0.027283
-0.146118
-0.063904
0.075012
-0.059814
0.067444
0.030457
-0.042023
-0.116455
0.007935
0.099487
0.104675
0.031555
0.048370
0.214478
0.001110
-0.071838
-0.050446
-0.014755
-0.168579
-0.127075
-0.002378
-0.009995
-0.005077
-0.114075
0.114868
0.087097
-0.040619
-0.052032
-0.086609
-0.036469
-0.054077
0.005077
0.175171
-0.009041
0.060425
-0.101013
0.022690
-0.166260
-0.176880
0.068481
-0.037109
-0.011635
0.096191
-0.082336
-0.161011
-0.020477
-0.012962
-0.143799
-0.031677
0.043457
0.036682
0.062012
-0.061432
0.091919
0.124329
0.303711
-0.021210
0.072754
0.060822
0.231812
-0.100037
0.019302
-0.070251
-0.273193
0.087769
0.095276
0.205688
-0.029602
0.013847
-0.055969
0.098694
0.046265
0.066406
0.004124
0.103088
-0.089966
-0.053894
0.119873
-0.056549
0.013550
0.042114
-0.003094
-0.049500
0.034760
0.046539
0.053040
-0.050507
0.090759
-0.077637
-0.083496
0.158203
0.089233
-0.039917
0.027832
-0.070435
0.077209
-0.026962
0.085754
0.027832
-0.169189
-0.011932
0.084412
0.068054
0.072021
0.025925
-0.031677
-0.005451
0.161011
-0.095032
0.076477
-0.040344
0.039490
-0.004860
0.004715
0.091187
-0.104431
0.012077
-0.018997
0.062744
-0.049652
0.133423
0.022095
-0.082336
-0.039032
-0.104553
0.050659
-0.011635
0.018417
-0.044189
0.329346
-0.158691
0.016495
-0.082764
-0.004124
-0.105164
-0.055969
-0.027695
0.010750
0.147705
-0.006481
0.042572
0.110046
-0.093079
-0.052429
-0.056549
0.073669
0.013107
-0.029907
-0.025192
0.034760
0.025330
0.112549
-0.066589
0.090454
-0.074829
0.025330
0.007805
0.085266
-0.053619
0.084717
-0.037994
-0.025925
0.014290
-0.049194
0.010162
0.100159
0.044495
0.112915
-0.002630
-0.067383
-0.022018
-0.004765
0.110596
-0.043701
-0.003780
-0.006573
-0.033508
-0.033844
-0.010513
0.040741
-0.057526
-0.094788
-0.018738
-0.065735
0.021194
-0.053741
-0.082642
0.016754
0.082153
0.006573
-0.008049
-0.062286
0.012489
0.094971
-0.195679
0.076111
0.066406
-0.067688
0.004601
0.051605
-0.012489
0.058014
-0.003780
-0.058502
0.243164
0.028427
-0.008545
-0.013474
-0.127075
0.156616
-0.084106
-0.027939
-0.046661
-0.172363
0.177856
-0.053558
0.041748
0.101257
-0.033356
0.077209
-0.056366
0.065430
0.100586
-0.080383
-0.083984
0.193726
0.100891
0.168091
0.011993
-0.041077
0.000329
0.073303
-0.081177
0.111267
-0.130859
0.303467
-0.051270
0.054718
0.046356
0.029083
0.121582
-0.104980
-0.001479
0.184326
-0.016754
0.015450
0.036652
-0.068054
0.068848
-0.028915
0.024490
-0.041077
0.043060
0.061310
-0.090698
-0.052582
-0.119629
0.151855
-0.004765
0.045685
0.020874
0.008377
-0.028107
-0.113708
-0.064270
-0.154785
-0.042725
-0.010849
-0.007397
0.149536
-0.000493
-0.049957
-0.035004
0.046509
-0.123901
0.243896
0.025314
0.170410
0.058655
0.009201
-0.114563
0.131470
0.028259
0.027603
-0.046021
-0.019226
0.003944
0.011009
-0.020370
0.151855
0.010025
-0.090515
-0.067200
0.126343
-0.104980
0.088257
-0.023926
-0.012932
0.104919
0.059906
-0.117126
0.023773
-0.017990
0.191162
-0.015900
0.006836
-0.062866
-0.040283
-0.073120
-0.029419
0.029434
0.154297
0.022736
-0.001189
0.146362
0.002676
-0.082764
-0.071167
0.045776
0.026459
0.046509
-0.092896
-0.166016
-0.012184
0.006687
0.108948
0.016800
-0.040436
0.032562
-0.016205
-0.075073
-0.084534
0.041626
-0.120850
0.021408
-0.056183
0.200439
0.184570
0.201050
0.144287
-0.049927
-0.152466
0.045044
0.152588
-0.030762
-0.046082
0.053955
0.079346
-0.002823
-0.079041
-0.023636
0.031067
-0.013969
-0.190430
0.001338
0.095703
0.014267
0.217529
0.005501
-0.043854
0.032257
0.022003
0.023041
-0.048157
-0.104492
-0.013229
0.052612
-0.030762
-0.023331
-0.016647
-0.050385
-0.151245
0.009811
-0.122009
-0.140259
0.048889
0.056915
-0.023926
0.022446
-0.090088
-0.008026
-0.028687
-0.145996
0.050079
0.028976
-0.375732
-0.066895
0.043396
-0.165405
0.057068
0.191040
-0.120544
-0.035980
-0.018875
-0.006985
0.053070
0.099304
0.031647
-0.043091
0.008766
-0.125122
-0.047394
0.069580
-0.000297
-0.000446
-0.047546
0.072693
0.056030
-0.006390
-0.064941
-0.072388
0.018723
0.031067
0.026901
-0.014267
0.052032
0.135864
0.018570
0.005054
-0.120544
0.056763
-0.076233
0.083984
-0.059692
-0.061951
0.004524
0.088928
0.054871
0.022614
0.171631
0.054443
0.006481
0.002262
-0.051270
-0.007236
-0.033020
-0.023819
-0.042206
-0.143677
0.015686
-0.061066
-0.073547
-0.191772
0.006332
-0.015686
-0.148560
-0.039490
0.127197
-0.022614
-0.068909
0.095764
0.064209
-0.152222
0.068298
0.011757
0.099670
0.007843
-0.018845
0.025024
-0.139648
0.033020
-0.024124
-0.027740
0.041016
0.085205
-0.075684
0.039337
0.052307
0.021866
-0.012962
0.145386
0.012665
0.073425
-0.079590
-0.044189
-0.025635
-0.015228
0.101013
0.172363
0.055939
0.144409
-0.052460
0.171265
-0.024124
0.080688
-0.051849
0.087463
0.080078
-0.071167
0.080811
0.140503
0.020813
-0.060608
-0.048859
-0.032867
0.002262
0.005577
0.132690
-0.000000
-0.331787
0.085815
-0.054718
0.058655
0.018250
0.082458
0.056549
0.149292
0.017639
-0.048553
0.077820
0.121948
0.010551
0.323975
-0.027145
0.019455
-0.097717
-0.002413
-0.041016
-0.031372
-0.141113
-0.025024
0.181396
0.122864
0.025177
0.012665
0.041779
0.032867
0.113403
0.047791
0.002563
-0.065002
0.022156
-0.062561
-0.183350
0.010857
-0.074646
0.045532
0.027283
0.055481
0.017792
-0.126465
-0.099182
0.095276
0.040405
0.019150
-0.049744
0.104919
-0.067688
-0.066956
-0.148804
0.054718
-0.123230
0.043732
0.006878
-0.091125
0.108276
-0.014458
0.030502
-0.074951
-0.156372
0.045319
-0.070862
-0.007935
-0.072449
0.197876
-0.002293
-0.015686
0.049011
0.050079
0.064026
0.082703
-0.319824
-0.014984
0.045837
0.023453
0.147461
-0.036865
-0.037903
-0.071228
0.083557
-0.016403
0.287842
-0.064697
0.047089
0.050964
-0.037903
0.005291
-0.224121
0.021683
0.107056
-0.018158
0.084290
-0.082520
0.065918
0.017273
0.053253
-0.057648
0.123962
-0.011108
0.008995
0.064697
0.053589
-0.092896
0.021332
-0.034393
0.093811
0.013397
-0.043732
0.108948
0.109680
0.000882
-0.085144
-0.058716
0.113403
0.053589
-0.042847
-0.069824
0.095398
0.051849
-0.120056
0.045654
-0.022217
0.070007
0.003527
-0.023804
0.029449
-0.056763
0.112854
0.056061
-0.038086
0.030502
-0.192139
0.005997
-0.007404
0.033508
0.098938
-0.020096
0.061890
-0.247559
-0.006172
0.003880
0.031372
0.124817
-0.108765
-0.012871
-0.034546
0.289551
-0.091492
0.048676
-0.020981
0.111450
-0.039856
-0.035095
-0.027328
0.034546
-0.035278
-0.082886
0.004055
0.072266
-0.020981
-0.034729
-0.071045
-0.139160
0.025574
-0.062225
0.099976
-0.032440
0.036682
-0.059784
0.064514
0.002115
0.037201
-0.111450
0.155151
-0.036865
-0.020279
-0.000705
-0.099976
-0.121643
-0.042938
-0.072815
-0.011383
0.012032
0.100830
0.035126
-0.181396
-0.032349
0.041779
0.054138
0.079651
0.005527
-0.026672
-0.032196
-0.004551
-0.095093
0.048615
-0.145874
0.187378
-0.112183
0.023895
-0.150269
-0.064575
-0.005527
0.091858
-0.034149
-0.053650
0.256348
-0.002602
-0.129883
0.006340
-0.138794
-0.010735
0.021790
-0.041779
-0.066650
-0.011703
0.050232
-0.057068
0.079041
-0.015778
0.001951
0.166382
0.102112
0.017075
-0.085388
0.030899
0.040497
-0.030563
0.080811
0.189209
0.071228
0.068970
-0.012848
0.095093
0.092529
0.071350
0.025040
-0.093811
0.135986
-0.148804
0.028122
-0.152832
0.024872
0.062927
0.074768
-0.127319
-0.085510
-0.063232
-0.142090
0.030731
0.131348
0.014793
0.071350
-0.066162
-0.006016
0.172852
-0.016266
-0.009430
0.117371
0.060638
0.006992
-0.078674
-0.093323
0.091064
0.031052
-0.190186
-0.042267
0.000650
0.059998
-0.171021
-0.009918
0.098999
0.096069
0.006180
-0.071228
0.186523
-0.002275
0.036255
0.076721
0.004391
-0.001626
0.009758
-0.032837
-0.014305
-0.104248
-0.000163
-0.119324
0.091064
0.016266
-0.032043
-0.004066
-0.058197
0.115784
-0.083923
0.017883
0.028122
-0.052368
0.126343
0.080627
-0.038208
0.076904
-0.158081
-0.101318
-0.045837
0.127686
0.054321
0.222900
-0.024994
0.038727
0.143188
-0.047668
-0.039978
0.061920
-0.020172
-0.093323
-0.047302
0.025528
0.152466
-0.161133
0.018921
-0.032318
0.034088
0.004818
0.098145
-0.012138
0.177979
0.001785
0.012314
0.087646
0.158081
0.044617
-0.013565
0.128662
0.079041
0.102966
0.024445
-0.006783
0.093506
0.000000
0.147583
0.000893
0.050140
0.033386
-0.329346
-0.201904
0.026947
0.121033
-0.077637
0.179199
-0.158447
-0.032135
-0.035706
0.089050
-0.038025
-0.025879
0.261719
0.062103
0.079224
-0.024628
-0.062103
0.047668
0.103882
0.048737
0.080139
0.063721
-0.058533
-0.084412
0.003391
-0.073730
-0.123657
-0.153442
-0.096741
0.028732
0.115662
-0.076721
-0.121704
0.167969
0.010353
0.081360
-0.008568
-0.016068
0.022842
0.063171
-0.044617
-0.075867
0.003391
0.100830
-0.143677
0.033203
0.035156
0.000893
0.076599
0.064941
0.010170
-0.145630
0.012314
0.009819
0.099426
0.175293
0.018021
0.022491
-0.103699
0.006603
-0.056580
0.041779
-0.066956
0.045685
0.096008
-0.018204
0.034790
0.033905
-0.096741
-0.017319
-0.004105
0.026413
0.007675
-0.008743
0.067627
0.134033
0.046570
0.081726
0.133545
-0.001071
0.006603
-0.021423
-0.042480
0.087097
0.066223
-0.086548
0.089600
-0.037109
-0.027313
0.069458
0.125244
0.112427
0.032837
-0.083740
0.088135
-0.018433
0.003073
0.049347
0.265137
0.025925
-0.042236
0.126343
-0.034363
0.026306
-0.018631
-0.053375
0.043976
0.205933
0.115784
0.055511
-0.042053
0.013824
-0.008835
0.007683
0.068359
0.022858
0.059723
0.102539
0.023239
0.002497
-0.058777
0.082397
-0.026688
-0.081604
-0.151733
0.015945
0.012482
0.066467
-0.024384
0.146973
-0.039764
-0.036285
0.045135
0.123474
0.050690
0.070496
-0.018250
0.031677
0.160889
0.008255
-0.063782
0.026306
0.134766
-0.147827
-0.166260
-0.045898
0.101013
-0.040314
-0.097168
-0.109680
0.019775
0.048004
0.331055
-0.092163
-0.040710
0.016708
0.022476
-0.115784
0.084717
-0.049347
0.169434
-0.010368
-0.048187
-0.128418
-0.021896
0.036499
-0.055298
0.033813
0.011520
-0.115967
0.036499
-0.055695
0.048004
0.114868
0.016327
-0.233276
-0.137329
0.031494
-0.228149
-0.055878
-0.007298
-0.034180
-0.104492
-0.101807
-0.073364
0.067993
0.068970
0.100464
0.019211
0.096436
-0.058777
-0.208374
-0.014214
-0.028046
0.006336
-0.013824
0.028992
-0.081787
-0.004608
0.026688
-0.085815
-0.026688
0.053772
0.038208
-0.087158
-0.167480
-0.019592
0.004227
0.040710
-0.033417
0.048401
-0.010178
-0.041473
0.107727
-0.070496
0.007107
0.126221
-0.091003
0.037445
-0.014023
-0.040527
0.046906
-0.045685
0.007614
-0.107971
0.030594
-0.004757
0.122803
0.012512
-0.046906
-0.091797
-0.083740
-0.150635
-0.059143
-0.055481
-0.028687
0.171875
-0.062683
-0.217529
0.042969
0.192017
0.076111
0.045288
0.002720
-0.110535
-0.114624
-0.034119
-0.045807
-0.075867
-0.025833
0.033447
-0.028275
0.026642
-0.086182
-0.034119
0.018768
0.007343
-0.078064
-0.003128
-0.064697
0.046906
-0.209351
0.031403
-0.151978
-0.022705
0.167480
0.078979
0.031281
-0.177612
-0.025146
0.010742
0.068237
-0.083862
-0.005981
-0.125488
-0.042297
0.099365
-0.034393
-0.011009
0.078979
0.025558
0.008835
-0.142334
0.109558
0.094116
-0.009651
0.012917
0.078186
-0.011147
0.067688
0.036835
0.002447
0.037109
-0.011284
-0.038757
0.020264
0.008568
-0.016037
0.109985
-0.115051
0.118591
0.014275
-0.094360
-0.027740
-0.001360
0.030869
-0.017944
-0.066772
0.052216
0.043793
0.112305
-0.432129
0.016037
0.057526
-0.012512
0.226440
0.017944
-0.064697
-0.050018
-0.095154
-0.138916
0.045013
-0.004894
0.017273
-0.117737
-0.050995
0.001632
0.012779
0.005032
0.062561
-0.000000
-0.117615
0.148926
-0.139648
0.094788
-0.063110
0.012375
0.033844
-0.053284
0.032074
0.040924
-0.032501
0.066467
-0.032623
-0.114319
0.046234
0.099548
0.109863
-0.091431
-0.016617
-0.089111
0.103027
-0.084778
0.038391
-0.135620
-0.022766
0.073608
-0.061829
0.091614
0.076294
-0.066650
0.063354
-0.010139
0.168701
-0.021439
0.173584
-0.082092
0.013962
-0.009308
0.124146
0.126221
-0.054504
-0.007149
-0.052521
0.067993
-0.262695
-0.026932
0.188843
0.007645
-0.229736
0.069458
-0.007313
0.052521
0.012962
0.067139
-0.133667
0.050354
-0.001662
0.008476
-0.095764
-0.094421
-0.250000
-0.004986
-0.036224
0.089111
0.013794
0.036896
-0.032257
-0.006981
0.097717
0.097595
-0.066345
0.110840
-0.231201
-0.007313
-0.107544
-0.029922
-0.064819
0.071777
-0.007313
-0.038055
-0.115540
0.119324
-0.130371
-0.082764
0.072449
0.035248
-0.052032
0.169556
0.120361
0.072998
-0.162354
0.116699
0.122498
0.053345
0.009308
-0.023773
0.041046
-0.000166
-0.031586
-0.084595
0.037567
0.044891
0.010971
-0.004486
0.049194
-0.000665
0.218628
0.098389
0.096558
0.083618
0.060516
0.027924
-0.136597
-0.114685
0.023102
-0.045197
0.039551
-0.001329
-0.051514
0.026764
-0.081299
0.013794
-0.013962
-0.041718
0.023438
-0.146606
0.076111
0.019119
-0.038727
-0.015129
-0.020447
0.066467
-0.025604
-0.091614
0.046722
0.086914
-0.042542
0.048370
-0.028915
0.122498
0.013298
-0.011467
-0.001496
0.074463
-0.141724
0.103271
0.028809
0.063110
-0.073669
-0.000472
-0.024567
0.038727
0.103577
-0.044403
-0.039673
0.102478
-0.060944
-0.126099
0.045807
0.057953
-0.045013
0.068359
0.018417
0.152832
0.075867
0.069092
0.080933
0.056519
-0.015587
0.051788
0.040619
0.026917
-0.122498
0.045197
0.018112
0.005196
-0.088806
-0.092285
-0.008347
-0.008659
-0.093506
-0.120422
0.051788
0.006454
-0.091187
-0.106140
0.139282
-0.092590
0.192505
0.036835
0.106140
-0.083740
0.033234
0.188110
0.003149
0.053375
0.060944
-0.051788
0.045502
-0.133667
0.022354
-0.084412
-0.046600
0.085510
-0.093384
-0.030380
0.020309
0.065674
-0.011177
-0.173706
0.006611
0.028976
0.018112
0.155029
-0.123108
0.103149
-0.052734
0.054626
0.002991
-0.044250
0.079834
-0.123718
0.067200
0.003149
0.006771
0.187256
0.005512
-0.080627
0.102051
-0.025665
0.040161
0.056213
-0.121704
-0.113831
-0.050079
-0.074768
-0.156006
-0.018112
0.122803
0.047089
0.230713
0.078857
-0.053528
0.007874
-0.033234
0.174927
0.042023
0.067688
-0.012909
-0.070557
0.007244
0.037933
-0.054016
0.022202
-0.022827
0.052124
0.248413
0.157349
0.117920
0.141357
-0.124878
0.005669
0.014328
0.008186
-0.038269
0.051178
0.076843
0.141602
0.008659
-0.061249
0.145142
-0.213745
-0.093018
0.066467
0.014297
-0.213867
0.008438
-0.059753
0.043060
0.265137
-0.013954
0.008270
0.002583
-0.043732
-0.050293
-0.093201
-0.033752
-0.054932
-0.174316
-0.048920
0.017914
0.053406
-0.016022
-0.013954
0.008270
-0.116272
-0.096252
-0.065125
-0.055786
0.012741
-0.074219
0.055817
-0.134644
-0.034271
-0.157959
0.038910
-0.011024
-0.034271
-0.052887
0.021866
0.042206
-0.030487
0.011536
-0.028763
0.024628
-0.076660
0.135254
0.008781
-0.005341
0.129028
-0.225952
0.068726
-0.028244
-0.146240
0.012741
0.146240
-0.131958
0.016708
-0.129150
0.012054
-0.003099
0.101440
-0.065125
-0.152466
-0.033234
-0.053558
-0.092834
0.099182
0.209839
-0.020157
-0.026001
-0.046844
-0.007580
-0.129028
-0.096802
0.021698
0.058044
-0.079041
-0.068359
-0.181519
-0.032196
-0.015671
0.047882
-0.072876
-0.128418
-0.107483
0.205078
-0.047546
0.099731
0.016876
-0.030136
0.007061
-0.103333
0.281494
0.036499
-0.023071
0.035309
-0.001722
0.125366
-0.003616
0.003960
0.185669
0.038422
-0.076294
-0.035309
0.005856
-0.014297
-0.045807
-0.030655
-0.079590
-0.064575
-0.172241
-0.085571
-0.050476
0.014809
-0.034454
0.009644
-0.108826
0.006027
-0.036682
-0.036163
0.037018
0.075806
-0.024979
0.065247
0.140747
0.112488
-0.044617
0.033081
-0.017914
0.092285
-0.077515
0.005283
0.121887
0.043884
-0.012489
-0.155029
0.019379
0.001441
0.002083
0.022736
-0.109680
-0.141113
0.148560
-0.049164
-0.132568
-0.009605
-0.101868
0.041962
0.018570
0.104431
0.003683
0.000801
0.077820
0.016174
0.040680
-0.092896
-0.085510
0.057648
0.006084
-0.003523
0.117737
-0.018570
-0.001441
-0.062927
0.059082
0.108765
-0.055878
0.105042
0.082642
-0.076538
-0.002083
-0.155151
-0.040039
0.005604
0.154907
-0.099121
-0.029144
-0.033936
-0.210449
0.033966
0.023224
-0.029144
-0.027069
0.110168
-0.043243
0.004005
-0.241333
0.020340
-0.044830
0.039551
0.166870
-0.012970
-0.119934
-0.203735
-0.003042
-0.035400
0.097839
-0.027390
-0.012650
-0.157715
0.128784
0.139648
-0.055573
-0.001281
0.017136
-0.003042
-0.045319
-0.024506
-0.094788
0.169922
0.127197
0.025787
-0.047729
0.004482
-0.104919
0.088074
-0.046295
-0.113037
-0.043396
0.062927
-0.110840
0.313477
0.079895
-0.042114
-0.023865
0.038910
0.049164
0.021774
0.094482
-0.154419
0.009766
0.030594
0.004166
-0.044525
0.032990
-0.028503
0.068848
-0.075562
-0.047089
0.022263
0.100281
-0.039062
0.016022
-0.137451
0.058929
-0.040985
-0.022263
-0.020172
-0.002722
0.196533
0.011368
-0.056061
0.078491
0.019699
0.011688
0.138672
-0.206787
0.023224
-0.003004
0.073425
0.129272
0.003004
-0.036865
-0.042725
-0.074402
0.040710
-0.048706
0.075562
-0.056396
0.006172
-0.006508
0.050385
0.013016
-0.167725
0.044708
-0.086731
0.034027
-0.094116
0.062927
-0.082764
-0.017685
0.011345
-0.003338
0.064575
-0.103943
0.133423
0.033875
-0.231201
-0.021530
-0.298340
-0.069092
-0.036377
-0.019348
0.077576
0.066589
0.174072
-0.039551
-0.165283
-0.029861
0.043365
0.059235
-0.117126
0.045044
-0.026367
-0.022858
-0.344238
-0.017014
0.050232
0.079590
-0.143188
0.016357
0.047394
0.032532
-0.129517
-0.007008
0.013512
-0.042877
-0.018356
0.023193
-0.007675
-0.034882
-0.048553
-0.143188
-0.179077
-0.042389
-0.045715
-0.028030
0.040558
0.111450
-0.047394
-0.034698
0.031708
-0.064209
0.047394
0.066406
0.002670
0.047394
0.105103
-0.051544
0.027359
-0.043884
0.086609
0.063232
-0.128662
0.017517
0.045715
-0.012177
0.183716
0.007008
-0.122620
-0.027191
-0.091736
0.022018
-0.059235
0.017349
0.126099
-0.195312
0.019852
0.084412
0.017349
0.001835
0.038696
0.074768
0.134155
-0.083740
-0.005505
-0.025864
0.033203
-0.071594
0.044891
-0.055237
0.145630
-0.251709
-0.119629
-0.059235
0.025528
-0.094116
-0.019348
0.065918
-0.045563
0.070740
-0.026199
0.043060
0.003504
-0.113281
-0.007008
0.041168
0.038544
-0.031128
0.144409
-0.105896
-0.026840
0.021240
-0.072632
0.015480
-0.005600
-0.044800
-0.073792
0.056335
-0.002470
-0.009880
-0.080017
0.031769
0.057800
-0.002140
-0.021576
-0.156738
-0.040497
0.020096
0.039520
0.136963
0.060944
0.004448
0.133179
0.015976
0.002634
0.002140
-0.024872
-0.056824
-0.051208
-0.019928
-0.059448
-0.033112
-0.014656
-0.029144
0.002634
0.003128
-0.033264
-0.078247
-0.344727
0.105225
-0.029312
0.065735
0.023544
0.047607
0.041016
-0.082825
-0.004116
-0.076721
-0.061432
-0.076904
0.047913
-0.216919
0.083984
-0.040833
-0.042816
0.008072
0.102783
-0.170654
0.215088
-0.089417
0.049896
0.050049
0.078369
-0.181030
0.034576
0.350342
-0.137451
0.068665
-0.014984
0.013008
-0.082153
0.006752
-0.042480
-0.088928
-0.005600
-0.034088
0.044617
0.006256
-0.007412
0.025360
0.035065
0.020920
-0.024368
0.088623
-0.061096
0.059601
-0.060760
0.003128
0.122864
-0.031281
0.356445
0.026520
0.056488
0.027664
-0.073792
-0.095154
-0.067505
-0.068970
0.066711
0.012352
-0.128296
-0.038696
0.042969
0.026520
-0.073120
0.027832
-0.074951
-0.051392
0.035583
0.071655
0.057648
0.062256
0.084656
0.043976
-0.007740
0.114136
0.099487
0.061920
0.002800
0.056335
0.057648
0.172974
0.014656
-0.081482
0.095276
0.042725
0.029846
-0.019241
-0.009239
0.010452
-0.013939
0.049835
-0.062134
-0.060608
0.014694
-0.069092
-0.069824
-0.060455
0.099243
0.042419
-0.101074
-0.065918
0.017731
0.029999
0.020447
0.060913
0.093811
0.129272
-0.036957
-0.033020
0.046967
-0.010452
0.080933
-0.028793
-0.065430
0.013031
0.058624
0.020905
-0.099670
-0.010002
-0.333008
0.098633
0.118042
0.033783
-0.142456
-0.107849
0.027878
0.025909
0.099243
0.009697
-0.250488
-0.099670
0.049255
0.021057
0.093201
-0.004848
0.115479
0.058167
-0.143799
0.036957
-0.118652
-0.093506
0.073792
-0.189819
0.138672
-0.063477
-0.083313
-0.128296
-0.171387
-0.102722
-0.006668
0.108154
-0.015152
-0.016968
0.051514
0.019394
0.004547
0.093323
0.060303
-0.229736
-0.023636
-0.068604
0.146851
0.073303
-0.139648
0.043793
-0.077271
-0.034851
0.003181
0.186523
0.028946
0.001212
0.035309
0.005608
0.109985
0.022568
0.040466
0.010300
0.022720
0.075439
0.016815
0.088623
0.099365
0.080627
-0.025299
0.120178
0.047882
0.000000
0.111206
-0.044250
0.099670
0.149048
-0.135010
0.060760
-0.071838
-0.012878
-0.131714
-0.020447
-0.029388
0.057892
-0.037415
0.004242
-0.157471
-0.042114
-0.053192
-0.134644
0.080933
-0.077271
0.039551
-0.046509
-0.123962
0.038849
0.017441
0.021423
-0.057343
0.162842
0.203003
0.105164
-0.056641
-0.069763
-0.025391
0.089478
-0.039886
-0.069946
0.026245
-0.031082
-0.204102
0.063232
-0.079590
0.053009
-0.220337
-0.203613
0.128540
-0.272705
-0.136108
-0.007942
-0.163696
0.051483
-0.061646
0.017273
-0.027985
-0.025040
-0.015884
0.106384
-0.101379
-0.042145
0.009842
-0.030228
0.146240
-0.026245
-0.043518
0.067871
0.160767
-0.034729
0.216919
-0.079773
0.015541
-0.046631
0.000691
0.034210
0.011055
-0.024002
0.032471
-0.199829
-0.063538
0.058380
0.004490
0.115356
0.083923
-0.048187
0.022446
0.076660
0.045776
0.055084
0.050079
-0.121582
-0.015373
0.034027
-0.063049
0.196167
0.072205
0.266602
-0.062866
-0.107056
-0.014511
-0.041443
0.068054
0.024002
0.020203
0.010193
-0.070312
-0.028503
0.098816
0.034210
-0.024704
0.151855
0.114868
-0.033844
-0.050598
-0.011742
-0.024002
0.104492
-0.134155
-0.061646
0.073914
0.056824
0.151611
-0.037476
-0.026947
-0.006737
-0.138184
0.103638
-0.065430
0.053192
-0.004318
0.068909
-0.062347
0.060974
-0.018829
0.051483
0.040924
-0.053711
0.075134
-0.030045
-0.060791
0.040588
-0.014336
0.015198
0.002419
-0.062683
0.117432
0.029190
-0.029358
0.017792
-0.012093
-0.037659
-0.017624
0.068237
0.016586
0.116638
0.071167
-0.104492
-0.130371
0.102112
0.053802
0.051300
0.006786
0.044342
-0.007416
0.039917
0.016891
-0.018143
0.044342
0.032990
-0.062805
0.055084
0.036621
0.162231
0.101318
0.005680
-0.035522
0.044495
-0.056976
-0.118530
0.071350
0.023193
0.049225
-0.018936
0.298096
0.052704
-0.039612
0.065308
-0.009628
-0.023041
0.021469
0.013260
-0.287598
-0.069763
0.133179
0.037872
0.077637
-0.046875
-0.117249
-0.104919
-0.035339
-0.059967
-0.078430
-0.033630
-0.035980
-0.018143
-0.028091
-0.028717
0.084290
0.050018
0.014359
-0.051300
-0.123230
0.108765
0.171753
0.078613
-0.030136
-0.095154
-0.024307
-0.182373
-0.004894
0.091064
0.030930
-0.034088
-0.012787
0.065979
-0.034393
-0.091553
-0.115540
0.010414
0.094849
0.270264
0.009155
-0.083191
0.079712
-0.059662
-0.078918
0.079407
0.108398
-0.017517
-0.003471
-0.101013
-0.135132
0.026520
-0.141357
-0.001263
0.043091
-0.004578
-0.025574
-0.065796
-0.066589
-0.149780
-0.099121
0.145630
0.072571
-0.080017
-0.022568
0.023193
-0.034576
0.004894
0.192993
-0.058380
0.001104
0.104980
-0.154175
-0.057434
-0.020523
-0.031708
0.102905
-0.043243
0.057770
-0.046875
0.034729
0.016891
0.073364
-0.112976
-0.008362
-0.068481
-0.250244
0.074646
0.016891
0.024139
-0.051300
0.036652
0.107971
-0.028168
-0.148193
0.079163
0.152588
0.093018
-0.065796
-0.059113
0.077209
0.112732
-0.005699
0.144653
0.010094
-0.003258
-0.118042
0.039581
0.013519
0.011238
-0.171997
0.286621
-0.092163
-0.216431
0.152466
-0.115601
0.075256
0.010590
-0.098389
0.001303
-0.017426
-0.045441
-0.052765
-0.151123
-0.076050
-0.011238
0.106201
0.152466
0.130615
0.112061
-0.016937
-0.010422
-0.135620
-0.008469
0.155029
-0.087158
-0.053894
0.047394
0.030136
-0.091858
-0.037140
0.087646
0.030289
-0.180420
0.071838
0.142822
0.035004
0.169678
0.069214
0.038757
0.002932
-0.129272
-0.045929
0.057495
-0.129639
-0.095459
-0.061249
0.068542
0.020844
0.203613
0.051300
-0.025726
0.049988
0.028015
-0.011238
-0.021179
0.141235
-0.085022
0.042664
0.125732
0.076233
0.166504
0.166138
-0.039886
-0.052612
-0.162964
-0.003094
0.019211
0.029312
0.081909
0.033722
0.003420
-0.001140
0.000978
-0.050812
0.049683
0.028824
-0.004723
0.019547
-0.119202
0.016281
-0.021667
0.007656
-0.019058
-0.030457
0.053101
0.034027
0.025406
-0.023941
-0.052277
-0.026062
-0.161865
-0.016617
0.059601
-0.025085
0.073303
0.011398
-0.011398
0.048706
0.008629
-0.076843
0.017593
-0.075073
-0.061737
0.010750
0.001303
-0.153931
0.085815
0.088623
0.018417
0.019394
-0.053619
-0.086182
0.161621
-0.009285
-0.047089
-0.052643
-0.023300
-0.008797
0.004398
0.022156
0.014832
-0.012383
-0.046448
-0.035522
-0.083435
-0.011078
-0.142578
-0.016296
-0.015152
-0.031464
0.082642
-0.038300
-0.126953
0.051819
0.103821
-0.001630
0.050507
-0.076904
0.028351
0.084412
-0.074646
-0.012383
0.000978
0.055420
0.009613
0.261719
0.017273
-0.091248
0.131836
-0.112427
0.060303
0.161621
-0.055237
0.053955
-0.156616
0.055237
0.121887
-0.065491
-0.065002
0.010590
0.076904
-0.015152
-0.012222
0.085205
0.088013
0.138184
-0.141968
-0.019073
0.096497
-0.100220
-0.039276
0.049713
-0.156250
0.046448
0.256592
0.052643
-0.020203
0.003910
0.089600
0.013855
0.051178
0.071838
0.094360
-0.127319
-0.088806
0.016464
0.033081
-0.073486
0.016785
0.020538
-0.122559
0.108704
0.140015
0.141724
0.112915
0.189697
-0.032745
0.107910
0.008797
-0.137817
0.050354
0.056549
-0.068420
0.045471
-0.026077
-0.104431
-0.169678
-0.125854
-0.026230
0.012871
0.015152
-0.110352
0.027054
0.156738
-0.002119
0.170898
-0.031616
0.014664
-0.015152
0.060120
0.042694
-0.022812
-0.145996
0.151245
0.061768
-0.051483
0.013199
0.133789
-0.036835
-0.115234
0.063049
0.159180
0.095337
0.078552
0.025101
0.104919
-0.063843
0.076416
0.034637
0.063843
-0.190674
0.019791
0.041962
0.028564
0.101013
-0.006382
-0.130981
0.023941
0.227539
-0.027130
-0.020752
-0.102112
-0.074524
0.031921
-0.041809
-0.164673
0.304443
-0.110291
0.064331
-0.034149
-0.131348
-0.118591
0.047394
0.197998
-0.003351
0.001595
0.073425
-0.180054
0.054565
-0.062408
0.041962
-0.155640
0.080750
0.025208
-0.044037
-0.064331
-0.021378
0.142090
-0.128174
-0.074524
0.042938
-0.059204
-0.085510
0.005108
0.171021
-0.062408
0.006065
-0.032227
-0.058258
0.029526
0.012764
-0.049469
0.022339
0.067810
-0.016113
-0.066895
0.045654
0.080261
-0.077576
0.037354
-0.008461
0.091919
0.090820
-0.015320
-0.096252
0.069397
-0.159058
0.010216
-0.122253
-0.021545
0.025208
-0.067017
0.092102
-0.070679
-0.062561
0.083008
0.071838
-0.012924
-0.029037
-0.101990
-0.052032
-0.049622
-0.005268
-0.057281
-0.018509
-0.029526
0.013885
0.162842
0.020111
0.080261
-0.024734
0.200928
-0.073914
-0.007183
-0.109619
-0.148193
-0.025208
0.057465
0.050903
-0.016113
-0.046906
-0.078369
-0.094482
0.101807
-0.004311
0.197876
-0.081055
0.123352
0.009895
-0.008934
-0.004467
0.006863
0.005905
0.077393
0.047546
0.123535
0.018829
0.006702
0.059357
0.029037
0.082336
-0.132446
0.186523
-0.071167
-0.102356
0.032166
0.051483
0.001237
0.176147
0.048401
0.081787
0.022430
-0.092163
0.016083
-0.033417
-0.007267
-0.052124
0.036346
0.126709
0.023193
0.049500
-0.033722
0.047333
-0.010826
0.034332
0.046844
0.008507
0.086731
0.151855
-0.022583
-0.059387
-0.047638
0.006496
-0.285889
0.001237
-0.048553
0.016541
-0.039734
-0.069275
-0.124939
0.026901
-0.024277
-0.015312
-0.107300
0.074707
-0.013916
-0.006649
-0.102844
-0.016083
-0.075439
-0.131348
-0.007576
0.059845
-0.008659
-0.021500
-0.006031
0.008041
0.172485
0.018250
-0.001391
-0.110413
0.170288
0.005566
-0.265381
-0.122803
0.053802
-0.097717
-0.019485
-0.065552
0.102966
-0.089233
-0.139038
0.201660
0.023346
0.248413
-0.074219
-0.079163
-0.053986
-0.125854
0.122925
-0.012833
0.022736
0.012215
-0.014694
0.074829
-0.021347
0.098206
-0.016861
-0.213989
0.103333
-0.058289
-0.206299
0.024750
0.003403
-0.144531
0.006958
0.003557
-0.070679
0.016083
0.003094
-0.077637
0.073486
0.106995
0.112915
0.032166
0.084717
-0.023819
0.006649
0.066162
0.140625
0.025513
0.125732
-0.052887
0.059998
0.090454
0.018860
-0.033722
0.104675
-0.042542
0.061249
-0.059692
-0.021500
-0.091064
-0.080261
-0.003248
-0.040039
0.056610
-0.146240
-0.043915
-0.108887
-0.052734
-0.138672
0.123291
0.043823
-0.171021
0.111633
-0.067444
-0.121460
-0.079895
0.127930
-0.012619
-0.061798
-0.088135
0.090881
0.116455
-0.023300
0.040283
-0.048218
-0.083313
0.052094
0.168091
-0.080688
-0.346191
0.064697
0.021347
0.026047
0.036560
0.121155
-0.067749
-0.113220
-0.065002
-0.014236
-0.055145
-0.003881
-0.085083
-0.025070
-0.006145
0.106262
-0.047241
-0.000485
-0.000324
-0.051605
0.073425
-0.158325
0.202393
-0.102905
0.044006
-0.057098
-0.020218
0.001132
0.015854
0.003073
-0.074402
0.036560
0.037842
-0.161621
0.015526
-0.056946
-0.001456
0.040924
-0.059204
0.086243
-0.098816
0.028152
-0.186035
-0.028793
-0.171021
-0.047394
-0.070190
-0.000970
-0.195435
0.012939
-0.051758
0.084106
0.079773
-0.018600
0.052887
-0.245972
-0.028961
0.043030
0.039154
-0.018448
-0.144165
0.006794
0.000647
0.028473
0.181152
-0.043182
0.008087
0.050293
0.048370
0.027176
0.023621
-0.048859
0.016174
-0.065674
-0.059052
0.035278
0.033478
0.055328
0.070557
0.040924
0.127441
-0.073730
-0.009705
0.048218
-0.074097
0.067932
-0.055481
-0.156128
0.031219
0.077148
0.075867
-0.157593
-0.063904
0.087830
0.070068
-0.055328
-0.032684
-0.013100
0.002913
-0.039154
-0.088013
0.129761
0.166016
0.013588
0.024582
-0.144165
0.047882
0.016342
0.043427
-0.041626
0.000302
0.022919
0.280518
0.049469
0.022324
-0.016144
0.187622
0.015991
-0.028046
-0.014931
-0.019302
-0.074524
0.088074
0.037262
0.023987
-0.067444
-0.032593
0.045105
-0.029861
-0.013878
-0.067566
0.021713
-0.107361
-0.047363
-0.033173
-0.041779
0.054138
-0.024887
-0.018250
-0.024429
0.058685
0.060181
0.283936
0.058228
0.006485
0.001056
0.010559
0.094238
0.043121
-0.014778
-0.095337
0.068298
0.053680
0.012070
-0.129395
0.011917
-0.014633
0.054901
-0.140137
-0.017197
-0.022476
0.085510
0.013878
0.066650
0.109192
-0.038910
0.051880
-0.077393
0.021423
0.081604
-0.059875
0.120483
-0.025787
-0.136841
-0.025345
0.156738
-0.047058
-0.020355
-0.182739
0.038147
0.055206
-0.009354
0.010109
0.002262
0.040436
0.034546
0.018707
-0.034241
0.062439
-0.004375
0.027451
-0.195068
0.122925
0.234741
0.084290
0.158569
0.006638
0.349365
0.044952
0.085510
-0.027603
-0.110229
0.014931
-0.101379
-0.110840
-0.024734
0.181641
-0.045837
0.043884
-0.020508
-0.123535
0.075745
-0.020966
0.083984
-0.005428
0.076782
-0.088257
-0.128540
-0.107361
-0.007843
-0.041321
-0.047821
0.114807
-0.020660
0.067749
-0.116150
-0.011612
0.012672
-0.107239
-0.137573
-0.098511
0.035431
0.103760
0.091980
-0.017792
-0.032440
-0.063721
0.057190
-0.037262
-0.089417
-0.142822
-0.002289
-0.083984
0.018463
-0.179321
0.003105
0.192749
0.072388
-0.072388
0.178955
0.045105
-0.198242
0.079590
-0.026810
-0.102478
0.078430
-0.353027
0.161987
0.065369
0.060486
0.025665
-0.011444
0.012093
0.065369
0.015038
-0.015686
-0.009483
0.087097
0.203613
-0.146729
-0.026474
-0.084656
-0.187622
0.089722
-0.004086
0.008171
-0.011116
0.058350
-0.122559
0.078430
-0.107849
-0.038910
0.073242
-0.109497
-0.023376
0.086304
0.020920
0.052307
-0.018967
-0.024673
0.204956
-0.031555
0.035126
0.083191
0.023041
-0.065186
0.062927
-0.056549
0.156250
-0.087463
0.125000
-0.026321
-0.016510
0.005394
-0.016830
0.065857
0.096436
0.006863
-0.082031
0.003595
0.046265
0.071106
-0.107056
0.064697
-0.000327
-0.074829
-0.066528
-0.118652
-0.025177
0.044281
-0.122742
-0.084839
0.001307
-0.010620
-0.110291
0.003759
0.050659
-0.094604
-0.087952
-0.011276
-0.073853
0.149048
-0.003431
-0.020920
0.023865
-0.137085
0.076477
-0.096741
-0.097900
0.018799
-0.095093
0.052643
-0.078308
-0.016830
0.017822
0.021240
-0.036926
0.071899
-0.054413
-0.090881
-0.055237
0.023376
-0.021744
-0.032196
0.003105
-0.110474
-0.020264
-0.074341
0.140747
-0.043640
-0.049347
0.044617
-0.151489
0.084656
0.012703
-0.000161
-0.054169
-0.019608
0.241821
0.079102
-0.118774
0.023788
-0.085693
-0.067688
0.084534
0.021225
0.000321
-0.021378
-0.087097
-0.103333
0.103821
0.247437
0.075562
0.045959
-0.010773
-0.112671
-0.049347
-0.045319
-0.035034
0.136353
0.063354
0.209595
0.071838
0.014465
-0.031982
-0.077332
0.114929
-0.041962
-0.115723
0.099976
0.081177
0.080872
0.079102
0.135376
0.012054
-0.064148
0.137085
0.117981
-0.030060
-0.008522
-0.072205
-0.012703
0.022980
-0.022507
0.112183
0.038910
-0.001929
-0.110291
0.032318
0.022186
0.006432
0.036652
-0.025070
0.010933
0.002893
0.007233
0.025406
-0.057220
0.109619
0.102722
-0.006432
-0.134277
0.013664
0.005306
0.031982
0.021378
-0.077942
-0.006912
0.006592
-0.126953
0.097229
-0.059143
0.059143
0.046295
0.033905
-0.026367
-0.093384
-0.013023
0.058502
0.101929
-0.040680
-0.041321
-0.036163
-0.175659
-0.244751
0.005787
0.027328
0.019775
0.011894
0.050140
0.101257
-0.014465
-0.254395
0.004341
-0.041473
-0.039551
-0.029099
0.113464
-0.058502
-0.090027
-0.034393
-0.134644
0.093872
-0.058044
0.074585
-0.034088
0.100464
-0.122986
-0.096619
-0.068665
-0.078735
-0.048065
0.099365
0.070557
0.038574
-0.015274
-0.088074
0.067688
0.034393
0.093384
-0.312744
0.117371
0.009842
0.023300
0.016937
-0.092468
-0.210449
0.120117
-0.051666
-0.144653
0.176147
0.038788
-0.039490
0.081482
-0.061646
-0.098572
0.004776
-0.087952
0.001158
-0.015343
-0.040527
-0.008682
0.403564
0.162109
0.077881
0.032257
0.166870
0.022720
-0.011284
-0.062927
0.013603
0.023300
0.070190
-0.125854
-0.043121
-0.107544
-0.005066
0.043274
-0.089844
0.238647
0.040649
-0.016785
-0.046875
0.013748
0.190308
0.051666
-0.031830
0.052826
-0.005211
-0.007381
0.187744
0.001592
0.039520
-0.031113
-0.062378
0.087524
0.005211
0.024307
-0.040802
0.111877
-0.024017
-0.019974
0.064270
0.057465
0.015778
0.141235
-0.090027
0.019974
0.053528
-0.012878
0.008682
0.126099
0.021133
0.027634
0.031982
-0.006077
0.000723
0.150024
-0.116516
-0.073669
-0.049500
-0.056427
0.159058
0.088135
-0.099731
0.003763
0.061646
0.080750
-0.049927
0.033569
0.029373
0.023300
-0.089111
-0.025467
0.015053
0.067749
-0.069580
0.000000
0.058167
0.002605
-0.042389
0.155029
0.057892
0.123596
-0.072083
-0.033142
0.067017
0.064697
-0.000723
0.036621
-0.065979
-0.081299
-0.021851
0.171143
0.041687
0.076538
0.134399
0.002316
0.017944
0.008827
0.011284
0.066589
-0.105896
-0.070007
-0.042847
-0.016937
-0.105042
0.134766
-0.177368
-0.077881
-0.010765
0.075134
0.026352
0.030243
0.046936
-0.054565
0.213013
-0.019669
-0.057526
0.087952
-0.070129
-0.057526
-0.035828
-0.000186
-0.028198
0.097595
-0.073486
-0.050476
-0.035614
-0.094849
-0.029129
0.014847
0.061432
0.022079
0.162964
0.034332
-0.007050
-0.079407
-0.051971
0.019302
-0.009277
-0.188721
-0.088318
-0.011131
-0.128418
-0.044342
0.107056
0.053619
-0.018005
-0.247314
-0.010948
0.177612
-0.104675
-0.072021
0.086121
0.011505
-0.012802
-0.072754
-0.017075
-0.016327
0.085754
-0.015404
0.010208
-0.087402
-0.004826
-0.093323
-0.072937
0.053436
-0.062164
-0.113403
-0.072754
-0.146362
-0.189087
-0.153076
0.022263
-0.130615
-0.014656
0.098694
0.158447
-0.005196
0.009094
0.053619
0.078308
0.095764
-0.058075
0.028214
-0.050476
-0.170898
-0.007050
-0.089417
-0.072205
-0.000371
0.072754
-0.054932
-0.229370
0.007607
0.130615
-0.110779
0.010391
0.027466
0.081482
-0.078125
-0.102600
0.150635
0.077759
0.038422
-0.152954
0.022827
-0.079956
-0.020966
-0.009094
0.002041
-0.042297
0.008163
0.106140
-0.021530
0.061249
-0.050842
0.139526
0.031555
0.073669
0.048248
0.034515
-0.066406
0.151855
0.007793
-0.020233
-0.043793
-0.028198
-0.086487
0.157593
-0.107971
0.027100
0.145264
-0.033203
-0.124512
-0.177734
0.162354
-0.019089
0.108337
-0.046173
0.071533
-0.109192
0.047546
-0.100830
-0.011757
-0.048553
-0.011414
-0.058594
0.058105
0.081421
0.007324
0.014313
-0.027435
0.115540
-0.014648
-0.148682
-0.108704
0.089417
-0.007835
-0.063232
0.054688
0.176880
-0.028107
-0.054871
0.265381
-0.074768
-0.011078
0.127319
-0.020950
0.055023
-0.122681
0.006302
-0.012604
-0.005112
0.065735
-0.092163
-0.001363
0.029816
0.086914
0.042755
-0.118042
-0.006474
0.120483
-0.025391
0.063721
-0.068970
-0.088074
0.071716
-0.153198
-0.013802
0.081970
-0.264160
0.100159
-0.112122
0.085693
-0.078003
-0.013290
0.023346
0.062347
-0.104614
-0.287598
0.043091
-0.082092
-0.011078
0.001703
-0.105652
0.029129
0.091858
0.023178
0.007668
-0.016861
-0.011078
-0.162720
-0.002386
0.058441
-0.087219
-0.006645
0.156250
-0.170410
-0.061676
-0.041412
-0.057404
0.035950
0.102051
-0.001534
0.089111
0.018234
0.203247
0.177734
0.026062
-0.029816
-0.023346
0.201416
0.058441
-0.027252
-0.153198
0.006985
-0.088074
0.003407
-0.034760
0.014481
0.064087
-0.031174
0.008690
0.070679
-0.027084
-0.029648
0.039185
-0.269775
-0.039368
0.049408
-0.072388
0.010735
0.038177
0.047180
0.015671
-0.051971
-0.044464
0.072266
-0.033569
-0.017380
-0.069824
0.024704
0.008690
-0.059814
-0.046204
0.024399
-0.034729
0.105347
-0.075623
-0.008080
-0.145142
0.044434
0.052673
0.090149
0.089355
-0.024719
0.012444
0.048950
-0.100037
0.016968
0.021820
-0.112305
-0.103088
-0.003555
-0.015511
-0.049622
-0.003878
0.037018
0.186768
-0.040405
-0.139404
-0.119263
-0.144165
0.105835
-0.032166
-0.169800
-0.143433
0.001778
-0.043793
-0.042969
0.016647
0.093262
0.100037
0.024719
-0.070435
0.093384
-0.042816
-0.008080
0.043793
0.007919
0.098267
-0.229492
-0.047516
-0.013252
-0.152588
0.003071
-0.202515
-0.047333
0.173584
-0.022629
0.021011
-0.000485
-0.079041
0.002909
-0.059784
-0.029404
-0.082397
-0.082092
0.128174
-0.187134
-0.121826
0.009209
0.000969
-0.062988
0.010986
0.022629
-0.024719
-0.031342
0.000808
0.089355
0.031021
0.025696
-0.020844
-0.030869
-0.015190
-0.100830
-0.103577
-0.113403
0.184570
-0.116333
-0.085144
0.079529
-0.020523
0.302246
-0.107117
0.020523
0.038452
0.016647
0.024231
-0.154297
-0.093872
-0.002584
0.032959
0.077881
0.084534
-0.050903
-0.012115
-0.042511
-0.042023
-0.031525
0.038147
0.107483
0.159058
0.169556
-0.054291
0.010506
-0.028595
-0.013412
0.061554
-0.077881
-0.094177
-0.060760
-0.038788
-0.015030
0.098389
-0.053650
0.102478
0.121826
0.178223
0.009857
-0.099365
-0.044922
0.111938
0.005264
-0.115295
0.060699
-0.035797
-0.039490
-0.080017
0.111572
-0.126465
-0.038239
0.023331
0.053864
0.038239
0.028946
0.030182
0.068237
0.162476
0.054047
-0.020706
-0.105286
-0.303711
-0.038422
-0.068604
0.087036
0.081421
0.011406
0.034729
-0.035614
0.032471
-0.014214
-0.032471
-0.065796
-0.125244
-0.007019
-0.023163
0.078430
-0.111572
0.145142
0.219482
0.038940
-0.010353
-0.167847
0.020706
-0.095642
-0.002106
0.027893
0.020523
-0.050537
0.099670
-0.029831
0.035614
-0.085449
0.005791
-0.022110
-0.036133
0.057892
-0.126343
0.048248
0.093140
-0.008423
0.076294
0.009827
0.085083
-0.000526
0.011055
0.054230
-0.038086
-0.027542
0.080200
-0.032623
0.106873
0.054749
-0.011581
-0.014565
-0.068420
0.017365
-0.038086
-0.005966
-0.047363
0.243042
-0.207031
-0.112793
0.032288
0.073181
0.092285
-0.001404
-0.033508
0.064941
0.008423
-0.009476
0.005966
0.234253
0.051239
0.027893
0.087891
0.162598
0.030884
-0.035278
-0.181763
0.212524
0.070557
-0.079834
-0.057373
0.027191
0.038940
0.072083
0.023331
-0.096863
-0.064392
-0.068420
-0.090332
0.280273
-0.100159
-0.130859
0.034576
0.107910
-0.015091
-0.018250
0.010002
-0.041748
-0.095276
0.002983
0.012459
0.017715
-0.020523
0.077698
0.099121
-0.072998
0.026047
0.046112
0.043365
-0.101868
-0.089600
-0.071838
0.048248
0.043365
-0.015015
-0.160645
-0.002758
0.002144
0.017624
0.022369
-0.096375
0.060822
-0.022064
0.189331
0.145874
0.002604
-0.020981
-0.099548
-0.084534
0.042297
-0.265137
0.016083
0.112122
0.059601
0.175903
-0.022522
-0.073059
-0.209106
0.035248
-0.028183
0.030487
0.010109
-0.049927
-0.163452
0.081360
0.014709
-0.037079
-0.076294
0.088989
-0.019302
0.009346
0.043671
0.093018
-0.368652
-0.022827
0.032623
0.039215
0.017624
0.046265
-0.013634
0.100525
0.086731
0.012100
-0.024506
0.100525
-0.038452
0.093750
0.047943
-0.104492
-0.037231
0.142334
0.104187
-0.065857
-0.029724
0.033386
0.000460
-0.014709
0.058838
0.118713
0.159180
-0.000919
-0.149170
-0.090698
0.025589
0.010109
0.023438
-0.093933
-0.031097
-0.033997
-0.001072
-0.105408
-0.160645
0.060669
-0.046570
-0.003063
-0.188110
0.010109
0.038605
-0.007965
-0.068481
-0.060669
0.101440
-0.015930
0.099915
-0.076111
0.023132
-0.060974
0.004135
-0.040894
0.008423
-0.004597
0.001379
-0.024811
0.076111
0.210327
-0.102661
0.107849
-0.002451
0.064514
-0.017319
0.174927
0.057129
0.094543
0.071411
-0.005821
0.094238
0.024506
0.037384
0.099121
0.003218
-0.121765
0.074585
0.024658
-0.112427
-0.004848
-0.059174
0.051575
-0.106018
-0.000323
0.025711
-0.049469
-0.029099
0.191895
-0.013252
0.045105
0.077087
-0.186035
0.031860
-0.057373
0.135010
-0.160522
-0.029739
0.181885
-0.078064
0.016006
0.112854
0.230957
0.072571
-0.094543
0.125732
-0.060608
-0.049469
0.153198
0.003557
-0.100403
0.065979
-0.040588
-0.002264
0.055603
-0.060608
-0.035889
0.018112
-0.103455
0.086975
-0.148926
0.147949
0.011803
0.160645
-0.053009
0.004848
-0.073059
-0.016495
0.053009
0.072937
-0.052063
-0.036224
-0.124817
-0.009377
0.069702
0.005821
-0.103760
0.116699
-0.158081
-0.013092
-0.190552
0.015358
0.179932
0.007919
0.113159
-0.002264
-0.021179
-0.071106
0.012611
-0.058197
0.002424
-0.005981
0.029907
-0.003233
-0.031036
0.120911
0.253906
0.038788
0.031372
0.065613
-0.018585
-0.038147
-0.016006
0.028610
-0.031204
-0.032654
0.079834
0.084900
-0.057068
-0.029587
-0.223389
-0.192749
-0.028778
0.081482
0.014389
0.046082
-0.074219
-0.035400
-0.113342
0.113831
0.104614
0.047028
0.046387
-0.026184
-0.138550
0.009377
-0.002911
0.025864
0.064209
-0.102478
-0.189453
-0.048004
-0.049622
0.033295
-0.038971
0.067566
-0.111084
-0.109253
-0.130249
0.047699
-0.058044
0.018753
0.048004
-0.003880
0.023285
0.026505
0.021820
0.029587
-0.045471
0.051910
0.008835
0.137695
-0.042725
0.006813
-0.063904
-0.025406
-0.008102
0.015465
0.061493
-0.013443
0.062408
0.055420
-0.181885
-0.017120
-0.058929
-0.039032
-0.029465
0.007919
0.013626
0.065918
-0.097412
-0.007179
-0.120239
0.069763
0.084167
-0.182983
0.004971
-0.292725
0.049713
-0.160767
0.033325
-0.058746
0.025223
0.102722
-0.010681
-0.067566
0.065002
0.179565
-0.007732
0.028534
-0.040497
-0.086548
-0.041595
-0.051544
0.136597
-0.204956
-0.005154
0.042725
0.131226
-0.016754
-0.099976
0.010681
0.056519
0.096313
-0.013069
0.117493
0.062042
-0.145874
-0.041992
-0.008469
-0.177246
0.021545
0.055603
-0.004417
0.071411
-0.040497
-0.004787
-0.063904
-0.104187
-0.014542
-0.106995
0.019699
0.136230
0.062805
-0.032776
-0.087097
0.039764
-0.064270
0.071777
-0.085266
0.009392
0.099976
0.062622
0.009392
-0.074036
0.135132
0.059479
-0.135010
0.275146
0.074585
0.031113
-0.045288
-0.055603
-0.010681
-0.100891
0.011230
0.013992
0.035156
-0.009209
-0.045837
-0.004604
-0.039398
0.000736
0.131592
0.070312
0.053955
0.230713
-0.104553
-0.043823
-0.025040
0.022644
0.172729
-0.066650
-0.041992
-0.081360
0.019882
0.003130
-0.064636
0.123169
0.010124
0.066101
-0.006813
0.112305
0.043091
0.203979
0.141968
-0.089172
-0.071472
0.053925
-0.109619
-0.084412
0.009995
-0.029831
-0.010979
0.037872
0.040649
-0.003769
0.018845
-0.060150
-0.079651
-0.001147
0.094421
-0.070984
0.005245
-0.112427
0.016388
0.090332
-0.069519
0.155029
-0.041962
-0.094910
-0.076050
-0.008850
0.130127
-0.022293
0.040161
-0.162598
-0.035065
-0.041779
-0.060150
-0.024582
-0.006065
0.084106
-0.073242
0.186157
0.010651
-0.010979
0.125366
-0.042114
0.166748
-0.117859
-0.041138
-0.009506
0.043610
0.038513
-0.063416
-0.072449
0.022293
-0.202881
0.146729
-0.051147
-0.054260
0.011147
0.185425
0.010651
-0.127197
0.060486
0.074097
0.120789
-0.159180
0.076538
0.040314
-0.080322
0.009506
-0.108032
0.080994
-0.102112
0.165527
-0.001639
-0.010490
0.042786
0.001802
0.074219
-0.006721
-0.050812
0.042450
0.140991
0.039337
-0.020813
-0.015732
0.054901
-0.292725
-0.045227
-0.098022
-0.077698
-0.000656
0.012291
-0.230225
-0.051300
0.083740
-0.078186
0.029175
-0.096069
0.019836
-0.093079
0.168213
-0.105530
0.061615
-0.014748
0.118835
-0.302246
-0.042938
0.057861
0.030319
0.006065
0.039490
-0.035400
0.016556
-0.013443
0.067688
-0.059174
-0.018524
-0.093079
0.153198
-0.018677
-0.030975
-0.003769
-0.037689
0.096191
0.020981
0.083435
-0.039001
0.096191
-0.005081
0.011261
0.002945
-0.071228
0.024078
0.004677
-0.083862
0.052856
-0.013168
-0.103271
0.013687
-0.011436
-0.009354
0.065857
0.080933
-0.107788
-0.048004
-0.019577
-0.073792
-0.141357
-0.095642
0.012474
0.063782
-0.036896
0.012131
0.230591
-0.056305
-0.156982
-0.038818
-0.168579
-0.014725
0.087524
-0.176147
-0.038300
0.000866
-0.133911
0.007103
0.075378
-0.076599
0.015251
-0.212769
-0.029114
0.093201
0.062042
0.116089
-0.052856
-0.006584
0.072083
0.059265
0.018021
0.013512
0.005543
0.016632
-0.192993
-0.021133
0.058380
-0.000866
0.014725
0.079163
-0.004677
-0.074829
-0.113831
-0.048340
-0.120422
0.055084
0.049377
0.099976
-0.013687
0.016281
-0.140137
-0.118835
0.043823
0.004852
0.050934
0.095276
0.006584
0.039673
0.166748
0.086609
0.019226
0.031021
0.065308
-0.108459
0.069824
-0.041931
-0.088562
-0.180176
-0.142578
-0.132568
-0.005024
0.112610
-0.133789
-0.081421
-0.065002
0.102600
-0.029633
-0.004852
-0.043152
0.000173
0.063599
-0.115540
0.029449
-0.079163
0.007103
-0.010742
-0.034821
0.028595
0.114380
0.173584
0.162476
0.240845
0.024780
-0.013863
-0.000000
-0.036743
0.059265
0.076050
0.062042
-0.009705
0.039520
-0.191772
0.057709
0.065857
-0.151489
-0.029633
0.086487
0.027023
0.232178
-0.012299
0.026245
-0.094543
-0.031769
0.041870
0.004726
0.038452
-0.071533
0.052643
-0.243164
-0.000815
-0.086365
0.051819
0.160522
0.022156
0.036499
-0.016785
-0.003748
-0.000978
0.172241
-0.026886
0.092896
-0.095825
-0.182861
0.058990
-0.198486
0.140747
0.022659
0.188721
-0.072815
-0.015480
-0.175781
0.055420
0.081787
-0.039429
-0.036163
0.092896
0.067627
-0.012062
-0.017273
0.045807
-0.122192
0.009125
0.020050
-0.135132
-0.067444
0.042542
-0.008636
0.048553
0.080505
-0.085205
-0.027863
0.058350
-0.130859
-0.057526
0.039124
-0.002119
0.126587
0.067322
-0.122681
-0.022156
-0.126099
0.004890
-0.021027
0.112305
-0.069763
-0.053955
0.002281
-0.074829
0.017441
0.061768
-0.146606
0.169922
-0.008797
-0.001467
0.016296
-0.036499
0.145874
-0.044983
0.006519
0.036499
-0.059479
-0.056885
0.051331
-0.053467
0.071228
-0.228271
-0.023788
-0.132324
0.018585
-0.062408
0.184204
-0.204956
0.034546
-0.028687
-0.050690
-0.019882
-0.013527
-0.040588
-0.032593
-0.088013
0.026398
0.088196
0.041565
-0.034058
-0.190063
0.037170
-0.031128
0.027222
0.035034
0.153320
0.188110
0.136597
-0.051666
-0.065674
-0.023788
-0.048553
-0.028839
0.075317
0.052643
-0.121887
-0.028839
-0.008308
0.080017
0.030807
0.112793
0.029663
0.074646
-0.141235
-0.014839
-0.101135
0.059357
-0.093567
-0.020264
0.056641
-0.080017
0.009590
0.123779
0.072021
-0.084351
0.024979
-0.013573
0.000724
-0.030762
0.137939
-0.187866
0.025330
0.027512
0.051941
-0.010132
0.114563
-0.029495
0.151855
0.192383
-0.057739
0.011948
0.054840
0.063721
0.197021
-0.041077
-0.118530
-0.027145
0.023346
-0.022797
0.004345
0.056091
0.123596
0.125244
0.040710
0.005974
-0.018646
0.002172
-0.089417
-0.047943
-0.082336
0.074585
0.043793
0.009048
-0.074585
-0.077271
0.065125
0.053558
0.054840
-0.040710
-0.009232
-0.043793
-0.098450
0.160156
-0.074219
0.012489
-0.070740
-0.042542
0.068970
-0.033844
0.055725
-0.030045
0.076538
0.030762
-0.002172
-0.036011
-0.013573
-0.014297
0.169800
-0.148804
-0.022446
-0.343018
0.010857
-0.030045
0.008324
-0.022614
-0.043610
-0.068787
-0.198853
0.175171
-0.017014
0.099548
0.077820
0.050140
-0.012123
-0.031860
-0.103516
0.095398
0.118347
0.023529
0.052307
0.116028
-0.003077
0.043793
0.052490
-0.042358
-0.032928
0.078186
-0.024612
0.018997
0.003258
0.023712
0.177856
0.132812
0.031860
0.016113
0.026062
-0.002895
0.037811
-0.004162
-0.137207
-0.092834
-0.007599
-0.060089
0.028595
-0.002895
-0.034576
-0.101868
0.064758
-0.094299
-0.046509
0.375732
-0.011948
0.013985
-0.093140
0.102234
0.113770
0.130127
0.056396
-0.060394
0.017059
0.071472
0.015671
0.079590
0.031494
0.056396
-0.016602
0.063477
0.014603
0.066406
0.039490
-0.159790
-0.012299
-0.082703
-0.124207
-0.089905
-0.005840
0.044586
-0.212280
-0.041656
-0.155518
0.098083
0.005379
-0.035339
0.071655
-0.131104
-0.070251
0.016144
-0.128174
-0.062103
0.107117
-0.038727
0.087769
-0.170166
0.093750
-0.073608
-0.110962
0.104797
0.125244
0.055939
0.003843
-0.102051
0.098999
0.031204
-0.000307
-0.035645
-0.062103
0.068237
0.018448
0.049805
0.004303
0.135620
-0.105103
0.180786
0.014603
0.027054
0.041046
0.156982
0.009834
0.051483
0.121094
0.027054
0.048096
-0.158447
-0.013985
-0.017670
0.008759
-0.003843
-0.089600
-0.034119
0.042267
0.065491
-0.109741
-0.234131
-0.052887
0.088562
-0.012604
-0.183350
-0.293457
0.072693
-0.014755
0.022446
0.018906
-0.095581
0.065796
0.049194
-0.047180
-0.014755
-0.081299
-0.057800
-0.039032
0.070557
0.040588
0.132446
-0.027512
0.035187
-0.077332
-0.183960
0.072571
0.030899
-0.000615
0.081299
0.006149
0.125610
-0.226685
-0.011063
0.061188
-0.052887
-0.018143
-0.048737
0.008301
0.073792
-0.014603
-0.005993
0.049042
0.050415
0.017365
0.091431
0.096497
-0.122986
0.079468
-0.032196
-0.065979
-0.047241
0.021301
-0.036041
0.004803
-0.081177
-0.045166
-0.095276
-0.056366
0.006725
0.015701
0.016815
0.060059
-0.188354
-0.022903
0.040680
-0.013130
0.017288
0.026901
-0.014412
0.018738
-0.011688
0.004322
-0.213257
0.075745
-0.021133
-0.059418
-0.012169
0.056061
-0.073486
-0.005123
-0.031403
-0.052368
0.002081
0.011688
0.011208
-0.069031
-0.024185
0.084534
0.008965
0.006405
-0.049957
-0.014412
-0.029465
-0.059570
-0.001281
-0.068848
-0.000640
0.045807
0.071106
-0.000640
-0.296143
0.009766
0.036682
0.014732
0.050446
-0.170532
-0.216675
-0.061646
0.057007
-0.038757
0.030594
0.022095
0.099915
0.197632
0.029465
-0.146484
0.047089
-0.129517
0.124939
-0.016968
-0.001601
-0.089539
-0.014252
0.041809
0.286133
-0.009445
-0.080383
0.090027
0.018570
-0.085999
0.082458
-0.120728
-0.186035
-0.012489
-0.172119
0.005283
0.031067
-0.041809
-0.005924
0.149048
0.004803
-0.001922
0.067871
0.042114
0.230469
-0.139771
-0.069336
-0.103271
0.001922
0.044037
0.082153
0.072388
-0.024658
-0.080872
0.095276
0.135864
0.092590
-0.097534
0.020172
0.002562
0.022736
-0.103943
-0.039551
-0.065002
0.004322
-0.148560
0.009766
0.101868
0.010406
-0.015053
-0.034912
-0.016815
-0.076416
-0.051575
0.277100
-0.136475
0.020370
-0.158447
0.135498
0.031464
0.014259
-0.020187
-0.108337
-0.027588
0.057587
0.016113
-0.184937
0.007404
-0.030731
-0.006851
-0.087585
0.062561
0.090881
-0.007591
0.186646
0.098145
-0.017212
0.009995
0.014999
0.019623
-0.036285
0.237427
0.007591
0.090881
0.049988
-0.040192
0.064636
0.057404
0.074829
0.011108
0.019440
0.061829
-0.095886
0.050720
0.132202
-0.116272
-0.106812
-0.147339
0.037964
0.072571
-0.016296
0.008888
-0.039429
0.033142
0.136475
0.093872
0.062927
-0.048523
0.024994
0.023514
-0.009445
0.013885
0.042572
-0.037415
-0.113892
-0.040558
-0.163330
0.016663
0.039429
0.012589
-0.205933
0.010368
-0.013145
-0.037201
-0.002037
-0.015930
-0.202148
0.100159
0.000741
-0.005371
-0.014999
0.011292
0.124207
-0.027405
0.050537
-0.026657
0.128906
0.084778
-0.063293
-0.013145
0.034424
-0.187866
-0.092224
-0.051666
-0.032227
-0.045532
-0.079590
0.158447
0.043335
-0.071106
-0.015930
-0.154053
-0.021484
0.030914
-0.038879
-0.133667
-0.196655
-0.049805
-0.099426
0.024628
-0.053314
-0.062744
0.054260
-0.027405
-0.025360
0.019806
0.046112
0.393311
0.047577
-0.087402
-0.056854
0.002037
-0.042969
-0.003702
-0.037781
0.130127
0.008705
-0.097595
0.082031
0.034821
0.108704
0.120544
-0.000556
-0.094238
0.012428
-0.029175
0.013290
0.025024
-0.019501
0.032440
0.124817
0.046936
0.071777
0.069397
-0.082153
-0.004143
-0.062317
-0.064697
0.107178
0.089233
-0.055237
-0.079895
-0.039520
-0.071106
-0.014496
0.028656
-0.039185
-0.039337
0.124817
-0.005524
0.085266
-0.027786
-0.034851
-0.009323
0.039337
0.062469
0.005352
0.067688
-0.002071
0.067688
-0.044708
0.110291
0.006905
0.008804
0.062469
-0.012085
0.148560
-0.031403
0.038330
0.012253
-0.006557
-0.190186
-0.064697
-0.040039
-0.078003
-0.008110
0.077332
-0.041931
0.013809
-0.032959
-0.058502
-0.056091
-0.082642
-0.041260
-0.025375
0.081299
-0.013466
-0.021057
0.114441
-0.025192
-0.011047
0.132080
-0.098022
0.003971
-0.031235
0.019333
0.040741
0.230225
0.018127
0.018127
-0.316406
-0.061096
-0.019165
0.073364
0.013634
-0.099243
-0.070618
0.130005
0.196533
0.010704
0.322266
0.035736
-0.038483
0.169312
0.058502
0.021576
0.019333
0.038483
0.111816
0.028137
-0.097168
-0.011391
0.131470
0.223145
0.011047
-0.013634
0.086670
0.019501
0.017609
-0.127686
0.016052
0.029343
-0.095093
0.093384
0.209839
-0.008110
-0.004486
0.101135
-0.060760
-0.051941
0.078857
0.047302
0.012772
-0.037109
-0.050232
0.007595
0.076965
0.055237
0.119934
0.007595
0.239258
0.212769
-0.214966
-0.063538
0.010178
-0.074951
0.006783
-0.067383
-0.076172
0.022980
0.036072
-0.000463
0.190674
0.063965
0.009254
0.087402
0.025284
0.013107
0.103638
0.032074
-0.273438
0.123352
0.186890
-0.078003
-0.075073
0.004009
-0.072754
-0.194092
0.011406
0.065063
-0.024200
-0.007553
0.108704
-0.019882
-0.046112
-0.004471
0.000925
-0.001542
-0.068481
0.028061
-0.140625
-0.004780
-0.129639
0.060608
-0.051971
0.077087
-0.031616
0.035156
0.123047
-0.020813
-0.237183
-0.014183
-0.014954
-0.023895
0.031616
-0.048096
-0.016342
0.030991
0.001233
-0.019272
0.100830
-0.116089
0.138428
-0.001542
0.072937
0.170410
0.133545
-0.001542
-0.089417
-0.046875
-0.116577
-0.017578
-0.116394
0.104248
-0.056274
0.005241
0.023285
-0.007092
-0.058899
-0.011566
0.072021
-0.252686
0.199829
0.078796
-0.026215
-0.007710
0.048096
-0.129639
0.033600
0.015419
-0.037170
0.031769
0.048248
-0.044250
-0.063843
-0.003084
-0.019730
-0.263184
-0.057037
-0.005241
-0.006168
0.033752
-0.121521
0.065247
-0.016495
-0.015572
-0.031311
0.117981
0.051483
-0.016800
0.017883
-0.069824
0.073242
-0.172485
0.022980
0.217773
-0.033600
-0.003391
-0.028214
-0.021271
0.008476
-0.014183
-0.010025
0.087280
0.038696
-0.018341
0.052582
0.120911
0.094360
0.038696
0.039185
-0.101440
0.121582
0.098877
0.007980
-0.128052
-0.048920
-0.040405
-0.043365
-0.073364
-0.052734
-0.010925
0.034180
0.003122
-0.068481
-0.028442
0.174194
-0.196899
0.047516
0.021500
0.001908
-0.085327
0.030869
0.104248
-0.145386
0.037811
-0.033661
-0.011620
0.128052
0.017517
-0.017349
0.096802
0.050476
-0.042847
0.090027
-0.006069
-0.023758
0.011971
-0.054474
-0.069214
0.008842
0.035889
-0.070068
-0.017685
0.032440
-0.034515
0.046997
-0.207397
-0.032440
0.059326
0.085876
0.068359
-0.088623
0.081848
-0.045258
-0.067993
0.081665
0.130981
0.026703
-0.026367
0.067322
0.120911
-0.067627
-0.074402
0.148682
0.196289
0.050812
-0.054993
0.061218
0.053436
-0.025497
-0.035034
0.069397
-0.182129
-0.091736
-0.051514
0.206421
-0.022720
-0.019943
0.030701
-0.073547
0.084106
0.084839
0.020126
-0.151978
0.040070
-0.175537
-0.028275
0.042145
-0.064697
-0.013702
-0.065063
-0.004856
-0.134399
0.142090
0.104431
-0.166138
-0.089478
-0.047516
-0.190430
0.025330
-0.046844
0.165771
0.075623
-0.010925
-0.125244
0.021851
0.118469
0.073547
0.137085
0.049438
0.033142
-0.019073
-0.064026
0.004162
0.007633
0.014046
-0.099365
-0.026703
-0.092468
-0.074951
-0.099365
0.060883
0.257080
0.026886
-0.093140
0.163940
0.004684
0.213501
-0.056396
0.086182
-0.038666
-0.083069
-0.173950
-0.006092
-0.029083
0.138428
-0.031860
-0.136353
-0.036560
-0.004177
-0.090332
0.020721
0.054840
0.078369
-0.084961
0.080078
0.157593
-0.242310
0.057098
-0.208008
-0.001393
0.125000
0.226685
0.039703
-0.108093
-0.014626
-0.040924
0.125244
0.114197
0.133667
0.021240
0.014801
0.036377
-0.015671
-0.039703
0.098206
-0.073975
-0.191895
-0.076416
-0.000871
-0.149414
0.063049
0.089172
-0.030640
-0.012016
-0.009926
-0.020889
-0.013931
-0.030991
-0.011665
0.013931
-0.054138
-0.042664
0.016373
0.028030
-0.095398
0.043365
-0.175171
0.028381
0.021591
0.138550
0.035339
0.082153
-0.097473
0.037598
0.121704
-0.010445
-0.132690
-0.046143
0.119995
-0.002264
-0.008354
-0.089844
0.159546
0.005222
0.001741
0.040558
-0.012360
-0.086548
-0.061127
0.000348
0.048584
-0.191895
-0.082703
-0.049286
-0.056580
0.037262
-0.122253
0.071228
0.034119
0.073853
-0.038483
-0.089294
-0.021759
0.013931
0.060760
-0.042480
0.118225
-0.049286
0.109314
0.034119
0.125000
0.076111
-0.020370
-0.039520
-0.036743
-0.011841
0.068420
0.028030
0.033600
-0.267578
0.031525
0.004005
-0.042297
0.109314
-0.007660
-0.062500
-0.010101
-0.114014
-0.089844
0.011841
-0.096252
-0.009750
-0.114563
-0.044922
-0.066284
-0.073792
-0.120483
-0.007111
-0.027100
-0.036133
-0.001922
0.018646
-0.008072
-0.129761
-0.044586
-0.027664
-0.039215
-0.085693
0.056488
0.021515
-0.085510
0.210083
-0.143677
0.003267
-0.025360
-0.047668
-0.032471
0.022476
-0.196167
-0.098206
-0.027100
-0.048431
0.128418
0.067444
-0.055542
0.033630
0.042084
0.016724
0.115662
-0.075317
0.059174
0.129517
0.003075
0.056488
-0.034027
0.059174
0.074768
-0.083374
-0.024017
0.073792
-0.050934
-0.009224
0.122009
-0.058990
-0.150513
0.037842
0.204712
-0.020172
0.070923
0.037079
-0.092041
-0.107605
0.031128
-0.039398
0.093750
-0.047272
0.000576
-0.068787
0.075317
-0.001537
0.038422
0.014221
-0.080322
0.023834
0.118347
-0.060333
-0.120117
0.254883
0.090149
0.024597
0.093018
0.070740
-0.056885
0.009995
-0.002113
-0.061493
0.106079
-0.039978
0.037079
0.118164
0.058990
0.079773
0.007111
0.297119
-0.005764
0.040344
0.005379
0.044006
0.066284
0.039001
-0.135498
0.013832
-0.161987
0.203369
-0.001729
-0.027100
0.034790
0.045929
-0.051697
-0.135132
0.015564
0.037659
0.018250
0.005573
-0.249268
-0.021332
0.009033
0.110901
-0.088379
-0.037079
0.050354
-0.043610
0.088379
0.048035
0.003843
-0.064209
0.132568
0.100098
0.087036
0.006149
0.111450
-0.218262
-0.231445
-0.035339
0.062927
0.086670
0.050446
-0.102295
-0.068359
-0.134766
-0.160767
-0.021973
0.062561
0.022675
-0.106506
-0.059570
0.009315
0.004921
-0.004570
0.027420
-0.022842
0.176636
-0.059753
0.040771
-0.130737
-0.004745
0.245483
-0.080811
-0.038666
-0.044800
-0.041473
-0.007030
0.117249
-0.155151
0.096497
-0.062561
0.003164
-0.082947
-0.096863
0.070496
-0.032501
0.017578
-0.078552
0.147827
-0.038147
0.097534
-0.014763
-0.014236
-0.044464
-0.024780
-0.061157
-0.045166
0.014938
-0.057281
-0.070618
-0.008789
-0.012299
0.039886
-0.005798
0.058350
0.033386
-0.025131
0.118469
0.005974
-0.129395
0.095093
-0.114258
-0.088745
-0.053070
0.041473
0.245728
-0.028824
-0.273682
-0.059052
-0.073792
0.003340
0.030060
-0.034454
-0.001582
0.007912
0.040588
0.183838
-0.028992
-0.201904
-0.028824
0.007206
-0.075928
-0.114929
0.017227
-0.019684
0.038300
-0.007912
0.101379
0.080994
0.007381
-0.100708
-0.017395
0.030762
-0.013008
0.008087
0.106323
0.186646
0.060974
0.154663
0.082092
0.005974
0.197510
0.021439
0.050079
0.045532
0.099487
-0.101074
-0.111084
0.020569
0.007030
0.016342
0.100708
0.024246
-0.051147
-0.031982
0.017929
-0.098267
-0.064514
0.113159
-0.069763
0.001055
-0.174683
0.113342
-0.021088
-0.015640
-0.041748
0.012077
-0.036224
0.041077
-0.093933
-0.057526
0.011238
-0.004864
0.010231
0.104004
0.002516
0.015091
0.007545
-0.005367
0.028336
0.050476
-0.043610
0.134888
0.124939
0.071960
0.001844
0.085876
0.019623
-0.088745
0.011909
0.005535
0.032379
0.032196
-0.144409
-0.037384
0.044281
0.033051
-0.194092
-0.044434
0.002516
0.016098
0.022308
-0.410156
-0.003857
0.084351
-0.071106
0.001006
-0.129150
0.111206
-0.086853
-0.017441
0.045959
0.087036
0.116577
-0.080322
-0.076660
-0.024826
-0.056854
-0.139648
0.025833
0.067749
-0.050659
0.003019
-0.032379
-0.010399
-0.098450
-0.118713
-0.000671
-0.053009
-0.000503
0.030518
-0.187378
-0.014755
-0.036407
0.032532
0.184692
-0.059204
0.031708
-0.144775
-0.100769
0.022476
-0.185791
0.035889
0.005535
-0.127808
0.127441
-0.116028
-0.065918
-0.018616
0.017273
-0.082825
-0.024994
-0.070251
0.019623
-0.228027
0.184814
0.009056
0.035889
0.011909
-0.063232
0.043427
-0.009224
0.025162
0.023819
-0.006039
0.028168
-0.011238
0.054169
0.062225
0.000503
-0.021973
0.012413
0.075806
0.147095
0.044098
0.160645
-0.020630
0.040924
-0.147949
0.033539
0.017944
-0.096436
-0.055511
-0.090088
0.165649
0.006207
-0.058197
0.144287
0.099426
0.218140
0.095093
-0.026840
-0.011406
-0.071655
0.021515
-0.100830
0.202148
0.140137
0.128906
-0.024750
0.082520
0.070862
-0.046600
-0.113403
0.060516
-0.040771
0.046753
0.002588
0.152100
0.046265
-0.043518
-0.186523
0.230713
0.130249
-0.060516
0.075867
0.046448
-0.037384
0.044983
0.074768
0.149292
0.001618
-0.022003
0.105469
0.041901
0.070068
0.083679
-0.031708
0.073792
0.073120
0.051453
0.018936
0.024597
-0.014236
-0.211304
-0.065186
-0.084473
-0.191895
0.003721
-0.000324
0.036407
-0.173828
0.029449
0.022171
-0.016174
-0.034790
-0.049194
-0.010681
-0.046448
-0.104980
-0.020218
0.021515
0.000809
-0.006794
0.046600
-0.024277
0.104553
0.204468
0.017319
-0.019089
0.052917
-0.193359
0.000162
-0.071533
-0.035278
0.059052
0.003397
-0.026367
0.121338
0.026535
0.006958
-0.042389
-0.083679
0.193848
0.021362
-0.020386
0.004368
0.007118
-0.108093
-0.056793
-0.122986
0.009872
-0.023788
-0.035767
0.078613
-0.058258
-0.062286
0.036255
-0.267334
0.044830
-0.058075
0.025085
0.127197
-0.263428
-0.025085
-0.149536
0.032684
0.145996
0.159668
-0.045959
0.045776
-0.009872
-0.018936
-0.109192
-0.066650
-0.063721
-0.021683
-0.032837
0.025406
-0.001456
-0.027176
0.015701
0.085571
0.037872
0.072021
-0.113281
-0.003397
-0.058075
-0.046448
-0.035767
-0.011650
0.039154
0.027893
0.049500
0.102722
-0.142212
-0.092712
0.053925
-0.073303
-0.003325
0.031036
-0.052643
0.065735
-0.019394
0.012932
-0.143311
-0.014778
-0.118774
-0.140381
-0.091614
-0.087341
0.003880
-0.046539
0.115051
-0.047668
0.114868
-0.046906
-0.002771
-0.149780
0.008308
0.093079
0.060394
-0.163696
-0.105286
0.032867
-0.067444
-0.016068
0.026230
-0.130005
-0.005543
-0.177856
-0.046906
-0.067261
0.089233
-0.097168
0.019211
0.050781
-0.029373
0.048584
-0.003695
-0.049316
0.101807
-0.025116
0.160889
-0.150513
0.077026
0.014038
0.107483
0.241943
-0.010712
-0.017731
0.043579
-0.118591
-0.116760
-0.162720
0.048584
-0.106567
-0.149658
0.059296
-0.105469
0.017548
-0.064270
0.027344
-0.051178
0.089600
0.118591
-0.226440
0.131470
-0.093628
0.088318
-0.075928
-0.119141
0.032867
0.067078
0.019394
0.030289
-0.084778
0.134521
0.022720
-0.019760
-0.105103
0.056335
-0.019028
0.000369
0.152954
-0.000739
-0.073303
0.150391
0.127686
0.096985
-0.027145
0.022537
-0.006279
0.047668
0.059662
0.081848
-0.018280
0.076660
-0.073486
0.174561
0.125000
0.071106
0.019760
-0.050598
-0.004063
0.088867
0.054504
-0.052826
-0.052643
0.079041
0.028442
0.075378
-0.116394
-0.002771
-0.046356
0.102356
0.025299
0.095703
0.165161
0.222900
0.011139
0.073975
0.115234
0.030975
0.246826
-0.019485
0.068420
-0.029068
-0.042816
-0.004524
0.012878
-0.048920
0.090332
-0.001740
0.096924
-0.047180
-0.060730
-0.027328
0.111572
0.019485
-0.169312
0.005569
0.106506
-0.045410
-0.090515
0.040039
0.147461
-0.006439
-0.004353
0.075195
0.032532
-0.057434
0.028549
0.031860
-0.046112
0.006615
-0.028198
-0.132324
0.020706
-0.056732
0.259033
-0.005745
-0.097656
-0.176636
0.036041
0.024887
0.028198
0.092224
0.006786
-0.132935
-0.018616
0.073608
0.120789
-0.052734
-0.031342
-0.134888
-0.038635
0.041595
0.012703
0.025940
0.064758
0.063721
0.076416
0.081299
-0.062469
-0.057251
-0.109802
-0.100098
-0.118164
0.069092
-0.070496
0.042297
-0.005222
-0.019485
0.072937
0.061615
0.002958
0.032196
-0.209717
0.047516
-0.048553
0.041077
0.093628
-0.004353
0.187988
0.092041
0.052399
-0.096924
0.002089
-0.072571
-0.178711
0.038300
0.006962
0.101807
0.203491
0.072205
-0.122498
0.012009
0.329590
0.037781
0.106689
0.011490
-0.029587
0.093140
0.017929
-0.014969
-0.136475
0.026459
-0.018097
0.115540
0.034119
-0.074829
0.081482
-0.064209
0.022629
0.035858
-0.050476
0.023148
-0.073120
-0.001740
-0.075684
-0.032379
-0.012703
0.078125
-0.022629
-0.033600
-0.101624
-0.092163
0.005333
0.160522
0.050659
-0.110413
0.029709
0.031235
0.047974
-0.079407
0.141479
0.096741
-0.142212
0.084534
0.008186
-0.090637
-0.090088
0.079590
0.083984
-0.032745
0.152954
0.000762
-0.137695
0.084717
0.069092
-0.019043
-0.024948
-0.024750
0.149658
-0.075989
0.044739
-0.065674
0.008377
0.019806
-0.028946
-0.077332
0.008568
-0.083801
0.032166
0.011803
0.045319
-0.075195
0.091797
-0.235718
0.108521
0.010857
0.033142
-0.020187
0.055786
-0.010666
0.024567
-0.045898
-0.019989
-0.218628
-0.091797
0.125732
-0.039429
-0.009521
0.166016
-0.022659
0.013138
-0.031982
0.063049
-0.080139
-0.016571
-0.016373
-0.245239
0.075195
0.002094
0.100891
-0.162598
0.012947
0.031433
0.027222
-0.025894
0.091370
0.114441
-0.043976
0.020950
-0.024185
-0.041138
-0.012184
0.002855
0.211304
0.056549
-0.001333
-0.225586
-0.166016
0.025711
0.019608
-0.033508
-0.113098
-0.083008
0.000952
-0.080322
0.041504
-0.010284
0.120361
-0.043976
-0.092529
0.051605
0.047211
-0.079407
0.012756
0.071777
-0.048737
0.064758
-0.038269
-0.179565
0.093323
-0.004189
-0.042084
-0.003809
0.089294
0.147705
-0.026840
-0.009712
-0.059784
0.011421
0.068176
-0.165405
0.145996
-0.070068
-0.063599
-0.073120
0.105286
0.027222
-0.150635
0.158569
-0.136230
-0.049347
0.023712
-0.150146
0.041504
0.057190
-0.038361
0.032440
0.037842
-0.016052
0.163574
0.119995
-0.040985
-0.097168
0.046753
0.005405
0.019012
0.033325
-0.093140
-0.111633
-0.022156
-0.179077
0.036102
0.043945
-0.123108
-0.108643
-0.044128
-0.156738
0.044312
-0.007149
-0.125366
0.101135
-0.107605
0.095764
0.022491
0.006104
-0.108276
0.119995
0.231567
0.072571
0.059296
-0.164673
-0.031738
0.155029
-0.070984
0.009766
0.057373
-0.097168
-0.113525
-0.075317
0.101135
-0.008194
0.108154
0.079712
0.174194
0.017609
-0.003489
0.013252
0.010468
0.027374
-0.076416
0.031036
0.012733
-0.105164
-0.053192
0.034698
-0.010986
0.042206
0.030518
-0.006802
0.154175
-0.069763
-0.029816
0.017609
-0.008896
0.003662
0.165283
-0.010635
0.029999
0.082336
-0.121399
-0.000174
0.001570
0.094360
0.036987
0.157959
-0.101135
0.239136
-0.097168
-0.037140
0.111084
0.130859
-0.063660
0.010117
0.084229
0.080933
0.029129
-0.062256
-0.081970
0.072388
0.178223
0.028778
0.050232
-0.005234
0.031738
-0.015701
-0.046051
-0.144287
-0.029648
-0.000349
0.110046
0.018311
0.057373
0.191284
-0.089966
0.075195
0.070312
-0.074829
-0.014999
0.067322
-0.085999
0.003838
0.142822
-0.029480
-0.005234
-0.123657
0.140747
-0.079712
0.060272
0.082397
-0.114380
-0.051147
-0.028122
-0.030579
-0.040771
-0.010544
0.036743
-0.186523
0.016525
0.031281
-0.002110
-0.011772
-0.079285
0.063782
0.045685
0.045166
0.192261
0.143799
-0.009842
0.038849
0.069275
0.088074
-0.059570
0.017578
-0.030930
-0.020737
0.234619
-0.108765
-0.093506
-0.126831
0.124268
0.055359
0.137939
0.007732
0.028290
-0.090698
0.033386
0.046234
-0.049927
-0.050079
-0.014412
-0.001582
0.020920
0.006329
0.176758
0.118652
-0.006680
0.057831
0.025482
0.127563
-0.114075
-0.040436
-0.036041
-0.001230
0.070312
-0.184692
0.051483
0.223389
-0.100342
0.076294
-0.163940
-0.017578
0.000351
0.081543
-0.025131
-0.075928
0.111450
-0.115662
-0.147827
-0.003340
-0.027420
0.019501
-0.033569
-0.048859
0.228271
0.048492
0.047089
-0.041138
-0.024780
-0.069946
-0.073303
0.018799
-0.078735
-0.147949
0.001758
0.007557
-0.009140
0.092957
0.195068
0.047455
-0.009491
-0.008789
-0.041656
-0.075195
-0.156616
0.139771
0.179810
-0.182739
-0.008614
-0.100891
-0.072388
0.060822
-0.035675
0.019684
0.026718
0.116333
0.134399
-0.173462
-0.001230
0.012123
-0.030930
-0.019501
0.032501
-0.050629
-0.012833
-0.045166
-0.125122
-0.070129
0.017578
-0.075928
0.067139
0.039551
0.018097
-0.100342
-0.100708
0.066589
0.106567
-0.031204
0.104370
-0.132446
-0.098511
-0.030090
0.056549
0.058899
0.095520
0.025024
-0.096924
0.130371
-0.069519
-0.036255
-0.049561
0.070496
-0.134399
-0.019318
0.139160
-0.141113
-0.009186
-0.134277
0.086304
0.004749
-0.115906
0.014252
-0.073975
0.075867
-0.025650
0.033264
-0.145020
0.041016
-0.080627
0.029770
-0.028351
0.022018
-0.113403
-0.211914
-0.147705
0.065552
0.115479
0.212891
-0.027084
-0.016785
-0.128906
0.114197
-0.031982
0.005703
-0.063354
-0.001266
0.064148
0.003326
0.045929
-0.101196
0.098206
0.041016
0.124329
0.035309
-0.050507
-0.074402
-0.115112
-0.002851
0.086487
0.068909
0.087280
0.010773
0.009659
-0.048950
0.029617
-0.014091
0.218140
-0.121948
-0.006809
0.010773
0.049103
0.096313
-0.223267
0.018372
-0.023285
0.159668
-0.035645
-0.175659
0.006336
0.027405
-0.094238
-0.095825
0.088379
0.150635
-0.104980
-0.035004
-0.234985
-0.152344
-0.101379
0.006809
0.031830
-0.084717
-0.031982
0.088501
-0.092163
0.134155
-0.104492
0.029297
-0.001108
-0.009346
0.005703
0.114197
0.025650
0.117188
0.083923
-0.073486
-0.039581
0.023285
0.099609
-0.024384
-0.148193
0.043243
0.020584
0.050842
0.023758
-0.057007
0.054321
-0.057495
0.011719
-0.009979
-0.063049
-0.029617
0.018051
-0.006969
-0.054260
0.080139
-0.061096
0.007526
-0.002100
-0.005249
0.073853
0.074402
0.061951
0.023102
-0.028702
-0.007351
0.088013
0.007175
-0.059845
0.053375
0.046570
-0.175781
-0.209717
0.090515
-0.000350
0.015930
-0.130371
-0.070007
0.238037
0.071411
-0.026779
-0.089111
-0.021530
0.076660
0.053894
0.030457
-0.064941
0.040771
-0.026428
-0.057922
-0.012428
-0.071777
-0.048309
-0.126953
0.062683
-0.082764
0.037994
-0.076111
-0.039368
-0.016983
0.103943
0.114624
-0.045502
0.047272
0.051270
-0.083984
-0.274414
-0.077881
0.111328
0.077209
-0.100281
-0.030624
0.014877
0.170532
0.044098
-0.034821
-0.136353
0.027832
0.044647
0.002451
0.151733
0.145752
-0.027298
-0.153198
0.093262
0.038696
0.046387
0.099243
-0.039917
0.009277
-0.314697
-0.040253
0.057404
-0.025558
-0.118164
-0.033264
-0.089111
-0.085754
0.067566
-0.116211
0.156494
-0.020996
-0.029404
-0.051636
-0.057587
0.034485
-0.054596
-0.054962
-0.020477
-0.111694
-0.074036
0.049011
-0.210083
0.025558
0.000525
-0.039551
-0.160156
-0.009804
0.022751
-0.022400
0.020996
0.033417
0.036926
-0.116394
-0.149414
0.041840
-0.014702
0.168091
0.089783
-0.057068
0.022232
-0.046570
0.023102
0.005775
-0.061798
0.001050
-0.036407
-0.015053
-0.062988
0.021881
-0.107971
0.170654
-0.068481
-0.036224
0.022781
0.000172
-0.059692
0.183228
0.028809
-0.131714
0.074707
0.016907
0.042969
0.161011
-0.128662
0.046234
-0.047455
-0.127808
-0.178711
0.000863
0.021576
-0.086975
-0.015526
-0.252197
0.060211
0.039185
0.045563
-0.035553
-0.058655
0.196167
0.005177
-0.006386
-0.032776
-0.074524
-0.019669
-0.043152
-0.026566
-0.098511
0.120422
-0.038483
0.151489
-0.028809
-0.089050
-0.054871
0.035889
0.118896
-0.005520
0.163452
-0.070740
0.096619
-0.070374
-0.008629
-0.119385
-0.064026
0.044525
-0.046417
-0.177734
-0.035187
0.151367
0.053131
-0.047272
0.086792
0.007763
0.000172
-0.194824
-0.074219
0.022781
0.014320
-0.069336
0.061096
-0.061096
0.034180
0.111145
-0.024506
-0.008972
-0.000863
0.051605
-0.098511
0.029160
-0.013634
-0.001208
-0.052643
-0.076782
-0.000518
0.006729
-0.054535
-0.051758
-0.212280
-0.056427
0.017944
0.015182
0.011909
0.102478
-0.174438
0.132202
0.012772
-0.030884
0.318359
-0.204956
0.024155
0.045197
-0.041229
-0.061951
0.017944
0.113037
-0.040192
-0.041748
0.017426
0.066589
0.035034
0.013115
-0.097290
-0.093323
-0.130981
0.059692
0.044525
-0.117676
-0.008286
0.010872
0.004658
0.011734
-0.136597
-0.019150
0.059875
-0.032776
0.013634
-0.005867
0.010529
-0.171875
0.030029
-0.074219
-0.078186
0.054291
-0.009636
0.042694
-0.118042
-0.088257
0.015327
-0.148193
0.028900
0.012917
0.022766
0.033051
-0.008980
-0.047302
-0.071594
-0.169678
0.040955
0.185303
-0.036346
0.008102
-0.082336
-0.027145
0.016647
-0.066772
0.067871
0.054749
0.112793
0.024750
0.083435
0.057373
0.107727
0.132202
-0.061310
-0.193970
-0.057800
0.031738
-0.093933
0.083618
0.113647
0.090027
0.157227
-0.082092
-0.037231
0.036133
-0.097656
0.173828
0.060211
-0.031311
-0.107483
-0.115845
0.088257
0.000219
-0.061096
0.067200
0.069641
-0.012047
-0.156128
-0.111877
0.053436
-0.234741
0.077271
-0.136841
0.132202
0.094360
0.059113
0.020142
-0.193970
0.083008
-0.065491
0.113220
-0.066589
0.016647
0.043365
-0.014671
0.026062
0.157471
0.104431
0.030441
0.002846
-0.065918
0.059998
-0.018616
0.055847
-0.012917
0.014450
-0.046844
0.094604
0.008102
-0.075317
0.038544
-0.029129
0.079712
0.060669
0.057587
0.021454
-0.063049
0.079895
-0.170776
-0.045776
-0.066589
0.099182
-0.083618
-0.011383
0.017960
-0.092834
0.023865
0.266113
-0.008537
0.042908
0.059998
-0.062622
0.063721
-0.217896
0.147827
-0.058899
0.046204
0.110779
0.011826
0.075134
-0.034607
-0.103821
-0.087830
-0.069824
-0.049042
0.020584
0.074219
0.024307
0.009544
-0.010605
0.063782
-0.017853
0.036743
0.250000
0.020142
0.067688
0.141724
0.031281
0.028976
0.145264
-0.006008
0.073364
-0.027740
-0.099670
0.007069
-0.012901
-0.109558
-0.081970
-0.270264
-0.086060
-0.109375
0.000707
0.126221
0.064331
-0.049652
-0.138916
0.042603
-0.003357
0.076355
0.058502
-0.207153
0.017319
-0.001413
0.083740
0.159546
0.142578
-0.119812
-0.084473
0.014313
0.080566
-0.090149
-0.080750
0.072266
-0.050537
-0.022263
0.042938
-0.177246
0.028809
0.045959
-0.220947
0.080261
0.050201
-0.139648
0.100403
0.070496
0.017670
0.016434
-0.047363
-0.011307
-0.006363
0.021561
-0.033234
0.006893
-0.030746
0.033386
0.034637
0.025803
0.051788
-0.164917
-0.086609
-0.026505
-0.000707
-0.037292
-0.091003
-0.154419
0.083923
0.013428
0.022263
0.053192
-0.121399
0.019440
0.037994
0.176025
-0.025970
0.006538
-0.031464
0.107971
-0.038177
0.058685
0.186646
0.012367
-0.039398
-0.099670
-0.075623
-0.166626
-0.009895
0.040100
-0.016617
-0.002651
0.074402
-0.001944
0.076355
0.023148
0.032166
-0.034271
0.187866
-0.083069
-0.111145
-0.008125
0.107300
-0.005123
0.003004
-0.132568
0.039246
-0.061157
-0.033234
-0.115417
0.051239
-0.011490
-0.101990
-0.128296
-0.019623
0.026688
0.196655
0.003004
-0.046112
0.091919
-0.059814
0.046234
0.080750
0.123291
-0.005322
0.021286
-0.037079
0.091553
0.038361
-0.006241
-0.007156
0.049744
0.012848
-0.015778
-0.046417
-0.167480
-0.013763
0.015228
-0.093384
-0.027527
0.088440
-0.034485
0.044037
0.075073
-0.025146
-0.006241
-0.037628
-0.169189
-0.128052
-0.037628
0.040192
0.013763
0.044403
0.167358
0.035980
-0.051392
0.218140
-0.043304
0.083130
0.023117
0.073242
0.007706
0.066589
-0.003670
0.028259
0.097412
-0.106995
-0.021835
-0.035980
-0.217041
-0.055786
-0.051758
0.082031
0.088440
0.070312
0.056885
-0.044586
-0.008072
-0.007889
0.021835
0.006241
-0.042389
0.093750
-0.026245
0.284668
-0.093384
0.194336
-0.110107
0.028076
0.145020
0.051208
0.056519
0.016144
-0.081848
0.107727
-0.061279
-0.077271
-0.084778
0.089539
0.044586
-0.044037
-0.061462
0.107361
-0.048798
-0.170410
0.112854
-0.063843
-0.004036
0.011742
-0.137451
-0.045135
0.017059
-0.052673
0.043854
-0.063110
-0.027161
-0.030457
0.274658
-0.156738
-0.037811
-0.034485
0.060364
-0.004955
-0.069336
-0.022385
0.002752
-0.017990
-0.121094
-0.053040
0.049927
-0.042023
-0.031738
-0.023300
-0.256592
-0.020370
-0.009544
-0.023483
-0.018723
0.114502
-0.073059
-0.022934
-0.035797
0.061646
0.055237
0.076538
0.280762
-0.066223
-0.040588
-0.052460
0.181274
0.001554
0.030106
-0.025635
-0.069946
0.025055
-0.086243
0.010101
-0.073608
0.059814
0.088989
-0.027191
0.038086
0.034393
0.118896
0.070923
-0.050507
-0.026611
0.094604
-0.037689
-0.005051
-0.017288
0.133301
-0.098083
-0.017487
0.011848
-0.032257
-0.020584
-0.028946
-0.085632
-0.001554
-0.044861
-0.005440
-0.005440
0.050507
-0.238525
-0.069946
0.071899
-0.141602
-0.020203
-0.042938
-0.187622
0.215576
-0.079651
0.068542
-0.092041
-0.094788
0.049133
0.046051
-0.168213
0.134644
0.003691
-0.104492
-0.004272
-0.045074
0.043304
0.027390
-0.011848
0.164307
0.011269
0.125122
-0.034180
-0.064087
0.020584
0.034973
-0.021759
0.075562
-0.013596
-0.255127
0.029724
-0.023499
-0.004078
0.034973
0.085632
0.217407
-0.022339
0.050903
-0.080200
-0.063293
0.134766
-0.020782
-0.090515
-0.000000
-0.038452
0.011658
0.123535
0.097290
0.031647
-0.130737
-0.010490
0.030502
-0.103333
-0.137939
-0.137329
-0.130493
-0.019623
0.007771
-0.077515
0.072449
0.031860
-0.153198
0.097717
-0.109741
0.102539
0.147217
-0.063110
-0.045258
0.093628
0.102966
-0.182739
0.143555
-0.020584
-0.095154
0.015732
-0.132324
0.039032
-0.097717
-0.062347
0.009323
0.173706
-0.058472
0.000194
0.040405
0.010880
0.095947
0.022339
-0.064453
-0.064636
-0.042328
-0.107300
0.065125
-0.081238
-0.090698
-0.043304
-0.011070
-0.049652
-0.021652
0.044434
0.090698
-0.035339
-0.114624
0.090698
0.056824
0.146851
-0.180054
-0.043304
0.006187
0.030273
-0.025070
-0.123230
-0.041687
0.007000
-0.004723
-0.067749
0.114258
-0.060883
-0.112488
0.073242
0.134277
-0.023605
-0.095581
0.094604
-0.014000
0.050293
0.003094
-0.053406
-0.023285
0.000163
-0.075867
0.080566
-0.019379
0.000163
0.043793
-0.182983
0.009605
-0.017426
-0.097046
-0.028976
-0.020355
0.136963
-0.022308
0.000163
-0.011559
-0.059906
-0.117676
0.018723
0.166992
-0.059418
0.154541
0.120605
-0.015625
0.072449
0.185913
-0.139893
-0.147949
0.089844
0.133545
-0.035339
0.014328
-0.063965
0.058441
0.067749
0.230835
-0.112183
-0.005371
0.093628
0.018066
-0.040375
-0.060059
-0.089355
0.066589
0.045410
-0.093628
0.013672
-0.029297
0.010094
-0.102905
0.037781
-0.007000
-0.037109
0.079468
0.054382
0.169189
-0.109070
-0.059753
0.133545
0.030930
-0.010422
0.000977
0.027023
0.005699
-0.095886
0.049011
0.002930
-0.068237
0.008629
-0.027023
0.021332
0.040375
-0.009445
0.135132
-0.036469
0.019699
0.060547
0.103394
-0.061523
0.042816
-0.029633
0.040375
-0.066772
-0.114929
-0.054047
0.426514
-0.139526
0.036102
-0.091064
0.008141
0.007629
0.006611
-0.112061
-0.087463
-0.025772
-0.105957
0.012375
-0.052399
0.041718
0.041534
-0.086975
0.036621
0.060516
-0.029495
-0.013054
-0.217285
0.090698
0.360352
0.185791
0.188721
0.023392
0.010681
0.183228
0.035950
-0.036438
0.012886
-0.000339
0.016281
0.176514
0.038147
0.004406
0.043732
0.042206
0.052734
-0.114624
0.010681
-0.044067
-0.212280
0.082031
-0.042053
0.045258
-0.148193
0.037292
-0.053070
0.014748
-0.163940
0.046112
-0.060516
0.030685
0.140381
0.055786
0.120728
0.035767
-0.152588
0.115112
-0.039337
-0.044067
-0.030518
-0.071228
-0.166504
0.138184
0.027969
0.000000
0.012718
-0.017120
-0.078003
-0.021362
-0.184937
-0.021027
-0.005085
0.010002
-0.028992
0.000509
0.079834
-0.066101
-0.135498
-0.094421
-0.026108
0.101868
0.007290
-0.006271
-0.057312
-0.054077
0.012375
0.053223
-0.135132
-0.031189
0.150146
-0.045258
0.092712
0.046783
-0.020508
0.047302
-0.009491
0.111572
-0.127808
-0.036957
0.045258
-0.081177
0.004578
-0.045929
-0.042542
-0.027130
0.024078
-0.040527
0.043243
0.126587
-0.005596
0.067139
-0.003222
0.083557
-0.209717
-0.008141
-0.034912
0.025940
0.095459
0.061554
0.012039
-0.151611
0.103943
0.017120
0.070374
-0.030685
0.090881
-0.050690
0.024475
-0.047729
0.069275
0.026627
-0.102661
-0.094055
0.071289
0.021545
0.002155
0.029099
0.042480
-0.033722
0.021088
0.000924
-0.007698
0.100220
-0.007851
0.030487
0.042328
0.039246
0.003540
-0.084534
-0.009850
-0.110657
-0.252686
0.034637
0.057587
-0.023239
0.001847
0.041718
-0.007542
-0.013237
-0.144653
0.019241
-0.017853
-0.018158
-0.060181
-0.005543
0.041107
0.084351
-0.003387
0.028320
0.097473
0.116089
0.008316
-0.038025
0.097168
-0.158569
-0.011086
0.044647
-0.092651
0.078674
0.065735
-0.043427
-0.132568
-0.054504
-0.063721
-0.136597
-0.019241
0.007080
-0.094849
0.004772
0.051727
0.110352
0.136719
-0.197144
-0.133301
0.095886
0.078979
0.074951
-0.055115
-0.057587
0.030014
0.040039
0.011703
-0.012009
-0.329102
-0.010620
0.035858
-0.018326
0.029404
-0.077148
0.045563
0.086975
-0.055573
0.099304
0.064026
0.053741
0.005695
-0.287109
0.013855
0.024323
0.039886
0.045868
0.054199
0.034943
-0.143677
0.018005
-0.015396
0.004158
-0.000616
-0.000462
-0.121948
0.066528
-0.043579
0.050812
0.034180
0.098083
-0.114197
0.178711
0.027100
-0.018005
0.038025
-0.004925
0.069458
-0.003078
0.010315
-0.093750
-0.050354
-0.200562
0.085876
0.066833
0.087463
0.209229
-0.011086
0.041260
0.293457
-0.136353
-0.040283
-0.087280
0.110779
-0.014191
0.033112
-0.010223
-0.114319
0.014191
0.177002
0.001831
0.118896
-0.025940
0.072937
0.106079
-0.002289
0.018768
0.085632
0.051727
0.001526
0.164185
-0.028534
0.286377
0.029144
-0.030975
-0.037994
-0.070374
0.017242
-0.050354
0.063477
0.015869
0.067444
-0.014191
-0.158081
-0.014038
0.000153
-0.029297
-0.083191
0.122681
-0.019379
0.020905
0.006256
-0.283936
-0.081787
0.003357
0.058136
-0.076904
0.018616
-0.008392
0.045929
-0.039062
0.001068
0.077087
0.107605
-0.028229
0.232544
-0.048828
-0.189575
0.156860
0.025787
-0.024109
0.067322
0.021820
0.070984
-0.099060
0.053711
0.078735
-0.046539
-0.084534
-0.004578
0.081970
-0.096436
0.225220
0.005798
0.020447
-0.057831
-0.001984
0.193237
0.033722
-0.045624
-0.031891
0.212891
0.053253
-0.025787
-0.120850
0.102112
-0.065613
-0.014801
0.180420
-0.088989
0.004272
0.006409
-0.106201
-0.016479
0.027161
0.063477
0.123779
0.017242
0.008850
-0.043030
0.035706
-0.139526
0.038605
0.104370
-0.041351
-0.033112
0.005493
0.011597
-0.053101
0.054932
0.058289
-0.004272
-0.007019
-0.110657
-0.155029
-0.219971
0.020599
0.014343
-0.016327
0.005646
-0.097656
0.025787
0.073120
-0.086243
0.028381
0.095703
-0.037842
-0.028381
0.072815
-0.030365
-0.100647
0.014015
0.123291
-0.207153
-0.114319
0.059845
0.024078
-0.078552
-0.004852
-0.045288
-0.032898
0.074768
0.051941
-0.100281
-0.029297
-0.042419
-0.099915
0.135376
0.029114
0.003593
-0.065613
0.095398
0.061096
0.128540
0.160889
-0.022461
-0.029465
0.099548
0.119141
0.075317
-0.022110
-0.224487
0.053558
-0.022278
0.007549
-0.060394
-0.266602
-0.045990
-0.042938
0.010605
-0.056793
-0.154541
-0.205200
-0.000539
0.020126
0.054993
-0.092163
-0.015099
0.049408
-0.060547
-0.007008
-0.087524
0.111938
-0.085205
0.091309
0.088074
0.189941
0.095581
-0.023727
-0.080322
-0.008087
-0.038818
0.092896
0.120422
-0.182983
0.089294
-0.072937
0.043488
-0.008987
-0.039886
-0.033966
-0.068298
-0.077637
-0.009521
0.043121
-0.020493
0.050140
-0.008263
-0.106018
-0.040436
-0.016357
0.001976
0.075867
0.083008
-0.016708
0.019943
-0.037567
0.026779
-0.097412
0.239014
-0.077820
-0.023178
0.019409
-0.051758
-0.005932
-0.159058
-0.024261
0.046722
-0.136719
0.035034
-0.040802
-0.101685
0.078918
-0.010780
-0.008446
-0.010780
0.100464
0.093811
0.034515
0.005390
0.022110
0.002157
-0.039703
-0.037018
0.049225
0.022995
-0.136719
-0.136597
-0.060394
0.054993
-0.086243
0.153687
-0.171387
0.080322
-0.020660
0.206665
0.054993
0.163086
-0.036133
-0.039642
-0.020935
0.078491
-0.190186
-0.054504
-0.178223
-0.247314
0.030380
-0.122131
0.024933
0.015823
-0.070190
-0.012146
0.046692
0.065857
-0.080261
-0.098145
0.151733
0.054840
0.024139
0.106812
-0.048431
-0.147095
0.104248
0.026215
0.030533
0.001759
0.022064
0.054047
0.028458
-0.054047
-0.038361
-0.023819
0.023499
0.060425
0.086792
-0.029099
0.017258
0.012306
0.076416
0.062500
0.145752
0.174072
-0.103882
0.149902
-0.051636
-0.048431
-0.090454
-0.037415
0.086487
0.116089
-0.045563
-0.046204
-0.044922
-0.005276
0.133301
-0.124023
-0.052124
-0.101013
-0.084412
0.071960
0.095947
0.045227
-0.095459
-0.140869
0.170898
0.107727
-0.030060
0.010872
0.068726
-0.058350
0.004475
-0.032776
-0.109985
0.066528
-0.022705
0.110168
0.078186
-0.101807
0.126343
-0.052277
-0.104736
-0.034851
0.016144
0.026855
0.314209
-0.049561
-0.088562
-0.026703
0.194702
-0.033722
0.078491
0.047150
0.122437
-0.053864
0.111572
-0.038055
0.043793
-0.030853
-0.041718
0.063477
0.011192
-0.018066
0.038361
-0.039978
-0.077881
0.047791
0.000959
0.122925
-0.024780
-0.090332
0.093506
-0.158203
0.053558
-0.049866
0.000320
-0.024139
-0.138306
-0.077026
0.029251
-0.086792
0.028931
0.029251
-0.037872
0.132812
-0.000639
0.158936
-0.017105
-0.098206
-0.074768
-0.116028
-0.036255
-0.164917
-0.032532
0.162476
-0.137817
0.036438
-0.022690
0.075684
0.058380
-0.014877
-0.021942
-0.147095
0.040527
-0.042969
-0.101318
-0.026962
0.061188
0.152100
0.050018
-0.099487
-0.039062
0.059143
0.043152
-0.150635
0.047058
-0.002417
0.019531
-0.129272
-0.021378
0.098022
0.002604
0.038483
0.221436
-0.013763
-0.093506
0.084595
-0.177002
0.074951
0.007996
0.037384
-0.068970
0.053375
-0.006508
0.008743
-0.035522
0.075317
0.036621
0.184082
0.043152
-0.094666
0.081421
0.048340
0.107849
0.153198
-0.105835
0.022125
0.013947
0.065063
0.162476
-0.003532
0.101746
-0.162354
0.114014
-0.061920
0.017670
-0.126221
0.005764
0.019150
0.045929
0.038879
-0.076782
0.191772
0.054474
-0.061371
-0.163696
0.007439
0.010414
-0.120483
0.016556
0.026962
-0.183472
-0.039246
0.066406
0.004650
-0.049286
-0.083496
0.033661
0.027527
0.007809
-0.054871
0.071045
-0.018784
-0.083496
0.061920
0.131470
-0.009109
0.065857
-0.040161
0.017853
0.054657
0.013763
0.018784
0.120300
-0.070679
-0.006508
-0.064697
0.009666
0.111206
-0.097046
-0.243042
0.067505
0.050964
-0.105835
0.104309
0.040924
0.003160
0.160156
0.019150
0.147461
-0.075317
-0.062469
0.057098
0.114746
-0.148071
0.016190
0.078369
0.035858
-0.058563
-0.126831
-0.022049
0.103943
0.162598
0.020782
0.036804
0.054413
-0.037140
-0.051086
0.032837
-0.019989
0.188354
-0.009834
0.046326
0.152466
0.169800
0.017288
0.066650
0.114868
-0.140747
-0.163452
0.033813
-0.159668
-0.063965
0.017609
0.007774
0.000476
0.041901
-0.065979
0.013962
0.000000
0.049988
0.058716
0.070007
-0.072205
-0.112366
-0.052368
-0.169922
-0.080261
0.035858
-0.014595
-0.072998
0.025391
0.039520
-0.018723
-0.033173
0.050293
0.108032
0.053955
-0.185547
-0.042847
0.071228
0.081421
-0.003809
-0.082336
-0.008728
0.020950
-0.107605
0.135254
0.025391
0.080750
-0.001587
-0.097107
0.161987
-0.100769
0.023010
0.091858
-0.006664
-0.012375
0.042358
-0.196411
-0.002062
-0.004444
0.085815
-0.012062
0.028885
-0.010475
-0.018402
-0.023331
0.108032
-0.149902
-0.135376
0.058228
0.045532
0.008095
-0.075195
0.275879
-0.054901
0.128052
-0.014915
0.025391
-0.109009
-0.067261
-0.103760
-0.085205
0.111572
0.019989
0.023010
-0.152344
-0.164551
-0.004444
-0.009361
-0.004284
-0.061890
0.108704
0.132202
0.070435
-0.052521
-0.089783
-0.217407
-0.053619
-0.059174
0.008247
0.011742
0.114258
-0.010628
-0.053314
0.088867
0.007141
0.030151
0.053467
0.176514
-0.009521
-0.168457
0.035889
-0.027405
-0.081055
0.013939
-0.044373
0.087158
-0.011215
-0.187744
0.116638
-0.010735
0.028839
0.025162
0.045349
-0.082336
-0.068237
0.025803
0.060394
-0.075806
-0.117798
0.020996
0.051605
-0.006729
-0.085876
-0.045502
0.003365
0.005608
-0.117310
0.121948
-0.203613
0.024841
-0.070496
0.163574
-0.056732
-0.078064
-0.110718
0.120178
-0.015381
-0.040527
0.054474
0.044220
-0.048706
0.090393
-0.117432
0.022598
0.015060
0.049988
-0.076294
-0.030441
-0.040710
0.004807
-0.081238
-0.012337
-0.120178
0.054962
-0.077209
-0.127808
0.089111
0.035736
-0.165649
-0.019547
-0.003525
0.063599
-0.041351
-0.033173
0.140747
0.067139
-0.140503
-0.016663
-0.021317
0.250244
0.022110
-0.093567
-0.040527
-0.089905
0.019867
-0.006729
0.065674
-0.084778
-0.044708
0.095337
-0.091492
-0.070984
0.098877
-0.108643
-0.082214
-0.046295
-0.009613
0.032684
0.106262
0.003044
0.013138
-0.054474
-0.066956
0.019394
0.088135
-0.003044
-0.072449
-0.243286
0.013458
-0.050476
0.043915
0.000160
0.054962
-0.034760
-0.011856
-0.028366
0.073730
0.272705
0.122253
0.150513
0.009613
0.065247
-0.012497
0.177368
0.020676
-0.065369
-0.109436
0.078491
-0.030762
0.098877
-0.036224
-0.154297
-0.020355
0.050323
-0.050781
-0.238892
0.102722
-0.038605
-0.011337
-0.027771
0.000493
-0.071960
0.124207
-0.058838
0.128174
0.240601
-0.057190
-0.022018
0.093018
0.127197
0.028595
0.057343
-0.098267
0.221802
-0.005917
-0.077698
0.103882
-0.205078
0.033356
-0.219727
-0.035645
0.165771
-0.004108
-0.106628
0.102051
-0.011505
0.037964
0.130615
-0.026291
0.113220
-0.120300
0.043213
-0.072327
0.007065
-0.021530
-0.080994
-0.071289
0.044861
0.046021
0.124695
-0.108459
-0.155762
-0.033203
0.050293
0.057678
0.062927
0.051422
-0.053406
-0.060150
0.098755
0.009529
-0.141602
-0.026459
-0.011665
0.049957
-0.037781
-0.075562
0.003944
0.067871
-0.057526
-0.125366
0.082825
-0.063110
0.015945
-0.016922
-0.105469
0.081177
-0.065552
0.147217
0.017090
-0.000493
0.057526
-0.119141
-0.109924
-0.010681
-0.048462
-0.149048
0.088074
0.056366
-0.017426
0.049469
-0.157715
-0.142090
0.127075
0.029907
0.127319
-0.030228
-0.203613
-0.125366
0.029251
0.043701
-0.080505
0.178833
0.011993
-0.030563
0.042236
0.048798
0.023666
0.083130
-0.000493
0.068359
-0.052582
0.002958
-0.029739
0.051758
-0.000657
0.123596
0.101868
0.101379
-0.061615
0.074097
-0.004272
-0.093140
0.003614
-0.044189
0.052429
-0.054382
-0.093811
0.079529
-0.041077
0.016754
0.036804
0.024155
-0.187012
-0.054047
0.067932
-0.032837
-0.051666
-0.101624
0.023682
0.029556
0.060333
-0.028870
0.062408
0.011063
-0.020920
-0.031616
0.034058
0.014694
-0.060852
0.057037
0.084351
-0.080688
-0.030762
0.017456
0.003630
-0.009682
0.002247
0.042511
0.178833
-0.090027
-0.085876
-0.007778
0.044586
-0.113525
-0.003630
-0.046143
0.128540
0.085388
0.015732
0.072083
0.089905
-0.185303
-0.064270
-0.105957
-0.080383
0.272461
-0.083679
0.105408
-0.009682
-0.004322
0.043030
-0.038544
-0.108521
-0.062042
-0.207397
0.021255
0.087280
0.119751
0.067261
-0.063599
0.125610
0.031616
-0.115784
0.065186
-0.051331
-0.094910
0.000864
-0.000173
-0.014519
-0.098328
0.009850
0.110291
-0.157104
-0.030075
0.021774
0.028519
-0.001210
0.101624
0.025406
0.005531
0.051331
0.012619
0.006741
0.103699
-0.085876
0.000173
0.104370
-0.182739
-0.000864
-0.228516
-0.105591
-0.106628
0.024017
0.133423
-0.014694
-0.008644
0.035431
-0.057556
0.004322
0.030594
0.059967
0.067078
0.175903
-0.182373
-0.025925
-0.004494
-0.054260
0.109558
0.016586
-0.013481
-0.058777
0.141602
0.110291
-0.101624
-0.070496
0.007607
-0.003630
-0.252686
0.093689
-0.008987
-0.040436
0.003456
-0.131470
0.120117
0.076233
0.040802
-0.071533
-0.222900
0.145508
-0.036652
-0.015556
-0.020050
-0.083252
-0.007805
-0.072815
-0.098999
-0.007805
0.084534
-0.111389
-0.094482
-0.393799
0.030243
0.116882
0.104858
0.118225
0.163208
0.040649
-0.198975
0.115601
-0.029099
0.123413
0.063110
-0.018051
-0.109131
-0.033020
0.069946
0.086487
-0.026184
-0.007153
0.087646
-0.085205
-0.011055
0.018051
0.064087
0.004879
-0.150269
-0.061615
-0.009430
-0.137939
0.149780
0.054962
0.010895
0.028610
-0.014961
-0.080811
0.041473
-0.173828
0.046173
0.030243
-0.016586
0.002926
0.051697
0.129761
-0.101318
0.140503
0.033997
0.061615
-0.025848
-0.014145
0.075439
-0.074951
-0.027313
-0.136108
-0.078674
0.185181
-0.055603
-0.110413
-0.030563
0.048767
0.021957
0.059998
0.115784
-0.053986
-0.039185
-0.027481
0.008133
0.010406
-0.048279
0.008621
0.003414
0.051544
0.048767
-0.025040
-0.168091
0.041290
-0.013824
-0.132812
-0.061615
-0.022766
-0.028122
-0.078186
0.005692
0.141357
-0.019028
-0.072205
0.024384
-0.051056
0.149780
0.084045
0.003414
-0.023575
-0.131348
-0.145508
-0.088928
-0.151978
0.071716
0.045380
0.023254
-0.151245
-0.010895
0.010567
-0.105042
0.009270
-0.197021
0.028290
-0.062439
-0.092041
0.048126
0.035767
-0.011055
0.049591
-0.072021
-0.048950
-0.043579
-0.100342
0.040985
0.004391
0.073792
-0.054474
-0.023254
0.019485
0.056458
0.028229
0.054443
-0.022583
0.125977
-0.154907
0.018204
0.047699
0.012566
-0.096680
-0.013290
0.044800
0.004005
-0.076477
0.018387
0.013840
-0.204102
-0.053711
0.034790
-0.043152
-0.048615
0.054077
0.045349
-0.016937
0.022400
0.036957
-0.035889
-0.104736
0.119263
-0.044434
-0.213745
-0.059540
-0.015297
0.043884
-0.018936
0.033875
0.250488
0.134033
0.025497
0.006920
-0.165405
-0.023666
0.092163
-0.050079
0.006374
-0.093445
0.018204
-0.078125
-0.028412
-0.138184
-0.019669
0.078857
-0.087219
0.074463
0.078125
-0.001639
0.047180
-0.124939
0.043335
-0.010384
-0.113464
0.008743
-0.188477
0.177734
-0.100891
-0.071777
-0.009285
0.036957
0.002914
0.104187
0.018570
0.016571
0.065735
0.024582
-0.228516
-0.141479
-0.128052
0.056458
0.023849
0.037506
-0.004005
0.024765
-0.195190
0.151123
0.120728
0.151733
0.107239
-0.074280
-0.161865
0.089417
-0.046631
-0.035522
-0.001639
0.024033
-0.021118
0.067566
0.032959
0.018204
0.021667
0.078125
-0.058441
-0.049530
0.118347
-0.040070
0.054077
0.054443
-0.034424
0.036957
-0.134033
-0.108521
0.012199
0.053711
-0.143799
-0.221558
-0.041351
-0.088318
-0.002186
0.040436
0.145508
-0.008011
-0.060272
-0.002550
0.148926
0.057007
0.133545
-0.075378
0.008926
0.036591
-0.025360
0.128052
0.053070
-0.103760
-0.017029
-0.130249
-0.029709
0.012138
0.012863
-0.021194
0.099976
0.183105
-0.123169
0.006519
0.000181
0.062134
0.004349
-0.174927
-0.120239
0.108887
-0.208252
-0.045654
0.017563
0.024277
0.038025
0.031708
-0.017395
-0.006702
0.006882
-0.037842
-0.064331
-0.161743
-0.002716
-0.027893
0.066101
-0.140747
0.264160
-0.127197
-0.005074
-0.036407
0.058685
0.029526
-0.084961
-0.067932
0.001087
-0.063599
-0.027527
0.189087
-0.018478
-0.008873
-0.010323
0.164307
0.100891
0.156372
0.065918
-0.030426
0.088013
0.057953
-0.043823
0.060669
0.070435
-0.016479
0.049072
0.239624
-0.007790
0.052887
-0.009964
-0.027344
0.081848
-0.156372
0.111755
-0.055786
-0.002716
-0.066650
-0.016663
0.061768
-0.039490
0.107971
-0.090393
-0.123901
-0.098328
0.040039
-0.112488
0.000724
0.125854
-0.041840
0.059601
-0.069763
0.007065
-0.013222
0.198853
0.043823
0.010506
0.061951
0.192017
0.091858
-0.007065
-0.019928
0.170410
-0.028793
0.050720
0.066284
-0.056885
0.117371
0.103455
0.000544
0.044556
-0.073730
-0.190918
-0.106140
0.118835
0.065552
0.145142
-0.038025
-0.001087
0.044006
0.064148
-0.007790
0.021729
-0.015038
-0.039856
0.029343
0.010864
-0.030426
0.140503
0.052338
-0.005978
-0.089172
0.131958
-0.023712
0.049530
-0.110596
-0.012917
0.090210
0.033264
-0.156372
0.125610
0.033966
0.040527
-0.008492
-0.053436
-0.223633
0.025650
0.038940
0.192993
0.079285
-0.046722
0.014153
-0.100647
0.013268
0.061584
0.032379
0.027252
0.027954
0.122803
-0.121704
0.127808
-0.025299
-0.125854
-0.123657
-0.018051
-0.055389
-0.035553
-0.006371
0.172363
0.021057
0.060516
0.038208
0.019821
0.024948
-0.017166
0.060699
-0.005661
0.025482
-0.003185
-0.006191
0.047424
0.029022
-0.055389
-0.175171
-0.115723
0.103149
-0.008492
-0.074341
-0.096069
0.031677
0.068481
-0.030609
0.027954
-0.107056
-0.135498
0.131348
-0.206177
0.074158
0.036102
0.008492
-0.062469
0.013977
0.037689
0.011497
0.073425
-0.137329
0.029541
0.076965
0.009735
0.017517
0.056091
-0.060516
-0.005131
-0.046356
-0.020523
-0.084900
-0.140503
-0.117126
-0.001946
0.055206
-0.291992
-0.301270
-0.019470
0.049530
-0.120483
0.051849
0.020874
0.024414
0.077515
-0.125610
0.034668
0.035034
0.007607
-0.063538
0.007256
-0.022995
-0.010971
0.020706
0.079468
0.135376
0.024246
0.131348
-0.004776
0.048126
0.016281
0.126465
-0.009201
0.050598
0.010612
-0.006371
-0.214233
0.157349
0.016098
0.014153
-0.119263
0.106873
0.063904
0.064941
0.015572
0.008972
-0.023514
-0.069824
0.132935
-0.096375
-0.099792
-0.090820
0.082214
0.138672
-0.037140
-0.039825
0.060120
0.059937
-0.045593
0.002691
0.063354
-0.070557
-0.029785
-0.068359
-0.171509
0.016510
-0.204102
-0.115601
0.096558
-0.091370
-0.005920
-0.050781
0.193970
0.131226
-0.023148
-0.086487
-0.028183
-0.087585
0.035889
0.052216
0.007179
-0.103210
0.150024
0.204956
-0.020813
0.017410
0.013817
0.090820
-0.115234
-0.058868
-0.043060
-0.006104
-0.075195
0.029434
-0.003948
0.022430
0.015434
0.049530
-0.017044
-0.083801
0.028717
-0.113037
0.008080
0.008438
0.009331
-0.169189
0.037872
-0.203003
0.021896
-0.133911
0.005920
-0.106628
-0.019562
-0.183350
-0.148193
0.164062
0.013283
0.043060
-0.015610
-0.056702
0.099976
0.111267
-0.010406
0.024765
0.150513
-0.031769
-0.183594
-0.003590
0.068359
0.180542
0.191528
0.014893
0.169922
0.088684
0.009155
0.110718
-0.062988
0.019379
0.040009
0.091370
-0.132812
-0.035004
-0.001077
-0.116455
-0.078247
0.082764
0.208008
-0.070007
0.030502
0.052765
-0.097473
-0.018127
-0.035004
0.004665
-0.006104
-0.015976
0.112549
-0.025665
0.028000
-0.057617
0.016510
0.035004
-0.020645
-0.094421
0.022079
0.063904
0.039856
0.098511
0.026382
-0.028900
0.032318
-0.048462
-0.130859
-0.004124
0.052338
0.057892
-0.135010
-0.207153
0.025696
0.065491
-0.005550
0.136597
-0.131958
0.023468
-0.021408
-0.000952
-0.019501
-0.032684
0.121948
-0.072937
0.088806
0.149902
0.065491
0.015701
0.027756
0.097229
0.050751
-0.117065
-0.020294
0.028076
0.133911
0.084351
0.127563
-0.085815
-0.100525
-0.154907
0.049805
0.108948
-0.013794
-0.029816
-0.186523
-0.048523
0.040436
0.060730
-0.031708
0.198242
-0.071045
0.077393
0.068665
-0.094543
0.010468
0.007927
-0.025848
-0.001904
0.089783
0.143799
0.055664
0.025375
-0.029968
0.008408
-0.120239
0.095459
0.110718
-0.022354
0.060577
-0.166504
-0.116882
-0.055664
0.036957
-0.112122
-0.082458
-0.008568
-0.048523
-0.036163
-0.068481
0.023941
0.040436
0.006504
-0.057739
-0.063904
0.050751
0.014908
-0.154419
0.044250
0.013954
-0.016342
-0.000476
0.000159
0.132324
0.217773
-0.027588
-0.030762
0.378418
-0.023636
0.068176
-0.023941
-0.080261
-0.019669
0.037109
-0.093750
-0.001268
0.086609
-0.018082
-0.023941
-0.012054
0.010788
-0.005711
0.005394
0.058990
-0.012367
0.040436
-0.092163
-0.139404
0.043152
-0.022842
-0.044403
-0.045990
0.061859
-0.048065
-0.014435
-0.068481
0.084229
-0.226562
0.066284
0.067078
0.035675
0.055817
-0.055664
-0.152100
-0.118774
-0.100220
-0.039368
0.034241
-0.035004
-0.018906
0.147949
-0.012550
-0.057007
0.022156
-0.141357
-0.015030
-0.019989
0.008987
-0.173828
-0.066772
0.072693
0.115417
-0.259033
-0.032074
0.026031
-0.101318
0.127686
-0.139404
-0.025726
0.023560
-0.199585
-0.001550
-0.078735
-0.028198
0.000775
0.012238
-0.066345
0.070190
0.006199
-0.016586
-0.005424
-0.020142
-0.092957
-0.066956
-0.059509
0.111694
0.064148
-0.109863
0.018280
0.051910
-0.027267
0.017502
0.072205
0.014877
0.134521
0.051147
0.000620
0.053619
-0.047272
-0.022156
-0.092651
0.000620
0.004337
-0.039215
0.020294
0.032074
0.006817
-0.022461
0.121338
-0.055634
0.047577
0.047577
-0.090027
-0.059357
0.240479
-0.170288
0.155396
0.020920
-0.048950
-0.004803
0.002169
0.150879
0.030685
-0.004028
-0.062744
0.199463
-0.003408
0.053619
-0.019058
-0.011002
-0.122437
0.152466
0.031143
0.199951
-0.026031
0.019684
-0.232300
-0.219971
0.010689
-0.036255
0.041840
-0.110962
-0.056854
-0.064636
-0.104126
0.187500
0.095886
-0.120239
-0.106934
0.022461
0.029602
-0.010384
-0.078857
-0.040588
0.080566
0.059967
0.031143
-0.153076
0.041534
-0.023560
-0.056854
0.125610
-0.025574
0.007439
0.012398
-0.044159
0.036560
-0.160889
-0.015495
0.002634
-0.107361
-0.007591
0.102112
0.083191
0.054718
0.067566
0.056824
0.031860
-0.210815
0.073730
-0.069702
-0.014252
-0.090942
-0.086548
0.048035
0.029037
0.043457
0.009499
-0.103088
-0.034668
-0.029205
-0.097473
-0.107178
0.136841
-0.022339
0.131226
0.134277
0.030090
-0.012848
-0.017776
-0.041870
-0.192261
-0.003344
0.023575
0.077087
0.037140
-0.032562
0.031494
0.051208
-0.020584
-0.053131
0.143066
0.024628
-0.044159
-0.016357
-0.020065
-0.015305
-0.086548
-0.066528
0.010033
-0.037994
-0.088867
0.020065
0.062286
-0.102783
-0.057190
-0.146973
0.005104
0.026917
0.072327
0.008797
0.035004
0.079163
0.064026
0.142578
-0.050140
-0.220459
-0.077393
-0.002111
-0.150635
0.186523
0.050690
-0.010208
-0.027267
0.055786
0.004749
-0.054718
0.076721
0.113159
-0.270020
0.111755
0.077393
0.047333
-0.172607
-0.007389
0.082520
0.186890
-0.032013
-0.105225
0.023926
-0.093079
-0.084778
-0.022705
-0.110657
0.276855
0.014427
0.018127
-0.076904
-0.101196
-0.127686
-0.184204
-0.114380
0.111206
-0.051910
0.002815
-0.052094
-0.001408
-0.068115
0.030441
0.052246
0.001584
-0.094666
0.107849
-0.110168
0.067566
0.014076
-0.010384
0.171021
0.073364
-0.064575
-0.039062
-0.020416
-0.064392
0.078308
-0.004223
0.025345
0.047150
-0.042572
0.021988
-0.068604
-0.051544
-0.110474
-0.091980
-0.013657
0.088928
-0.126831
0.219604
0.131592
0.009560
-0.025803
-0.075256
-0.017151
0.040527
-0.006828
-0.149780
0.066040
-0.007889
0.032166
-0.281738
0.005310
-0.126099
0.008041
-0.023224
-0.214111
0.052826
-0.001972
-0.200317
-0.028381
0.031860
0.164062
-0.013054
-0.019577
-0.141846
-0.084229
0.088928
-0.096680
-0.042480
-0.040527
0.062805
-0.015778
0.051147
0.039154
0.134521
-0.065735
0.077576
0.067078
0.009407
-0.078003
-0.021240
0.040833
0.093323
-0.032013
-0.078918
0.132935
-0.029587
0.054932
0.162720
-0.064331
-0.040680
0.021698
-0.150024
0.015625
-0.029434
0.014717
0.202759
-0.221069
0.088318
-0.017914
0.003643
0.044464
0.007133
-0.092407
0.108826
0.103027
-0.015778
0.009102
0.026413
-0.074524
-0.040985
0.033539
0.096375
0.041443
-0.083618
0.018066
-0.058716
0.042480
-0.035675
0.063904
-0.091064
0.133301
-0.073730
-0.014870
0.113647
-0.266846
-0.001366
-0.059021
0.014114
0.132935
-0.009407
0.025497
-0.075256
-0.030807
-0.054932
0.135254
0.052063
-0.085144
-0.008804
-0.012444
0.046295
-0.024429
0.026550
-0.018066
-0.066040
0.042786
0.076660
0.018204
-0.078125
-0.004704
0.010017
-0.017151
-0.015175
-0.067078
0.038849
0.232178
0.037781
0.014717
-0.132202
-0.041138
0.035065
0.097900
-0.135864
0.024963
-0.045502
-0.018768
-0.034882
0.103943
0.017700
0.032593
0.031525
0.037537
-0.020889
0.004074
-0.073669
0.052948
-0.077576
-0.118835
-0.137817
-0.023544
-0.032043
0.014877
0.032227
0.057007
-0.018951
0.005844
0.015053
0.047638
0.075439
-0.108887
0.015762
-0.073853
0.138428
-0.023544
0.130371
0.064819
0.028152
0.049225
-0.083557
0.081482
-0.088196
0.101440
0.061432
-0.209351
-0.110291
0.143066
-0.038086
-0.009033
-0.060028
-0.147705
0.057556
-0.085510
-0.060547
-0.029221
0.217285
-0.060028
-0.054352
0.150879
0.041443
0.184570
0.001416
0.193359
0.009033
-0.005135
-0.121826
0.010094
-0.038788
-0.191772
-0.015228
0.023544
-0.037903
-0.090637
-0.081604
0.033112
0.100220
0.040741
0.043213
0.063232
0.185425
0.018768
0.028152
-0.006020
0.086243
0.070984
-0.090637
0.124146
0.185547
0.108032
0.103943
-0.005489
0.011864
-0.115295
0.021072
-0.030273
-0.067261
0.085510
-0.047089
0.064819
-0.023026
-0.089417
0.151611
0.032410
-0.009918
-0.041779
-0.036652
-0.037018
-0.040894
0.013809
0.053833
-0.149048
0.016815
0.056488
-0.001947
0.054199
-0.051514
0.088562
0.099182
0.013283
-0.050629
-0.114014
-0.175415
0.168457
0.015404
-0.006729
0.159058
0.038605
0.053833
-0.007965
-0.209106
-0.211182
0.076904
0.052887
0.034668
-0.158447
-0.050751
-0.017685
0.032349
0.058350
0.026886
0.043152
-0.049530
-0.015732
-0.026169
0.076233
-0.069153
-0.045441
-0.112854
0.049530
0.120972
0.070190
-0.091248
-0.148071
0.125854
-0.025635
0.230225
0.240356
0.018219
0.013618
-0.022461
0.016098
0.005657
-0.069702
-0.055176
0.020340
-0.011673
0.088440
-0.189209
-0.051453
-0.040314
-0.076050
-0.057465
0.200073
-0.047394
0.156860
0.075012
0.006721
-0.163086
-0.070374
0.074463
-0.019104
0.011673
0.060669
0.050049
-0.010612
0.191528
0.007782
-0.092834
0.078491
0.120605
0.012199
0.043671
-0.009727
0.075867
0.084717
-0.025818
0.067383
0.064026
-0.006897
-0.131348
0.018219
0.184326
0.135132
-0.029358
-0.013794
0.034302
0.002298
-0.191528
0.033600
-0.068604
-0.169434
-0.059937
0.042633
-0.045624
-0.050568
0.032349
-0.098145
0.048981
-0.158813
-0.027771
-0.037842
-0.051819
0.097778
-0.120789
-0.079956
0.028290
0.031647
-0.076233
-0.036621
-0.100647
0.193237
-0.039612
0.065613
-0.013260
-0.112671
-0.013084
-0.104004
-0.038727
0.112488
-0.018738
-0.131958
-0.080139
0.103088
-0.074097
-0.064392
-0.007957
-0.074829
0.076904
0.072144
-0.033417
-0.065063
0.105225
-0.127441
0.119019
-0.002829
-0.075500
0.017685
-0.155029
-0.087158
0.091492
-0.013802
0.038788
0.035828
0.082520
0.028854
0.027771
0.037689
0.045288
-0.026520
0.048553
0.014114
0.022797
0.049164
-0.027771
0.021088
-0.085144
-0.038940
-0.064819
-0.157471
-0.014893
0.020325
-0.237915
-0.054138
0.147339
0.069519
0.001241
0.343994
0.089661
-0.161133
0.040649
-0.145996
-0.021713
-0.035980
-0.075989
-0.017212
-0.115723
0.047607
-0.007755
-0.068420
0.070557
0.045288
0.156982
-0.038788
0.051025
0.019073
0.002947
-0.151978
0.026062
0.035675
0.259277
0.038147
0.165649
0.006981
0.040161
0.186157
-0.060181
0.110779
0.043884
0.013962
-0.122253
0.065125
-0.169434
-0.013031
0.026840
-0.063599
-0.169556
-0.035828
-0.045441
-0.029160
-0.054291
0.022797
0.054138
0.107666
-0.089172
-0.149780
-0.204712
-0.036926
-0.016449
0.050262
-0.010544
0.007755
0.179932
0.037537
-0.099121
-0.011475
-0.135742
0.008690
-0.045898
0.070740
-0.058472
0.025909
0.032715
0.071838
0.066833
0.003258
0.092468
-0.030243
-0.247681
-0.037842
0.032104
0.015198
-0.011169
0.027924
0.085754
-0.021561
-0.002792
-0.093811
0.115417
-0.066406
-0.006668
0.047943
0.003101
0.088745
-0.012253
0.024200
-0.015045
0.000310
0.086243
-0.025436
0.098206
0.058319
0.082703
0.101746
-0.002481
-0.039551
0.007290
-0.072571
-0.013992
0.017487
0.069946
-0.085632
-0.082947
-0.248657
0.014824
-0.096252
0.257812
0.007996
-0.022156
-0.121887
0.051971
-0.087097
-0.003664
-0.167725
0.094788
0.032654
0.020157
0.097412
-0.008995
0.044464
-0.042969
0.064270
0.278320
-0.000333
0.014320
-0.132446
0.077454
0.014824
0.193848
0.096252
0.054291
0.047791
0.025650
-0.056122
-0.398682
-0.061951
0.037140
0.002998
-0.025650
-0.013161
0.031982
0.032990
0.082642
0.036133
0.064636
0.002499
0.089111
0.008492
0.066772
-0.043304
0.031494
0.006996
-0.062988
0.072632
-0.152588
0.103943
-0.070801
0.057465
0.004829
0.054962
0.005997
-0.053955
0.111084
-0.093933
0.069458
0.039307
-0.263672
0.047150
-0.038300
0.040649
0.000666
-0.004997
0.012329
0.106262
0.084595
-0.069641
-0.124084
0.063965
0.018326
-0.031494
-0.040649
0.027313
0.032135
-0.005329
0.034973
-0.067932
-0.011162
0.053619
0.007996
0.204590
0.052124
-0.082275
0.017487
-0.119446
0.001332
0.013489
-0.077271
0.078125
0.150391
-0.054962
-0.018661
0.044128
-0.054138
-0.067932
-0.020981
-0.029312
-0.126099
-0.059296
-0.020660
-0.052307
-0.056793
0.085632
-0.104614
0.009163
0.079590
-0.031982
0.022491
0.060455
-0.038147
-0.011490
0.114929
0.001332
0.067261
0.011658
-0.034485
-0.025818
-0.080200
-0.074158
0.071777
-0.030533
0.086365
0.046478
0.005871
-0.065918
-0.077332
0.104675
-0.082214
-0.049652
-0.025833
-0.041931
-0.060883
-0.036743
0.038910
0.013924
0.137695
-0.087036
-0.016769
-0.043610
-0.112366
-0.126953
0.089600
-0.107361
-0.065613
0.075317
-0.009560
-0.305420
-0.047638
-0.149780
-0.170898
0.010735
0.050995
-0.061401
-0.088562
-0.089722
0.030197
0.033386
0.157837
0.080872
-0.014091
0.033722
0.014259
-0.094971
0.054688
-0.211060
-0.040253
-0.077637
0.124146
-0.085388
0.188599
0.008217
0.014091
0.057190
0.024155
-0.073669
-0.103638
-0.069458
0.129883
0.008049
-0.132324
0.054352
-0.053497
-0.027679
-0.037079
0.026505
-0.050323
0.068970
0.010735
-0.013084
0.073792
0.028015
0.044281
-0.011742
-0.261719
-0.018784
0.033539
0.105530
-0.018112
0.155640
-0.109680
-0.153687
0.052826
0.181030
-0.159668
-0.111023
0.006207
0.186646
0.018112
-0.032867
0.081177
0.088257
0.026169
0.112732
-0.002684
0.038086
-0.082703
0.092590
-0.003523
-0.001510
0.069763
0.082031
0.068115
-0.016434
-0.008385
0.009560
-0.046295
-0.007214
0.017944
-0.029022
-0.018951
-0.026672
0.134155
-0.001174
-0.048828
0.080994
0.051666
-0.067932
0.157349
-0.145874
-0.130127
0.036896
-0.009392
0.029358
0.133545
0.015602
-0.019470
0.002453
0.030060
-0.054443
0.089539
0.154663
-0.008430
0.082214
-0.211548
-0.020859
0.079102
-0.078186
-0.000920
0.070679
-0.027451
-0.028824
0.065002
-0.031433
-0.257080
0.079712
0.091370
0.193970
-0.025909
0.056580
0.011040
0.028061
0.063782
0.204102
-0.028214
0.003679
0.242554
-0.008743
0.013649
0.029434
0.005367
0.058105
-0.085266
-0.026688
0.004601
0.151245
-0.025604
0.040161
-0.063477
-0.265381
-0.130005
0.083130
0.085388
0.047394
-0.025146
0.014259
0.025299
-0.039246
-0.040955
0.067444
-0.139038
0.020081
-0.000920
0.118713
-0.106873
0.053040
0.119934
0.095093
0.044006
-0.124512
-0.028366
0.070557
0.083435
-0.068237
0.015945
-0.000153
-0.014565
-0.013954
-0.062103
-0.012268
-0.036957
-0.034668
0.049530
0.011650
-0.047241
-0.234253
-0.070068
0.057800
0.044159
-0.054901
0.022385
-0.082520
-0.070679
-0.012268
-0.048004
-0.002913
0.141357
-0.094788
0.034668
0.112732
0.025757
0.348633
0.048767
0.053833
-0.032043
-0.049225
0.012878
0.035889
-0.024231
0.083435
-0.063477
-0.035126
-0.007515
0.013344
0.001687
-0.067139
-0.020081
-0.120361
0.005825
-0.005825
-0.140625
0.033417
0.153198
-0.005672
0.135498
0.017639
0.119629
-0.020401
-0.059326
0.004906
0.085266
-0.017792
0.076843
-0.018707
0.032166
-0.046051
-0.027145
0.028122
0.055115
-0.002100
-0.152832
0.004040
0.032654
-0.026825
-0.087769
-0.050568
0.010506
0.024719
-0.037018
0.037811
0.129395
0.133057
0.017609
0.037476
-0.013573
-0.074951
0.142822
0.043457
0.048309
-0.079834
-0.004200
-0.257324
-0.005493
0.166138
0.029572
-0.174316
-0.044281
0.012764
-0.167847
0.009537
0.026505
-0.143555
-0.011955
0.018738
0.091125
0.015991
0.046204
-0.087402
-0.036194
0.097595
0.077087
-0.111511
-0.036530
0.067383
-0.150146
0.067688
-0.049774
-0.109253
0.065430
-0.137939
0.022461
-0.031189
0.052673
-0.027145
-0.152710
0.006950
-0.038147
0.026657
-0.047516
-0.126099
-0.020355
0.002100
0.148193
0.054626
0.060913
0.017288
-0.000323
-0.002100
-0.071106
0.065430
0.205444
0.081299
0.040558
-0.157349
0.050262
0.035553
-0.073669
-0.035400
-0.067078
0.026993
-0.090515
0.009537
0.014221
0.053986
-0.168335
0.010178
-0.019882
-0.011314
-0.103271
-0.086304
0.119568
0.108459
0.027466
-0.020203
-0.006462
-0.036530
0.206055
-0.011795
-0.091614
-0.080017
-0.013092
0.026184
0.063965
0.021164
0.124756
-0.014870
-0.030212
-0.139404
0.213501
0.021332
0.001293
-0.019714
-0.010345
0.132812
0.009857
-0.022461
-0.072083
-0.133911
0.148804
0.130859
0.101318
0.288086
0.011726
0.012978
-0.017365
-0.066589
0.227539
0.083801
-0.035034
-0.030960
-0.254639
0.005943
0.009697
0.024231
-0.005787
-0.014229
-0.055206
-0.056763
-0.054413
-0.009071
0.025803
0.081482
-0.028610
0.006256
-0.037689
-0.010162
-0.121521
-0.123047
0.028152
0.019394
-0.060822
-0.017197
0.118347
-0.072998
-0.064880
0.086609
-0.032990
0.004848
0.076477
-0.057373
0.105103
0.067261
-0.133423
-0.186035
-0.065674
0.041443
-0.029083
-0.015015
0.038635
0.036438
-0.009224
0.035492
0.063782
0.022675
-0.057068
-0.091614
-0.018921
-0.014389
0.004379
0.094910
0.105103
0.015640
-0.072571
0.019241
0.285645
0.050201
0.092407
-0.046600
0.084106
0.097717
0.170410
0.024551
-0.014702
-0.016113
0.040985
0.018616
-0.039703
0.020172
0.054413
0.040192
0.092407
0.218872
0.015945
-0.027985
-0.073975
0.002972
-0.012978
-0.158691
0.071289
0.130005
0.047211
-0.018143
-0.176514
-0.184692
-0.046143
0.211548
0.035339
0.245972
0.060974
-0.062561
0.069763
-0.028152
-0.186646
0.082581
0.103027
-0.047699
-0.044891
-0.011574
-0.002033
-0.054718
0.094788
0.051605
0.122742
0.140625
-0.032532
0.093384
-0.005474
0.000782
0.160034
-0.003284
-0.072998
-0.073486
0.060059
0.007038
-0.202393
-0.005630
-0.033630
-0.039551
0.027359
0.007507
0.033722
-0.001750
0.047729
0.095276
0.060120
-0.045959
0.094360
-0.004456
0.006523
-0.013840
-0.005886
0.000477
0.032135
-0.091003
-0.015274
0.024338
0.044373
0.015915
0.040405
0.077332
0.012566
-0.041687
0.115662
0.163818
-0.141846
-0.069336
0.038177
0.212158
-0.079407
0.231934
0.036255
-0.033569
-0.040558
-0.019089
0.067139
0.030548
0.107849
-0.079834
0.015114
-0.060608
0.019730
-0.081787
-0.028152
-0.008911
-0.102783
-0.051208
0.061401
-0.087952
0.025299
-0.104187
-0.111816
0.004456
-0.144897
-0.097046
-0.011772
-0.153931
0.038177
-0.060608
-0.093994
-0.078735
-0.225830
0.115173
-0.005569
0.007793
-0.167847
-0.011612
0.126343
-0.058075
0.121826
0.091125
-0.166016
-0.102112
-0.161621
0.053619
-0.021957
-0.011772
0.115662
-0.000159
-0.042328
-0.040100
-0.069214
0.110413
0.102905
-0.031982
0.067627
-0.025452
-0.027039
-0.133179
-0.023697
-0.186401
0.084961
-0.009705
0.049622
-0.034027
-0.050262
0.052643
0.048370
0.069336
0.193237
-0.240967
0.024811
0.047882
0.114075
-0.002705
0.056305
-0.098450
0.024811
-0.201904
-0.060120
-0.087158
-0.001909
-0.003500
0.028473
-0.108643
-0.022430
-0.001431
-0.053131
0.088623
0.016541
0.141724
-0.140747
-0.102905
-0.043732
-0.152588
0.050110
-0.080200
-0.002863
-0.003181
-0.115967
-0.082336
0.006104
-0.056152
0.019363
-0.168823
0.032257
0.065247
0.103760
-0.049011
-0.077576
0.046570
-0.022491
-0.007149
-0.089783
0.145264
-0.152710
-0.009071
-0.178589
0.093323
-0.114197
0.012901
0.079346
-0.016571
0.013954
-0.085815
0.026855
-0.158691
0.040985
-0.038177
0.047607
0.021103
-0.026337
0.012207
-0.003313
0.069397
0.027725
0.017258
-0.026855
-0.000174
-0.049530
0.055634
0.071350
0.195190
-0.106873
-0.082153
-0.121033
-0.043427
-0.046204
0.036621
0.056671
0.098511
0.021622
-0.133545
0.224487
-0.031738
0.133911
-0.003313
0.029129
0.014122
0.070984
0.028595
0.007500
-0.049011
0.092407
0.029648
0.074280
-0.152466
0.068359
0.038025
0.064514
-0.137207
0.003139
0.000523
0.011162
-0.035217
-0.054230
-0.028076
0.094177
0.106201
-0.076721
-0.115784
-0.014473
0.140259
0.086670
-0.010117
-0.089966
-0.021271
0.086853
0.031403
-0.109497
0.307129
0.033661
0.084900
0.015518
0.064331
-0.024582
0.015343
0.100281
-0.219360
0.139160
-0.038544
0.005230
0.023026
-0.189697
-0.085449
-0.036957
-0.122925
-0.010117
0.038025
0.140503
-0.122253
0.016037
-0.008369
-0.057190
-0.055969
0.071472
0.031219
-0.144043
0.162476
0.074463
-0.114563
-0.039398
-0.036438
-0.114746
-0.071655
-0.110352
0.010986
-0.055328
-0.019073
0.088745
0.037018
0.003399
-0.106689
0.026245
0.052704
-0.006042
0.062683
0.088379
-0.022476
0.020401
-0.015671
0.044769
0.067627
-0.022659
-0.071960
-0.261230
0.018127
-0.024170
0.095947
-0.062866
0.028519
-0.050812
0.128296
0.062317
-0.002077
0.004154
0.091980
-0.029648
0.013031
-0.106140
0.028900
-0.050049
-0.103333
0.003021
0.368896
0.045502
0.007553
-0.054199
0.043060
-0.037964
-0.004723
-0.032471
0.034760
-0.035309
-0.066833
0.052490
0.101074
0.109558
-0.079529
-0.066101
-0.107483
0.006042
-0.091614
-0.043060
0.089539
0.119202
-0.084595
0.130371
0.045715
0.000189
0.060822
-0.037384
-0.076111
0.204346
0.150879
-0.122192
0.080444
0.150513
0.033813
0.104248
-0.056854
0.057037
-0.010201
0.099731
-0.136597
-0.010956
-0.054382
-0.105408
-0.032867
0.009445
-0.106873
-0.031555
-0.005478
0.215698
0.099182
0.028336
0.083130
-0.086487
0.015671
-0.073303
0.003777
0.089722
-0.113098
-0.001133
-0.010391
0.003588
0.207886
-0.020782
0.055725
-0.011520
0.022293
0.010956
0.035309
0.033051
-0.082703
0.037018
0.141479
-0.039673
-0.004532
-0.051361
-0.019638
0.131592
0.035492
0.071228
-0.123535
0.085571
-0.140381
-0.086853
-0.041351
-0.048737
0.229126
0.025314
-0.021149
-0.044189
-0.199097
-0.008377
-0.040741
-0.022552
0.036560
-0.296631
0.124207
0.050110
-0.059113
-0.018356
-0.032532
-0.024811
0.084900
-0.053009
-0.037537
0.004349
0.135254
0.181030
-0.053162
0.019012
0.057678
0.245483
-0.089539
0.080383
0.052521
0.073303
0.036072
-0.025940
0.045441
-0.028839
0.009506
-0.075195
-0.016113
-0.020294
-0.051697
0.010307
-0.126465
-0.049133
-0.102783
0.072815
-0.013367
0.007732
-0.008698
0.089905
-0.001933
0.021591
-0.019806
-0.081665
0.025620
-0.080872
-0.028992
-0.045410
0.130127
0.103760
0.030121
0.104858
-0.094238
-0.073608
0.012886
-0.037384
-0.008217
0.027222
0.067200
-0.001933
-0.009346
0.067017
0.023193
0.030609
0.034637
-0.040100
0.004349
0.121765
0.120178
0.016434
-0.009178
0.024170
0.007732
-0.037842
-0.070557
-0.072815
0.070251
0.075073
0.016266
-0.055908
0.048340
-0.021744
-0.050110
0.013206
0.047028
0.013367
-0.077820
0.345703
0.017075
-0.006927
-0.035126
0.010796
0.493896
-0.004349
-0.062805
0.081360
-0.076355
0.053314
-0.005478
-0.020935
-0.021103
-0.111145
-0.062347
-0.044464
0.069458
0.014015
0.046234
0.044128
0.045593
0.009346
-0.116455
-0.002254
-0.062683
0.026901
0.000322
0.005959
-0.161865
0.110046
0.160645
-0.082642
-0.017563
-0.043823
-0.031586
-0.082458
0.071228
0.060974
0.038116
0.051819
0.069458
-0.133057
-0.081909
0.066956
0.052124
-0.059235
-0.008034
0.025681
0.022217
0.021103
0.002363
-0.028351
-0.142090
-0.107239
-0.040314
0.030396
0.026932
0.000945
-0.053253
-0.032776
0.006775
0.046295
0.095459
0.017487
-0.035431
0.210327
0.059845
-0.026154
0.109802
-0.110413
0.036530
-0.048676
0.035126
-0.030869
0.083496
-0.022049
0.002520
-0.020325
-0.025681
-0.005356
0.012444
0.024261
-0.105225
0.115479
-0.095154
0.020798
-0.039703
-0.012444
-0.006615
-0.059692
-0.113403
0.016693
0.093079
-0.047424
-0.005829
-0.167603
-0.099060
0.044586
-0.088867
0.036865
0.055908
0.117065
-0.337646
-0.121765
-0.097046
0.026932
0.048370
-0.036072
-0.026459
-0.023941
0.011971
-0.033386
0.076233
-0.127563
-0.012131
0.100342
0.037964
0.036865
-0.084900
0.041107
0.096863
0.036224
-0.159912
0.095154
-0.088196
-0.040161
-0.130127
-0.039703
0.026627
0.043640
0.071045
0.074951
0.014336
-0.082703
0.059845
-0.221802
-0.085510
0.014175
-0.079529
-0.153076
0.013229
-0.016068
0.028030
0.026627
0.078918
0.306885
-0.003780
0.134155
0.015915
0.029617
0.076843
0.191406
-0.080322
0.032288
-0.040314
-0.068054
-0.194214
0.074829
-0.067078
-0.040314
0.187744
0.059692
-0.003307
-0.066162
-0.193848
0.141968
-0.062561
-0.031433
0.068970
-0.123779
0.062561
0.046112
-0.179565
0.101868
0.022079
-0.012085
0.137451
-0.048187
0.022568
-0.040283
-0.009026
0.180420
-0.035767
-0.058838
0.056091
0.030457
-0.132202
0.059967
-0.104736
0.038513
0.006447
0.006287
0.180542
0.044800
0.010155
-0.159424
0.102356
-0.137817
-0.019348
0.020798
0.132812
0.027725
0.039001
-0.032227
-0.057709
0.031921
0.149292
0.104797
-0.014183
0.006607
-0.105225
-0.012413
-0.030457
0.034485
-0.059967
-0.024658
0.048523
0.159790
-0.005318
-0.131470
0.040131
-0.211182
0.114258
-0.093994
-0.016434
0.059143
0.042236
0.130737
0.010315
0.003708
-0.018539
0.034821
0.110718
-0.153564
-0.193604
0.027725
0.207886
-0.025299
0.003063
-0.046265
-0.075745
-0.028854
-0.005318
-0.084473
0.026276
0.098145
0.041260
-0.008217
-0.069458
-0.023056
-0.024979
0.021118
0.076050
0.002741
-0.069946
-0.028214
0.270264
0.093018
0.023056
0.025787
0.355225
0.021759
0.098145
-0.003063
-0.043854
-0.132446
-0.031281
0.045776
0.042389
-0.056732
0.041107
0.011765
0.044006
-0.097656
0.001934
0.151855
-0.029007
-0.098450
-0.091370
-0.039001
-0.007416
0.025146
-0.004673
0.026917
-0.046906
0.070251
-0.023056
-0.158569
-0.002741
0.005482
-0.004353
0.032562
-0.004353
-0.029587
0.029755
-0.091248
0.053680
-0.209106
-0.084961
-0.089111
-0.000332
0.015289
0.005985
-0.043060
-0.065796
0.021942
0.043060
0.056335
-0.046204
-0.089111
-0.154541
0.080811
-0.127808
0.023438
-0.097717
-0.032898
0.101074
0.228027
-0.029419
-0.101074
0.180176
-0.053192
-0.076294
-0.017944
0.002993
0.068481
-0.000665
-0.004154
0.037384
0.005318
-0.117371
-0.021606
0.038391
-0.001828
-0.138306
-0.021271
0.010635
0.081787
0.005318
0.002327
-0.057495
-0.028595
0.159058
0.055695
0.045715
0.154541
0.115173
-0.099243
0.171997
0.037567
-0.051514
0.254150
-0.234009
-0.065125
-0.089417
0.079285
0.038239
0.112000
-0.183105
-0.168213
0.001163
0.062012
-0.037567
-0.033905
0.050354
-0.037384
-0.038391
0.010635
-0.001828
-0.087280
0.066956
-0.015457
-0.006317
-0.008308
0.039734
-0.014961
0.067505
0.012299
-0.134766
0.034393
0.042725
0.040070
0.125366
-0.056335
-0.033081
0.007812
-0.052521
-0.045868
-0.080261
-0.162720
-0.097412
0.092407
-0.045868
-0.058502
0.014297
-0.161743
-0.027924
-0.027588
0.141602
-0.047546
0.165405
0.151978
-0.070496
-0.108704
0.029419
-0.017288
-0.176147
0.065674
0.050018
0.022934
-0.034729
-0.070801
-0.026093
0.058838
0.005985
-0.028915
0.133667
0.034912
-0.018280
-0.002161
0.182983
-0.074707
-0.017990
-0.007416
-0.028549
0.039124
-0.171875
0.023727
-0.103455
-0.083801
0.011864
0.020203
0.022812
-0.070984
0.042450
0.047852
-0.025406
0.248291
0.061371
0.075806
0.137207
-0.138550
-0.093811
0.052643
-0.031342
-0.112915
0.025223
0.011124
-0.132202
-0.032440
0.035980
0.062866
-0.022995
-0.111267
-0.040985
-0.031342
-0.082703
-0.000741
0.081238
-0.005932
-0.061188
0.053406
0.295654
-0.109009
-0.030594
-0.070618
-0.062103
0.171509
-0.024475
-0.109924
-0.017609
-0.007786
-0.114197
0.165894
0.033569
-0.044861
0.081238
-0.039856
0.199463
-0.042633
0.013535
0.024475
-0.048950
-0.093628
-0.001483
0.025589
-0.089905
0.082703
-0.078247
0.108276
0.042084
-0.000185
0.154053
-0.020401
-0.008530
0.007786
-0.243408
-0.057465
0.058044
0.028183
0.119751
-0.060638
0.163940
-0.008904
-0.116272
-0.002966
-0.065613
0.031891
-0.007233
0.067871
-0.101257
-0.143311
0.085449
-0.018356
0.016876
0.095093
0.060822
-0.074524
0.063599
-0.072510
0.026520
0.032806
-0.024658
0.034485
0.046173
0.154297
-0.037811
-0.003338
0.134277
-0.097900
0.062469
0.168579
-0.035583
-0.117371
0.055817
-0.101807
0.077148
0.043579
-0.014832
0.020203
-0.097168
-0.001669
-0.010384
-0.060638
0.021317
0.053955
-0.098267
0.252441
0.049133
0.093140
0.085144
-0.030655
-0.039429
-0.201416
-0.185303
-0.058777
-0.009567
-0.041199
0.020691
-0.002148
-0.003710
-0.014450
-0.083923
-0.052917
-0.005077
0.081238
0.055634
0.040802
-0.232178
-0.001171
0.024017
0.019714
0.144531
-0.170288
-0.022263
0.024216
-0.078857
-0.071045
-0.033386
-0.032410
-0.007809
0.006443
-0.005077
0.030853
0.046082
0.112671
0.009956
-0.100159
-0.120850
0.043915
0.123596
0.066589
0.149170
0.027527
0.018356
0.017181
0.004879
-0.003319
-0.007420
0.048798
-0.170776
-0.158936
0.018158
0.023422
0.165161
0.006832
-0.032410
0.056213
-0.097412
0.149902
-0.019714
0.086487
0.016403
-0.045868
-0.156372
0.006054
0.164429
-0.049408
-0.070862
0.016006
0.072449
0.034760
-0.015030
-0.021469
-0.139404
0.062286
0.086487
-0.075928
0.042175
-0.069885
-0.044525
-0.054657
-0.019714
-0.114014
-0.184082
-0.113831
-0.065796
0.008003
0.114807
-0.249146
-0.046082
0.035156
-0.161987
0.020889
0.052704
-0.093323
0.001952
0.020493
-0.035736
-0.028305
0.047058
-0.181030
0.034180
0.081970
0.097839
-0.008789
-0.008980
0.250000
0.180542
0.013863
-0.010544
-0.003124
-0.019913
0.098572
0.049774
0.044525
-0.045105
0.061096
-0.051727
0.058167
0.059357
-0.080261
-0.145996
-0.024597
-0.045288
0.007614
0.189575
-0.039185
-0.016296
0.131348
0.032593
-0.101868
-0.245850
0.020370
0.253906
-0.066528
0.003298
0.103027
-0.005821
0.008347
-0.021530
0.101257
-0.015717
0.322021
-0.018051
-0.171265
0.151978
0.004852
0.146484
-0.030075
0.031052
-0.139648
-0.051819
0.022705
0.049286
-0.074524
-0.007957
0.161011
-0.004463
0.019989
-0.070618
0.005821
0.010475
0.048309
0.136597
-0.046967
-0.045197
0.087891
0.100708
-0.090637
-0.101868
-0.133057
0.107666
-0.061707
0.057617
-0.014549
0.063477
0.070618
-0.042480
0.032776
0.019989
-0.033569
-0.011253
0.031616
0.096985
-0.084412
-0.002522
-0.131714
0.022507
-0.187012
-0.064392
0.052582
-0.005627
0.138184
-0.074707
0.034332
0.122253
0.024445
0.124573
-0.049683
-0.025421
0.015327
0.016693
0.142822
-0.002134
0.087341
-0.139526
0.052582
-0.098755
-0.003880
0.019409
-0.038025
0.053345
0.038605
0.027557
0.113342
-0.051605
-0.155640
-0.031433
-0.035309
0.083801
0.061707
0.083435
-0.098938
-0.017853
-0.083069
-0.056854
-0.007568
0.040161
-0.158569
0.011253
0.121643
-0.025421
-0.026779
0.053741
-0.093506
0.127441
-0.083252
0.117004
-0.040558
0.054138
-0.175171
0.013000
0.045013
0.009705
0.006401
-0.058777
0.136353
0.016693
0.092529
0.019211
0.019012
-0.033569
0.130249
0.019012
-0.102356
0.055664
-0.049713
-0.152954
-0.196777
-0.103699
0.017685
-0.058624
0.071106
-0.048584
0.031082
0.037231
0.005772
0.039825
-0.044495
0.127563
0.008751
0.122314
-0.161987
-0.085815
0.029602
0.035919
0.151367
0.061615
-0.129395
-0.095520
-0.001862
-0.048035
-0.008934
0.046722
-0.091003
-0.074097
0.081726
0.083923
0.149292
-0.007259
0.021408
-0.285889
-0.011543
0.099976
0.063843
-0.019547
0.021957
-0.080200
-0.042633
0.087891
-0.042633
0.080444
0.051361
-0.016571
-0.029968
0.112610
0.074829
0.038727
-0.003164
0.041321
-0.011169
0.028473
0.006886
0.213013
0.035736
-0.012474
0.031281
-0.007820
-0.035187
-0.035004
0.077637
-0.264404
-0.027740
-0.081909
-0.046173
-0.021774
-0.107056
-0.010796
0.066467
0.186157
0.039825
0.073914
-0.091553
0.104431
0.059753
-0.060883
0.109802
-0.048950
0.042816
0.023636
-0.086548
-0.049896
0.030533
0.143188
-0.012283
0.038147
-0.036469
-0.012283
0.137695
0.017685
0.023819
0.020844
0.063110
-0.084534
0.040405
0.045593
-0.185547
0.020096
-0.071472
0.070007
-0.051361
-0.061066
0.098267
0.009308
0.020660
-0.029602
-0.009682
0.003536
0.106689
0.050262
-0.085083
0.036865
0.121765
-0.010979
0.059937
0.000558
-0.017868
-0.347656
0.006702
-0.137695
0.141235
0.038361
-0.104736
-0.012291
-0.050629
-0.020355
0.065125
-0.025681
0.003302
0.056305
-0.232178
-0.001284
-0.075562
0.018524
-0.068237
-0.015221
0.020538
-0.051727
0.033386
-0.024765
0.164917
0.073914
0.139160
-0.022919
-0.199585
0.048035
-0.056671
0.007519
-0.019989
0.131714
-0.056854
-0.009354
0.134277
0.010452
-0.006237
-0.081421
-0.013390
0.000000
0.022919
-0.044189
0.009537
-0.036133
0.036316
-0.041626
0.024017
0.180420
-0.035583
0.074280
0.067688
-0.003668
0.025864
0.096680
-0.008438
0.039429
-0.081604
0.013939
-0.051910
-0.013756
0.023102
0.042725
0.095337
0.022919
-0.139893
-0.040344
0.131836
-0.135010
-0.053741
0.016510
-0.044373
-0.005867
0.168701
0.034485
0.110779
0.101074
-0.030441
0.010452
0.008438
0.176636
-0.050262
-0.020538
0.099426
0.070618
0.130981
0.148315
0.011002
-0.004036
-0.092407
0.140259
0.130981
0.184448
-0.075012
-0.033752
0.101624
-0.443848
-0.058685
0.060883
0.019073
0.203003
-0.025497
-0.030441
-0.096619
0.017059
-0.040527
-0.064758
-0.103821
-0.010818
0.099976
-0.021454
-0.035400
0.084900
0.019806
-0.011002
-0.062744
-0.147949
0.094604
-0.018890
-0.084351
0.061249
0.042358
0.003851
0.014488
-0.148926
0.011917
-0.102722
-0.007519
0.043091
-0.016876
-0.022186
0.035767
-0.038147
0.053131
0.007072
0.024994
-0.074829
-0.090698
-0.024200
-0.069458
-0.006760
-0.073059
-0.032837
-0.012100
0.017761
0.001886
0.000472
-0.049194
-0.025146
0.108154
-0.150269
-0.040405
0.129517
0.009117
-0.000628
0.062866
0.048248
-0.049500
0.015404
0.044159
0.006287
0.079712
-0.043060
0.103760
0.041016
0.036469
0.025299
-0.023895
-0.040863
-0.007702
0.166870
0.038208
-0.020752
0.133911
-0.212280
-0.121521
0.027512
-0.024521
-0.058624
-0.121643
0.182129
0.092407
-0.061768
-0.063965
-0.033783
-0.091003
0.056122
-0.024048
0.109253
0.069763
-0.068237
0.041016
0.182983
-0.087891
-0.066772
-0.034119
-0.064575
-0.035065
0.024048
0.112061
0.238403
0.048248
-0.009270
0.077942
0.087891
0.136597
0.045746
0.090088
-0.132446
-0.120850
0.010056
-0.009270
-0.011002
-0.011314
0.070557
-0.086609
-0.060028
0.087891
0.119751
-0.029556
0.087524
-0.052185
-0.171143
0.305176
-0.007229
0.007702
0.024994
0.060974
-0.014145
0.173706
-0.082214
0.008484
-0.038971
0.041656
0.012260
-0.175293
0.007389
-0.032837
0.105286
0.012733
-0.004871
-0.155029
0.068665
0.016815
0.057068
0.046204
-0.064758
0.288330
0.007072
0.102478
-0.018860
-0.053589
0.123047
-0.007545
-0.064758
0.123413
-0.061615
0.020584
0.136963
0.019653
-0.110352
0.053406
-0.031113
0.034912
-0.081787
0.105469
0.057922
-0.052368
-0.065002
0.072083
0.042175
0.076782
-0.023163
0.108582
0.074341
0.075745
0.000346
-0.217529
-0.015900
0.005531
0.016602
-0.102844
-0.060150
0.057404
-0.005878
0.158325
0.025589
0.043579
-0.073669
0.070374
-0.007088
-0.010376
-0.100098
0.101990
-0.132568
-0.017456
-0.067444
-0.016251
-0.111877
0.016418
0.092834
0.056885
-0.065186
0.123596
0.175659
0.077942
-0.117920
-0.117554
0.004669
0.078979
-0.016418
-0.044250
0.043213
-0.044250
0.036835
0.268555
0.021271
-0.068604
0.085205
-0.057037
-0.038910
-0.134277
-0.048065
0.160767
-0.154663
0.114258
-0.000000
-0.016769
0.083679
-0.137085
-0.115479
-0.162354
-0.004150
-0.097839
0.019012
-0.003630
-0.029907
0.019363
0.020233
0.079529
-0.024368
-0.119263
-0.040619
-0.033875
-0.096619
-0.040466
0.162354
-0.020401
0.279297
-0.087158
-0.013481
0.020920
-0.137207
-0.046326
0.034576
-0.039062
0.116333
-0.012962
0.017639
-0.064331
-0.104614
-0.110291
-0.094055
0.211914
-0.059296
-0.070007
0.125000
0.003975
-0.203247
0.000000
0.022827
-0.001210
0.003458
0.126221
0.088318
-0.148193
0.025589
0.041138
0.019714
0.003458
0.088013
0.011581
0.086975
0.023682
0.023514
-0.024368
0.047211
0.104431
-0.002247
-0.108459
0.097534
0.068359
0.135010
0.079773
-0.063965
0.158325
0.057831
0.091736
-0.103333
-0.003866
-0.014587
-0.052032
0.019684
-0.144287
0.040955
-0.083313
0.046387
0.059235
0.066467
0.034271
-0.004921
0.120422
0.059753
0.014412
0.024261
0.052551
0.104065
-0.003866
-0.021439
0.065369
0.042175
-0.002989
0.058868
0.014412
-0.049377
-0.058167
0.383789
-0.039734
0.040588
0.143433
0.098755
-0.040771
0.012306
0.006153
-0.058350
-0.014061
0.161743
0.069763
-0.015114
0.059570
-0.043060
-0.158691
-0.140991
-0.058014
0.095947
-0.100159
0.119019
-0.086853
0.125854
-0.120056
0.038147
-0.075928
0.017044
-0.081360
0.101257
0.006680
-0.135376
-0.099487
-0.030579
-0.189941
-0.095581
-0.033203
0.122498
-0.104065
-0.049377
0.178955
-0.107544
0.035492
-0.079468
0.056610
0.008614
-0.145020
-0.002285
-0.123352
0.014412
0.094238
-0.046387
0.093689
-0.135986
-0.093872
-0.090515
-0.028122
0.114441
0.021973
0.004921
-0.056244
-0.018097
-0.134155
0.047272
0.040771
-0.056946
-0.122314
-0.061340
0.011597
0.021088
-0.039368
-0.043762
-0.019516
-0.071350
0.132202
0.026535
-0.047089
0.084534
-0.006153
-0.044281
-0.079102
-0.049561
0.022324
-0.003866
0.177856
-0.027588
0.163940
0.018982
0.105286
-0.052185
0.063782
0.027588
0.094360
0.038971
0.009140
0.037079
0.045197
-0.061401
-0.011559
-0.037781
0.106384
0.021561
-0.021896
0.083496
0.132446
-0.086914
-0.089844
0.008797
-0.123840
0.035706
0.013794
-0.004829
-0.122620
0.160278
0.144531
-0.074158
0.206909
0.131714
-0.057251
0.034485
-0.015007
0.025696
0.007244
-0.015350
-0.135742
-0.020004
0.041748
0.117798
-0.103333
-0.000517
-0.118652
-0.061737
0.018280
-0.042603
-0.000517
-0.288574
0.096924
-0.036560
0.104492
-0.049683
0.083313
-0.045868
0.035858
-0.031738
-0.005001
-0.000345
0.112305
0.035706
-0.137817
0.081909
0.041901
0.005692
0.094849
0.082764
-0.033630
0.054504
-0.033112
0.031403
-0.062927
0.014832
-0.137817
0.070740
0.019150
0.018280
0.056580
-0.016556
0.016724
-0.111389
0.298340
0.003448
-0.067261
0.017242
-0.027771
-0.054169
0.042419
-0.018967
0.206787
-0.066895
0.077454
0.223389
0.052612
-0.001553
0.017593
0.311279
-0.016907
0.051056
-0.007759
-0.213501
0.042603
0.014488
-0.017075
-0.064819
-0.043457
0.117798
-0.096436
0.036377
-0.013969
-0.057098
-0.029663
0.098816
0.017426
-0.060028
0.016205
0.043640
0.018967
-0.132935
-0.022766
-0.034332
0.000172
0.066406
-0.004829
-0.025177
0.172852
-0.110229
-0.022247
-0.023804
0.028976
0.020523
0.010521
-0.111267
0.039917
0.035675
0.087952
0.041656
0.029709
-0.003349
-0.064209
-0.000437
-0.040771
0.085205
-0.004223
-0.060577
0.010483
-0.054749
0.009178
-0.050964
0.037872
-0.000728
0.049377
0.007572
-0.007866
-0.092773
0.125732
-0.090027
0.121887
-0.051697
-0.075439
0.041931
0.055481
0.066711
-0.044128
0.093201
-0.061462
-0.016449
0.009468
-0.011795
-0.027527
-0.390625
-0.034821
-0.041077
0.040192
0.016159
0.060577
-0.148804
0.085632
-0.010628
0.038025
0.078369
-0.024902
0.070190
0.164917
-0.047760
-0.206543
0.040924
0.026657
-0.018936
-0.003641
-0.084045
0.187988
0.018494
-0.102966
0.075562
-0.028107
0.060730
-0.136108
-0.182861
-0.000583
-0.037720
-0.009903
-0.046173
0.063660
-0.001893
-0.078369
0.036255
-0.124634
0.090271
-0.127319
0.005096
0.027954
-0.017471
-0.056946
-0.020386
0.119873
0.036560
0.037720
0.048920
-0.017334
-0.033630
-0.076172
0.345703
-0.029419
0.070312
-0.010048
0.015434
0.016312
-0.020676
-0.158325
-0.047485
-0.086060
-0.051544
-0.056366
-0.000437
-0.104126
0.029129
0.032776
0.138062
-0.044403
-0.058105
0.011650
-0.037872
-0.091309
-0.045868
-0.052582
-0.038605
-0.164551
-0.028397
0.124512
-0.019806
-0.046448
-0.189941
0.121033
0.047485
-0.139893
0.212036
-0.009758
-0.042664
-0.054321
0.100952
-0.090698
0.011276
-0.155762
0.095642
0.233032
0.013664
-0.004955
-0.100586
-0.006660
-0.003416
-0.013321
0.024429
-0.177002
-0.016052
0.092773
-0.059967
-0.014351
-0.022888
0.082520
0.057404
0.090698
0.025620
-0.112732
-0.067993
-0.002903
-0.104736
-0.075684
0.055359
0.001708
-0.017929
0.106567
0.062347
0.163940
-0.004612
0.015030
-0.070007
-0.093079
0.106934
0.117188
0.075989
0.008026
0.113953
0.193848
-0.097046
-0.169922
-0.039642
-0.099243
0.072266
0.204834
0.004101
-0.015541
0.031616
-0.090698
0.014008
-0.246094
0.033295
-0.025787
0.062866
-0.060822
-0.057739
0.070190
-0.015373
0.102295
0.030228
-0.017075
-0.048004
-0.083374
-0.099243
0.008881
-0.142090
0.029037
0.017761
-0.048523
-0.014351
0.005123
0.063904
0.067810
-0.035858
-0.140625
0.142456
0.046112
-0.113770
0.093079
0.042542
-0.002392
-0.005806
-0.072083
0.173218
-0.048859
0.006321
0.011955
0.153198
0.118530
0.095642
0.058075
-0.086243
0.049011
-0.021347
0.107971
-0.035522
0.188721
-0.124695
-0.077881
0.026306
-0.149658
0.033661
-0.087769
-0.079773
-0.000513
0.106262
0.097351
-0.178711
0.031616
0.097351
0.001708
0.010590
-0.003929
-0.011955
-0.007515
-0.121460
-0.024078
0.152710
-0.135254
-0.076538
-0.041351
0.055176
-0.032440
0.012985
