shape: [b:1, f:64, x:128, y:2, z:1, w:1, u:1, v:1, g:1] (count: 16384, addr: 0xffffaaad574b7000, original format: bfyx)
0.011457
0.042010
-0.067470
-0.136848
-0.034371
0.030553
-0.056331
-0.000955
0.045511
0.003501
0.048057
-0.001273
0.053785
0.005092
-0.000637
0.103116
-0.150533
0.152446
-0.000955
0.010821
-0.006683
-0.009229
-0.014640
-0.076699
-0.046147
0.000955
0.077655
-0.128255
-0.022278
-0.037236
0.002864
-0.016549
-0.117117
0.010821
-0.005092
0.116801
0.110117
0.030553
-0.025142
0.059832
0.093568
0.044556
-0.051875
0.006365
0.032780
-0.009866
-0.074471
-0.177902
0.011457
-0.114889
0.001910
-0.025779
0.086248
-0.252370
0.001273
-0.073198
-0.006365
0.039146
-0.007638
0.049012
0.000637
-0.112343
-0.012094
-0.101204
-0.016549
-0.010502
-0.015913
0.041055
-0.028325
0.152446
-0.000318
-0.009866
0.189047
-0.036281
-0.017186
0.206233
-0.002546
-0.077654
0.015276
-0.140030
0.031189
-0.065560
-0.030234
-0.025142
-0.016231
-0.002864
-0.026097
-0.036599
0.005410
-0.000955
0.007002
0.044238
-0.017504
0.041055
-0.039782
-0.007638
-0.074789
-0.106614
-0.169309
0.007002
0.015276
0.008275
-0.107887
0.000955
-0.019732
-0.010821
0.080837
-0.032144
0.097387
0.002228
0.296940
-0.042964
0.044238
0.001910
-0.288331
-0.042964
-0.030234
0.003819
0.092931
0.051558
0.042010
0.060787
0.042646
0.443348
-0.010821
0.020050
-0.112343
-0.173446
-0.015123
-0.015880
0.090741
-0.017770
-0.000378
-0.051797
-0.017392
0.001512
-0.159172
-0.002647
-0.012099
0.209084
-0.013233
-0.043480
0.034028
0.023063
0.086582
-0.030247
-0.093386
-0.040833
0.167872
-0.038565
0.086204
-0.021929
0.265043
0.076374
-0.001512
0.083557
-0.013989
-0.079397
0.050664
0.032893
0.187911
-0.009830
-0.000756
0.035162
0.001134
0.062006
0.014367
-0.001134
0.296047
-0.036674
0.229880
-0.123633
0.064653
0.002269
0.040833
-0.002647
0.029113
-0.021173
-0.020038
0.006049
0.046505
0.155395
0.113805
-0.008318
-0.198113
-0.000378
0.003403
0.043858
-0.072592
-0.057847
0.073349
-0.040455
0.100949
-0.040077
0.000378
0.070702
-0.141780
-0.104351
-0.253690
-0.012099
0.000756
0.001134
-0.045370
0.006049
-0.038186
-0.015501
0.128550
0.043858
0.068812
-0.006049
0.023819
-0.006049
-0.044992
0.001512
-0.025710
0.010586
0.007940
-0.003403
-0.012477
-0.011721
-0.004159
-0.168624
-0.013989
-0.164465
0.099437
0.002269
-0.008318
0.251810
0.006427
0.095656
0.009074
0.000756
-0.023441
-0.089605
-0.006427
-0.043480
0.002647
0.068434
0.074861
-0.003403
0.018526
-0.080910
-0.028356
0.004537
-0.054822
0.076374
-0.079775
-0.049907
-0.038186
0.004537
-0.360683
-0.042345
0.008318
-0.017392
0.046505
0.018148
-0.028627
0.030829
-0.070221
0.008808
-0.122580
0.029850
0.040127
-0.010032
-0.176896
0.001223
-0.036456
-0.000734
0.017617
-0.014680
0.002691
0.047223
0.041840
0.039148
0.075850
0.014191
0.026425
-0.044041
-0.002447
0.026180
0.083680
-0.012234
0.025691
0.165893
0.020063
-0.090284
0.009787
-0.131388
-0.178120
0.000245
-0.212128
0.024712
-0.077317
0.083680
-0.018351
-0.049179
-0.094688
-0.065328
-0.055786
-0.084167
-0.017372
0.026180
-0.084167
-0.240264
-0.018106
0.013212
-0.011010
0.007585
-0.019329
-0.212372
0.011010
-0.158791
0.010276
-0.015904
-0.000979
0.227309
0.012968
0.006117
-0.024957
-0.033031
0.010766
-0.108390
-0.018351
-0.060924
0.028627
-0.114262
-0.012723
-0.037435
-0.143377
0.085148
0.005383
-0.116219
-0.001957
0.064350
-0.012234
-0.110592
-0.238551
-0.116219
0.080254
-0.015659
0.018595
0.048446
-0.007585
-0.030584
-0.014680
-0.011500
0.043797
-0.055786
-0.024467
-0.134569
-0.000979
-0.049669
0.025691
0.018840
0.005628
0.006851
-0.002202
-0.014680
0.038414
-0.017861
0.029361
-0.001957
-0.024712
0.006851
0.231224
0.085637
0.190606
0.016393
0.000000
0.024712
0.057988
0.024957
-0.005872
-0.015904
-0.115240
0.190362
-0.012478
0.078541
0.069978
-0.369443
0.080988
-0.116708
-0.066796
-0.182524
0.030670
-0.025741
-0.162933
0.018074
-0.051756
0.082701
0.016157
0.081058
-0.025467
-0.029849
-0.088450
0.026015
-0.090641
-0.006025
-0.000000
0.033683
0.084618
-0.059971
0.075855
-0.044088
-0.072841
-0.101594
0.161570
-0.104059
-0.059971
-0.069282
-0.016978
0.143496
0.024098
-0.051756
0.022729
-0.082152
0.083249
-0.037516
0.007941
-0.013144
0.006846
-0.119667
-0.024098
0.024098
0.052578
0.019169
0.048470
-0.114465
0.107895
-0.043815
-0.048744
-0.016431
-0.186209
0.024098
0.046827
-0.019990
0.048470
-0.213592
0.199909
-0.062983
-0.021907
-0.009584
0.069283
-0.010406
-0.102963
-0.030123
0.145139
-0.029027
-0.049565
0.008489
0.039981
0.048196
0.358747
-0.140205
-0.326134
-0.182649
-0.018895
0.003286
0.006572
-0.081604
0.075855
-0.004655
-0.050934
-0.136371
0.001917
-0.003834
0.039160
0.012597
-0.032039
0.046280
0.041624
0.058055
0.005751
-0.027932
-0.033135
0.089000
-0.035599
-0.054220
0.039981
0.206208
-0.087629
-0.038885
0.026563
0.154723
0.032587
0.038612
-0.012597
0.042446
0.117480
-0.020264
-0.014240
-0.050113
0.013966
0.012049
0.174988
-0.074484
0.093107
0.183752
0.031766
-0.065722
-0.018347
-0.080235
-0.044362
-0.039433
-0.084343
0.006025
0.160748
-0.061888
-0.081878
-0.053673
-0.065174
-0.013692
0.013842
-0.043332
0.121976
0.081049
-0.147850
-0.003210
-0.073625
-0.010031
0.121775
-0.037314
-0.009228
-0.001806
0.018657
-0.011034
-0.080646
-0.190980
-0.079844
-0.194992
0.053565
-0.027885
-0.017654
0.017855
0.103719
0.128596
-0.028086
0.000401
0.025679
-0.022068
0.140634
-0.027083
-0.014043
-0.109333
0.005015
-0.005818
0.059984
-0.188773
-0.073625
-0.058780
-0.001806
-0.028086
-0.170518
-0.077637
-0.084257
0.051358
-0.083655
0.017654
-0.045539
-0.139826
0.006620
0.009028
-0.010833
0.001605
0.013842
-0.081649
0.014846
-0.031095
0.087068
-0.017453
-0.068409
0.080648
-0.093084
0.037515
-0.078239
0.009028
-0.051357
-0.180749
-0.050153
-0.041326
0.017654
-0.086263
-0.071217
0.014846
-0.116555
-0.016049
0.006018
0.151467
-0.015648
-0.031898
-0.027083
-0.077236
0.198012
-0.086263
0.007022
0.095093
-0.012639
-0.094889
0.124785
0.049352
-0.009830
-0.046542
-0.085862
0.033503
-0.040725
0.041527
0.059182
-0.105923
-0.007222
0.002207
0.263618
-0.041527
-0.002809
-0.002207
0.156082
0.004414
-0.068409
0.003410
-0.042731
-0.012839
0.200821
-0.107929
-0.159485
0.052762
0.003410
-0.009830
0.199818
-0.000000
0.032700
-0.123376
-0.095491
0.091080
-0.164701
-0.069011
0.070416
0.070216
-0.088671
-0.089072
-0.295292
-0.046944
0.004883
-0.024417
0.117768
0.017656
-0.140677
0.010706
0.062922
-0.047144
-0.043951
-0.007137
0.121900
-0.054281
-0.044326
0.051464
-0.007325
0.086776
0.122276
-0.051464
-0.123774
-0.103677
-0.148566
-0.063108
0.044327
0.152142
-0.295622
0.060668
-0.002066
0.041509
-0.028174
0.006762
-0.032681
0.184261
0.109316
-0.084144
-0.018219
0.006574
-0.024229
0.070247
0.000563
0.030428
0.111945
0.031555
0.243054
0.245872
-0.134667
0.016529
-0.051464
-0.010706
0.081141
0.078136
-0.024981
-0.078322
0.010894
0.040383
0.151015
-0.043012
0.114763
-0.037565
-0.026859
0.134297
-0.071185
0.024417
-0.059540
-0.099358
-0.039443
0.027235
-0.100485
-0.126967
0.121525
0.001878
0.092975
-0.101799
0.002442
0.001503
0.020285
0.076821
0.068932
-0.004508
0.060668
0.154396
-0.100672
0.012209
0.050337
0.149512
0.006574
0.088654
-0.027422
0.072501
-0.009767
-0.025356
0.018970
0.040758
-0.054656
-0.151195
0.093538
0.101051
-0.052403
-0.065738
0.021224
0.345804
-0.007701
-0.043575
0.032494
-0.002254
-0.026295
0.029113
0.015026
0.006386
0.013899
0.076446
-0.045829
-0.005635
0.061607
0.025920
0.119647
0.012396
0.021036
-0.023854
0.051464
0.049774
-0.012209
-0.035123
0.184261
-0.038504
-0.123398
-0.047895
-0.049022
-0.076256
-0.025897
-0.021173
0.146114
-0.082416
-0.053544
-0.021348
0.026772
0.042346
-0.040246
0.042521
-0.013299
0.000700
0.089767
-0.007349
-0.116361
-0.033946
0.104641
0.104291
-0.074192
-0.038321
0.015573
0.010324
0.181287
-0.002100
-0.069467
0.083293
-0.046545
-0.079441
-0.141032
0.002625
-0.023623
-0.068942
0.030272
0.054770
0.033072
-0.042695
-0.175152
-0.152056
-0.059493
0.015224
-0.034996
0.041821
-0.210496
0.073494
-0.064743
0.077168
-0.079266
-0.015573
0.051970
0.070694
0.060370
-0.082416
-0.169553
-0.093264
0.010499
0.067894
-0.120035
-0.001400
0.017323
0.006474
0.027297
0.004025
-0.092389
0.064394
-0.117411
-0.041296
0.033947
0.143664
-0.099038
-0.216795
-0.100263
0.053020
0.022048
-0.044620
0.025548
-0.022573
0.003150
0.117066
0.068419
0.017498
-0.060893
-0.002625
0.217861
0.130365
0.018548
-0.076991
-0.159580
-0.058444
-0.008049
-0.025372
0.044446
-0.027997
-0.041995
-0.063518
0.049345
-0.070517
-0.141382
0.150314
-0.059318
0.039371
0.046021
0.032722
0.086968
0.024673
0.045321
-0.037271
-0.062818
-0.062118
0.235536
0.082768
0.052845
-0.027297
0.056345
0.148914
-0.199648
0.071919
-0.026422
-0.038146
0.159063
-0.125810
0.006824
-0.019598
-0.085215
-0.094839
0.073144
0.014174
-0.258088
0.144364
-0.100069
-0.059245
-0.062564
-0.021906
-0.238300
-0.128114
0.087459
-0.033025
-0.032195
0.098911
0.001660
0.093600
0.049123
-0.046135
-0.029042
-0.004813
0.038170
0.062068
-0.027050
-0.084469
0.088123
-0.223863
-0.070364
-0.009459
-0.168604
-0.113344
-0.067211
-0.021076
0.011119
-0.010787
-0.100401
-0.066381
-0.048126
-0.138568
0.008630
-0.017425
-0.008630
0.177743
0.028212
0.093932
0.108868
-0.050450
0.106877
0.029706
-0.082976
0.141563
0.091774
0.050285
-0.247261
0.000498
-0.029208
-0.056756
-0.016595
0.157329
0.158159
-0.013774
0.068042
-0.017757
0.048791
0.029872
0.058085
0.016430
0.031200
-0.038003
0.088123
-0.039663
-0.113344
0.042153
-0.295549
0.128120
0.083310
-0.087125
-0.020578
0.000166
0.077834
0.082481
-0.023731
0.007800
-0.022072
-0.110855
0.019583
0.085634
-0.042318
0.143388
-0.066381
0.046800
0.028046
-0.051113
-0.016595
0.027715
0.057421
-0.057751
-0.021408
-0.130437
0.082978
-0.021906
-0.020744
-0.082478
0.014438
0.123639
-0.009791
0.076174
-0.054598
-0.134586
-0.000830
-0.048790
-0.019583
-0.008132
-0.040659
0.007302
-0.196649
0.047629
0.084970
0.189858
0.008132
0.114677
0.061736
-0.029042
0.147869
-0.073019
-0.080819
0.063727
0.053438
-0.020412
-0.117825
-0.049454
0.094596
0.128120
-0.012832
-0.032507
-0.039522
0.034561
0.050815
-0.095126
-0.048076
-0.065699
-0.027717
-0.080583
-0.005304
-0.025150
-0.023782
0.019333
0.041576
0.015741
0.092220
0.191458
0.010437
0.037469
0.028059
-0.004277
0.066385
-0.078188
0.023269
0.002737
-0.015740
0.024295
0.213531
-0.004619
-0.032336
0.076308
0.160660
-0.016767
0.129691
0.066385
-0.027204
-0.204619
0.012148
-0.018307
0.104197
-0.070147
-0.036613
-0.018136
0.066727
-0.014714
0.112239
0.141497
0.000855
0.007015
0.013516
0.068951
-0.073569
0.026177
0.030797
0.023269
0.167333
0.055777
-0.105904
0.098893
0.007870
0.111383
-0.125579
0.034903
0.136364
0.015741
-0.006501
-0.158085
0.005304
-0.018820
-0.151584
0.012319
0.063989
0.057316
0.008212
0.169215
0.127809
0.146459
0.010094
0.068095
-0.034218
-0.092730
0.073057
0.121136
-0.058342
-0.126948
0.088798
0.028230
-0.034731
0.178968
0.079730
0.005133
-0.028572
0.022413
0.040378
-0.048419
-0.190248
-0.011634
-0.092730
-0.001369
0.046195
-0.032165
0.097353
0.038496
0.036101
-0.010950
-0.041917
-0.206501
0.192827
0.050815
0.138417
0.009410
0.003422
-0.033363
0.081441
-0.026519
0.034732
-0.102311
-0.035929
-0.102996
0.011292
-0.075451
-0.170916
0.070662
0.007870
-0.050472
-0.349349
-0.079215
0.166364
0.039863
-0.021083
-0.077598
-0.260423
0.006732
0.146520
0.122602
0.047481
0.028878
-0.125962
0.025512
-0.079724
0.012933
-0.011693
-0.185842
-0.158560
0.078131
-0.038976
-0.081141
0.108428
-0.025689
-0.102223
0.009567
0.190283
0.002480
-0.043583
-0.014705
0.037559
0.015768
-0.047303
-0.007264
0.059883
-0.073346
0.005138
0.022146
0.004429
-0.173086
-0.089645
-0.044646
0.093900
0.067678
0.152898
-0.090531
-0.043760
0.183195
-0.034016
-0.042874
-0.008681
-0.071397
0.036851
0.013642
0.018780
-0.049252
-0.005669
0.076005
-0.081495
0.068918
-0.070688
0.062186
0.075119
-0.000886
0.114983
-0.025335
-0.113384
0.068387
-0.028701
-0.030472
-0.001240
-0.034370
0.192940
-0.170960
-0.032421
-0.011161
0.016477
-0.006555
-0.342443
0.054922
-0.101692
-0.050846
-0.014705
-0.151828
-0.049429
0.050138
0.110022
-0.060590
-0.001594
-0.052086
-0.036319
-0.064133
-0.019665
-0.229953
-0.019843
0.029587
0.029055
0.136067
0.037737
0.041989
-0.005846
0.082029
0.060946
0.070867
0.044823
0.040217
0.080789
0.005315
-0.042342
0.022323
-0.101514
0.029233
-0.046063
-0.161040
0.140142
-0.005315
0.039685
0.040040
-0.017717
0.036142
0.000709
-0.049783
-0.104172
-0.039153
0.083446
0.027284
-0.027992
0.022500
-0.025335
-0.198774
0.037162
-0.058677
0.076868
0.038336
0.100731
-0.088406
0.054570
0.042639
0.014278
-0.059068
-0.073150
-0.043812
0.074130
0.067479
-0.016234
0.067088
0.091538
-0.103075
-0.041660
0.087430
-0.014865
-0.055547
-0.056916
0.069631
0.143371
0.053983
0.021711
0.020537
-0.041465
0.042052
0.060829
0.119508
0.029925
0.006259
0.047529
-0.014669
-0.021124
-0.024644
-0.024058
0.015256
0.102295
0.053788
-0.077648
-0.088797
0.117356
-0.013300
0.064937
0.165278
-0.056721
-0.037749
0.021711
0.020928
0.058873
0.042443
-0.000196
0.027578
-0.151383
0.036771
0.121464
-0.063175
-0.070412
-0.019559
-0.251128
-0.021515
0.189533
0.136916
0.105034
0.087039
-0.000978
0.030121
-0.258756
-0.034033
0.045573
-0.111876
-0.050462
-0.219054
0.062590
-0.037944
-0.068456
0.034424
-0.146885
-0.004107
0.083518
-0.030708
0.073934
-0.106791
-0.231962
-0.061024
0.006650
0.066697
-0.048115
0.120095
-0.015843
-0.065327
0.025427
-0.106791
-0.029534
-0.082147
0.042639
0.134178
-0.025427
-0.000978
0.095058
-0.000978
-0.099945
-0.015060
0.039314
-0.131825
0.085279
-0.070216
-0.070607
0.004107
0.053592
0.087234
0.115987
0.012909
-0.113440
0.090560
-0.035402
-0.001565
-0.024058
-0.153730
-0.008802
-0.006454
-0.012518
0.104447
-0.352435
-0.047919
-0.093980
0.094365
-0.000191
0.048519
-0.153767
0.105445
0.046991
-0.112700
-0.049856
0.072397
0.133335
-0.043170
-0.093598
0.090545
0.069723
-0.243732
-0.164655
0.071060
-0.010506
0.007259
-0.042597
0.134672
-0.008596
-0.055395
0.242795
-0.033428
-0.058069
0.073161
-0.123778
-0.020057
0.010124
-0.050047
0.187778
-0.067238
-0.037822
-0.116520
0.070869
-0.121295
0.096084
0.037058
-0.009360
0.055205
0.051194
-0.061699
0.035148
-0.019866
0.041452
-0.069912
-0.076407
-0.022349
0.037249
0.009742
0.044126
0.059408
-0.252709
-0.034956
-0.136767
0.058262
0.002292
0.066858
0.072779
-0.014517
-0.015091
-0.176115
-0.015664
-0.082328
-0.052912
0.018529
-0.019866
-0.089778
0.070678
-0.016237
-0.046417
-0.004202
0.026934
0.058644
0.094747
-0.066665
-0.110216
0.135054
-0.028653
0.030754
-0.010697
-0.168284
0.010124
-0.222912
0.032282
0.098950
0.025215
0.003056
0.039732
-0.088250
0.146133
-0.046990
0.026743
-0.138868
0.029417
0.080229
-0.040305
0.082713
-0.069148
-0.042597
0.031136
0.178035
0.086724
-0.020821
0.122064
-0.075070
-0.028653
-0.074879
0.018147
0.176507
0.076982
0.084050
-0.023877
-0.046226
-0.008023
0.093983
-0.058451
0.040114
-0.065137
-0.077553
0.193700
0.037440
0.055778
0.096466
0.026361
-0.051957
-0.203708
-0.054868
0.006645
0.020884
0.141445
-0.085623
-0.012530
0.026959
-0.031136
0.018036
0.029617
-0.027909
0.020504
0.019175
-0.032845
0.027149
-0.111822
-0.128529
0.281757
-0.076511
0.032086
0.135939
-0.019175
0.098726
-0.036072
0.035313
0.013670
0.041578
-0.274518
-0.061702
0.087524
0.192139
0.104802
-0.015948
0.012910
-0.115809
0.034554
-0.058285
0.066830
0.043287
-0.002468
-0.025440
-0.032275
0.078031
0.018036
-0.063791
0.156064
0.118092
-0.039679
-0.097584
-0.075182
-0.025630
0.074044
-0.035123
-0.029427
-0.010252
-0.009493
-0.071005
-0.024301
-0.057715
0.037022
-0.025820
-0.134224
0.033415
0.074804
0.052970
0.059615
-0.038350
0.050122
0.093790
-0.071385
0.004746
0.065311
0.178848
0.060944
0.266377
-0.240537
0.005886
-0.003228
0.044426
0.134800
0.054109
-0.047084
-0.124732
-0.006835
0.006645
0.141635
0.137268
-0.026200
-0.122074
-0.020314
-0.123783
0.013100
0.096258
-0.044805
0.014239
-0.023542
-0.012341
0.005696
-0.176560
-0.090559
0.100625
0.062273
-0.000570
-0.019745
0.059045
0.029048
0.003797
0.056008
0.027149
-0.062462
-0.033984
0.061134
-0.192317
0.045376
-0.040059
0.070057
0.123028
0.050502
0.031706
0.054109
-0.057336
0.035883
-0.050121
-0.120366
0.149609
-0.039490
0.043477
0.009910
0.022628
0.033198
0.133127
-0.045585
0.169795
0.034189
0.112810
0.226781
-0.009084
-0.129982
0.048229
0.020811
-0.019820
-0.025931
-0.103061
0.104717
0.006441
-0.103722
0.092164
-0.296952
0.102404
-0.171106
-0.023784
0.042943
0.026427
-0.025435
-0.027913
0.051862
-0.014865
0.062764
0.009910
0.094146
-0.051861
0.027913
0.088530
0.206630
0.160876
0.015030
0.032042
-0.011562
0.110002
0.073169
0.038979
-0.062597
-0.111319
-0.113962
0.002477
-0.098602
0.031051
-0.053678
-0.107025
0.069040
0.004129
-0.214707
0.089026
0.012553
-0.045090
0.002477
-0.003964
0.029069
-0.006441
0.125859
-0.023619
0.002973
0.041457
-0.014535
-0.058303
-0.034189
0.013709
-0.039474
-0.046576
-0.009414
-0.010736
-0.037327
0.044760
-0.171767
0.047733
0.027913
0.097449
0.084731
-0.166647
-0.019985
0.060121
0.026096
-0.034850
-0.079278
0.182349
0.088200
0.002477
-0.109007
0.268076
0.085722
-0.077792
-0.034850
-0.138901
-0.042612
0.038814
-0.003303
-0.179529
-0.016516
0.046247
0.044595
-0.070855
0.080932
0.011396
-0.043438
0.152782
-0.033198
-0.132294
-0.009745
-0.093482
-0.049219
0.005781
-0.086380
-0.031051
-0.051531
-0.078618
-0.071516
0.070031
-0.031381
0.094641
-0.042612
0.001321
0.093650
0.157737
-0.006937
-0.006276
0.192794
-0.026361
-0.065375
-0.011599
0.188752
-0.009666
-0.047977
0.014235
0.042178
0.141827
-0.020034
0.044463
-0.024955
0.009666
0.175395
-0.112297
-0.071702
0.143233
-0.151837
-0.173979
-0.020913
0.073812
-0.030755
-0.153594
-0.007908
0.058171
0.023374
0.005097
0.115992
-0.025482
0.004921
0.102283
0.085411
0.024955
0.024077
-0.027064
-0.048153
0.013181
0.010720
0.033567
-0.024779
-0.012829
0.098241
-0.026185
-0.006678
-0.002988
0.183655
0.111774
-0.075568
-0.012478
0.187170
-0.053249
0.129348
-0.012829
-0.008611
-0.014411
0.063971
0.077679
-0.108782
0.120209
0.080315
0.159929
-0.072932
-0.023198
-0.059400
0.256945
-0.000351
0.066607
0.014762
0.056413
0.122143
-0.000176
-0.024428
-0.076271
-0.092790
-0.012829
0.027416
-0.130397
-0.073283
-0.040244
-0.034094
0.046572
-0.202095
-0.121083
-0.093844
-0.163786
0.009666
-0.106322
0.046220
0.087345
-0.142171
0.027064
0.037960
0.066431
-0.008611
-0.043584
-0.069241
-0.068538
-0.044814
0.086466
-0.064321
0.094199
0.129524
0.040772
0.049032
0.025131
-0.012126
0.017398
-0.030579
-0.118447
-0.003163
0.021616
-0.058170
0.014762
0.091563
0.039542
-0.057994
0.211424
0.010017
0.039015
-0.097886
-0.059576
-0.029876
-0.016520
-0.056764
0.039542
0.062389
0.274521
0.011634
0.035464
0.017450
0.032462
0.020453
0.220857
-0.074491
-0.002064
-0.234914
0.025331
0.089129
0.125157
0.064548
0.012759
-0.010695
-0.029647
0.111646
-0.098321
0.090067
0.000188
0.263455
0.090067
0.019702
-0.008444
-0.100385
-0.033775
-0.003190
-0.029834
0.072054
-0.018388
0.042594
0.151052
-0.003940
0.014823
0.007506
-0.043719
0.147299
-0.047847
-0.117834
0.025706
-0.104700
0.022517
0.011446
-0.050099
-0.019890
0.007506
0.002439
0.027958
0.055729
-0.050474
0.026832
-0.148981
0.115962
-0.162115
-0.264933
0.097010
0.106205
-0.072240
0.030022
-0.019890
0.099825
-0.008256
0.057230
-0.019514
-0.070739
-0.006004
-0.057792
0.105830
0.120653
-0.007506
-0.173373
-0.036777
-0.046534
-0.006004
-0.014636
0.047848
0.270961
0.080873
0.095321
-0.089314
-0.181441
0.190646
-0.038090
-0.087813
0.024393
0.024205
0.100200
0.095697
0.103015
-0.003002
0.083688
0.012947
-0.097007
-0.088751
-0.154797
-0.088189
-0.043532
0.019139
-0.021766
0.033024
0.152178
0.081436
-0.005629
0.064736
-0.058918
-0.033212
0.016512
0.012009
0.034526
-0.049724
0.087628
-0.006567
0.004503
0.073743
-0.007693
-0.012759
-0.080496
0.035651
-0.083873
-0.119711
0.058544
0.036402
-0.128717
-0.020452
0.032837
0.006943
-0.162303
0.024393
-0.087165
0.035426
-0.072094
-0.043039
0.218158
0.137046
-0.035892
-0.021753
-0.076133
0.005594
0.078466
0.012430
0.035581
0.006681
-0.027035
0.121197
-0.054847
0.176203
-0.104722
-0.024705
0.016004
-0.065257
0.083749
-0.092137
-0.111403
-0.011809
0.009167
0.133006
-0.026725
0.077845
-0.070851
0.092140
0.020821
-0.009789
-0.211614
0.017713
-0.045680
0.314501
0.042107
-0.009789
0.019267
0.095248
0.053295
0.001088
0.043506
0.011653
0.013518
0.141241
-0.008701
-0.136262
-0.122123
0.073960
0.386606
-0.018179
-0.050652
-0.134397
-0.039621
-0.017868
-0.107208
0.074116
-0.052517
0.039311
-0.045059
-0.027968
-0.039465
0.128034
0.082040
-0.020820
-0.058110
-0.039621
0.071008
-0.033872
0.039932
0.001398
0.079088
0.011032
-0.022840
-0.048632
0.112495
-0.026103
-0.009478
0.029211
0.008390
-0.153663
0.161131
0.014916
-0.041641
0.030143
-0.068831
0.126169
-0.147293
0.015848
0.004195
0.086235
0.023462
0.025637
0.057490
0.021753
-0.092447
0.089188
0.010255
0.020354
0.151807
0.047235
0.011343
-0.046457
0.007458
-0.090428
-0.075357
0.157401
0.112029
0.006370
0.061530
-0.002952
0.048478
-0.011032
-0.050963
0.096335
0.079709
-0.012585
-0.059975
-0.006370
0.082972
0.011187
-0.089029
-0.112180
0.121507
-0.130668
-0.032862
-0.033668
-0.039515
0.096975
0.060886
-0.076207
-0.054837
-0.140719
-0.108665
0.008468
0.055442
-0.038910
0.092337
-0.114713
-0.077013
0.100200
0.018145
-0.019556
-0.225390
-0.033467
0.226211
0.066329
0.198791
-0.016532
0.176411
0.198589
0.063910
0.086692
-0.003831
-0.002621
0.063104
0.168548
0.039515
0.060684
0.033265
0.074192
0.040725
0.007258
0.201009
-0.040724
-0.052216
-0.061691
-0.029233
0.046370
0.012903
-0.076408
0.034273
0.058063
0.042338
0.001210
0.054434
-0.068949
0.115725
0.089515
0.008064
0.027016
-0.154831
0.022580
-0.060482
-0.013306
-0.078223
0.092136
0.160282
0.045362
0.053426
0.035080
-0.050603
-0.052216
-0.020161
-0.070965
-0.010887
-0.227607
0.053426
0.024999
0.005443
-0.121769
0.022580
-0.069554
0.048185
0.122176
0.007661
-0.056248
0.019354
0.009677
-0.074997
0.213912
-0.049998
0.010685
-0.186885
0.009879
-0.015725
0.136693
0.000202
-0.082860
-0.205230
-0.083464
-0.014112
0.033669
0.029233
-0.097778
0.007661
0.035281
-0.124591
-0.010080
-0.115116
-0.144348
0.006653
-0.060280
0.080241
-0.068747
0.157056
-0.002016
0.014717
-0.125196
0.033467
0.000403
0.020967
-0.008266
-0.043144
0.143749
0.003226
-0.129026
0.077217
-0.032459
0.011693
-0.110681
0.054838
-0.055240
0.061264
-0.048225
0.150850
0.084116
0.210156
0.061685
0.039955
-0.052571
0.030001
-0.030702
-0.062805
-0.053132
-0.003365
-0.003925
-0.062945
0.150009
0.055376
-0.153504
0.156458
0.052011
0.004767
-0.059721
0.039674
0.051030
0.065891
0.015701
-0.070655
-0.013038
-0.112150
0.014580
-0.027898
-0.012757
-0.088879
-0.029580
0.085658
-0.022851
0.020748
-0.000981
0.074443
0.034627
-0.056637
0.118464
0.010234
0.004907
-0.008692
-0.015842
0.013599
0.154496
0.057759
0.021309
-0.048085
-0.021870
-0.070795
0.067012
-0.032804
-0.119019
0.013038
-0.076403
-0.038272
0.023552
-0.129533
-0.072618
0.031964
-0.021870
0.111174
0.086780
-0.109206
-0.019767
0.030281
0.034487
0.015141
-0.050188
-0.078926
0.091547
0.037712
-0.014019
0.007570
-0.008552
0.021169
-0.118739
-0.083132
0.171460
0.092808
-0.146355
-0.139346
-0.037010
-0.015982
0.045142
-0.002383
-0.268451
0.180854
-0.034907
0.032244
-0.042197
0.013458
-0.041216
-0.127430
-0.010795
0.117063
-0.100235
0.047806
0.005608
0.159122
0.001262
0.075564
0.006449
0.003505
-0.162756
-0.022010
-0.040935
-0.107384
-0.014440
-0.003505
-0.017804
-0.029160
-0.020328
0.008972
0.088182
-0.103319
-0.050468
-0.034206
-0.090422
-0.010094
-0.393063
-0.059440
-0.010795
0.223896
-0.201867
-0.058813
-0.095866
0.059918
0.063860
-0.072058
-0.193621
-0.109741
0.101231
0.096185
-0.054398
-0.090663
0.012141
-0.006307
0.076317
0.004415
0.241888
0.181493
-0.000473
-0.178169
-0.000788
-0.338669
0.271061
-0.040365
0.022548
-0.046357
-0.129765
-0.056133
-0.171074
0.049511
-0.006465
-0.048091
-0.013718
-0.067958
0.033112
0.007884
-0.069377
-0.107849
0.095554
-0.153573
0.053769
0.008515
0.004415
0.068906
-0.082149
-0.071112
-0.049510
0.086724
-0.015925
0.044465
0.023652
-0.006149
0.120941
0.060391
0.102492
0.243781
-0.066066
-0.075684
0.011510
-0.019552
0.001104
0.078682
-0.033743
0.090193
-0.029643
-0.060390
-0.021129
0.038947
-0.017502
0.066698
-0.011668
-0.037212
-0.038000
-0.048249
0.025544
-0.014349
-0.004730
0.105015
0.054242
0.065437
-0.129923
0.054715
-0.041153
-0.005992
0.046831
0.018921
0.160678
-0.047934
0.026963
-0.049037
0.022390
0.081994
0.051088
0.053295
-0.079153
-0.090978
0.109746
-0.014506
-0.041627
0.019867
-0.209860
-0.127558
-0.016083
0.137025
-0.031535
-0.134811
-0.059759
0.018921
-0.064489
0.003469
0.087355
0.061022
-0.080887
0.018764
-0.002050
-0.029959
-0.045884
0.087039
-0.044149
-0.001419
-0.102488
0.118418
0.043677
0.028067
0.009618
0.056449
-0.020340
0.120941
0.034374
-0.096122
0.027442
0.054249
-0.013641
0.120079
0.087243
0.009993
0.038069
-0.014593
-0.064082
-0.004917
0.057897
-0.030772
0.057421
0.029662
-0.090095
-0.062654
-0.050124
-0.032041
0.070111
-0.022683
0.103740
0.047111
-0.014910
-0.026648
0.081374
0.064877
-0.064082
0.006821
0.151487
-0.059482
0.048697
-0.195096
0.053932
-0.024586
0.092160
-0.022841
0.006345
-0.003172
-0.068840
-0.042034
-0.091998
0.151328
0.051394
-0.047110
-0.000000
-0.064875
0.244128
-0.030614
-0.070268
0.051235
0.100885
0.304252
0.058690
0.072332
-0.059323
0.028076
0.012214
0.037911
0.044890
0.005710
-0.035214
-0.065351
-0.062179
0.072173
0.018717
-0.136886
0.101361
-0.106115
-0.038703
0.030931
0.019035
0.026173
-0.161947
-0.132762
0.024269
0.082643
-0.127052
-0.005234
-0.125149
0.199394
0.063449
-0.039972
-0.157188
0.110720
-0.027917
0.168778
-0.015545
-0.027283
-0.146086
-0.063923
0.075029
-0.059799
0.067415
0.030455
-0.042034
-0.116425
0.007931
0.099457
0.104692
0.031566
0.048380
0.214464
0.001110
-0.071854
-0.050441
-0.014752
-0.168608
-0.127052
-0.002379
-0.009993
-0.005076
-0.114046
0.114844
0.087084
-0.040607
-0.052027
-0.086605
-0.036482
-0.054089
0.005076
0.175123
-0.009041
0.060435
-0.101039
0.022683
-0.166229
-0.176856
0.068493
-0.037118
-0.011636
0.096185
-0.082336
-0.160988
-0.020474
-0.012962
-0.143755
-0.031668
0.043452
0.036677
0.062012
-0.061421
0.091913
0.124320
0.303740
-0.021210
0.072765
0.060833
0.231852
-0.100011
0.019296
-0.070258
-0.273216
0.087789
0.095301
0.205632
-0.029606
0.013846
-0.055971
0.098689
0.046251
0.066431
0.004124
0.103108
-0.089995
-0.053909
0.119901
-0.056560
0.013551
0.042127
-0.003093
-0.049490
0.034762
0.046545
0.053027
-0.050521
0.090735
-0.077623
-0.083515
0.158199
0.089262
-0.039916
0.027839
-0.070406
0.077184
-0.026955
0.085727
0.027839
-0.169236
-0.011931
0.084401
0.068051
0.072028
0.025924
-0.031668
-0.005450
0.160998
-0.095003
0.076447
-0.040358
0.039475
-0.004861
0.004713
0.091177
-0.104430
0.012078
-0.019001
0.062748
-0.049638
0.133452
0.022094
-0.082336
-0.039033
-0.104577
0.050670
-0.011636
0.018412
-0.044188
0.329372
-0.158631
0.016497
-0.082778
-0.004124
-0.105166
-0.055971
-0.027691
0.010753
0.147741
-0.006481
0.042568
0.110031
-0.093088
-0.052436
-0.056560
0.073648
0.013109
-0.029901
-0.025187
0.034762
0.025335
0.112536
-0.066576
0.090440
-0.074824
0.025335
0.007807
0.085285
-0.053615
0.084696
-0.038002
-0.025924
0.014288
-0.049196
0.010163
0.100162
0.044483
0.112897
-0.002629
-0.067375
-0.022020
-0.004766
0.110596
-0.043712
-0.003780
-0.006573
-0.033523
-0.033852
-0.010517
0.040754
-0.057515
-0.094817
-0.018734
-0.065731
0.021199
-0.053735
-0.082657
0.016762
0.082166
0.006573
-0.008052
-0.062280
0.012489
0.094985
-0.195710
0.076086
0.066390
-0.067703
0.004601
0.051600
-0.012489
0.058009
-0.003780
-0.058501
0.243220
0.028429
-0.008545
-0.013475
-0.127024
0.156611
-0.084136
-0.027936
-0.046669
-0.172377
0.177811
-0.053571
0.041740
0.101229
-0.033359
0.077236
-0.056365
0.065404
0.100572
-0.080356
-0.083971
0.193752
0.100901
0.168115
0.011996
-0.041082
0.000329
0.073292
-0.081178
0.111254
-0.130804
0.303370
-0.051271
0.054723
0.046342
0.029087
0.121607
-0.105005
-0.001479
0.184385
-0.016762
0.015447
0.036646
-0.068032
0.068855
-0.028922
0.024485
-0.041082
0.043055
0.061296
-0.090709
-0.052585
-0.119630
0.151845
-0.004766
0.045684
0.020870
0.008381
-0.028100
-0.113714
-0.064252
-0.154795
-0.042726
-0.010846
-0.007395
0.149545
-0.000493
-0.049956
-0.035002
0.046506
-0.123902
0.243877
0.025307
0.170416
0.058667
0.009203
-0.114536
0.131467
0.028265
0.027608
-0.046012
-0.019227
0.003944
0.011010
-0.020377
0.151845
0.010024
-0.090544
-0.067210
0.126373
-0.105005
0.088281
-0.023928
-0.012930
0.104927
0.059894
-0.117109
0.023779
-0.017983
0.191131
-0.015902
0.006836
-0.062865
-0.040275
-0.073120
-0.029426
0.029427
0.154271
0.022739
-0.001189
0.146394
0.002675
-0.082779
-0.071188
0.045775
0.026454
0.046518
-0.092885
-0.166002
-0.012187
0.006688
0.108940
0.016794
-0.040424
0.032548
-0.016199
-0.075052
-0.084563
0.041614
-0.120824
0.021401
-0.056177
0.200495
0.184592
0.201090
0.144313
-0.049936
-0.152479
0.045032
0.152636
-0.030764
-0.046071
0.053949
0.079364
-0.002824
-0.079064
-0.023630
0.031062
-0.013970
-0.190374
0.001338
0.095713
0.014267
0.217588
0.005499
-0.043842
0.032251
0.021996
0.023036
-0.048152
-0.104477
-0.013227
0.052612
-0.030764
-0.023333
-0.016645
-0.050381
-0.151290
0.009809
-0.122013
-0.140292
0.048896
0.056922
-0.023928
0.022442
-0.090062
-0.008025
-0.028683
-0.145940
0.050085
0.028981
-0.375681
-0.066878
0.043397
-0.165408
0.057070
0.190983
-0.120527
-0.035966
-0.018875
-0.006985
0.053058
0.099280
0.031656
-0.043099
0.008769
-0.125134
-0.047409
0.069555
-0.000297
-0.000446
-0.047558
0.072676
0.056030
-0.006391
-0.064946
-0.072376
0.018726
0.031062
0.026900
-0.014267
0.052017
0.135842
0.018577
0.005053
-0.120527
0.056773
-0.076240
0.083971
-0.059704
-0.061965
0.004523
0.088955
0.054881
0.022615
0.171581
0.054428
0.006483
0.002262
-0.051261
-0.007237
-0.033018
-0.023821
-0.042215
-0.143679
0.015680
-0.061061
-0.073574
-0.191771
0.006332
-0.015680
-0.148503
-0.039501
0.127252
-0.022615
-0.068900
0.095740
0.064228
-0.152272
0.068299
0.011760
0.099660
0.007840
-0.018846
0.025028
-0.139608
0.033019
-0.024123
-0.027741
0.041010
0.085186
-0.075685
0.039351
0.052317
0.021862
-0.012966
0.145345
0.012665
0.073426
-0.079605
-0.044175
-0.025631
-0.015228
0.101017
0.172335
0.055936
0.144441
-0.052467
0.171279
-0.024123
0.080663
-0.051864
0.087448
0.080060
-0.071162
0.080813
0.140521
0.020806
-0.060608
-0.048849
-0.032867
0.002262
0.005578
0.132680
-0.000000
-0.331670
0.085789
-0.054729
0.058650
0.018243
0.082472
0.056539
0.149266
0.017640
-0.048547
0.077798
0.121975
0.010554
0.323873
-0.027138
0.019449
-0.097696
-0.002412
-0.041009
-0.031360
-0.141116
-0.025028
0.181382
0.122880
0.025179
0.012665
0.041763
0.032868
0.113381
0.047794
0.002563
-0.064981
0.022163
-0.062568
-0.183328
0.010855
-0.074630
0.045533
0.027289
0.055484
0.017791
-0.126492
-0.099204
0.095288
0.040406
0.019148
-0.049753
0.104937
-0.067694
-0.066941
-0.148805
0.054730
-0.123245
0.043728
0.006876
-0.091156
0.108262
-0.014458
0.030503
-0.074935
-0.156391
0.045314
-0.070880
-0.007934
-0.072466
0.197837
-0.002292
-0.015692
0.049017
0.050075
0.064005
0.082695
-0.319826
-0.014987
0.045843
0.023451
0.147407
-0.036851
-0.037908
-0.071232
0.083577
-0.016398
0.287943
-0.064708
0.047078
0.050957
-0.037908
0.005290
-0.224093
0.021687
0.107028
-0.018161
0.084282
-0.082516
0.065944
0.017279
0.053249
-0.057656
0.123955
-0.011108
0.008992
0.064710
0.053602
-0.092919
0.021335
-0.034382
0.093803
0.013400
-0.043727
0.108967
0.109673
0.000882
-0.085161
-0.058714
0.113375
0.053602
-0.042845
-0.069822
0.095390
0.051838
-0.120071
0.045667
-0.022216
0.070000
0.003526
-0.023803
0.029445
-0.056774
0.112847
0.056070
-0.038085
0.030503
-0.192182
0.005995
-0.007405
0.033501
0.098917
-0.020100
0.061889
-0.247542
-0.006171
0.003879
0.031385
0.124837
-0.108787
-0.012871
-0.034558
0.289531
-0.091508
0.048665
-0.020982
0.111436
-0.039848
-0.035087
-0.027329
0.034559
-0.035264
-0.082869
0.004055
0.072292
-0.020982
-0.034735
-0.071056
-0.139113
0.025566
-0.062240
0.099975
-0.032443
0.036675
-0.059772
0.064534
0.002116
0.037204
-0.111432
0.155165
-0.036851
-0.020277
-0.000705
-0.099971
-0.121658
-0.042925
-0.072842
-0.011382
0.012032
0.100811
0.035121
-0.181451
-0.032356
0.041787
0.054145
0.079673
0.005528
-0.026666
-0.032194
-0.004553
-0.095117
0.048617
-0.145845
0.187317
-0.112189
0.023902
-0.150234
-0.064550
-0.005528
0.091868
-0.034145
-0.053656
0.256263
-0.002602
-0.129911
0.006341
-0.138853
-0.010731
0.021788
-0.041787
-0.066664
-0.011707
0.050243
-0.057071
0.079023
-0.015772
0.001951
0.166341
0.102112
0.017073
-0.085362
0.030893
0.040487
-0.030568
0.080811
0.189268
0.071218
0.068942
-0.012845
0.095120
0.092519
0.071381
0.025040
-0.093816
0.135934
-0.148771
0.028129
-0.152836
0.024877
0.062925
0.074795
-0.127310
-0.085524
-0.063249
-0.142105
0.030731
0.131381
0.014796
0.071381
-0.066176
-0.006016
0.172845
-0.016260
-0.009431
0.117397
0.060649
0.006992
-0.078695
-0.093328
0.091055
0.031056
-0.190231
-0.042275
0.000650
0.059999
-0.171046
-0.009918
0.099023
0.096096
0.006179
-0.071216
0.186504
-0.002276
0.036259
0.076746
0.004390
-0.001626
0.009756
-0.032844
-0.014308
-0.104222
-0.000163
-0.119343
0.091055
0.016260
-0.032031
-0.004065
-0.058209
0.115771
-0.083898
0.017886
0.028129
-0.052355
0.126340
0.080649
-0.038210
0.076909
-0.158039
-0.101295
-0.045852
0.127641
0.054308
0.222928
-0.024987
0.038730
0.143145
-0.047654
-0.039979
0.061933
-0.020168
-0.093344
-0.047297
0.025523
0.152426
-0.161163
0.018919
-0.032305
0.034090
0.004819
0.098166
-0.012137
0.177950
0.001785
0.012315
0.087635
0.158138
0.044620
-0.013564
0.128687
0.079068
0.102985
0.024452
-0.006782
0.093525
0.000000
0.147607
0.000892
0.050153
0.033376
-0.329456
-0.201854
0.026951
0.121012
-0.077638
0.179199
-0.158486
-0.032126
-0.035696
0.089063
-0.038016
-0.025880
0.261663
0.062112
0.079246
-0.024630
-0.062110
0.047655
0.103877
0.048725
0.080139
0.063718
-0.058541
-0.084420
0.003391
-0.073711
-0.123684
-0.153489
-0.096735
0.028735
0.115657
-0.076745
-0.121721
0.167955
0.010352
0.081388
-0.008567
-0.016063
0.022846
0.063183
-0.044620
-0.075853
0.003391
0.100843
-0.143673
0.033197
0.035161
0.000892
0.076569
0.064967
0.010173
-0.145636
0.012315
0.009816
0.099415
0.175273
0.018027
0.022489
-0.103695
0.006604
-0.056578
0.041765
-0.066929
0.045691
0.096024
-0.018205
0.034804
0.033911
-0.096735
-0.017313
-0.004105
0.026415
0.007675
-0.008746
0.067645
0.134042
0.046584
0.081745
0.133506
-0.001071
0.006604
-0.021418
-0.042478
0.087100
0.066217
-0.086562
0.089598
-0.037124
-0.027307
0.069430
0.125296
0.112445
0.032840
-0.083730
0.088149
-0.018436
0.003073
0.049355
0.265030
0.025926
-0.042249
0.126367
-0.034375
0.026310
-0.018628
-0.053387
0.043978
0.205877
0.115804
0.055501
-0.042057
0.013827
-0.008834
0.007682
0.068368
0.022853
0.059726
0.102553
0.023237
0.002497
-0.058765
0.082387
-0.026694
-0.081617
-0.151710
0.015940
0.012483
0.066448
-0.024389
0.146916
-0.039753
-0.036296
0.045130
0.123486
0.050700
0.070481
-0.018244
0.031687
0.160936
0.008258
-0.063758
0.026310
0.134817
-0.147870
-0.166305
-0.045898
0.101016
-0.040329
-0.097172
-0.109655
0.019780
0.048011
0.331099
-0.092179
-0.040713
0.016708
0.022469
-0.115800
0.084692
-0.049355
0.169386
-0.010370
-0.048202
-0.128474
-0.021893
0.036488
-0.055308
0.033800
0.011523
-0.115992
0.036488
-0.055692
0.048011
0.114844
0.016324
-0.233324
-0.137308
0.031495
-0.228139
-0.055884
-0.007298
-0.034183
-0.104470
-0.101781
-0.073360
0.067984
0.068944
0.100440
0.019204
0.096407
-0.058765
-0.208360
-0.014211
-0.028038
0.006337
-0.013827
0.028999
-0.081809
-0.004609
0.026694
-0.085842
-0.026694
0.053772
0.038217
-0.087186
-0.167457
-0.019588
0.004225
0.040713
-0.033415
0.048395
-0.010178
-0.041481
0.107738
-0.070479
0.007106
0.126175
-0.091027
0.037449
-0.014019
-0.040516
0.046907
-0.045683
0.007614
-0.107951
0.030592
-0.004759
0.122777
0.012509
-0.046906
-0.091773
-0.083751
-0.150641
-0.059143
-0.055472
-0.028688
0.171863
-0.062678
-0.217529
0.042964
0.191987
0.076140
0.045276
0.002719
-0.110535
-0.114613
-0.034126
-0.045819
-0.075866
-0.025833
0.033447
-0.028280
0.026649
-0.086198
-0.034126
0.018763
0.007342
-0.078041
-0.003127
-0.064717
0.046907
-0.209372
0.031407
-0.152001
-0.022706
0.167512
0.078995
0.031272
-0.177560
-0.025153
0.010741
0.068254
-0.083887
-0.005982
-0.125490
-0.042284
0.099391
-0.034398
-0.011013
0.078995
0.025561
0.008838
-0.142348
0.109588
0.094088
-0.009653
0.012916
0.078180
-0.011149
0.067710
0.036846
0.002447
0.037118
-0.011285
-0.038749
0.020258
0.008566
-0.016043
0.109996
-0.115021
0.118562
0.014276
-0.094356
-0.027736
-0.001360
0.030864
-0.017947
-0.066756
0.052210
0.043780
0.112308
-0.432047
0.016044
0.057513
-0.012508
0.226388
0.017947
-0.064717
-0.050034
-0.095172
-0.138949
0.045004
-0.004895
0.017267
-0.117740
-0.050985
0.001632
0.012780
0.005031
0.062543
-0.000000
-0.117604
0.148883
-0.139629
0.094768
-0.063086
0.012373
0.033855
-0.053297
0.032087
0.040925
-0.032495
0.066486
-0.032631
-0.114341
0.046228
0.099527
0.109860
-0.091419
-0.016622
-0.089092
0.103058
-0.084770
0.038397
-0.135631
-0.022772
0.073636
-0.061833
0.091588
0.076296
-0.066653
0.063330
-0.010139
0.168717
-0.021442
0.173538
-0.082111
0.013962
-0.009308
0.124168
0.126163
-0.054519
-0.007147
-0.052525
0.067984
-0.262780
-0.026927
0.188831
0.007646
-0.229705
0.069480
-0.007314
0.052526
0.012965
0.067153
-0.133637
0.050365
-0.001662
0.008477
-0.095741
-0.094411
-0.249982
-0.004987
-0.036236
0.089095
0.013796
0.036901
-0.032246
-0.006981
0.097738
0.097572
-0.066321
0.110870
-0.231201
-0.007314
-0.107542
-0.029919
-0.064825
0.071808
-0.007314
-0.038064
-0.115520
0.119348
-0.130313
-0.082776
0.072472
0.035239
-0.052026
0.169549
0.120345
0.072971
-0.162391
0.116688
0.122506
0.053357
0.009308
-0.023769
0.041056
-0.000166
-0.031581
-0.084604
0.037566
0.044879
0.010970
-0.004488
0.049201
-0.000665
0.218587
0.098403
0.096575
0.083609
0.060504
0.027925
-0.136629
-0.114689
0.023105
-0.045211
0.039560
-0.001330
-0.051527
0.026761
-0.081280
0.013796
-0.013962
-0.041721
0.023437
-0.146601
0.076129
0.019115
-0.038729
-0.015126
-0.020445
0.066488
-0.025598
-0.091585
0.046708
0.086934
-0.042552
0.048370
-0.028922
0.122506
0.013298
-0.011469
-0.001496
0.074467
-0.141781
0.103283
0.028812
0.063135
-0.073681
-0.000472
-0.024561
0.038731
0.103598
-0.044398
-0.039675
0.102496
-0.060929
-0.126107
0.045816
0.057939
-0.045028
0.068330
0.018421
0.152880
0.075888
0.069118
0.080926
0.056522
-0.015587
0.051799
0.040620
0.026923
-0.122486
0.045186
0.018106
0.005196
-0.088795
-0.092259
-0.008344
-0.008659
-0.093518
-0.120440
0.051799
0.006455
-0.091157
-0.106113
0.139339
-0.092574
0.192557
0.036841
0.106117
-0.083757
0.033220
0.188149
0.003149
0.053373
0.060930
-0.051798
0.045501
-0.133664
0.022357
-0.084387
-0.046602
0.085492
-0.093361
-0.030386
0.020310
0.065654
-0.011178
-0.173652
0.006613
0.028969
0.018106
0.155084
-0.123116
0.103126
-0.052742
0.054633
0.002991
-0.044241
0.079824
-0.123746
0.067228
0.003149
0.006770
0.187204
0.005510
-0.080609
0.102024
-0.025663
0.040148
0.056207
-0.121699
-0.113827
-0.050066
-0.074783
-0.156019
-0.018106
0.122807
0.047075
0.230661
0.078879
-0.053529
0.007872
-0.033220
0.174923
0.042037
0.067700
-0.012910
-0.070533
0.007242
0.037944
-0.054002
0.022199
-0.022829
0.052113
0.248454
0.157288
0.117926
0.141386
-0.124848
0.005668
0.014327
0.008187
-0.038258
0.051169
0.076832
0.141543
0.008659
-0.061244
0.145165
-0.213796
-0.093046
0.066481
0.014295
-0.213898
0.008439
-0.059762
0.043057
0.265242
-0.013950
0.008267
0.002583
-0.043745
-0.050290
-0.093173
-0.033756
-0.054940
-0.174289
-0.048912
0.017912
0.053391
-0.016017
-0.013950
0.008267
-0.116251
-0.096273
-0.065101
-0.055801
0.012745
-0.074229
0.055802
-0.134679
-0.034273
-0.157928
0.038924
-0.011023
-0.034273
-0.052873
0.021873
0.042196
-0.030484
0.011539
-0.028762
0.024629
-0.076640
0.135202
0.008784
-0.005339
0.129001
-0.225953
0.068720
-0.028245
-0.146217
0.012745
0.146225
-0.131923
0.016706
-0.129168
0.012056
-0.003100
0.101444
-0.065101
-0.152417
-0.033240
-0.053562
-0.092829
0.099205
0.209780
-0.020151
-0.026006
-0.046845
-0.007578
-0.128995
-0.096790
0.021701
0.058041
-0.079051
-0.068373
-0.181522
-0.032206
-0.015673
0.047880
-0.072851
-0.128479
-0.107468
0.205130
-0.047534
0.099721
0.016878
-0.030140
0.007061
-0.103335
0.281605
0.036512
-0.023078
0.035307
-0.001722
0.125384
-0.003617
0.003961
0.185667
0.038407
-0.076296
-0.035306
0.005856
-0.014295
-0.045812
-0.030656
-0.079568
-0.064585
-0.172222
-0.085596
-0.050462
0.014812
-0.034445
0.009645
-0.108846
0.006028
-0.036684
-0.036168
0.037029
0.075781
-0.024973
0.065275
0.140713
0.112467
-0.044607
0.033068
-0.017912
0.092315
-0.077509
0.005285
0.121873
0.043880
-0.012491
-0.155015
0.019378
0.001441
0.002082
0.022741
-0.109697
-0.141084
0.148618
-0.049164
-0.132596
-0.009609
-0.101850
0.041958
0.018577
0.104416
0.003683
0.000801
0.077831
0.016175
0.040677
-0.092882
-0.085516
0.057653
0.006086
-0.003523
0.117709
-0.018577
-0.001441
-0.062936
0.059094
0.108740
-0.055890
0.105057
0.082636
-0.076548
-0.002082
-0.155176
-0.040036
0.005605
0.154864
-0.099128
-0.029146
-0.033950
-0.210422
0.033951
0.023221
-0.029146
-0.027064
0.110182
-0.043239
0.004004
-0.241327
0.020338
-0.044840
0.039556
0.166876
-0.012972
-0.119946
-0.203696
-0.003043
-0.035392
0.097850
-0.027385
-0.012651
-0.157738
0.128759
0.139650
-0.055570
-0.001281
0.017136
-0.003043
-0.045321
-0.024502
-0.094804
0.169919
0.127158
0.025783
-0.047723
0.004484
-0.104893
0.088081
-0.046281
-0.113060
-0.043399
0.062938
-0.110818
0.313581
0.079913
-0.042118
-0.023861
0.038915
0.049165
0.021780
0.094487
-0.154375
0.009769
0.030588
0.004164
-0.044520
0.032990
-0.028506
0.068863
-0.075587
-0.047082
0.022260
0.100252
-0.039075
0.016015
-0.137401
0.058934
-0.040997
-0.022260
-0.020178
-0.002722
0.196505
0.011370
-0.056050
0.078472
0.019698
0.011691
0.138689
-0.206739
0.023221
-0.003003
0.073414
0.129310
0.003003
-0.036873
-0.042713
-0.074413
0.040711
-0.048719
0.075583
-0.056394
0.006173
-0.006507
0.050388
0.013014
-0.167677
0.044715
-0.086759
0.034037
-0.094100
0.062902
-0.082755
-0.017686
0.011346
-0.003337
0.064571
-0.103944
0.133481
0.033870
-0.231241
-0.021523
-0.298307
-0.069074
-0.036373
-0.019354
0.077585
0.066573
0.174027
-0.039543
-0.165341
-0.029866
0.043381
0.059231
-0.117124
0.045049
-0.026362
-0.022858
-0.344352
-0.017018
0.050222
0.079587
-0.143151
0.016351
0.047385
0.032535
-0.129471
-0.007008
0.013515
-0.042879
-0.018353
0.023192
-0.007675
-0.034871
-0.048552
-0.143151
-0.179022
-0.042379
-0.045716
-0.028030
0.040544
0.111456
-0.047384
-0.034704
0.031701
-0.064236
0.047385
0.066406
0.002670
0.047385
0.105116
-0.051555
0.027363
-0.043881
0.086595
0.063236
-0.128636
0.017519
0.045717
-0.012180
0.183705
0.007008
-0.122630
-0.027196
-0.091765
0.022024
-0.059230
0.017352
0.126140
-0.195372
0.019855
0.084426
0.017352
0.001835
0.038709
0.074749
0.134149
-0.083756
-0.005506
-0.025861
0.033203
-0.071577
0.044882
-0.055226
0.145662
-0.251762
-0.119627
-0.059230
0.025528
-0.094100
-0.019354
0.065906
-0.045549
0.070744
-0.026195
0.043047
0.003504
-0.113287
-0.007008
0.041170
0.038535
-0.031124
0.144427
-0.105887
-0.026843
0.021244
-0.072622
0.015480
-0.005599
-0.044792
-0.073775
0.056321
-0.002470
-0.009881
-0.080033
0.031783
0.057803
-0.002141
-0.021573
-0.156770
-0.040511
0.020091
0.039523
0.137016
0.060932
0.004446
0.133228
0.015974
0.002635
0.002141
-0.024866
-0.056814
-0.051215
-0.019926
-0.059448
-0.033100
-0.014656
-0.029148
0.002635
0.003129
-0.033265
-0.078221
-0.344816
0.105232
-0.029313
0.065708
0.023549
0.047593
0.041005
-0.082832
-0.004117
-0.076739
-0.061425
-0.076904
0.047922
-0.216874
0.083988
-0.040840
-0.042816
0.008069
0.102762
-0.170602
0.215079
-0.089419
0.049898
0.050063
0.078388
-0.180976
0.034583
0.350459
-0.137504
0.068672
-0.014986
0.013010
-0.082174
0.006752
-0.042487
-0.088925
-0.005599
-0.034088
0.044628
0.006258
-0.007411
0.025361
0.035077
0.020914
-0.024372
0.088599
-0.061095
0.059614
-0.060766
0.003129
0.122853
-0.031289
0.356388
0.026513
0.056485
0.027666
-0.073775
-0.095183
-0.067518
-0.069000
0.066696
0.012351
-0.128282
-0.038699
0.042982
0.026513
-0.073116
0.027831
-0.074928
-0.051379
0.035571
0.071636
0.057638
0.062249
0.084646
0.043970
-0.007740
0.114125
0.099468
0.061920
0.002800
0.056321
0.057638
0.172918
0.014656
-0.081512
0.095302
0.042727
0.029848
-0.019242
-0.009242
0.010454
-0.013939
0.049848
-0.062119
-0.060604
0.014697
-0.069088
-0.069846
-0.060452
0.099242
0.042424
-0.101056
-0.065907
0.017727
0.029999
0.020454
0.060908
0.093787
0.129243
-0.036969
-0.033029
0.046969
-0.010454
0.080908
-0.028787
-0.065452
0.013030
0.058636
0.020909
-0.099693
-0.010000
-0.333000
0.098636
0.118030
0.033787
-0.142417
-0.107874
0.027878
0.025909
0.099242
0.009697
-0.250436
-0.099693
0.049242
0.021060
0.093181
-0.004848
0.115454
0.058181
-0.143780
0.036969
-0.118631
-0.093481
0.073787
-0.189837
0.138637
-0.063483
-0.083330
-0.128327
-0.171354
-0.102723
-0.006666
0.108181
-0.015151
-0.016969
0.051514
0.019394
0.004545
0.093333
0.060302
-0.229681
-0.023636
-0.068634
0.146819
0.073333
-0.139690
0.043787
-0.077270
-0.034847
0.003182
0.186517
0.028939
0.001212
0.035302
0.005606
0.110000
0.022575
0.040454
0.010303
0.022727
0.075454
0.016818
0.088636
0.099393
0.080605
-0.025302
0.120151
0.047878
0.000000
0.111212
-0.044241
0.099696
0.149092
-0.134993
0.060757
-0.071815
-0.012878
-0.131660
-0.020454
-0.029393
0.057878
-0.037423
0.004242
-0.157416
-0.042120
-0.053180
-0.134690
0.080908
-0.077270
0.039545
-0.046514
-0.123933
0.038861
0.017444
0.021416
-0.057340
0.162873
0.202944
0.105184
-0.056649
-0.069775
-0.025389
0.089466
-0.039896
-0.069948
0.026252
-0.031088
-0.204139
0.063213
-0.079619
0.053023
-0.220373
-0.203621
0.128501
-0.272700
-0.136094
-0.007945
-0.163727
0.051469
-0.061658
0.017271
-0.027979
-0.025043
-0.015890
0.106393
-0.101381
-0.042142
0.009845
-0.030225
0.146291
-0.026252
-0.043523
0.067877
0.160800
-0.034715
0.216935
-0.079792
0.015544
-0.046632
0.000691
0.034197
0.011054
-0.024007
0.032470
-0.199822
-0.063558
0.058377
0.004491
0.115374
0.083940
-0.048186
0.022453
0.076685
0.045769
0.055096
0.050087
-0.121587
-0.015371
0.034025
-0.063039
0.196208
0.072195
0.266680
-0.062867
-0.107080
-0.014508
-0.041451
0.068050
0.024007
0.020207
0.010190
-0.070293
-0.028497
0.098793
0.034197
-0.024698
0.151818
0.114856
-0.033851
-0.050604
-0.011744
-0.024007
0.104493
-0.134195
-0.061658
0.073922
0.056823
0.151646
-0.037478
-0.026943
-0.006736
-0.138167
0.103629
-0.065457
0.053196
-0.004318
0.068913
-0.062349
0.060968
-0.018826
0.051469
0.040933
-0.053713
0.075131
-0.030052
-0.060794
0.040588
-0.014335
0.015199
0.002418
-0.062694
0.117447
0.029189
-0.029361
0.017789
-0.012090
-0.037651
-0.017617
0.068222
0.016580
0.116631
0.071177
-0.104474
-0.130355
0.102111
0.053817
0.051292
0.006786
0.044347
-0.007417
0.039928
0.016887
-0.018149
0.044347
0.032984
-0.062811
0.055079
0.036614
0.162242
0.101321
0.005681
-0.035509
0.044505
-0.056972
-0.118519
0.071335
0.023199
0.049240
-0.018938
0.297978
0.052712
-0.039612
0.065338
-0.009627
-0.023041
0.021463
0.013257
-0.287530
-0.069755
0.133202
0.037877
0.077648
-0.046872
-0.117257
-0.104947
-0.035351
-0.059970
-0.078435
-0.033615
-0.035982
-0.018149
-0.028092
-0.028723
0.084276
0.050029
0.014362
-0.051291
-0.123253
0.108739
0.171712
0.078595
-0.030143
-0.095163
-0.024304
-0.182432
-0.004892
0.091063
0.030933
-0.034089
-0.012783
0.065969
-0.034404
-0.091533
-0.115521
0.010416
0.094851
0.270199
0.009153
-0.083169
0.079700
-0.059655
-0.078908
0.079384
0.108424
-0.017518
-0.003472
-0.101002
-0.135089
0.026514
-0.141402
-0.001263
0.043085
-0.004577
-0.025566
-0.065810
-0.066599
-0.149766
-0.099108
0.145671
0.072598
-0.080013
-0.022568
0.023199
-0.034562
0.004892
0.193019
-0.058392
0.001105
0.104951
-0.154184
-0.057445
-0.020516
-0.031721
0.102900
-0.043242
0.057762
-0.046872
0.034720
0.016887
0.073387
-0.112996
-0.008364
-0.068492
-0.250131
0.074649
0.016887
0.024146
-0.051291
0.036644
0.107979
-0.028175
-0.148199
0.079151
0.152605
0.092995
-0.065795
-0.059118
0.077197
0.112702
-0.005700
0.144624
0.010097
-0.003257
-0.118071
0.039575
0.013517
0.011237
-0.171975
0.286649
-0.092177
-0.216433
0.152442
-0.115628
0.075243
0.010586
-0.098366
0.001303
-0.017426
-0.045438
-0.052766
-0.151130
-0.076055
-0.011237
0.106187
0.152442
0.130617
0.112050
-0.016937
-0.010423
-0.135659
-0.008469
0.155048
-0.087129
-0.053906
0.047393
0.030129
-0.091852
-0.037132
0.087620
0.030292
-0.180443
0.071822
0.142832
0.035015
0.169706
0.069217
0.038761
0.002931
-0.129308
-0.045926
0.057490
-0.129634
-0.095435
-0.061235
0.068565
0.020846
0.203583
0.051302
-0.025732
0.049999
0.028012
-0.011237
-0.021172
0.141204
-0.085012
0.042670
0.125731
0.076220
0.166449
0.166123
-0.039901
-0.052603
-0.163018
-0.003094
0.019218
0.029315
0.081920
0.033712
0.003420
-0.001140
0.000977
-0.050812
0.049673
0.028826
-0.004723
0.019543
-0.119211
0.016286
-0.021660
0.007654
-0.019055
-0.030455
0.053093
0.034038
0.025406
-0.023940
-0.052278
-0.026058
-0.161879
-0.016612
0.059608
-0.025080
0.073288
0.011400
-0.011400
0.048696
0.008632
-0.076869
0.017589
-0.075078
-0.061723
0.010749
0.001303
-0.153899
0.085829
0.088598
0.018415
0.019392
-0.053614
-0.086205
0.161662
-0.009289
-0.047095
-0.052636
-0.023303
-0.008800
0.004400
0.022163
0.014829
-0.012385
-0.046443
-0.035525
-0.083435
-0.011081
-0.142587
-0.016296
-0.015155
-0.031451
0.082622
-0.038295
-0.126943
0.051822
0.103808
-0.001630
0.050518
-0.076916
0.028355
0.084415
-0.074635
-0.012385
0.000978
0.055407
0.009615
0.261727
0.017274
-0.091256
0.131838
-0.112441
0.060296
0.161662
-0.055243
0.053941
-0.156601
0.055244
0.121897
-0.065509
-0.065021
0.010592
0.076919
-0.015155
-0.012222
0.085230
0.088000
0.138194
-0.141935
-0.019066
0.096474
-0.100219
-0.039273
0.049703
-0.156275
0.046444
0.256512
0.052637
-0.020207
0.003911
0.089630
0.013852
0.051170
0.071867
0.094356
-0.127269
-0.088812
0.016459
0.033081
-0.073494
0.016785
0.020533
-0.122544
0.108697
0.139987
0.141779
0.112934
0.189693
-0.032755
0.107882
0.008800
-0.137861
0.050355
0.056548
-0.068443
0.045466
-0.026074
-0.104456
-0.169637
-0.125803
-0.026237
0.012874
0.015155
-0.110322
0.027052
0.156773
-0.002118
0.170951
-0.031614
0.014667
-0.015155
0.060133
0.042696
-0.022814
-0.146009
0.151232
0.061763
-0.051495
0.013200
0.133794
-0.036829
-0.115211
0.063067
0.159217
0.095334
0.078548
0.025096
0.104949
-0.063833
0.076442
0.034630
0.063835
-0.190697
0.019789
0.041971
0.028566
0.101019
-0.006383
-0.131016
0.023938
0.227577
-0.027129
-0.020746
-0.102132
-0.074525
0.031917
-0.041811
-0.164686
0.304345
-0.110271
0.064313
-0.034151
-0.131335
-0.118569
0.047397
0.198052
-0.003351
0.001596
0.073410
-0.180005
0.054578
-0.062397
0.041971
-0.155590
0.080751
0.025214
-0.044045
-0.064312
-0.021384
0.142034
-0.128143
-0.074525
0.042929
-0.059205
-0.085536
0.005107
0.171080
-0.062397
0.006064
-0.032236
-0.058248
0.029523
0.012767
-0.049471
0.022342
0.067824
-0.016118
-0.066865
0.045642
0.080272
-0.077557
0.037343
-0.008458
0.091922
0.090805
-0.015320
-0.096228
0.069420
-0.159101
0.010213
-0.122239
-0.021544
0.025214
-0.067025
0.092082
-0.070695
-0.062556
0.082985
0.071814
-0.012926
-0.029044
-0.101972
-0.052024
-0.049630
-0.005266
-0.057290
-0.018512
-0.029523
0.013884
0.162781
0.020108
0.080272
-0.024735
0.200924
-0.073887
-0.007181
-0.109632
-0.148250
-0.025214
0.057451
0.050908
-0.016118
-0.046917
-0.078355
-0.094472
0.101817
-0.004309
0.197892
-0.081068
0.123362
0.009894
-0.008937
-0.004468
0.006862
0.005905
0.077400
0.047557
0.123521
0.018831
0.006703
0.059366
0.029045
0.082347
-0.132452
0.186561
-0.071174
-0.102373
0.032166
0.051497
0.001237
0.176147
0.048404
0.081808
0.022424
-0.092167
0.016083
-0.033403
-0.007268
-0.052115
0.036342
0.126657
0.023197
0.049487
-0.033712
0.047322
-0.010825
0.034331
0.046858
0.008505
0.086757
0.151866
-0.022578
-0.059383
-0.047630
0.006495
-0.285923
0.001237
-0.048558
0.016547
-0.039743
-0.069280
-0.124950
0.026908
-0.024279
-0.015310
-0.107321
0.074695
-0.013918
-0.006650
-0.102837
-0.016083
-0.075466
-0.131290
-0.007578
0.059848
-0.008660
-0.021496
-0.006031
0.008042
0.172435
0.018248
-0.001392
-0.110414
0.170270
0.005567
-0.265357
-0.122785
0.053817
-0.097734
-0.019485
-0.065569
0.102996
-0.089229
-0.139022
0.201665
0.023351
0.248372
-0.074229
-0.079177
-0.053971
-0.125878
0.122946
-0.012835
0.022733
0.012217
-0.014691
0.074849
-0.021341
0.098201
-0.016856
-0.214020
0.103305
-0.058300
-0.206288
0.024743
0.003402
-0.144589
0.006959
0.003557
-0.070672
0.016083
0.003093
-0.077631
0.073457
0.107016
0.112893
0.032166
0.084747
-0.023815
0.006650
0.066189
0.140576
0.025517
0.125729
-0.052888
0.060003
0.090469
0.018867
-0.033712
0.104697
-0.042527
0.061240
-0.059692
-0.021496
-0.091084
-0.080259
-0.003248
-0.040053
0.056601
-0.146290
-0.043919
-0.108868
-0.052733
-0.138713
0.123263
0.043837
-0.170973
0.111616
-0.067452
-0.121478
-0.079908
0.127954
-0.012617
-0.061791
-0.088157
0.090910
0.116469
-0.023293
0.040278
-0.048204
-0.083304
0.052087
0.168072
-0.080716
-0.346141
0.064704
0.021352
0.026043
0.036558
0.121160
-0.067776
-0.113229
-0.065026
-0.014235
-0.055159
-0.003882
-0.085084
-0.025072
-0.006147
0.106277
-0.047233
-0.000485
-0.000324
-0.051600
0.073439
-0.158357
0.202367
-0.102876
0.043999
-0.057100
-0.020220
0.001132
0.015852
0.003073
-0.074408
0.036558
0.037852
-0.161592
0.015529
-0.056938
-0.001456
0.040925
-0.059203
0.086219
-0.098833
0.028146
-0.186016
-0.028793
-0.170973
-0.047395
-0.070202
-0.000971
-0.195397
0.012941
-0.051762
0.084116
0.079748
-0.018602
0.052896
-0.246024
-0.028955
0.043028
0.039146
-0.018440
-0.144123
0.006794
0.000647
0.028470
0.181176
-0.043189
0.008088
0.050307
0.048366
0.027176
0.023617
-0.048851
0.016176
-0.065673
-0.059041
0.035264
0.033484
0.055322
0.070528
0.040925
0.127469
-0.073761
-0.009705
0.048204
-0.074084
0.067939
-0.055483
-0.156092
0.031220
0.077160
0.075866
-0.157548
-0.063894
0.087836
0.070042
-0.055321
-0.032675
-0.013102
0.002912
-0.039145
-0.087995
0.129733
0.165969
0.013588
0.024587
-0.144123
0.047881
0.016338
0.043438
-0.041627
0.000302
0.022925
0.280397
0.049471
0.022322
-0.016138
0.187632
0.015987
-0.028053
-0.014932
-0.019305
-0.074506
0.088083
0.037254
0.023981
-0.067417
-0.032578
0.045097
-0.029863
-0.013876
-0.067568
0.021719
-0.107384
-0.047358
-0.033181
-0.041778
0.054146
-0.024886
-0.018250
-0.024433
0.058671
0.060180
0.284018
0.058219
0.006485
0.001056
0.010558
0.094267
0.043136
-0.014781
-0.095319
0.068324
0.053694
0.012066
-0.129404
0.011915
-0.014630
0.054901
-0.140112
-0.017194
-0.022473
0.085519
0.013876
0.066665
0.109199
-0.038912
0.051884
-0.077372
0.021417
0.081597
-0.059876
0.120511
-0.025791
-0.136794
-0.025338
0.156711
-0.047057
-0.020361
-0.182792
0.038159
0.055202
-0.009351
0.010105
0.002262
0.040421
0.034539
0.018702
-0.034237
0.062442
-0.004374
0.027450
-0.195008
0.122925
0.234693
0.084312
0.158521
0.006636
0.349333
0.044946
0.085519
-0.027601
-0.110250
0.014932
-0.101352
-0.110853
-0.024735
0.181599
-0.045850
0.043890
-0.020512
-0.123522
0.075715
-0.020964
0.084010
-0.005430
0.076771
-0.088231
-0.128499
-0.107384
-0.007843
-0.041325
-0.047811
0.114780
-0.020663
0.067721
-0.116132
-0.011613
0.012669
-0.107234
-0.137548
-0.098486
0.035444
0.103769
0.092004
-0.017797
-0.032427
-0.063741
0.057205
-0.037264
-0.089401
-0.142844
-0.002288
-0.084007
0.018469
-0.179289
0.003105
0.192703
0.072405
-0.072403
0.178973
0.045110
-0.198247
0.079597
-0.026804
-0.102475
0.078453
-0.353009
0.161975
0.065377
0.060474
0.025660
-0.011441
0.012095
0.065377
0.015037
-0.015690
-0.009480
0.087115
0.203655
-0.146766
-0.026477
-0.084661
-0.187624
0.089730
-0.004086
0.008172
-0.011114
0.058349
-0.122578
0.078453
-0.107869
-0.038899
0.073222
-0.109503
-0.023372
0.086298
0.020921
0.052302
-0.018959
-0.024679
0.204962
-0.031544
0.035140
0.083193
0.023045
-0.065212
0.062925
-0.056550
0.156254
-0.087439
0.125035
-0.026314
-0.016507
0.005394
-0.016834
0.065867
0.096432
0.006865
-0.082046
0.003596
0.046254
0.071098
-0.107052
0.064723
-0.000327
-0.074855
-0.066520
-0.118655
-0.025170
0.044293
-0.122741
-0.084824
0.001308
-0.010624
-0.110320
0.003759
0.050667
-0.094631
-0.087930
-0.011277
-0.073874
0.149062
-0.003432
-0.020920
0.023862
-0.137123
0.076491
-0.096755
-0.097899
0.018796
-0.095121
0.052628
-0.078287
-0.016834
0.017815
0.021247
-0.036937
0.071915
-0.054425
-0.090872
-0.055242
0.023372
-0.021738
-0.032198
0.003105
-0.110484
-0.020267
-0.074365
0.140726
-0.043638
-0.049359
0.044620
-0.151505
0.084664
0.012699
-0.000161
-0.054172
-0.019611
0.241777
0.079090
-0.118791
0.023791
-0.085678
-0.067674
0.084555
0.021219
0.000321
-0.021380
-0.087125
-0.103360
0.103846
0.247404
0.075553
0.045975
-0.010770
-0.112683
-0.049349
-0.045331
-0.035043
0.136319
0.063336
0.209625
0.071856
0.014467
-0.031989
-0.077319
0.114938
-0.041955
-0.115737
0.099988
0.081179
0.080858
0.079090
0.135354
0.012056
-0.064138
0.137122
0.117992
-0.030060
-0.008520
-0.072175
-0.012699
0.022987
-0.022505
0.112205
0.038902
-0.001929
-0.110272
0.032311
0.022183
0.006430
0.036651
-0.025077
0.010931
0.002893
0.007234
0.025398
-0.057226
0.109633
0.102721
-0.006430
-0.134222
0.013664
0.005305
0.031989
0.021380
-0.077962
-0.006912
0.006591
-0.126989
0.097255
-0.059155
0.059156
0.046296
0.033918
-0.026363
-0.093394
-0.013021
0.058513
0.101917
-0.040669
-0.041312
-0.036168
-0.175693
-0.244810
0.005787
0.027327
0.019772
0.011895
0.050154
0.101274
-0.014467
-0.254454
0.004340
-0.041473
-0.039544
-0.029095
0.113491
-0.058512
-0.090018
-0.034400
-0.134704
0.093879
-0.058030
0.074589
-0.034079
0.100470
-0.122970
-0.096608
-0.068639
-0.078766
-0.048064
0.099345
0.070570
0.038580
-0.015271
-0.088089
0.067676
0.034401
0.093397
-0.312799
0.117349
0.009840
0.023298
0.016931
-0.092466
-0.210396
0.120110
-0.051660
-0.144703
0.176116
0.038782
-0.039505
0.081472
-0.061645
-0.098544
0.004775
-0.087981
0.001158
-0.015339
-0.040518
-0.008682
0.403479
0.162078
0.077854
0.032270
0.166854
0.022719
-0.011287
-0.062947
0.013603
0.023298
0.070184
-0.125892
-0.043123
-0.107515
-0.005065
0.043268
-0.089862
0.238635
0.040663
-0.016786
-0.046885
0.013747
0.190298
0.051661
-0.031835
0.052819
-0.005209
-0.007380
0.187693
0.001592
0.039506
-0.031112
-0.062368
0.087550
0.005209
0.024311
-0.040807
0.111862
-0.024021
-0.019970
0.064251
0.057450
0.015773
0.141239
-0.090007
0.019970
0.053542
-0.012879
0.008682
0.126044
0.021127
0.027639
0.031981
-0.006078
0.000724
0.150066
-0.116487
-0.073655
-0.049490
-0.056435
0.159039
0.088129
-0.099702
0.003762
0.061646
0.080748
-0.049924
0.033572
0.029376
0.023298
-0.089138
-0.025468
0.015050
0.067724
-0.069603
0.000000
0.058173
0.002605
-0.042399
0.154987
0.057884
0.123584
-0.072063
-0.033138
0.067001
0.064685
-0.000724
0.036611
-0.065986
-0.081324
-0.021851
0.171195
0.041676
0.076552
0.134437
0.002315
0.017944
0.008827
0.011287
0.066566
-0.105924
-0.070038
-0.042833
-0.016931
-0.105055
0.134727
-0.177405
-0.077851
-0.010763
0.075155
0.026350
0.030247
0.046948
-0.054556
0.213036
-0.019670
-0.057525
0.087959
-0.070143
-0.057525
-0.035814
-0.000186
-0.028206
0.097609
-0.073483
-0.050473
-0.035628
-0.094822
-0.029134
0.014845
0.061423
0.022082
0.162930
0.034330
-0.007051
-0.079421
-0.051958
0.019299
-0.009278
-0.188714
-0.088328
-0.011134
-0.128408
-0.044350
0.107073
0.053629
-0.018000
-0.247348
-0.010948
0.177590
-0.104657
-0.071998
0.086103
0.011505
-0.012804
-0.072741
-0.017072
-0.016330
0.085732
-0.015402
0.010206
-0.087400
-0.004825
-0.093338
-0.072926
0.053443
-0.062164
-0.113378
-0.072741
-0.146407
-0.189085
-0.153087
0.022268
-0.130635
-0.014660
0.098722
0.158476
-0.005196
0.009093
0.053629
0.078309
0.095753
-0.058081
0.028206
-0.050473
-0.170900
-0.007051
-0.089441
-0.072184
-0.000371
0.072742
-0.054927
-0.229349
0.007608
0.130640
-0.110780
0.010392
0.027464
0.081464
-0.078122
-0.102616
0.150682
0.077753
0.038412
-0.152902
0.022825
-0.079977
-0.020969
-0.009093
0.002041
-0.042308
0.008165
0.106145
-0.021525
0.061237
-0.050844
0.139548
0.031546
0.073670
0.048247
0.034515
-0.066431
0.151796
0.007794
-0.020226
-0.043793
-0.028206
-0.086472
0.157548
-0.107997
0.027093
0.145301
-0.033216
-0.124511
-0.177766
0.162373
-0.019082
0.108359
-0.046171
0.071557
-0.109207
0.047534
-0.100859
-0.011756
-0.048556
-0.011415
-0.058607
0.058098
0.081439
0.007326
0.014311
-0.027430
0.115515
-0.014652
-0.148731
-0.108695
0.089447
-0.007837
-0.063207
0.054690
0.176852
-0.028111
-0.054859
0.265282
-0.074792
-0.011074
0.127271
-0.020956
0.055031
-0.122665
0.006304
-0.012608
-0.005111
0.065764
-0.092170
-0.001363
0.029815
0.086891
0.042764
-0.118066
-0.006474
0.120456
-0.025385
0.063720
-0.069000
-0.088081
0.071728
-0.153161
-0.013800
0.081950
-0.264065
0.100181
-0.112103
0.085699
-0.078029
-0.013289
0.023341
0.062357
-0.104607
-0.287574
0.043105
-0.082118
-0.011074
0.001704
-0.105629
0.029134
0.091832
0.023171
0.007667
-0.016867
-0.011074
-0.162701
-0.002385
0.058438
-0.087229
-0.006645
0.156236
-0.170367
-0.061674
-0.041400
-0.057415
0.035949
0.102055
-0.001533
0.089106
0.018230
0.203261
0.177704
0.026067
-0.029815
-0.023341
0.201387
0.058438
-0.027259
-0.153161
0.006985
-0.088081
0.003407
-0.034756
0.014482
0.064061
-0.031178
0.008689
0.070705
-0.027089
-0.029645
0.039186
-0.269857
-0.039356
0.049408
-0.072407
0.010733
0.038164
0.047194
0.015674
-0.051963
-0.044467
0.072239
-0.033563
-0.017378
-0.069852
0.024704
0.008689
-0.059800
-0.046214
0.024400
-0.034741
0.105357
-0.075622
-0.008079
-0.145102
0.044437
0.052678
0.090168
0.089360
-0.024723
0.012442
0.048962
-0.100021
0.016967
0.021814
-0.112301
-0.103091
-0.003555
-0.015512
-0.049607
-0.003878
0.037004
0.186802
-0.040397
-0.139447
-0.119249
-0.144133
0.105842
-0.032156
-0.169824
-0.143486
0.001777
-0.043790
-0.042982
0.016644
0.093238
0.100025
0.024723
-0.070451
0.093400
-0.042821
-0.008079
0.043791
0.007918
0.098247
-0.229445
-0.047506
-0.013250
-0.152535
0.003070
-0.202462
-0.047345
0.173551
-0.022622
0.021007
-0.000485
-0.079015
0.002909
-0.059787
-0.029409
-0.082409
-0.082085
0.128142
-0.187113
-0.121835
0.009211
0.000970
-0.063019
0.010988
0.022622
-0.024723
-0.031348
0.000808
0.089360
0.031025
0.025693
-0.020845
-0.030863
-0.015189
-0.100829
-0.103576
-0.113432
0.184540
-0.116341
-0.085156
0.079502
-0.020522
0.302348
-0.107131
0.020522
0.038458
0.016644
0.024238
-0.154312
-0.093881
-0.002585
0.032964
0.077887
0.084512
-0.050900
-0.012119
-0.042497
-0.042013
-0.031509
0.038135
0.107458
0.159007
0.169511
-0.054293
0.010503
-0.028601
-0.013412
0.061566
-0.077884
-0.094204
-0.060756
-0.038781
-0.015028
0.098409
-0.053647
0.102449
0.121840
0.178237
0.009857
-0.099375
-0.044921
0.111941
0.005264
-0.115270
0.060707
-0.035792
-0.039477
-0.080005
0.111590
-0.126499
-0.038248
0.023335
0.053865
0.038249
0.028950
0.030178
0.068252
0.162474
0.054040
-0.020703
-0.105270
-0.303693
-0.038424
-0.068601
0.087026
0.081411
0.011404
0.034740
-0.035617
0.032459
-0.014212
-0.032459
-0.065794
-0.125271
-0.007018
-0.023160
0.078428
-0.111586
0.145103
0.219500
0.038951
-0.010352
-0.167904
0.020704
-0.095620
-0.002105
0.027897
0.020528
-0.050530
0.099659
-0.029827
0.035617
-0.085444
0.005790
-0.022107
-0.036143
0.057900
-0.126323
0.048250
0.093167
-0.008422
0.076323
0.009825
0.085096
-0.000526
0.011054
0.054215
-0.038073
-0.027546
0.080183
-0.032634
0.106853
0.054742
-0.011580
-0.014563
-0.068426
0.017370
-0.038073
-0.005965
-0.047372
0.243012
-0.207027
-0.112814
0.032283
0.073165
0.092290
-0.001404
-0.033511
0.064918
0.008422
-0.009474
0.005965
0.234239
0.051233
0.027897
0.087903
0.162649
0.030880
-0.035266
-0.181764
0.212481
0.070533
-0.079830
-0.057373
0.027195
0.038951
0.072112
0.023335
-0.096848
-0.064390
-0.068426
-0.090357
0.280212
-0.100182
-0.130885
0.034564
0.107905
-0.015089
-0.018247
0.010001
-0.041757
-0.095269
0.002983
0.012457
0.017721
-0.020528
0.077727
0.099133
-0.072987
0.026044
0.046113
0.043355
-0.101874
-0.089619
-0.071849
0.048258
0.043355
-0.015013
-0.160699
-0.002758
0.002145
0.017618
0.022367
-0.096359
0.060820
-0.022060
0.189359
0.145848
0.002604
-0.020988
-0.099577
-0.084564
0.042283
-0.265018
0.016086
0.112143
0.059595
0.175877
-0.022520
-0.073074
-0.209106
0.035236
-0.028188
0.030487
0.010111
-0.049942
-0.163457
0.081349
0.014707
-0.037074
-0.076291
0.089009
-0.019303
0.009345
0.043662
0.092993
-0.368567
-0.022826
0.032631
0.039219
0.017618
0.046266
-0.013635
0.100500
0.086711
0.012103
-0.024511
0.100500
-0.038452
0.093759
0.047951
-0.104479
-0.037227
0.142325
0.104176
-0.065874
-0.029720
0.033397
0.000460
-0.014707
0.058829
0.118731
0.159177
-0.000919
-0.149210
-0.090691
0.025584
0.010111
0.023439
-0.093908
-0.031099
-0.034010
-0.001072
-0.105398
-0.160699
0.060667
-0.046572
-0.003064
-0.188120
0.010111
0.038606
-0.007966
-0.068478
-0.060666
0.101419
-0.015933
0.099887
-0.076138
0.023133
-0.060972
0.004136
-0.040903
0.008426
-0.004596
0.001379
-0.024818
0.076140
0.210349
-0.102640
0.107853
-0.002451
0.064497
-0.017311
0.174958
0.057143
0.094525
0.071391
-0.005822
0.094218
0.024512
0.037380
0.099121
0.003217
-0.121789
0.074608
0.024665
-0.112445
-0.004850
-0.059166
0.051569
-0.106045
-0.000323
0.025704
-0.049467
-0.029098
0.191894
-0.013256
0.045103
0.077112
-0.186061
0.031847
-0.057388
0.134987
-0.160521
-0.029745
0.181870
-0.078079
0.016004
0.112839
0.231018
0.072585
-0.094568
0.125772
-0.060621
-0.049467
0.153255
0.003556
-0.100387
0.065957
-0.040576
-0.002263
0.055611
-0.060621
-0.035888
0.018106
-0.103459
0.086973
-0.148882
0.147920
0.011801
0.160692
-0.053023
0.004850
-0.073068
-0.016489
0.053024
0.072908
-0.052053
-0.036211
-0.124796
-0.009376
0.069675
0.005820
-0.103782
0.116719
-0.158096
-0.013094
-0.190587
0.015357
0.179930
0.007921
0.113162
-0.002263
-0.021177
-0.071128
0.012609
-0.058196
0.002425
-0.005981
0.029907
-0.003233
-0.031038
0.120922
0.253814
0.038798
0.031362
0.065634
-0.018591
-0.038151
-0.016004
0.028613
-0.031200
-0.032655
0.079860
0.084871
-0.057064
-0.029583
-0.223401
-0.192688
-0.028775
0.081476
0.014388
0.046073
-0.074200
-0.035403
-0.113319
0.113809
0.104594
0.047043
0.046396
-0.026188
-0.138537
0.009376
-0.002910
0.025865
0.064179
-0.102489
-0.189456
-0.048012
-0.049628
0.033302
-0.038959
0.067574
-0.111056
-0.109278
-0.130293
0.047689
-0.058034
0.018752
0.048013
-0.003880
0.023279
0.026512
0.021824
0.029583
-0.045477
0.051921
0.008838
0.137723
-0.042715
0.006812
-0.063888
-0.025408
-0.008101
0.015466
0.061496
-0.013441
0.062416
0.055420
-0.181902
-0.017123
-0.058917
-0.039033
-0.029459
0.007917
0.013625
0.065915
-0.097396
-0.007181
-0.120226
0.069781
0.084143
-0.183007
0.004971
-0.292732
0.049712
-0.160730
0.033325
-0.058733
0.025224
0.102739
-0.010679
-0.067570
0.064994
0.179519
-0.007733
0.028538
-0.040506
-0.086534
-0.041610
-0.051552
0.136618
-0.204916
-0.005155
0.042715
0.131278
-0.016755
-0.099974
0.010679
0.056524
0.096295
-0.013072
0.117469
0.062048
-0.145817
-0.041978
-0.008469
-0.177300
0.021542
0.055604
-0.004419
0.071438
-0.040506
-0.004787
-0.063888
-0.104209
-0.014545
-0.106970
0.019701
0.136250
0.062785
-0.032773
-0.087086
0.039770
-0.064256
0.071807
-0.085245
0.009390
0.099977
0.062600
0.009390
-0.074014
0.135145
0.059470
-0.134955
0.275267
0.074568
0.031116
-0.045292
-0.055603
-0.010679
-0.100895
0.011231
0.013993
0.035167
-0.009206
-0.045845
-0.004603
-0.039401
0.000736
0.131647
0.070334
0.053947
0.230707
-0.104577
-0.043820
-0.025040
0.022646
0.172707
-0.066650
-0.041978
-0.081379
0.019885
0.003130
-0.064624
0.123177
0.010126
0.066099
-0.006812
0.112314
0.043084
0.204009
0.141958
-0.089159
-0.071458
0.053923
-0.109645
-0.084406
0.009998
-0.029829
-0.010981
0.037861
0.040647
-0.003770
0.018848
-0.060150
-0.079653
-0.001147
0.094407
-0.070967
0.005245
-0.112431
0.016390
0.090309
-0.069492
0.155051
-0.041957
-0.094895
-0.076047
-0.008850
0.130138
-0.022290
0.040155
-0.162581
-0.035074
-0.041794
-0.060150
-0.024585
-0.006064
0.084081
-0.073261
0.186194
0.010653
-0.010981
0.125384
-0.042121
0.166689
-0.117840
-0.041138
-0.009506
0.043597
0.038516
-0.063428
-0.072442
0.022290
-0.202898
0.146692
-0.051136
-0.054250
0.011145
0.185374
0.010653
-0.127181
0.060479
0.074083
0.120795
-0.159140
0.076541
0.040319
-0.080309
0.009506
-0.108006
0.080967
-0.102106
0.165541
-0.001639
-0.010489
0.042778
0.001803
0.074247
-0.006720
-0.050808
0.042450
0.140955
0.039336
-0.020815
-0.015734
0.054906
-0.292705
-0.045235
-0.098009
-0.077686
-0.000656
0.012292
-0.230266
-0.051299
0.083753
-0.078178
0.029174
-0.096042
0.019832
-0.093092
0.168164
-0.105548
0.061626
-0.014751
0.118828
-0.302210
-0.042941
0.057856
0.030321
0.006064
0.039500
-0.035402
0.016554
-0.013440
0.067690
-0.059166
-0.018520
-0.093092
0.153248
-0.018684
-0.030976
-0.003770
-0.037696
0.096210
0.020979
0.083425
-0.039007
0.096210
-0.005081
0.011262
0.002946
-0.071212
0.024084
0.004678
-0.083860
0.052847
-0.013168
-0.103265
0.013688
-0.011436
-0.009356
0.065842
0.080917
-0.107770
-0.047994
-0.019579
-0.073811
-0.141382
-0.095642
0.012475
0.063763
-0.036906
0.012129
0.230627
-0.056311
-0.156975
-0.038811
-0.168584
-0.014728
0.087501
-0.176207
-0.038292
0.000866
-0.133932
0.007104
0.075372
-0.076583
0.015248
-0.212764
-0.029109
0.093219
0.062030
0.116091
-0.052846
-0.006584
0.072080
0.059258
0.018020
0.013515
0.005545
0.016634
-0.193013
-0.021138
0.058391
-0.000866
0.014728
0.079184
-0.004678
-0.074850
-0.113834
-0.048341
-0.120418
0.055099
0.049381
0.099977
-0.013688
0.016287
-0.140169
-0.118858
0.043837
0.004851
0.050941
0.095298
0.006584
0.039678
0.166687
0.086635
0.019233
0.031015
0.065322
-0.108463
0.069827
-0.041930
-0.088538
-0.180192
-0.142595
-0.132546
-0.005025
0.112625
-0.133759
-0.081434
-0.064974
0.102576
-0.029628
-0.004851
-0.043143
0.000173
0.063590
-0.115567
0.029455
-0.079182
0.007104
-0.010743
-0.034826
0.028589
0.114358
0.173618
0.162529
0.240851
0.024777
-0.013861
-0.000000
-0.036732
0.059258
0.076065
0.062030
-0.009703
0.039505
-0.191800
0.057698
0.065842
-0.151431
-0.029628
0.086461
0.027030
0.232187
-0.012302
0.026238
-0.094518
-0.031778
0.041882
0.004726
0.038460
-0.071541
0.052638
-0.243133
-0.000815
-0.086370
0.051823
0.160525
0.022163
0.036504
-0.016785
-0.003748
-0.000978
0.172260
-0.026889
0.092892
-0.095822
-0.182841
0.058994
-0.198484
0.140805
0.022652
0.188720
-0.072844
-0.015482
-0.175834
0.055409
0.081810
-0.039437
-0.036178
0.092892
0.067631
-0.012059
-0.017274
0.045794
-0.122221
0.009126
0.020045
-0.135095
-0.067467
0.042534
-0.008637
0.048564
0.080506
-0.085229
-0.027867
0.058342
-0.130858
-0.057526
0.039112
-0.002119
0.126627
0.067305
-0.122710
-0.022163
-0.126132
0.004889
-0.021022
0.112285
-0.069748
-0.053941
0.002282
-0.074800
0.017437
0.061764
-0.146665
0.169978
-0.008800
-0.001467
0.016297
-0.036504
0.145858
-0.044978
0.006519
0.036504
-0.059482
-0.056874
0.051334
-0.053452
0.071217
-0.228305
-0.023793
-0.132324
0.018578
-0.062415
0.184157
-0.205002
0.034549
-0.028682
-0.050682
-0.019882
-0.013526
-0.040578
-0.032593
-0.088000
0.026400
0.088166
0.041556
-0.034059
-0.190011
0.037156
-0.031126
0.027215
0.035038
0.153354
0.188068
0.136568
-0.051659
-0.065674
-0.023793
-0.048563
-0.028845
0.075291
0.052638
-0.121895
-0.028845
-0.008311
0.080017
0.030801
0.112774
0.029660
0.074639
-0.141287
-0.014839
-0.101160
0.059358
-0.093559
-0.020268
0.056644
-0.079987
0.009591
0.123785
0.072026
-0.084330
0.024974
-0.013573
0.000724
-0.030764
0.137901
-0.187839
0.025336
0.027507
0.051938
-0.010134
0.114555
-0.029498
0.151836
0.192375
-0.057728
0.011944
0.054834
0.063702
0.197081
-0.041080
-0.118532
-0.027145
0.023345
-0.022802
0.004343
0.056101
0.123604
0.125233
0.040718
0.005972
-0.018640
0.002172
-0.089397
-0.047956
-0.082339
0.074560
0.043795
0.009048
-0.074558
-0.077272
0.065149
0.053567
0.054834
-0.040718
-0.009229
-0.043794
-0.098445
0.160161
-0.074196
0.012487
-0.070758
-0.042527
0.068950
-0.033841
0.055739
-0.030041
0.076551
0.030765
-0.002172
-0.036012
-0.013573
-0.014296
0.169753
-0.148752
-0.022440
-0.342916
0.010858
-0.030041
0.008325
-0.022621
-0.043613
-0.068767
-0.198878
0.175182
-0.017011
0.099534
0.077817
0.050129
-0.012125
-0.031850
-0.103512
0.095372
0.118356
0.023526
0.052300
0.116003
-0.003076
0.043795
0.052481
-0.042346
-0.032936
0.078179
-0.024612
0.019002
0.003257
0.023707
0.177897
0.132834
0.031851
0.016106
0.026060
-0.002895
0.037823
-0.004162
-0.137171
-0.092835
-0.007601
-0.060081
0.028593
-0.002895
-0.034565
-0.101883
0.064787
-0.094283
-0.046508
0.375713
-0.011944
0.013987
-0.093140
0.102212
0.113740
0.130186
0.056408
-0.060403
0.017061
0.071471
0.015677
0.079617
0.031508
0.056408
-0.016599
0.063478
0.014601
0.066399
0.039501
-0.159842
-0.012296
-0.082689
-0.124186
-0.089912
-0.005841
0.044573
-0.212250
-0.041652
-0.155539
0.098062
0.005379
-0.035351
0.071625
-0.131102
-0.070240
0.016138
-0.128182
-0.062094
0.107130
-0.038732
0.087764
-0.170139
0.093758
-0.073621
-0.110968
0.104825
0.125268
0.055947
0.003842
-0.102054
0.098984
0.031201
-0.000307
-0.035658
-0.062094
0.068243
0.018444
0.049799
0.004304
0.135566
-0.105128
0.180756
0.014601
0.027051
0.041038
0.156932
0.009837
0.051490
0.121118
0.027051
0.048108
-0.158459
-0.013987
-0.017675
0.008761
-0.003842
-0.089605
-0.034121
0.042268
0.065477
-0.109739
-0.234073
-0.052872
0.088532
-0.012603
-0.183356
-0.293395
0.072701
-0.014755
0.022440
0.018905
-0.095599
0.065784
0.049184
-0.047185
-0.014755
-0.081306
-0.057790
-0.039039
0.070549
0.040577
0.132492
-0.027512
0.035197
-0.077309
-0.183971
0.072547
0.030894
-0.000615
0.081308
0.006148
0.125575
-0.226696
-0.011066
0.061173
-0.052872
-0.018136
-0.048722
0.008300
0.073777
-0.014601
-0.005994
0.049030
0.050414
0.017368
0.091453
0.096525
-0.122956
0.079464
-0.032188
-0.065978
-0.047241
0.021299
-0.036032
0.004804
-0.081191
-0.045160
-0.095283
-0.056369
0.006726
0.015694
0.016815
0.060054
-0.188320
-0.022900
0.040676
-0.013132
0.017295
0.026904
-0.014413
0.018737
-0.011690
0.004324
-0.213300
0.075748
-0.021139
-0.059412
-0.012171
0.056050
-0.073504
-0.005125
-0.031388
-0.052366
0.002082
0.011690
0.011210
-0.069020
-0.024181
0.084556
0.008968
0.006406
-0.049964
-0.014413
-0.029466
-0.059572
-0.001281
-0.068860
-0.000641
0.045801
0.071104
-0.000641
-0.296246
0.009769
0.036673
0.014733
0.050445
-0.170546
-0.216663
-0.061654
0.057011
-0.038754
0.030587
0.022100
0.099930
0.197622
0.029466
-0.146526
0.047082
-0.129552
0.124914
-0.016975
-0.001601
-0.089518
-0.014253
0.041797
0.286189
-0.009448
-0.080390
0.090001
0.018577
-0.085995
0.082474
-0.120744
-0.186078
-0.012491
-0.172147
0.005285
0.031068
-0.041797
-0.005925
0.149096
0.004804
-0.001922
0.067901
0.042118
0.230454
-0.139800
-0.069341
-0.103290
0.001922
0.044039
0.082154
0.072385
-0.024662
-0.080870
0.095286
0.135804
0.092564
-0.097525
0.020178
0.002562
0.022740
-0.103930
-0.039555
-0.065017
0.004324
-0.148608
0.009769
0.101852
0.010409
-0.015053
-0.034911
-0.016815
-0.076387
-0.051565
0.277220
-0.136437
0.020366
-0.158481
0.135530
0.031475
0.014256
-0.020181
-0.108309
-0.027587
0.057581
0.016108
-0.184956
0.007406
-0.030734
-0.006850
-0.087573
0.062580
0.090908
-0.007591
0.186633
0.098129
-0.017219
0.009998
0.014997
0.019626
-0.036289
0.237367
0.007591
0.090908
0.049990
-0.040177
0.064617
0.057396
0.074800
0.011109
0.019440
0.061840
-0.095904
0.050731
0.132197
-0.116270
-0.106828
-0.147373
0.037955
0.072578
-0.016293
0.008887
-0.039436
0.033141
0.136456
0.093871
0.062950
-0.048508
0.024995
0.023514
-0.009442
0.013886
0.042584
-0.037399
-0.113863
-0.040547
-0.163295
0.016663
0.039436
0.012590
-0.205876
0.010368
-0.013145
-0.037214
-0.002037
-0.015923
-0.202173
0.100166
0.000741
-0.005369
-0.014997
0.011294
0.124236
-0.027402
0.050545
-0.026661
0.128865
0.084798
-0.063319
-0.013145
0.034437
-0.187918
-0.092202
-0.051655
-0.032215
-0.045546
-0.079612
0.158490
0.043325
-0.071095
-0.015923
-0.154038
-0.021477
0.030920
-0.038881
-0.133673
-0.196619
-0.049804
-0.099422
0.024625
-0.053322
-0.062764
0.054248
-0.027402
-0.025365
0.019811
0.046102
0.393276
0.047583
-0.087388
-0.056839
0.002037
-0.042954
-0.003703
-0.037770
0.130161
0.008702
-0.097571
0.082021
0.034808
0.108683
0.120533
-0.000555
-0.094238
0.012427
-0.029168
0.013290
0.025026
-0.019503
0.032448
0.124788
0.046946
0.071800
0.069384
-0.082154
-0.004142
-0.062306
-0.064722
0.107183
0.089232
-0.055230
-0.079910
-0.039524
-0.071108
-0.014498
0.028651
-0.039179
-0.039351
0.124788
-0.005523
0.085263
-0.027787
-0.034864
-0.009320
0.039352
0.062480
0.005350
0.067658
-0.002071
0.067658
-0.044701
0.110290
0.006904
0.008802
0.062480
-0.012082
0.148607
-0.031412
0.038316
0.012254
-0.006559
-0.190192
-0.064722
-0.040042
-0.078011
-0.008112
0.077323
-0.041940
0.013808
-0.032965
-0.058509
-0.056092
-0.082671
-0.041250
-0.025371
0.081293
-0.013462
-0.021056
0.114432
-0.025199
-0.011046
0.132037
-0.098032
0.003970
-0.031239
0.019331
0.040732
0.230250
0.018122
0.018122
-0.316347
-0.061098
-0.019158
0.073353
0.013635
-0.099240
-0.070590
0.129966
0.196591
0.010701
0.322251
0.035727
-0.038488
0.169320
0.058510
0.021574
0.019331
0.038489
0.111843
0.028133
-0.097169
-0.011391
0.131520
0.223173
0.011046
-0.013635
0.086643
0.019503
0.017605
-0.127717
0.016051
0.029341
-0.095098
0.093375
0.209882
-0.008112
-0.004487
0.101142
-0.060752
-0.051950
0.078877
0.047291
0.012772
-0.037107
-0.050224
0.007594
0.076978
0.055231
0.119955
0.007594
0.239225
0.212816
-0.214922
-0.063523
0.010176
-0.074932
0.006784
-0.067377
-0.076165
0.022973
0.036079
-0.000463
0.190731
0.063987
0.009251
0.087423
0.025286
0.013106
0.103613
0.032070
-0.273352
0.123349
0.186876
-0.078015
-0.075086
0.004009
-0.072773
-0.194109
0.011410
0.065066
-0.024207
-0.007555
0.108701
-0.019889
-0.046100
-0.004471
0.000925
-0.001542
-0.068456
0.028061
-0.140611
-0.004780
-0.129664
0.060595
-0.051959
0.077093
-0.031607
0.035154
0.123041
-0.020815
-0.237122
-0.014185
-0.014956
-0.023898
0.031608
-0.048105
-0.016343
0.030991
0.001233
-0.019273
0.100837
-0.116097
0.138460
-0.001542
0.072929
0.170378
0.133526
-0.001542
-0.089424
-0.046871
-0.116560
-0.017577
-0.116405
0.104230
-0.056276
0.005242
0.023282
-0.007092
-0.058897
-0.011564
0.072004
-0.252693
0.199829
0.078789
-0.026211
-0.007709
0.048105
-0.129664
0.033612
0.015418
-0.037158
0.031762
0.048260
-0.044250
-0.063831
-0.003084
-0.019735
-0.263177
-0.057047
-0.005242
-0.006167
0.033766
-0.121493
0.065220
-0.016498
-0.015572
-0.031299
0.117952
0.051498
-0.016806
0.017885
-0.069844
0.073238
-0.172525
0.022973
0.217715
-0.033612
-0.003392
-0.028215
-0.021277
0.008480
-0.014185
-0.010022
0.087269
0.038700
-0.018348
0.052577
0.120882
0.094362
0.038700
0.039199
-0.101463
0.121587
0.098865
0.007978
-0.127999
-0.048911
-0.040412
-0.043361
-0.073366
-0.052726
-0.010927
0.034169
0.003122
-0.068510
-0.028445
0.174143
-0.196852
0.047524
0.021507
0.001908
-0.085333
0.030873
0.104242
-0.145342
0.037811
-0.033648
-0.011621
0.128005
0.017518
-0.017344
0.096783
0.050473
-0.042840
0.090019
-0.006071
-0.023762
0.011968
-0.054461
-0.069203
0.008846
0.035903
-0.070071
-0.017691
0.032434
-0.034515
0.047004
-0.207432
-0.032434
0.059318
0.085856
0.068338
-0.088629
0.081867
-0.045269
-0.067989
0.081693
0.130953
0.026711
-0.026363
0.067297
0.120893
-0.067642
-0.074407
0.148645
0.196345
0.050820
-0.054981
0.061226
0.053421
-0.025496
-0.035035
0.069378
-0.182111
-0.091750
-0.051512
0.206406
-0.022721
-0.019946
0.030700
-0.073539
0.084122
0.084815
0.020120
-0.151933
0.040066
-0.175520
-0.028271
0.042147
-0.064694
-0.013702
-0.065041
-0.004856
-0.134416
0.142054
0.104415
-0.166155
-0.089496
-0.047523
-0.190435
0.025323
-0.046830
0.165817
0.075623
-0.010927
-0.125224
0.021854
0.118465
0.073541
0.137024
0.049432
0.033128
-0.019079
-0.064000
0.004163
0.007632
0.014049
-0.099382
-0.026710
-0.092444
-0.074927
-0.099382
0.060879
0.257055
0.026884
-0.093138
0.163909
0.004683
0.213468
-0.056411
0.086186
-0.038652
-0.083050
-0.173932
-0.006094
-0.029076
0.138422
-0.031862
-0.136326
-0.036563
-0.004179
-0.090362
0.020719
0.054846
0.078351
-0.084965
0.080092
0.157575
-0.242353
0.057109
-0.208055
-0.001393
0.125014
0.226701
0.039698
-0.108121
-0.014625
-0.040916
0.125189
0.114219
0.133720
0.021242
0.014799
0.036389
-0.015670
-0.039697
0.098200
-0.073996
-0.191864
-0.076434
-0.000871
-0.149383
0.063029
0.089146
-0.030643
-0.012014
-0.009924
-0.020893
-0.013929
-0.030992
-0.011665
0.013929
-0.054148
-0.042657
0.016366
0.028032
-0.095411
0.043354
-0.175150
0.028380
0.021590
0.138596
0.035345
0.082182
-0.097501
0.037608
0.121706
-0.010447
-0.132670
-0.046139
0.119965
-0.002263
-0.008357
-0.089840
0.159490
0.005223
0.001741
0.040568
-0.012362
-0.086532
-0.061112
0.000348
0.048577
-0.191864
-0.082702
-0.049273
-0.056586
0.037260
-0.122223
0.071212
0.034126
0.073824
-0.038478
-0.089318
-0.021764
0.013929
0.060765
-0.042483
0.118224
-0.049273
0.109344
0.034126
0.125014
0.076088
-0.020371
-0.039523
-0.036737
-0.011840
0.068426
0.028032
0.033604
-0.267596
0.031514
0.004005
-0.042309
0.109344
-0.007661
-0.062505
-0.010098
-0.114041
-0.089840
0.011840
-0.096282
-0.009750
-0.114563
-0.044920
-0.066296
-0.073790
-0.120484
-0.007110
-0.027095
-0.036127
-0.001922
0.018640
-0.008071
-0.129708
-0.044582
-0.027671
-0.039201
-0.085704
0.056497
0.021522
-0.085512
0.210042
-0.143735
0.003267
-0.025365
-0.047656
-0.032475
0.022483
-0.196193
-0.098194
-0.027095
-0.048425
0.128368
0.067450
-0.055535
0.033629
0.042084
0.016718
0.115685
-0.075327
0.059187
0.129521
0.003075
0.056497
-0.034013
0.059187
0.074753
-0.083398
-0.024020
0.073792
-0.050923
-0.009224
0.122026
-0.058994
-0.150461
0.037856
0.204661
-0.020177
0.070909
0.037088
-0.092045
-0.107610
0.031131
-0.039393
0.093777
-0.047272
0.000576
-0.068794
0.075329
-0.001537
0.038433
0.014220
-0.080323
0.023828
0.118375
-0.060339
-0.120100
0.254819
0.090126
0.024597
0.093009
0.070717
-0.056880
0.009993
-0.002114
-0.061492
0.106076
-0.039970
0.037088
0.118183
0.058995
0.079749
0.007110
0.297099
-0.005765
0.040355
0.005381
0.044006
0.066297
0.039009
-0.135473
0.013836
-0.161990
0.203316
-0.001729
-0.027095
0.034782
0.045927
-0.051692
-0.135088
0.015565
0.037664
0.018256
0.005573
-0.249227
-0.021330
0.009032
0.110880
-0.088394
-0.037087
0.050347
-0.043621
0.088396
0.048041
0.003843
-0.064182
0.132596
0.100119
0.087051
0.006149
0.111457
-0.218290
-0.231445
-0.035324
0.062917
0.086643
0.050439
-0.102281
-0.068364
-0.134792
-0.160801
-0.021968
0.062565
0.022671
-0.106499
-0.059577
0.009314
0.004921
-0.004569
0.027416
-0.022847
0.176628
-0.059752
0.040773
-0.130750
-0.004745
0.245524
-0.080841
-0.038663
-0.044814
-0.041475
-0.007030
0.117223
-0.155178
0.096485
-0.062564
0.003163
-0.082950
-0.096833
0.070474
-0.032512
0.017574
-0.078556
0.147804
-0.038136
0.097539
-0.014762
-0.014235
-0.044463
-0.024780
-0.061158
-0.045166
0.014938
-0.057292
-0.070648
-0.008787
-0.012302
0.039894
-0.005800
0.058347
0.033391
-0.025131
0.118454
0.005975
-0.129345
0.095079
-0.114231
-0.088749
-0.053074
0.041476
0.245700
-0.028822
-0.273796
-0.059049
-0.073811
0.003339
0.030052
-0.034446
-0.001582
0.007908
0.040597
0.183834
-0.028998
-0.201923
-0.028822
0.007205
-0.075920
-0.114934
0.017223
-0.019683
0.038312
-0.007908
0.101406
0.081019
0.007381
-0.100699
-0.017399
0.030755
-0.013005
0.008084
0.106327
0.186646
0.060984
0.154658
0.082073
0.005975
0.197542
0.021441
0.050087
0.045518
0.099473
-0.101051
-0.111068
0.020562
0.007030
0.016344
0.100703
0.024253
-0.051141
-0.031985
0.017926
-0.098239
-0.064497
0.113181
-0.069769
0.001054
-0.174684
0.113357
-0.021089
-0.015641
-0.041759
0.012075
-0.036225
0.041089
-0.093915
-0.057523
0.011236
-0.004864
0.010230
0.103981
0.002516
0.015094
0.007547
-0.005367
0.028343
0.050480
-0.043604
0.134840
0.124945
0.071948
0.001845
0.085868
0.019622
-0.088716
0.011907
0.005534
0.032368
0.032200
-0.144393
-0.037399
0.044275
0.033039
-0.194031
-0.044442
0.002516
0.016100
0.022305
-0.410183
-0.003857
0.084358
-0.071107
0.001006
-0.129132
0.111192
-0.086871
-0.017442
0.045952
0.087042
0.116559
-0.080331
-0.076641
-0.024821
-0.056852
-0.139697
0.025827
0.067755
-0.050647
0.003019
-0.032367
-0.010398
-0.098443
-0.118735
-0.000671
-0.052995
-0.000503
0.030523
-0.187323
-0.014758
-0.036392
0.032536
0.184652
-0.059200
0.031697
-0.144728
-0.100791
0.022473
-0.185814
0.035890
0.005534
-0.127790
0.127461
-0.116051
-0.065908
-0.018616
0.017274
-0.082846
-0.024988
-0.070269
0.019622
-0.228073
0.184820
0.009056
0.035890
0.011907
-0.063225
0.043437
-0.009224
0.025156
0.023815
-0.006037
0.028175
-0.011236
0.054170
0.062220
0.000503
-0.021970
0.012410
0.075805
0.147084
0.044108
0.160669
-0.020628
0.040921
-0.147914
0.033542
0.017945
-0.096430
-0.055511
-0.090058
0.165700
0.006205
-0.058194
0.144232
0.099452
0.218196
0.095092
-0.026833
-0.011404
-0.071677
0.021520
-0.100801
0.202098
0.140124
0.128959
-0.024756
0.082520
0.070870
-0.046598
-0.113421
0.060514
-0.040774
0.046761
0.002589
0.152098
0.046276
-0.043524
-0.186551
0.230739
0.130253
-0.060513
0.075886
0.046437
-0.037376
0.044981
0.074753
0.149347
0.001618
-0.022005
0.105497
0.041907
0.070061
0.083653
-0.031713
0.073783
0.073135
0.051453
0.018931
0.024594
-0.014239
-0.211305
-0.065205
-0.084459
-0.191890
0.003721
-0.000324
0.036406
-0.173769
0.029448
0.022167
-0.016180
-0.034787
-0.049187
-0.010679
-0.046437
-0.105007
-0.020225
0.021520
0.000809
-0.006796
0.046599
-0.024270
0.104526
0.204525
0.017313
-0.019093
0.052910
-0.193346
0.000162
-0.071515
-0.035273
0.059058
0.003398
-0.026374
0.121354
0.026536
0.006957
-0.042392
-0.083650
0.193845
0.021358
-0.020387
0.004369
0.007119
-0.108081
-0.056792
-0.122966
0.009870
-0.023785
-0.035758
0.078637
-0.058248
-0.062293
0.036244
-0.267283
0.044819
-0.058086
0.025079
0.127179
-0.263400
-0.025079
-0.149501
0.032684
0.145949
0.159703
-0.045951
0.045790
-0.009870
-0.018931
-0.109214
-0.066661
-0.063749
-0.021681
-0.032846
0.025403
-0.001456
-0.027183
0.015695
0.085594
0.037862
0.072003
-0.113259
-0.003398
-0.058086
-0.046437
-0.035758
-0.011650
0.039159
0.027892
0.049503
0.102702
-0.142225
-0.092724
0.053936
-0.073330
-0.003325
0.031032
-0.052643
0.065758
-0.019395
0.012930
-0.143334
-0.014777
-0.118768
-0.140378
-0.091616
-0.087368
0.003879
-0.046547
0.115078
-0.047655
0.114893
-0.046917
-0.002771
-0.149798
0.008312
0.093096
0.060402
-0.163651
-0.105284
0.032879
-0.067419
-0.016070
0.026229
-0.130035
-0.005541
-0.177873
-0.046917
-0.067235
0.089217
-0.097157
0.019210
0.050796
-0.029369
0.048580
-0.003694
-0.049318
0.101778
-0.025121
0.160889
-0.150537
0.077026
0.014038
0.107504
0.241983
-0.010713
-0.017732
0.043592
-0.118583
-0.116736
-0.162727
0.048580
-0.106577
-0.149613
0.059293
-0.105469
0.017548
-0.064279
0.027338
-0.051165
0.089587
0.118588
-0.226449
0.131518
-0.093648
0.088294
-0.075916
-0.119137
0.032879
0.067051
0.019395
0.030293
-0.084782
0.134474
0.022720
-0.019764
-0.105100
0.056338
-0.019025
0.000369
0.152946
-0.000739
-0.073330
0.150360
0.127639
0.096976
-0.027153
0.022535
-0.006280
0.047656
0.059663
0.081829
-0.018286
0.076657
-0.073515
0.174558
0.125053
0.071115
0.019764
-0.050611
-0.004064
0.088848
0.054491
-0.052827
-0.052643
0.079058
0.028446
0.075364
-0.116367
-0.002771
-0.046362
0.102332
0.025306
0.095683
0.165137
0.222957
0.011139
0.073969
0.115218
0.030980
0.246802
-0.019493
0.068399
-0.029065
-0.042814
-0.004525
0.012879
-0.048905
0.090329
-0.001740
0.096943
-0.047165
-0.060740
-0.027325
0.111563
0.019493
-0.169338
0.005569
0.106516
-0.045425
-0.090501
0.040030
0.147418
-0.006440
-0.004351
0.075187
0.032546
-0.057433
0.028543
0.031850
-0.046121
0.006614
-0.028195
-0.132269
0.020711
-0.056737
0.258987
-0.005743
-0.097636
-0.176648
0.036027
0.024888
0.028195
0.092244
0.006788
-0.132965
-0.018622
0.073621
0.120788
-0.052734
-0.031327
-0.134880
-0.038637
0.041596
0.012705
0.025932
0.064744
0.063700
0.076406
0.081279
-0.062481
-0.057259
-0.109819
-0.100073
-0.118172
0.069096
-0.070486
0.042293
-0.005221
-0.019493
0.072925
0.061612
0.002959
0.032198
-0.209714
0.047514
-0.048557
0.041074
0.093636
-0.004351
0.187972
0.092070
0.052387
-0.096940
0.002089
-0.072575
-0.178736
0.038290
0.006962
0.101817
0.203463
0.072228
-0.122523
0.012009
0.329655
0.037767
0.106690
0.011487
-0.029587
0.093114
0.017926
-0.014968
-0.136446
0.026455
-0.018100
0.115566
0.034113
-0.074837
0.081453
-0.064221
0.022626
0.035853
-0.050472
0.023148
-0.073097
-0.001740
-0.075707
-0.032372
-0.012705
0.078146
-0.022625
-0.033590
-0.101639
-0.092157
0.005331
0.160520
0.050650
-0.110436
0.029704
0.031227
0.047984
-0.079400
0.141478
0.096730
-0.142234
0.084543
0.008188
-0.090634
-0.090063
0.079593
0.083972
-0.032750
0.152903
0.000762
-0.137664
0.084734
0.069120
-0.019041
-0.024944
-0.024753
0.149666
-0.075973
0.044747
-0.065691
0.008378
0.019803
-0.028942
-0.077306
0.008568
-0.083780
0.032180
0.011805
0.045318
-0.075211
0.091779
-0.235720
0.108536
0.010853
0.033132
-0.020183
0.055791
-0.010663
0.024563
-0.045889
-0.019993
-0.218584
-0.091777
0.125673
-0.039415
-0.009521
0.166042
-0.022659
0.013138
-0.031989
0.063027
-0.080162
-0.016566
-0.016375
-0.245239
0.075213
0.002095
0.100919
-0.162606
0.012948
0.031418
0.027229
-0.025896
0.091398
0.114439
-0.043985
0.020945
-0.024182
-0.041128
-0.012186
0.002856
0.211363
0.056552
-0.001333
-0.225628
-0.166034
0.025706
0.019612
-0.033512
-0.113102
-0.083018
0.000952
-0.080352
0.041510
-0.010282
0.120342
-0.043985
-0.092538
0.051602
0.047222
-0.079400
0.012758
0.071786
-0.048745
0.064740
-0.038272
-0.179552
0.093303
-0.004189
-0.042080
-0.003808
0.089304
0.147762
-0.026848
-0.009711
-0.059788
0.011425
0.068168
-0.165462
0.146048
-0.070070
-0.063596
-0.073117
0.105299
0.027229
-0.150611
0.158616
-0.136204
-0.049355
0.023719
-0.150155
0.041508
0.057204
-0.038368
0.032439
0.037845
-0.016045
0.163593
0.119990
-0.040984
-0.097140
0.046740
0.005406
0.019010
0.033311
-0.093129
-0.111615
-0.022149
-0.179104
0.036101
0.043949
-0.123125
-0.108650
-0.044123
-0.156782
0.044298
-0.007150
-0.125392
0.101154
-0.107603
0.095748
0.022498
0.006104
-0.108301
0.119990
0.231614
0.072552
0.059297
-0.164630
-0.031741
0.155047
-0.070980
0.009766
0.057379
-0.097140
-0.113533
-0.075340
0.101154
-0.008197
0.108131
0.079702
0.174232
0.017615
-0.003488
0.013255
0.010464
0.027381
-0.076387
0.031044
0.012731
-0.105162
-0.053192
0.034706
-0.010987
0.042205
0.030520
-0.006802
0.154175
-0.069760
-0.029822
0.017615
-0.008894
0.003662
0.165337
-0.010638
0.029997
0.082318
-0.121381
-0.000174
0.001570
0.094352
0.036973
0.158012
-0.101151
0.239114
-0.097140
-0.037147
0.111096
0.130804
-0.063656
0.010115
0.084237
0.080923
0.029125
-0.062261
-0.081967
0.072377
0.178243
0.028776
0.050228
-0.005232
0.031741
-0.015696
-0.046042
-0.144226
-0.029648
-0.000349
0.110049
0.018312
0.057379
0.191324
-0.089990
0.075168
0.070284
-0.074817
-0.014998
0.067320
-0.085978
0.003837
0.142838
-0.029474
-0.005232
-0.123648
0.140745
-0.079700
0.060282
0.082427
-0.114410
-0.051142
-0.028120
-0.030580
-0.040773
-0.010545
0.036732
-0.186463
0.016520
0.031283
-0.002109
-0.011775
-0.079262
0.063797
0.045695
0.045168
0.192275
0.143766
-0.009842
0.038841
0.069246
0.088051
-0.059578
0.017575
-0.030932
-0.020738
0.234634
-0.108786
-0.093497
-0.126888
0.124257
0.055361
0.137966
0.007733
0.028296
-0.090685
0.033392
0.046222
-0.049912
-0.050088
-0.014411
-0.001582
0.020914
0.006327
0.176808
0.118633
-0.006678
0.057822
0.025484
0.127596
-0.114059
-0.040422
-0.036028
-0.001230
0.070300
-0.184706
0.051495
0.223385
-0.100351
0.076276
-0.163969
-0.017575
0.000351
0.081548
-0.025132
-0.075922
0.111427
-0.115640
-0.147801
-0.003339
-0.027417
0.019508
-0.033568
-0.048858
0.228306
0.048507
0.047101
-0.041125
-0.024780
-0.069947
-0.073286
0.018805
-0.078734
-0.147977
0.001757
0.007557
-0.009139
0.092972
0.195087
0.047452
-0.009490
-0.008787
-0.041652
-0.075219
-0.156588
0.139723
0.179796
-0.182773
-0.008612
-0.100878
-0.072407
0.060810
-0.035677
0.019684
0.026714
0.116348
0.134451
-0.173459
-0.001230
0.012127
-0.030932
-0.019508
0.032514
-0.050615
-0.012830
-0.045167
-0.125130
-0.070123
0.017575
-0.075922
0.067137
0.039544
0.018102
-0.100351
-0.100702
0.066609
0.106583
-0.031198
0.104366
-0.132392
-0.098503
-0.030090
0.056538
0.058913
0.095497
0.025022
-0.096919
0.130339
-0.069522
-0.036266
-0.049568
0.070474
-0.134450
-0.019321
0.139208
-0.141101
-0.009185
-0.134292
0.086312
0.004751
-0.115922
0.014253
-0.073956
0.075859
-0.025655
0.033257
-0.145060
0.041017
-0.080608
0.029773
-0.028348
0.022013
-0.113388
-0.211887
-0.147752
0.065565
0.115452
0.212854
-0.027081
-0.016787
-0.128908
0.114185
-0.031990
0.005701
-0.063346
-0.001267
0.064139
0.003326
0.045927
-0.101195
0.098189
0.041017
0.124321
0.035316
-0.050519
-0.074432
-0.115130
-0.002851
0.086470
0.068891
0.087262
0.010769
0.009660
-0.048935
0.029615
-0.014095
0.218081
-0.121940
-0.006810
0.010769
0.049094
0.096289
-0.223288
0.018371
-0.023280
0.159639
-0.035632
-0.175623
0.006335
0.027398
-0.094227
-0.095810
0.088370
0.150611
-0.104995
-0.034999
-0.235006
-0.152345
-0.101353
0.006810
0.031832
-0.084725
-0.031990
0.088529
-0.092168
0.134140
-0.104520
0.029298
-0.001109
-0.009344
0.005701
0.114185
0.025656
0.117194
0.083936
-0.073481
-0.039592
0.023280
0.099615
-0.024388
-0.148228
0.043235
0.020588
0.050836
0.023755
-0.057012
0.054320
-0.057487
0.011719
-0.009977
-0.063029
-0.029615
0.018054
-0.006968
-0.054258
0.080164
-0.061084
0.007526
-0.002100
-0.005251
0.073863
0.074388
0.061960
0.023104
-0.028704
-0.007351
0.088040
0.007176
-0.059859
0.053384
0.046558
-0.175723
-0.209676
0.090491
-0.000350
0.015928
-0.130393
-0.070010
0.238047
0.071412
-0.026779
-0.089088
-0.021528
0.076663
0.053909
0.030455
-0.064935
0.040782
-0.026429
-0.057934
-0.012427
-0.071760
-0.048307
-0.126892
0.062661
-0.082787
0.037981
-0.076136
-0.039381
-0.016978
0.103968
0.114645
-0.045507
0.047258
0.051284
-0.084012
-0.274431
-0.077886
0.111320
0.077188
-0.100289
-0.030630
0.014877
0.170482
0.044107
-0.034830
-0.136343
0.027830
0.044632
0.002450
0.151753
0.145802
-0.027304
-0.153145
0.093291
0.038681
0.046383
0.099242
-0.039906
0.009276
-0.314683
-0.040256
0.057410
-0.025554
-0.118141
-0.033255
-0.089088
-0.085762
0.067561
-0.116216
0.156479
-0.021003
-0.029405
-0.051633
-0.057584
0.034481
-0.054608
-0.054958
-0.020478
-0.111666
-0.074036
0.049008
-0.210026
0.025554
0.000525
-0.039556
-0.160146
-0.009802
0.022754
-0.022403
0.021003
0.033430
0.036931
-0.116391
-0.149470
0.041832
-0.014702
0.168031
0.089791
-0.057058
0.022229
-0.046557
0.023104
0.005776
-0.061784
0.001050
-0.036406
-0.015052
-0.063009
0.021879
-0.107990
0.170657
-0.068502
-0.036236
0.022777
0.000173
-0.059702
0.183255
0.028816
-0.131654
0.074716
0.016910
0.042966
0.160995
-0.128720
0.046244
-0.047451
-0.127858
-0.178758
0.000863
0.021569
-0.086965
-0.015530
-0.252086
0.060221
0.039169
0.045554
-0.035545
-0.058667
0.196197
0.005177
-0.006384
-0.032785
-0.074541
-0.019671
-0.043137
-0.026573
-0.098525
0.120443
-0.038479
0.151504
-0.028816
-0.089035
-0.054871
0.035891
0.118890
-0.005522
0.163411
-0.070745
0.096630
-0.070400
-0.008628
-0.119403
-0.064016
0.044519
-0.046416
-0.177722
-0.035200
0.151331
0.053146
-0.047279
0.086795
0.007765
0.000173
-0.194804
-0.074196
0.022777
0.014322
-0.069365
0.061084
-0.061082
0.034165
0.111125
-0.024502
-0.008973
-0.000863
0.051593
-0.098525
0.029161
-0.013632
-0.001208
-0.052628
-0.076784
-0.000518
0.006730
-0.054526
-0.051765
-0.212230
-0.056424
0.017945
0.015185
0.011906
0.102497
-0.174444
0.132177
0.012769
-0.030887
0.318374
-0.204984
0.024157
0.045209
-0.041239
-0.061945
0.017945
0.113023
-0.040204
-0.041757
0.017428
0.066606
0.035028
0.013114
-0.097317
-0.093349
-0.130963
0.059703
0.044519
-0.117678
-0.008282
0.010871
0.004659
0.011734
-0.136657
-0.019153
0.059876
-0.032785
0.013632
-0.005867
0.010526
-0.171856
0.030024
-0.074230
-0.078172
0.054305
-0.009635
0.042699
-0.118023
-0.088244
0.015328
-0.148240
0.028904
0.012919
0.022773
0.033065
-0.008978
-0.047297
-0.071603
-0.169698
0.040948
0.185254
-0.036349
0.008102
-0.082332
-0.027152
0.016642
-0.066785
0.067881
0.054743
0.112771
0.024744
0.083429
0.057371
0.107735
0.132261
-0.061311
-0.194003
-0.057808
0.031751
-0.093937
0.083648
0.113647
0.089998
0.157224
-0.082113
-0.037225
0.036130
-0.097659
0.173867
0.060217
-0.031313
-0.107513
-0.115834
0.088246
0.000219
-0.061092
0.067225
0.069633
-0.012043
-0.156123
-0.111892
0.053429
-0.234729
0.077297
-0.136854
0.132261
0.094377
0.059122
0.020145
-0.194003
0.082991
-0.065472
0.113209
-0.066566
0.016642
0.043356
-0.014671
0.026058
0.157443
0.104450
0.030437
0.002847
-0.065909
0.059998
-0.018612
0.055838
-0.012919
0.014452
-0.046859
0.094596
0.008102
-0.075325
0.038539
-0.029123
0.079706
0.060655
0.057590
0.021459
-0.063063
0.079925
-0.170793
-0.045765
-0.066566
0.099195
-0.083646
-0.011386
0.017956
-0.092842
0.023868
0.266059
-0.008540
0.042918
0.059998
-0.062625
0.063721
-0.217869
0.147808
-0.058903
0.046203
0.110801
0.011824
0.075108
-0.034597
-0.103791
-0.087806
-0.069851
-0.049049
0.020583
0.074232
0.024306
0.009543
-0.010603
0.063796
-0.017848
0.036758
0.250066
0.020146
0.067684
0.141731
0.031279
0.028982
0.145266
-0.006008
0.073339
-0.027745
-0.099667
0.007069
-0.012900
-0.109563
-0.081996
-0.270366
-0.086060
-0.109386
0.000707
0.126179
0.064326
-0.049657
-0.138897
0.042589
-0.003358
0.076343
0.058494
-0.207106
0.017318
-0.001414
0.083765
0.159580
0.142615
-0.119812
-0.084470
0.014314
0.080584
-0.090125
-0.080759
0.072278
-0.050541
-0.022266
0.042943
-0.177243
0.028805
0.045947
-0.220889
0.080231
0.050188
-0.139604
0.100377
0.070511
0.017672
0.016435
-0.047360
-0.011310
-0.006362
0.021560
-0.033223
0.006892
-0.030749
0.033400
0.034637
0.025801
0.051779
-0.164873
-0.086590
-0.026508
-0.000707
-0.037287
-0.091008
-0.154447
0.083942
0.013431
0.022267
0.053193
-0.121403
0.019439
0.037995
0.176016
-0.025977
0.006539
-0.031456
0.107977
-0.038171
0.058671
0.186620
0.012370
-0.039408
-0.099667
-0.075634
-0.166640
-0.009896
0.040115
-0.016611
-0.002651
0.074399
-0.001944
0.076343
0.023150
0.032163
-0.034283
0.187857
-0.083056
-0.111153
-0.008129
0.107270
-0.005125
0.003004
-0.132535
0.039232
-0.061144
-0.033223
-0.115394
0.051249
-0.011487
-0.101964
-0.128294
-0.019616
0.026685
0.196693
0.003004
-0.046123
0.091937
-0.059822
0.046243
0.080743
0.123317
-0.005322
0.021287
-0.037068
0.091570
0.038353
-0.006239
-0.007157
0.049730
0.012845
-0.015781
-0.046426
-0.167534
-0.013763
0.015231
-0.093402
-0.027525
0.088450
-0.034499
0.044041
0.075054
-0.025140
-0.006239
-0.037618
-0.169186
-0.128083
-0.037618
0.040188
0.013763
0.044408
0.167360
0.035967
-0.051381
0.218194
-0.043307
0.083128
0.023122
0.073219
0.007707
0.066613
-0.003670
0.028260
0.097442
-0.106981
-0.021837
-0.035967
-0.217077
-0.055785
-0.051748
0.082027
0.088450
0.070283
0.056887
-0.044591
-0.008074
-0.007891
0.021837
0.006239
-0.042389
0.093772
-0.026241
0.284628
-0.093402
0.194337
-0.110100
0.028076
0.144971
0.051198
0.056520
0.016148
-0.081842
0.107719
-0.061290
-0.077254
-0.084778
0.089551
0.044592
-0.044041
-0.061473
0.107352
-0.048812
-0.170470
0.112857
-0.063859
-0.004037
0.011744
-0.137441
-0.045142
0.017066
-0.052665
0.043858
-0.063125
-0.027158
-0.030461
0.274718
-0.156708
-0.037802
-0.034499
0.060373
-0.004955
-0.069364
-0.022387
0.002753
-0.017983
-0.121110
-0.053032
0.049913
-0.042022
-0.031746
-0.023305
-0.256528
-0.020369
-0.009542
-0.023488
-0.018717
0.114509
-0.073034
-0.022938
-0.035783
0.061658
0.055235
0.076522
0.280774
-0.066244
-0.040597
-0.052445
0.181234
0.001554
0.030108
-0.025640
-0.069927
0.025058
-0.086243
0.010101
-0.073618
0.059828
0.088965
-0.027194
0.038072
0.034381
0.118879
0.070900
-0.050503
-0.026611
0.094598
-0.037683
-0.005050
-0.017288
0.133254
-0.098092
-0.017482
0.011849
-0.032244
-0.020590
-0.028942
-0.085660
-0.001554
-0.044870
-0.005439
-0.005439
0.050504
-0.238523
-0.069927
0.071871
-0.141601
-0.020201
-0.042928
-0.187634
0.215618
-0.079639
0.068569
-0.092070
-0.094790
0.049144
0.046036
-0.168211
0.134614
0.003691
-0.104501
-0.004273
-0.045064
0.043317
0.027388
-0.011849
0.164334
0.011266
0.125095
-0.034187
-0.064100
0.020590
0.034964
-0.021755
0.075562
-0.013597
-0.255032
0.029719
-0.023503
-0.004079
0.034964
0.085663
0.217366
-0.022338
0.050892
-0.080222
-0.063323
0.134808
-0.020784
-0.090516
-0.000000
-0.038460
0.011655
0.123541
0.097318
0.031662
-0.130723
-0.010489
0.030496
-0.103336
-0.137910
-0.137327
-0.130529
-0.019619
0.007770
-0.077502
0.072454
0.031856
-0.153255
0.097706
-0.109746
0.102562
0.147240
-0.063129
-0.045258
0.093627
0.102951
-0.182778
0.143549
-0.020590
-0.095178
0.015734
-0.132277
0.039043
-0.097703
-0.062352
0.009324
0.173659
-0.058467
0.000194
0.040403
0.010878
0.095958
0.022338
-0.064464
-0.064626
-0.042325
-0.107276
0.065116
-0.081230
-0.090672
-0.043301
-0.011070
-0.049650
-0.021651
0.044442
0.090675
-0.035325
-0.114601
0.090675
0.056814
0.146839
-0.180038
-0.043301
0.006186
0.030279
-0.025069
-0.123228
-0.041674
0.007000
-0.004721
-0.067719
0.114280
-0.060882
-0.112485
0.073256
0.134304
-0.023604
-0.095555
0.094582
-0.014000
0.050302
0.003093
-0.053394
-0.023279
0.000163
-0.075858
0.080582
-0.019372
0.000163
0.043790
-0.182968
0.009605
-0.017418
-0.097020
-0.028976
-0.020349
0.136909
-0.022302
0.000163
-0.011558
-0.059906
-0.117694
0.018721
0.167026
-0.059417
0.154491
0.120629
-0.015628
0.072442
0.185911
-0.139832
-0.147971
0.089861
0.133490
-0.035325
0.014325
-0.063975
0.058442
0.067721
0.230844
-0.112159
-0.005372
0.093605
0.018070
-0.040371
-0.060068
-0.089369
0.066581
0.045418
-0.093602
0.013674
-0.029302
0.010093
-0.102880
0.037767
-0.007000
-0.037116
0.079442
0.054372
0.169143
-0.109066
-0.059743
0.133490
0.030930
-0.010418
0.000977
0.027023
0.005698
-0.095881
0.049000
0.002930
-0.068208
0.008628
-0.027023
0.021325
0.040372
-0.009442
0.135118
-0.036464
0.019697
0.060558
0.103373
-0.061533
0.042814
-0.029627
0.040372
-0.066743
-0.114926
-0.054045
0.426540
-0.139506
0.036110
-0.091036
0.008137
0.007629
0.006612
-0.112057
-0.087476
-0.025768
-0.105954
0.012376
-0.052384
0.041705
0.041535
-0.086967
0.036619
0.060523
-0.029498
-0.013054
-0.217328
0.090700
0.360442
0.185810
0.188692
0.023395
0.010680
0.183267
0.035940
-0.036449
0.012884
-0.000339
0.016275
0.176485
0.038144
0.004408
0.043739
0.042213
0.052724
-0.114599
0.010680
-0.044077
-0.212243
0.082053
-0.042043
0.045265
-0.148165
0.037297
-0.053062
0.014749
-0.163930
0.046112
-0.060521
0.030685
0.140374
0.055776
0.120707
0.035771
-0.152572
0.115113
-0.039331
-0.044077
-0.030515
-0.071201
-0.166473
0.138170
0.027972
0.000000
0.012715
-0.017122
-0.077982
-0.021361
-0.184950
-0.021022
-0.005086
0.010002
-0.028989
0.000509
0.079849
-0.066116
-0.135451
-0.094426
-0.026107
0.101889
0.007290
-0.006273
-0.057300
-0.054079
0.012376
0.053233
-0.135112
-0.031193
0.150207
-0.045264
0.092734
0.046790
-0.020513
0.047299
-0.009494
0.111552
-0.127822
-0.036957
0.045265
-0.081203
0.004577
-0.045942
-0.042552
-0.027125
0.024073
-0.040517
0.043230
0.126641
-0.005594
0.067134
-0.003221
0.083579
-0.209700
-0.008137
-0.034923
0.025938
0.095447
0.061540
0.012037
-0.151555
0.103923
0.017123
0.070356
-0.030685
0.090869
-0.050689
0.024478
-0.047723
0.069277
0.026633
-0.102680
-0.094059
0.071278
0.021553
0.002155
0.029096
0.042489
-0.033714
0.021091
0.000924
-0.007697
0.100221
-0.007851
0.030482
0.042336
0.039257
0.003541
-0.084515
-0.009853
-0.110685
-0.252767
0.034638
0.057576
-0.023246
0.001847
0.041720
-0.007543
-0.013239
-0.144705
0.019243
-0.017858
-0.018166
-0.060192
-0.005542
0.041104
0.084364
-0.003387
0.028326
0.097450
0.116078
0.008313
-0.038024
0.097142
-0.158560
-0.011084
0.044645
-0.092674
0.078668
0.065736
-0.043412
-0.132544
-0.054496
-0.063733
-0.136547
-0.019243
0.007082
-0.094829
0.004772
0.051726
0.110382
0.136708
-0.197197
-0.133314
0.095910
0.078976
0.074973
-0.055112
-0.057575
0.030020
0.040026
0.011700
-0.012008
-0.329116
-0.010622
0.035870
-0.018320
0.029404
-0.077126
0.045568
0.086981
-0.055574
0.099297
0.064042
0.053728
0.005696
-0.287094
0.013855
0.024324
0.039872
0.045876
0.054190
0.034946
-0.143628
0.018012
-0.015395
0.004157
-0.000616
-0.000462
-0.121922
0.066506
-0.043566
0.050803
0.034176
0.098066
-0.114225
0.178738
0.027095
-0.018012
0.038025
-0.004926
0.069431
-0.003079
0.010314
-0.093751
-0.050340
-0.200584
0.085903
0.066813
0.087443
0.209221
-0.011084
0.041258
0.293438
-0.136393
-0.040291
-0.087297
0.110804
-0.014194
0.033119
-0.010225
-0.114309
0.014194
0.177044
0.001831
0.118893
-0.025945
0.072953
0.106073
-0.002289
0.018772
0.085621
0.051738
0.001526
0.164224
-0.028540
0.286482
0.029150
-0.030982
-0.038002
-0.070356
0.017246
-0.050364
0.063490
0.015872
0.067459
-0.014194
-0.158109
-0.014041
0.000153
-0.029303
-0.083176
0.122709
-0.019383
0.020909
0.006257
-0.283856
-0.081803
0.003358
0.058149
-0.076919
0.018620
-0.008394
0.045939
-0.039070
0.001068
0.077074
0.107599
-0.028234
0.232602
-0.048838
-0.189546
0.156897
0.025793
-0.024114
0.067306
0.021825
0.070969
-0.099048
0.053723
0.078753
-0.046548
-0.084550
-0.004579
0.081958
-0.096454
0.225276
0.005800
0.020451
-0.057842
-0.001984
0.193223
0.033729
-0.045633
-0.031897
0.212913
0.053265
-0.025793
-0.120872
0.102104
-0.065625
-0.014804
0.180402
-0.088975
0.004273
0.006410
-0.106221
-0.016483
0.027166
0.063490
0.123777
0.017246
0.008852
-0.043038
0.035713
-0.139490
0.038613
0.104394
-0.041359
-0.033118
0.005494
0.011599
-0.053111
0.054944
0.058301
-0.004273
-0.007020
-0.110647
-0.155056
-0.219915
0.020604
0.014346
-0.016330
0.005647
-0.097674
0.025793
0.073106
-0.086228
0.028387
0.095694
-0.037849
-0.028387
0.072800
-0.030370
-0.100633
0.014017
0.123280
-0.207192
-0.114290
0.059842
0.024081
-0.078530
-0.004852
-0.045285
-0.032886
0.074758
0.051935
-0.100274
-0.029292
-0.042410
-0.099914
0.135321
0.029112
0.003594
-0.065591
0.095425
0.061100
0.128492
0.160840
-0.022463
-0.029471
0.099558
0.119147
0.075297
-0.022104
-0.224443
0.053552
-0.022283
0.007548
-0.060380
-0.266670
-0.046004
-0.042949
0.010603
-0.056786
-0.154542
-0.205216
-0.000539
0.020127
0.054990
-0.092187
-0.015095
0.049419
-0.060560
-0.007008
-0.087515
0.111958
-0.085179
0.091291
0.088057
0.189954
0.095604
-0.023721
-0.080327
-0.008087
-0.038816
0.092909
0.120405
-0.182934
0.089315
-0.072959
0.043489
-0.008985
-0.039894
-0.033964
-0.068287
-0.077631
-0.009524
0.043129
-0.020486
0.050138
-0.008266
-0.106024
-0.040433
-0.016353
0.001977
0.075836
0.083025
-0.016712
0.019947
-0.037558
0.026776
-0.097398
0.239017
-0.077811
-0.023182
0.019408
-0.051754
-0.005930
-0.159034
-0.024260
0.046724
-0.136752
0.035043
-0.040793
-0.101711
0.078891
-0.010782
-0.008446
-0.010782
0.100457
0.093807
0.034503
0.005391
0.022104
0.002156
-0.039714
-0.037019
0.049239
0.023002
-0.136752
-0.136572
-0.060380
0.054990
-0.086257
0.153651
-0.171433
0.080329
-0.020666
0.206667
0.054990
0.163062
-0.036128
-0.039645
-0.020942
0.078493
-0.190227
-0.054512
-0.178238
-0.247293
0.030374
-0.122130
0.024938
0.015826
-0.070178
-0.012149
0.046680
0.065863
-0.080249
-0.098152
0.151712
0.054833
0.024139
0.106789
-0.048437
-0.147067
0.104231
0.026217
0.030533
0.001758
0.022061
0.054033
0.028455
-0.054032
-0.038366
-0.023819
0.023500
0.060428
0.086806
-0.029094
0.017265
0.012309
0.076414
0.062506
0.145797
0.174093
-0.103907
0.149953
-0.051634
-0.048437
-0.090479
-0.037407
0.086486
0.116061
-0.045560
-0.046199
-0.044920
-0.005275
0.133327
-0.124049
-0.052114
-0.101030
-0.084405
0.071938
0.095918
0.045241
-0.095435
-0.140833
0.170896
0.107748
-0.030054
0.010871
0.068741
-0.058348
0.004476
-0.032771
-0.109982
0.066503
-0.022700
0.110146
0.078173
-0.101829
0.126293
-0.052274
-0.104706
-0.034849
0.016146
0.026857
0.314144
-0.049556
-0.088561
-0.026697
0.194717
-0.033730
0.078493
0.047159
0.122456
-0.053872
0.111585
-0.038046
0.043802
-0.030853
-0.041723
0.063465
0.011190
-0.018064
0.038367
-0.039965
-0.077851
0.047799
0.000959
0.122935
-0.024778
-0.090320
0.093520
-0.158257
0.053554
-0.049876
0.000320
-0.024139
-0.138276
-0.077052
0.029255
-0.086803
0.028935
0.029255
-0.037887
0.132847
-0.000639
0.158995
-0.017108
-0.098183
-0.074753
-0.116034
-0.036261
-0.164938
-0.032542
0.162529
-0.137790
0.036447
-0.022686
0.075685
0.058390
-0.014876
-0.021943
-0.147087
0.040538
-0.042955
-0.101344
-0.026963
0.061180
0.152115
0.050022
-0.099484
-0.039050
0.059134
0.043142
-0.150620
0.047047
-0.002417
0.019525
-0.129236
-0.021385
0.098000
0.002603
0.038493
0.221480
-0.013761
-0.093534
0.084611
-0.177024
0.074941
0.007996
0.037377
-0.068988
0.053370
-0.006508
0.008740
-0.035517
0.075313
0.036633
0.184101
0.043142
-0.094650
0.081449
0.048349
0.107856
0.153231
-0.105807
0.022129
0.013947
0.065085
0.162529
-0.003533
0.101719
-0.162334
0.113992
-0.061922
0.017666
-0.126261
0.005765
0.019153
0.045931
0.038865
-0.076798
0.191725
0.054485
-0.061364
-0.163636
0.007438
0.010413
-0.120496
0.016550
0.026964
-0.183532
-0.039236
0.066387
0.004649
-0.049278
-0.083493
0.033658
0.027521
0.007810
-0.054856
0.071036
-0.018781
-0.083493
0.061924
0.131473
-0.009112
0.065829
-0.040166
0.017852
0.054671
0.013761
0.018781
0.120315
-0.070662
-0.006508
-0.064712
0.009670
0.111203
-0.097067
-0.243034
0.067502
0.050952
-0.105807
0.104322
0.040910
0.003161
0.160111
0.019153
0.147466
-0.075311
-0.062480
0.057089
0.114736
-0.148041
0.016185
0.078387
0.035861
-0.058551
-0.126779
-0.022056
0.103935
0.162648
0.020787
0.036813
0.054427
-0.037130
-0.051093
0.032846
-0.019993
0.188356
-0.009838
0.046334
0.152492
0.169789
0.017296
0.066645
0.114884
-0.140742
-0.163432
0.033798
-0.159624
-0.063946
0.017613
0.007775
0.000476
0.041891
-0.066009
0.013964
0.000000
0.049984
0.058711
0.069977
-0.072197
-0.112341
-0.052363
-0.169937
-0.080289
0.035861
-0.014598
-0.072990
0.025388
0.039511
-0.018724
-0.033163
0.050301
0.108061
0.053951
-0.185486
-0.042842
0.071247
0.081402
-0.003808
-0.082352
-0.008727
0.020945
-0.107580
0.135196
0.025388
0.080768
-0.001587
-0.097108
0.162014
-0.100758
0.023008
0.091875
-0.006664
-0.012377
0.042367
-0.196434
-0.002063
-0.004443
0.085845
-0.012059
0.028879
-0.010473
-0.018406
-0.023325
0.108061
-0.149945
-0.135348
0.058235
0.045541
0.008093
-0.075212
0.275794
-0.054901
0.128055
-0.014916
0.025388
-0.109008
-0.067278
-0.103772
-0.085208
0.111552
0.019993
0.023008
-0.152325
-0.164542
-0.004443
-0.009362
-0.004284
-0.061883
0.108696
0.132181
0.070453
-0.052521
-0.089809
-0.217378
-0.053632
-0.059186
0.008251
0.011742
0.114249
-0.010631
-0.053315
0.088860
0.007140
0.030149
0.053474
0.176454
-0.009521
-0.168402
0.035893
-0.027400
-0.081078
0.013941
-0.044385
0.087170
-0.011216
-0.187790
0.116654
-0.010736
0.028843
0.025157
0.045347
-0.082360
-0.068259
0.025798
0.060409
-0.075790
-0.117771
0.020991
0.051596
-0.006730
-0.085885
-0.045507
0.003365
0.005608
-0.117290
0.121942
-0.203652
0.024837
-0.070503
0.163605
-0.056723
-0.078034
-0.110720
0.120179
-0.015383
-0.040539
0.054481
0.044225
-0.048711
0.090374
-0.117450
0.022593
0.015062
0.049994
-0.076271
-0.030445
-0.040700
0.004807
-0.081238
-0.012338
-0.120174
0.054961
-0.077232
-0.127865
0.089092
0.035733
-0.165678
-0.019549
-0.003525
0.063614
-0.041340
-0.033169
0.140690
0.067140
-0.140523
-0.016664
-0.021311
0.250139
0.022113
-0.093576
-0.040539
-0.089891
0.019869
-0.006730
0.065697
-0.084763
-0.044705
0.095342
-0.091493
-0.070983
0.098867
-0.108638
-0.082200
-0.046308
-0.009614
0.032688
0.106238
0.003044
0.013139
-0.054480
-0.066978
0.019389
0.088131
-0.003044
-0.072425
-0.243227
0.013460
-0.050474
0.043905
0.000160
0.054961
-0.034771
-0.011857
-0.028362
0.073709
0.272735
0.122263
0.150465
0.009614
0.065217
-0.012498
0.177387
0.020670
-0.065375
-0.109439
0.078517
-0.030765
0.098867
-0.036213
-0.154302
-0.020350
0.050314
-0.050794
-0.238901
0.102713
-0.038615
-0.011338
-0.027770
0.000493
-0.071971
0.124229
-0.058826
0.128173
0.240576
-0.057183
-0.022019
0.093007
0.127187
0.028592
0.057348
-0.098262
0.221842
-0.005916
-0.077723
0.103853
-0.205065
0.033357
-0.219688
-0.035657
0.165804
-0.004108
-0.106642
0.102045
-0.011502
0.037958
0.130638
-0.026291
0.113219
-0.120280
0.043217
-0.072300
0.007066
-0.021526
-0.081009
-0.071314
0.044860
0.046010
0.124722
-0.108449
-0.155772
-0.033193
0.050283
0.057677
0.062936
0.051433
-0.053404
-0.060141
0.098758
0.009531
-0.141641
-0.026455
-0.011667
0.049954
-0.037793
-0.075586
0.003944
0.067865
-0.057512
-0.125374
0.082819
-0.063098
0.015939
-0.016925
-0.105492
0.081176
-0.065563
0.147235
0.017089
-0.000493
0.057513
-0.119130
-0.109928
-0.010681
-0.048474
-0.149035
0.088077
0.056363
-0.017418
0.049461
-0.157743
-0.142134
0.127023
0.029907
0.127351
-0.030235
-0.203586
-0.125374
0.029249
0.043710
-0.080516
0.178787
0.011995
-0.030563
0.042231
0.048804
0.023662
0.083147
-0.000493
0.068358
-0.052582
0.002958
-0.029742
0.051761
-0.000657
0.123572
0.101881
0.101388
-0.061620
0.074110
-0.004272
-0.093168
0.003615
-0.044202
0.052419
-0.054390
-0.093825
0.079532
-0.041080
0.016761
0.036808
0.024155
-0.186991
-0.054061
0.067927
-0.032839
-0.051678
-0.101628
0.023679
0.029556
0.060321
-0.028864
0.062396
0.011062
-0.020913
-0.031629
0.034049
0.014691
-0.060839
0.057037
0.084347
-0.080715
-0.030765
0.017457
0.003630
-0.009679
0.002247
0.042519
0.178894
-0.090048
-0.085900
-0.007778
0.044593
-0.113553
-0.003630
-0.046148
0.128595
0.085384
0.015728
0.072075
0.089878
-0.185278
-0.064295
-0.105948
-0.080369
0.272580
-0.083653
0.105434
-0.009679
-0.004321
0.043037
-0.038543
-0.108541
-0.062049
-0.207399
0.021259
0.087285
0.119780
0.067235
-0.063604
0.125657
0.031630
-0.115800
0.065161
-0.051333
-0.094887
0.000864
-0.000173
-0.014518
-0.098344
0.009852
0.110273
-0.157106
-0.030074
0.021778
0.028519
-0.001210
0.101631
0.025407
0.005531
0.051334
0.012617
0.006741
0.103705
-0.085900
0.000173
0.104397
-0.182685
-0.000864
-0.228484
-0.105603
-0.106640
0.024025
0.133435
-0.014691
-0.008642
0.035432
-0.057555
0.004321
0.030593
0.059976
0.067062
0.175955
-0.182339
-0.025926
-0.004494
-0.054271
0.109582
0.016593
-0.013481
-0.058765
0.141559
0.110273
-0.101628
-0.070517
0.007605
-0.003630
-0.252680
0.093680
-0.008988
-0.040444
0.003457
-0.131528
0.120126
0.076223
0.040790
-0.071554
-0.222954
0.145534
-0.036642
-0.015555
-0.020049
-0.083249
-0.007805
-0.072843
-0.099020
-0.007805
0.084552
-0.111377
-0.094467
-0.393782
0.030243
0.116910
0.104877
0.118211
0.163253
0.040650
-0.199012
0.115609
-0.029105
0.123414
0.063088
-0.018048
-0.109101
-0.033007
0.069918
0.086503
-0.026178
-0.007154
0.087641
-0.085200
-0.011057
0.018048
0.064064
0.004878
-0.150236
-0.061624
-0.009431
-0.137879
0.149756
0.054958
0.010894
0.028617
-0.014959
-0.080810
0.041463
-0.173811
0.046178
0.030243
-0.016585
0.002927
0.051706
0.129756
-0.101296
0.140488
0.033983
0.061625
-0.025853
-0.014146
0.075446
-0.074956
-0.027316
-0.136091
-0.078696
0.185205
-0.055608
-0.110401
-0.030568
0.048780
0.021951
0.059999
0.115772
-0.053982
-0.039186
-0.027479
0.008130
0.010406
-0.048291
0.008618
0.003415
0.051544
0.048780
-0.025040
-0.168120
0.041300
-0.013821
-0.132839
-0.061624
-0.022764
-0.028129
-0.078208
0.005691
0.141301
-0.019024
-0.072192
0.024390
-0.051055
0.149756
0.084064
0.003415
-0.023577
-0.131375
-0.145521
-0.088939
-0.152024
0.071706
0.045365
0.023252
-0.151211
-0.010894
0.010569
-0.105036
0.009268
-0.197061
0.028292
-0.062437
-0.092029
0.048129
0.035772
-0.011057
0.049593
-0.072030
-0.048941
-0.043576
-0.100321
0.040975
0.004390
0.073820
-0.054470
-0.023251
0.019485
0.056453
0.028226
0.054450
-0.022581
0.126019
-0.154967
0.018211
0.047712
0.012565
-0.096696
-0.013294
0.044798
0.004006
-0.076483
0.018393
0.013840
-0.204132
-0.053720
0.034782
-0.043158
-0.048622
0.054086
0.045344
-0.016936
0.022399
0.036967
-0.035874
-0.104708
0.119281
-0.044433
-0.213783
-0.059548
-0.015297
0.043888
-0.018939
0.033872
0.250404
0.134032
0.025495
0.006920
-0.165346
-0.023673
0.092146
-0.050078
0.006374
-0.093418
0.018211
-0.078122
-0.028408
-0.138214
-0.019667
0.078852
-0.087227
0.074482
0.078124
-0.001639
0.047165
-0.124921
0.043341
-0.010380
-0.113449
0.008741
-0.188472
0.177739
-0.100884
-0.071748
-0.009287
0.036967
0.002914
0.104166
0.018575
0.016572
0.065740
0.024584
-0.228533
-0.141492
-0.128017
0.056453
0.023856
0.037514
-0.004006
0.024766
-0.195210
0.151150
0.120738
0.151697
0.107261
-0.074298
-0.161887
0.089415
-0.046618
-0.035510
-0.001639
0.024038
-0.021124
0.067562
0.032961
0.018211
0.021671
0.078124
-0.058455
-0.049532
0.118370
-0.040063
0.054086
0.054450
-0.034418
0.036967
-0.134026
-0.108532
0.012201
0.053721
-0.143859
-0.221613
-0.041337
-0.088319
-0.002185
0.040427
0.145505
-0.008013
-0.060276
-0.002549
0.148965
0.056999
0.133486
-0.075390
0.008923
0.036589
-0.025358
0.128063
0.053072
-0.103787
-0.017026
-0.130231
-0.029705
0.012136
0.012860
-0.021192
0.099986
0.183130
-0.123167
0.006521
0.000181
0.062129
0.004347
-0.174968
-0.120269
0.108862
-0.208294
-0.045645
0.017570
0.024272
0.038038
0.031698
-0.017389
-0.006702
0.006883
-0.037856
-0.064301
-0.161746
-0.002717
-0.027894
0.066114
-0.140736
0.264101
-0.127152
-0.005072
-0.036407
0.058687
0.029525
-0.084950
-0.067924
0.001087
-0.063577
-0.027532
0.189107
-0.018475
-0.008875
-0.010324
0.164291
0.100892
0.156321
0.065933
-0.030430
0.088031
0.057963
-0.043834
0.060680
0.070461
-0.016483
0.049087
0.239647
-0.007789
0.052891
-0.009962
-0.027351
0.081873
-0.156313
0.111760
-0.055788
-0.002717
-0.066656
-0.016664
0.061767
-0.039486
0.107956
-0.090383
-0.123892
-0.098353
0.040030
-0.112481
0.000725
0.125889
-0.041841
0.059593
-0.069735
0.007064
-0.013223
0.198889
0.043834
0.010506
0.061948
0.192006
0.091835
-0.007064
-0.019924
0.170450
-0.028800
0.050717
0.066295
-0.056875
0.117376
0.103428
0.000543
0.044559
-0.073720
-0.190907
-0.106141
0.118825
0.065570
0.145090
-0.038037
-0.001087
0.044015
0.064121
-0.007789
0.021736
-0.015034
-0.039849
0.029343
0.010868
-0.030430
0.140561
0.052347
-0.005977
-0.089175
0.131998
-0.023709
0.049543
-0.110584
-0.012916
0.090239
0.033264
-0.156408
0.125628
0.033972
0.040519
-0.008493
-0.053434
-0.223640
0.025656
0.038926
0.193044
0.079269
-0.046711
0.014155
-0.100675
0.013270
0.061575
0.032380
0.027248
0.027956
0.122797
-0.121730
0.127751
-0.025302
-0.125799
-0.123676
-0.018048
-0.055381
-0.035564
-0.006370
0.172342
0.021056
0.060513
0.038219
0.019817
0.024948
-0.017163
0.060690
-0.005662
0.025479
-0.003185
-0.006193
0.047419
0.029018
-0.055381
-0.175162
-0.115715
0.103156
-0.008493
-0.074313
-0.096075
0.031672
0.068475
-0.030610
0.027956
-0.107045
-0.135531
0.131290
-0.206124
0.074138
0.036095
0.008493
-0.062458
0.013978
0.037688
0.011501
0.073430
-0.137300
0.029549
0.076969
0.009732
0.017517
0.056090
-0.060512
-0.005131
-0.046357
-0.020525
-0.084929
-0.140485
-0.117130
-0.001946
0.055205
-0.292109
-0.301308
-0.019463
0.049543
-0.120492
0.051843
0.020879
0.024417
0.077499
-0.125623
0.034680
0.035034
0.007608
-0.063520
0.007254
-0.023002
-0.010970
0.020702
0.079446
0.135360
0.024240
0.131290
-0.004777
0.048127
0.016278
0.126513
-0.009201
0.050604
0.010616
-0.006370
-0.214263
0.157301
0.016101
0.014155
-0.119253
0.106872
0.063875
0.064937
0.015570
0.008973
-0.023510
-0.069810
0.132985
-0.096370
-0.099780
-0.090807
0.082195
0.138728
-0.037149
-0.039840
0.060121
0.059941
-0.045583
0.002692
0.063351
-0.070528
-0.029791
-0.068375
-0.171562
0.016511
-0.204042
-0.115572
0.096553
-0.091345
-0.005922
-0.050788
0.194006
0.131190
-0.023151
-0.086500
-0.028176
-0.087577
0.035893
0.052224
0.007179
-0.103189
0.150035
0.204953
-0.020818
0.017408
0.013819
0.090810
-0.115213
-0.058863
-0.043071
-0.006102
-0.075194
0.029432
-0.003948
0.022433
0.015434
0.049532
-0.017049
-0.083808
0.028714
-0.113059
0.008076
0.008435
0.009332
-0.169229
0.037867
-0.202966
0.021895
-0.133876
0.005922
-0.106599
-0.019561
-0.183405
-0.148233
0.164033
0.013280
0.043071
-0.015613
-0.056710
0.099962
0.111269
-0.010409
0.024766
0.150573
-0.031765
-0.183585
-0.003589
0.068376
0.180545
0.191493
0.014895
0.169956
0.088656
0.009153
0.110731
-0.062991
0.019382
0.040020
0.091348
-0.132800
-0.034995
-0.001077
-0.116469
-0.078245
0.082733
0.208005
-0.069990
0.030509
0.052763
-0.097447
-0.018126
-0.034995
0.004666
-0.006102
-0.015972
0.112525
-0.025663
0.027996
-0.057607
0.016511
0.034995
-0.020638
-0.094396
0.022074
0.063889
0.039841
0.098527
0.026381
-0.028893
0.032303
-0.048455
-0.130826
-0.004123
0.052336
0.057887
-0.134960
-0.207115
0.025692
0.065500
-0.005551
0.136553
-0.131947
0.023472
-0.021410
-0.000952
-0.019507
-0.032670
0.121961
-0.072952
0.088814
0.149875
0.065500
0.015701
0.027754
0.097220
0.050750
-0.117040
-0.020300
0.028071
0.133856
0.084373
0.127512
-0.085798
-0.100546
-0.154941
0.049799
0.108956
-0.013798
-0.029815
-0.186500
-0.048529
0.040442
0.060742
-0.031719
0.198249
-0.071049
0.077395
0.068672
-0.094520
0.010467
0.007930
-0.025851
-0.001903
0.089766
0.143848
0.055667
0.025375
-0.029974
0.008405
-0.120211
0.095475
0.110701
-0.022362
0.060583
-0.166518
-0.116881
-0.055666
0.036953
-0.112123
-0.082467
-0.008564
-0.048529
-0.036159
-0.068512
0.023948
0.040442
0.006502
-0.057727
-0.063912
0.050750
0.014908
-0.154466
0.044248
0.013956
-0.016335
-0.000476
0.000159
0.132270
0.217758
-0.027595
-0.030767
0.378431
-0.023630
0.068196
-0.023948
-0.080247
-0.019666
0.037111
-0.093727
-0.001269
0.086594
-0.018080
-0.023948
-0.012053
0.010784
-0.005709
0.005392
0.058997
-0.012370
0.040442
-0.092141
-0.139400
0.043138
-0.022837
-0.044406
-0.045992
0.061852
-0.048053
-0.014432
-0.068512
0.084215
-0.226621
0.066293
0.067086
0.035684
0.055826
-0.055666
-0.152087
-0.118784
-0.100229
-0.039357
0.034244
-0.035018
-0.018904
0.147981
-0.012551
-0.057021
0.022158
-0.141310
-0.015030
-0.019988
0.008987
-0.173848
-0.066783
0.072672
0.115440
-0.259063
-0.032074
0.026032
-0.101335
0.127682
-0.139451
-0.025722
0.023552
-0.199568
-0.001549
-0.078713
-0.028201
0.000775
0.012241
-0.066318
0.070193
0.006198
-0.016580
-0.005423
-0.020143
-0.092968
-0.066937
-0.059500
0.111721
0.064150
-0.109857
0.018284
0.051909
-0.027271
0.017509
0.072208
0.014875
0.134500
0.051134
0.000620
0.053613
-0.047259
-0.022158
-0.092658
0.000620
0.004339
-0.039202
0.020299
0.032075
0.006818
-0.022468
0.121329
-0.055626
0.047570
0.047570
-0.090024
-0.059345
0.240493
-0.170284
0.155419
0.020918
-0.048964
-0.004803
0.002169
0.150925
0.030680
-0.004029
-0.062754
0.199428
-0.003409
0.053613
-0.019059
-0.011001
-0.122407
0.152475
0.031145
0.199893
-0.026031
0.019679
-0.232259
-0.220019
0.010692
-0.036258
0.041837
-0.110942
-0.056866
-0.064613
-0.104124
0.187496
0.095916
-0.120238
-0.106913
0.022468
0.029596
-0.010382
-0.078868
-0.040597
0.080575
0.059966
0.031145
-0.153086
0.041527
-0.023552
-0.056866
0.125667
-0.025567
0.007438
0.012396
-0.044160
0.036568
-0.160833
-0.015495
0.002634
-0.107378
-0.007593
0.102114
0.083209
0.054722
0.067567
0.056833
0.031848
-0.210784
0.073725
-0.069677
-0.014252
-0.090966
-0.086568
0.048036
0.029032
0.043461
0.009501
-0.103107
-0.034663
-0.029208
-0.097476
-0.107153
0.136895
-0.022346
0.131264
0.134255
0.030088
-0.012845
-0.017771
-0.041876
-0.192310
-0.003343
0.023578
0.077068
0.037126
-0.032551
0.031496
0.051203
-0.020586
-0.053137
0.143053
0.024634
-0.044164
-0.016364
-0.020059
-0.015308
-0.086568
-0.066509
0.010029
-0.038006
-0.088855
0.020059
0.062288
-0.102755
-0.057184
-0.146917
0.005103
0.026921
0.072318
0.008798
0.035015
0.079180
0.064048
0.142525
-0.050146
-0.220461
-0.077418
-0.002111
-0.150612
0.186516
0.050675
-0.010205
-0.027273
0.055778
0.004751
-0.054721
0.076716
0.113140
-0.269899
0.111732
0.077420
0.047332
-0.172605
-0.007390
0.082523
0.186868
-0.032023
-0.105218
0.023930
-0.093078
-0.084808
-0.022698
-0.110672
0.276787
0.014428
0.018123
-0.076890
-0.101171
-0.127739
-0.184217
-0.114367
0.111204
-0.051906
0.002815
-0.052082
-0.001408
-0.068093
0.030440
0.052258
0.001584
-0.094661
0.107861
-0.110144
0.067567
0.014076
-0.010381
0.171031
0.073373
-0.064574
-0.039061
-0.020410
-0.064398
0.078300
-0.004223
0.025337
0.047156
-0.042580
0.021994
-0.068621
-0.051554
-0.110496
-0.091963
-0.013658
0.088931
-0.126866
0.219602
0.131577
0.009561
-0.025799
-0.075271
-0.017149
0.040520
-0.006829
-0.149780
0.066015
-0.007891
0.032173
-0.281646
0.005312
-0.126107
0.008043
-0.023219
-0.214121
0.052812
-0.001973
-0.200312
-0.028378
0.031869
0.164055
-0.013051
-0.019577
-0.141889
-0.084224
0.088931
-0.096668
-0.042492
-0.040519
0.062828
-0.015783
0.051143
0.039154
0.134461
-0.065710
0.077549
0.067078
0.009409
-0.078002
-0.021246
0.040823
0.093332
-0.032021
-0.078913
0.132943
-0.029593
0.054937
0.162689
-0.064344
-0.040671
0.021701
-0.150084
0.015631
-0.029441
0.014721
0.202756
-0.221101
0.088324
-0.017907
0.003642
0.044465
0.007133
-0.092419
0.108812
0.103045
-0.015783
0.009105
0.026406
-0.074512
-0.040974
0.033539
0.096368
0.041430
-0.083617
0.018059
-0.058729
0.042492
-0.035663
0.063891
-0.091053
0.133246
-0.073753
-0.014872
0.113669
-0.266927
-0.001366
-0.059033
0.014113
0.132943
-0.009409
0.025495
-0.075271
-0.030807
-0.054936
0.135219
0.052053
-0.085134
-0.008802
-0.012444
0.046286
-0.024433
0.026558
-0.018059
-0.066014
0.042796
0.076639
0.018211
-0.078154
-0.004704
0.010016
-0.017149
-0.015176
-0.067076
0.038850
0.232199
0.037788
0.014721
-0.132177
-0.041126
0.035056
0.097885
-0.135813
0.024968
-0.045508
-0.018770
-0.034883
0.103944
0.017707
0.032582
0.031519
0.037540
-0.020895
0.004073
-0.073662
0.052946
-0.077557
-0.118814
-0.137760
-0.023551
-0.032050
0.014874
0.032228
0.057018
-0.018947
0.005843
0.015051
0.047633
0.075435
-0.108899
0.015760
-0.073839
0.138475
-0.023551
0.130329
0.064810
0.028155
0.049227
-0.083578
0.081455
-0.088182
0.101465
0.061445
-0.209294
-0.110315
0.143079
-0.038071
-0.009031
-0.060028
-0.147676
0.057550
-0.085526
-0.060559
-0.029217
0.217278
-0.060028
-0.054361
0.150871
0.041436
0.184517
0.001417
0.193371
0.009031
-0.005135
-0.121825
0.010093
-0.038779
-0.191765
-0.015228
0.023551
-0.037894
-0.090661
-0.081630
0.033113
0.100226
0.040727
0.043206
0.063216
0.185402
0.018770
0.028155
-0.006021
0.086236
0.071008
-0.090661
0.124132
0.185579
0.108017
0.103944
-0.005489
0.011864
-0.115273
0.021072
-0.030280
-0.067287
0.085528
-0.047101
0.064810
-0.023020
-0.089421
0.151579
0.032405
-0.009916
-0.041789
-0.036654
-0.037008
-0.040904
0.013812
0.053831
-0.149093
0.016822
0.056487
-0.001948
0.054185
-0.051528
0.088538
0.099163
0.013281
-0.050643
-0.114034
-0.175475
0.168402
0.015405
-0.006729
0.159017
0.038602
0.053831
-0.007968
-0.209117
-0.211242
0.076928
0.052877
0.034661
-0.158447
-0.050753
-0.017684
0.032362
0.058359
0.026880
0.043150
-0.049516
-0.015739
-0.026173
0.076220
-0.069145
-0.045448
-0.112824
0.049516
0.120963
0.070207
-0.091250
-0.148014
0.125915
-0.025642
0.230258
0.240339
0.018215
0.013617
-0.022459
0.016093
0.005659
-0.069675
-0.055174
0.020337
-0.011672
0.088423
-0.189216
-0.051461
-0.040320
-0.076041
-0.057473
0.200016
-0.047394
0.156864
0.074982
0.006720
-0.163045
-0.070383
0.074452
-0.019099
0.011672
0.060658
0.050047
-0.010611
0.191527
0.007781
-0.092841
0.078519
0.120609
0.012202
0.043681
-0.009726
0.075867
0.084709
-0.025819
0.067378
0.064018
-0.006897
-0.131391
0.018215
0.184276
0.135111
-0.029356
-0.013794
0.034308
0.002299
-0.191515
0.033600
-0.068614
-0.169411
-0.059949
0.042619
-0.045625
-0.050577
0.032362
-0.098146
0.048986
-0.158801
-0.027764
-0.037844
-0.051815
0.097796
-0.120781
-0.079932
0.028295
0.031655
-0.076218
-0.036606
-0.100622
0.193296
-0.039613
0.065609
-0.013263
-0.112647
-0.013086
-0.103982
-0.038728
0.112474
-0.018745
-0.131922
-0.080109
0.103101
-0.074096
-0.064370
-0.007958
-0.074804
0.076928
0.072153
-0.033423
-0.065077
0.105223
-0.127501
0.119018
-0.002829
-0.075511
0.017684
-0.155087
-0.087182
0.091516
-0.013805
0.038778
0.035830
0.082519
0.028850
0.027765
0.037692
0.045292
-0.026524
0.048550
0.014115
0.022801
0.049170
-0.027764
0.021095
-0.085153
-0.038932
-0.064835
-0.157431
-0.014890
0.020319
-0.237926
-0.054132
0.147358
0.069490
0.001241
0.344054
0.089655
-0.161153
0.040639
-0.145953
-0.021715
-0.035985
-0.076002
-0.017217
-0.115709
0.047619
-0.007755
-0.068402
0.070576
0.045292
0.156975
-0.038777
0.051031
0.019078
0.002947
-0.152002
0.026058
0.035675
0.259200
0.038157
0.165662
0.006980
0.040174
0.186137
-0.060182
0.110750
0.043896
0.013960
-0.122223
0.065147
-0.169373
-0.013029
0.026834
-0.063594
-0.169529
-0.035830
-0.045447
-0.029160
-0.054288
0.022801
0.054134
0.107648
-0.089186
-0.149831
-0.204736
-0.036916
-0.016441
0.050256
-0.010547
0.007755
0.179933
0.037537
-0.099113
-0.011478
-0.135717
0.008686
-0.045912
0.070731
-0.058475
0.025903
0.032728
0.071816
0.066853
0.003257
0.092447
-0.030246
-0.247697
-0.037846
0.032108
0.015201
-0.011168
0.027920
0.085777
-0.021560
-0.002792
-0.093839
0.115404
-0.066386
-0.006670
0.047929
0.003102
0.088724
-0.012254
0.024197
-0.015046
0.000310
0.086242
-0.025438
0.098186
0.058322
0.082674
0.101753
-0.002482
-0.039552
0.007290
-0.072590
-0.013991
0.017489
0.069955
-0.085609
-0.082945
-0.248660
0.014824
-0.096269
0.257843
0.007995
-0.022152
-0.121918
0.051967
-0.087108
-0.003664
-0.167719
0.094773
0.032646
0.020154
0.097438
-0.008994
0.044471
-0.042972
0.064292
0.278332
-0.000333
0.014324
-0.132410
0.077450
0.014824
0.193880
0.096272
0.054298
0.047802
0.025650
-0.056129
-0.398711
-0.061959
0.037143
0.002998
-0.025650
-0.013158
0.031979
0.032979
0.082614
0.036143
0.064625
0.002498
0.089110
0.008494
0.066790
-0.043305
0.031480
0.006995
-0.062958
0.072620
-0.152563
0.103934
-0.070786
0.057463
0.004830
0.054965
0.005996
-0.053964
0.111096
-0.093937
0.069455
0.039308
-0.263648
0.047136
-0.038308
0.040640
0.000666
-0.004997
0.012325
0.106266
0.084613
-0.069620
-0.124083
0.063959
0.018321
-0.031479
-0.040640
0.027316
0.032146
-0.005330
0.034977
-0.067955
-0.011159
0.053632
0.007995
0.204540
0.052133
-0.082278
0.017489
-0.119419
0.001332
0.013491
-0.077282
0.078117
0.150406
-0.054964
-0.018654
0.044138
-0.054131
-0.067955
-0.020986
-0.029314
-0.126081
-0.059294
-0.020653
-0.052299
-0.056796
0.085612
-0.104596
0.009161
0.079616
-0.031979
0.022485
0.060461
-0.038141
-0.011492
0.114927
0.001332
0.067290
0.011659
-0.034477
-0.025816
-0.080181
-0.074142
0.071796
-0.030529
0.086390
0.046466
0.005871
-0.065923
-0.077329
0.104675
-0.082194
-0.049652
-0.025833
-0.041936
-0.060891
-0.036736
0.038917
0.013923
0.137722
-0.087058
-0.016774
-0.043613
-0.112387
-0.126980
0.089577
-0.107355
-0.065588
0.075319
-0.009561
-0.305447
-0.047639
-0.149792
-0.170927
0.010736
0.050995
-0.061394
-0.088568
-0.089742
0.030194
0.033381
0.157853
0.080854
-0.014091
0.033717
0.014258
-0.094942
0.054685
-0.211015
-0.040259
-0.077665
0.124134
-0.085381
0.188552
0.008220
0.014091
0.057202
0.024155
-0.073639
-0.103665
-0.069446
0.129838
0.008052
-0.132348
0.054350
-0.053510
-0.027678
-0.037071
0.026504
-0.050323
0.068944
0.010736
-0.013084
0.073809
0.028014
0.044285
-0.011742
-0.261670
-0.018787
0.033549
0.105514
-0.018116
0.155672
-0.109703
-0.153650
0.052840
0.181003
-0.159689
-0.111045
0.006207
0.186706
0.018117
-0.032878
0.081190
0.088235
0.026168
0.112727
-0.002684
0.038078
-0.082697
0.092597
-0.003523
-0.001510
0.069783
0.082029
0.068105
-0.016439
-0.008387
0.009561
-0.046297
-0.007213
0.017949
-0.029020
-0.018955
-0.026671
0.134199
-0.001174
-0.048813
0.081022
0.051666
-0.067936
0.157349
-0.145934
-0.130167
0.036904
-0.009394
0.029356
0.133528
0.015600
-0.019473
0.002453
0.030054
-0.054433
0.089549
0.154720
-0.008433
0.082189
-0.211593
-0.020853
0.079122
-0.078200
-0.000920
0.070688
-0.027447
-0.028827
0.065015
-0.031433
-0.257130
0.079735
0.091389
0.193976
-0.025913
0.056581
0.011040
0.028060
0.063788
0.204097
-0.028213
0.003680
0.242587
-0.008740
0.013647
0.029440
0.005367
0.058115
-0.085253
-0.026680
0.004600
0.151193
-0.025607
0.040174
-0.063480
-0.265409
-0.130025
0.083109
0.085409
0.047381
-0.025147
0.014260
0.025300
-0.039253
-0.040940
0.067468
-0.139071
0.020087
-0.000920
0.118684
-0.106872
0.053054
0.119911
0.095069
0.044007
-0.124505
-0.028367
0.070535
0.083416
-0.068233
0.015947
-0.000153
-0.014567
-0.013953
-0.062100
-0.012267
-0.036953
-0.034653
0.049528
0.011653
-0.047227
-0.234285
-0.070073
0.057808
0.044161
-0.054893
0.022387
-0.082493
-0.070686
-0.012267
-0.047993
-0.002913
0.141379
-0.094759
0.034654
0.112704
0.025760
0.348707
0.048761
0.053821
-0.032047
-0.049220
0.012880
0.035881
-0.024227
0.083416
-0.063480
-0.035113
-0.007513
0.013340
0.001687
-0.067160
-0.020087
-0.120365
0.005827
-0.005827
-0.140604
0.033427
0.153186
-0.005673
0.135552
0.017634
0.119604
-0.020393
-0.059340
0.004907
0.085256
-0.017787
0.076822
-0.018707
0.032158
-0.046055
-0.027148
0.028118
0.055105
-0.002101
-0.152867
0.004040
0.032643
-0.026825
-0.087746
-0.050579
0.010504
0.024724
-0.037005
0.037814
0.129442
0.132998
0.017614
0.037491
-0.013574
-0.074980
0.142856
0.043470
0.048318
-0.079828
-0.004202
-0.257412
-0.005494
0.166127
0.029572
-0.174358
-0.044277
0.012766
-0.167894
0.009534
0.026502
-0.143494
-0.011958
0.018745
0.091142
0.015998
0.046217
-0.087423
-0.036198
0.097606
0.077083
-0.111500
-0.036521
0.067387
-0.150120
0.067710
-0.049771
-0.109237
0.065448
-0.138000
0.022462
-0.031188
0.052681
-0.027148
-0.152705
0.006949
-0.038137
0.026664
-0.047509
-0.126043
-0.020361
0.002101
0.148189
0.054620
0.060923
0.017291
-0.000323
-0.002101
-0.071102
0.065448
0.205398
0.081285
0.040561
-0.157391
0.050257
0.035552
-0.073687
-0.035390
-0.067062
0.026987
-0.090493
0.009534
0.014221
0.053974
-0.168379
0.010181
-0.019876
-0.011312
-0.103259
-0.086291
0.119584
0.108434
0.027472
-0.020200
-0.006464
-0.036521
0.206044
-0.011797
-0.091624
-0.079989
-0.013089
0.026179
0.063993
0.021169
0.124756
-0.014867
-0.030218
-0.139455
0.213478
0.021331
0.001293
-0.019715
-0.010342
0.132836
0.009857
-0.022462
-0.072071
-0.133961
0.148835
0.130897
0.101323
0.287981
0.011728
0.012979
-0.017357
-0.066614
0.227532
0.083817
-0.035027
-0.030962
-0.254719
0.005942
0.009695
0.024238
-0.005786
-0.014230
-0.055199
-0.056763
-0.054417
-0.009070
0.025802
0.081471
-0.028616
0.006255
-0.037686
-0.010164
-0.121499
-0.123062
0.028147
0.019390
-0.060828
-0.017201
0.118377
-0.073025
-0.064894
0.086632
-0.032994
0.004848
0.076467
-0.057388
0.105085
0.067241
-0.133382
-0.186077
-0.065676
0.041439
-0.029085
-0.015012
0.038624
0.036435
-0.009226
0.035497
0.063801
0.022674
-0.057075
-0.091633
-0.018921
-0.014386
0.004378
0.094920
0.105085
0.015637
-0.072556
0.019234
0.285708
0.050196
0.092418
-0.046599
0.084130
0.097735
0.170452
0.024551
-0.014699
-0.016106
0.040970
0.018608
-0.039718
0.020172
0.054418
0.040188
0.092418
0.218931
0.015950
-0.027991
-0.073963
0.002971
-0.012979
-0.158713
0.071307
0.129949
0.047225
-0.018139
-0.176539
-0.184670
-0.046130
0.211581
0.035340
0.245986
0.060986
-0.062548
0.069743
-0.028147
-0.186702
0.082566
0.103052
-0.047693
-0.044879
-0.011572
-0.002033
-0.054730
0.094764
0.051603
0.122755
0.140583
-0.032525
0.093356
-0.005473
0.000782
0.159974
-0.003284
-0.073025
-0.073494
0.060048
0.007037
-0.202338
-0.005629
-0.033620
-0.039562
0.027365
0.007506
0.033725
-0.001750
0.047723
0.095289
0.060132
-0.045973
0.094334
-0.004454
0.006522
-0.013840
-0.005886
0.000477
0.032134
-0.090990
-0.015271
0.024339
0.044383
0.015908
0.040406
0.077312
0.012567
-0.041678
0.115651
0.163854
-0.141893
-0.069357
0.038179
0.212217
-0.079378
0.231944
0.036270
-0.033565
-0.040564
-0.019089
0.067131
0.030543
0.107856
-0.079855
0.015112
-0.060608
0.019726
-0.081764
-0.028156
-0.008908
-0.102762
-0.051222
0.061404
-0.087968
0.025293
-0.104193
-0.111829
0.004454
-0.144915
-0.097035
-0.011772
-0.153982
0.038179
-0.060608
-0.094013
-0.078742
-0.225880
0.115174
-0.005568
0.007795
-0.167821
-0.011613
0.126310
-0.058062
0.121856
0.091153
-0.166071
-0.102125
-0.161617
0.053609
-0.021953
-0.011772
0.115651
-0.000159
-0.042314
-0.040087
-0.069198
0.110402
0.102925
-0.031974
0.067609
-0.025452
-0.027043
-0.133144
-0.023702
-0.186432
0.084948
-0.009704
0.049632
-0.034042
-0.050268
0.052655
0.048360
0.069358
0.193285
-0.240991
0.024816
0.047883
0.114061
-0.002704
0.056314
-0.098467
0.024816
-0.201861
-0.060130
-0.087173
-0.001909
-0.003500
0.028475
-0.108647
-0.022430
-0.001432
-0.053131
0.088607
0.016544
0.141741
-0.140779
-0.102921
-0.043746
-0.152550
0.050110
-0.080174
-0.002863
-0.003182
-0.115961
-0.082307
0.006103
-0.056150
0.019356
-0.168796
0.032261
0.065219
0.103758
-0.049001
-0.077598
0.046560
-0.022495
-0.007150
-0.089805
0.145263
-0.152754
-0.009068
-0.178561
0.093295
-0.114217
0.012904
0.079344
-0.016566
0.013951
-0.085794
0.026855
-0.158682
0.040980
-0.038189
0.047606
0.021100
-0.026331
0.012207
-0.003313
0.069404
0.027727
0.017264
-0.026855
-0.000174
-0.049524
0.055628
0.071323
0.195139
-0.106894
-0.082132
-0.121018
-0.043421
-0.046211
0.036620
0.056674
0.098527
0.021623
-0.133573
0.224437
-0.031737
0.133928
-0.003313
0.029122
0.014125
0.070974
0.028599
0.007498
-0.049001
0.092423
0.029645
0.074287
-0.152405
0.068358
0.038015
0.064522
-0.137235
0.003139
0.000523
0.011160
-0.035225
-0.054232
-0.028075
0.094167
0.106200
-0.076727
-0.115787
-0.014474
0.140206
0.086669
-0.010114
-0.089979
-0.021274
0.086843
0.031389
-0.109509
0.307101
0.033656
0.084925
0.015520
0.064347
-0.024588
0.015346
0.100271
-0.219363
0.139159
-0.038538
0.005231
0.023018
-0.189720
-0.085445
-0.036969
-0.122936
-0.010114
0.038015
0.140554
-0.122238
0.016043
-0.008370
-0.057196
-0.055976
0.071497
0.031214
-0.144035
0.162527
0.074462
-0.114566
-0.039410
-0.036445
-0.114740
-0.071670
-0.110381
0.010986
-0.055337
-0.019075
0.088767
0.037018
0.003400
-0.106706
0.026252
0.052694
-0.006044
0.062703
0.088390
-0.022475
0.020397
-0.015676
0.044761
0.067614
-0.022664
-0.071956
-0.261188
0.018131
-0.024175
0.095944
-0.062891
0.028519
-0.050804
0.128241
0.062326
-0.002078
0.004155
0.091978
-0.029652
0.013032
-0.106140
0.028896
-0.050049
-0.103307
0.003022
0.368873
0.045517
0.007555
-0.054204
0.043061
-0.037961
-0.004722
-0.032484
0.034751
-0.035317
-0.066857
0.052505
0.101044
0.109543
-0.079511
-0.066102
-0.107462
0.006044
-0.091598
-0.043061
0.089523
0.119175
-0.084610
0.130319
0.045705
0.000189
0.060815
-0.037395
-0.076111
0.204358
0.150906
-0.122193
0.080457
0.150528
0.033807
0.104255
-0.056848
0.057037
-0.010199
0.099722
-0.136546
-0.010954
-0.054392
-0.105384
-0.032862
0.009443
-0.106895
-0.031540
-0.005477
0.215690
0.099155
0.028330
0.083101
-0.086499
0.015676
-0.073278
0.003777
0.089712
-0.113128
-0.001133
-0.010388
0.003588
0.207946
-0.020775
0.055715
-0.011521
0.022286
0.010954
0.035318
0.033051
-0.082721
0.037018
0.141462
-0.039661
-0.004533
-0.051371
-0.019642
0.131641
0.035507
0.071203
-0.123515
0.085557
-0.140323
-0.086876
-0.041361
-0.048727
0.229100
0.025308
-0.021153
-0.044194
-0.199056
-0.008376
-0.040754
-0.022552
0.036566
-0.296701
0.124199
0.050098
-0.059117
-0.018364
-0.032539
-0.024807
0.084893
-0.052996
-0.037532
0.004349
0.135314
0.181065
-0.053157
0.019008
0.057669
0.245503
-0.089561
0.080382
0.052514
0.073294
0.036083
-0.025934
0.045426
-0.028834
0.009504
-0.075225
-0.016108
-0.020297
-0.051707
0.010309
-0.126448
-0.049130
-0.102770
0.072811
-0.013370
0.007732
-0.008699
0.089886
-0.001933
0.021585
-0.019813
-0.081668
0.025612
-0.080863
-0.028995
-0.045425
0.130159
0.103740
0.030123
0.104868
-0.094233
-0.073614
0.012887
-0.037371
-0.008215
0.027223
0.067173
-0.001933
-0.009343
0.067012
0.023196
0.030606
0.034633
-0.040110
0.004349
0.121782
0.120171
0.016431
-0.009182
0.024163
0.007732
-0.037854
-0.070554
-0.072809
0.070234
0.075066
0.016270
-0.055896
0.048326
-0.021746
-0.050097
0.013209
0.047037
0.013370
-0.077802
0.345709
0.017075
-0.006927
-0.035116
0.010793
0.493929
-0.004349
-0.062822
0.081349
-0.076353
0.053319
-0.005477
-0.020941
-0.021102
-0.111146
-0.062339
-0.044459
0.069428
0.014014
0.046232
0.044137
0.045587
0.009343
-0.116461
-0.002255
-0.062661
0.026901
0.000322
0.005960
-0.161885
0.110023
0.160606
-0.082635
-0.017558
-0.043815
-0.031572
-0.082474
0.071200
0.060959
0.038119
0.051823
0.069465
-0.133097
-0.081907
0.066945
0.052138
-0.059225
-0.008033
0.025675
0.022210
0.021107
0.002363
-0.028353
-0.142075
-0.107266
-0.040324
0.030401
0.026935
0.000945
-0.053240
-0.032763
0.006773
0.046310
0.095456
0.017484
-0.035441
0.210292
0.059857
-0.026147
0.109791
-0.110416
0.036544
-0.048672
0.035126
-0.030873
0.083485
-0.022052
0.002520
-0.020319
-0.025675
-0.005356
0.012444
0.024258
-0.105218
0.115462
-0.095138
0.020792
-0.039694
-0.012444
-0.006616
-0.059698
-0.113409
0.016697
0.093093
-0.047412
-0.005828
-0.167591
-0.099076
0.044577
-0.088837
0.036859
0.055919
0.117037
-0.337692
-0.121757
-0.097028
0.026935
0.048358
-0.036071
-0.026463
-0.023942
0.011971
-0.033393
0.076239
-0.127585
-0.012129
0.100339
0.037962
0.036859
-0.084900
0.041112
0.096874
0.036229
-0.159874
0.095141
-0.088207
-0.040166
-0.130105
-0.039694
0.026620
0.043632
0.071041
0.074979
0.014334
-0.082695
0.059857
-0.221773
-0.085530
0.014176
-0.079544
-0.153101
0.013231
-0.016067
0.028038
0.026620
0.078917
0.306859
-0.003780
0.134207
0.015909
0.029613
0.076869
0.191389
-0.080332
0.032291
-0.040324
-0.068046
-0.194210
0.074821
-0.067101
-0.040324
0.187765
0.059699
-0.003308
-0.066156
-0.193895
0.142004
-0.062537
-0.031430
0.068986
-0.123784
0.062539
0.046098
-0.179549
0.101868
0.022082
-0.012089
0.137490
-0.048193
0.022565
-0.040295
-0.009026
0.180367
-0.035782
-0.058830
0.056091
0.030463
-0.132165
0.059960
-0.104765
0.038522
0.006447
0.006286
0.180528
0.044809
0.010154
-0.159403
0.102352
-0.137806
-0.019342
0.020792
0.132816
0.027723
0.039006
-0.032236
-0.057702
0.031914
0.149257
0.104769
-0.014184
0.006608
-0.105249
-0.012411
-0.030463
0.034493
-0.059958
-0.024661
0.048516
0.159735
-0.005319
-0.131520
0.040134
-0.211138
0.114279
-0.093967
-0.016440
0.059154
0.042230
0.130721
0.010316
0.003707
-0.018536
0.034815
0.110733
-0.153601
-0.193571
0.027723
0.207931
-0.025305
0.003062
-0.046258
-0.075754
-0.028851
-0.005319
-0.084457
0.026273
0.098161
0.041263
-0.008220
-0.069468
-0.023049
-0.024983
0.021115
0.076078
0.002740
-0.069951
-0.028206
0.270313
0.093003
0.023049
0.025789
0.355265
0.021759
0.098161
-0.003062
-0.043841
-0.132487
-0.031269
0.045776
0.042391
-0.056735
0.041101
0.011766
0.044003
-0.097674
0.001934
0.151836
-0.029012
-0.098480
-0.091388
-0.039005
-0.007414
0.025144
-0.004674
0.026917
-0.046903
0.070276
-0.023049
-0.158597
-0.002740
0.005480
-0.004352
0.032559
-0.004352
-0.029586
0.029752
-0.091249
0.053687
-0.209087
-0.084933
-0.089088
-0.000332
0.015292
0.005984
-0.043049
-0.065819
0.021940
0.043049
0.056347
-0.046207
-0.089088
-0.154573
0.080780
-0.127814
0.023436
-0.097731
-0.032910
0.101059
0.228053
-0.029419
-0.101055
0.180180
-0.053187
-0.076290
-0.017951
0.002992
0.068480
-0.000665
-0.004155
0.037398
0.005319
-0.117343
-0.021608
0.038395
-0.001828
-0.138285
-0.021275
0.010638
0.081778
0.005319
0.002327
-0.057509
-0.028588
0.159070
0.055682
0.045709
0.154582
0.115188
-0.099227
0.172035
0.037564
-0.051525
0.254150
-0.234017
-0.065155
-0.089421
0.079284
0.038229
0.112029
-0.183160
-0.168202
0.001163
0.061998
-0.037564
-0.033907
0.050363
-0.037398
-0.038395
0.010638
-0.001828
-0.087260
0.066984
-0.015458
-0.006316
-0.008311
0.039725
-0.014959
0.067483
0.012300
-0.134795
0.034406
0.042717
0.040057
0.125327
-0.056345
-0.033076
0.007812
-0.052523
-0.045874
-0.080279
-0.162717
-0.097399
0.092416
-0.045874
-0.058506
0.014294
-0.161720
-0.027924
-0.027591
0.141617
-0.047536
0.165386
0.151922
-0.070473
-0.108701
0.029420
-0.017286
-0.176180
0.065655
0.050030
0.022937
-0.034738
-0.070806
-0.026095
0.058840
0.005984
-0.028921
0.133638
0.034905
-0.018283
-0.002161
0.183006
-0.074720
-0.017985
-0.007416
-0.028553
0.039122
-0.171871
0.023733
-0.103458
-0.083805
0.011866
0.020210
0.022806
-0.071012
0.042459
0.047836
-0.025401
0.248275
0.061372
0.075834
0.137207
-0.138499
-0.093817
0.052657
-0.031334
-0.112913
0.025216
0.011125
-0.132195
-0.032447
0.035970
0.062855
-0.022991
-0.111245
-0.040976
-0.031334
-0.082692
-0.000742
0.081211
-0.005933
-0.061185
0.053399
0.295744
-0.109020
-0.030593
-0.070641
-0.062112
0.171510
-0.024474
-0.109947
-0.017614
-0.007787
-0.114211
0.165947
0.033560
-0.044869
0.081211
-0.039863
0.199509
-0.042644
0.013535
0.024474
-0.048948
-0.093631
-0.001483
0.025587
-0.089923
0.082694
-0.078242
0.108282
0.042089
-0.000185
0.154080
-0.020395
-0.008529
0.007787
-0.243435
-0.057477
0.058034
0.028183
0.119778
-0.060629
0.163908
-0.008900
-0.116250
-0.002967
-0.065635
0.031891
-0.007231
0.067861
-0.101233
-0.143319
0.085476
-0.018356
0.016872
0.095117
0.060815
-0.074534
0.063597
-0.072495
0.026514
0.032818
-0.024660
0.034487
0.046168
0.154266
-0.037824
-0.003337
0.134240
-0.097895
0.062484
0.168543
-0.035599
-0.117363
0.055809
-0.101789
0.077132
0.043572
-0.014833
0.020210
-0.097154
-0.001669
-0.010383
-0.060629
0.021322
0.053955
-0.098266
0.252540
0.049134
0.093128
0.085123
-0.030651
-0.039437
-0.201475
-0.185271
-0.058765
-0.009566
-0.041194
0.020695
-0.002148
-0.003709
-0.014447
-0.083949
-0.052908
-0.005076
0.081218
0.055642
0.040804
-0.232124
-0.001171
0.024014
0.019719
0.144476
-0.170239
-0.022257
0.024209
-0.078873
-0.071064
-0.033385
-0.032409
-0.007809
0.006443
-0.005076
0.030847
0.046075
0.112652
0.009957
-0.100153
-0.120847
0.043928
0.123585
0.066575
0.149162
0.027528
0.018352
0.017181
0.004881
-0.003319
-0.007419
0.048809
-0.170825
-0.158916
0.018157
0.023428
0.165172
0.006833
-0.032409
0.056228
-0.097420
0.149943
-0.019719
0.086490
0.016400
-0.045880
-0.156378
0.006052
0.164391
-0.049394
-0.070869
0.016009
0.072432
0.034752
-0.015033
-0.021476
-0.139394
0.062280
0.086490
-0.075945
0.042171
-0.069893
-0.044513
-0.054665
-0.019719
-0.114014
-0.184100
-0.113819
-0.065793
0.008005
0.114799
-0.249108
-0.046075
0.035142
-0.162040
0.020890
0.052713
-0.093320
0.001952
0.020500
-0.035728
-0.028309
0.047052
-0.180976
0.034166
0.081999
0.097813
-0.008785
-0.008981
0.250103
0.180596
0.013862
-0.010543
-0.003124
-0.019914
0.098594
0.049785
0.044514
-0.045099
0.061109
-0.051736
0.058180
0.059351
-0.080240
-0.146031
-0.024599
-0.045294
0.007614
0.189577
-0.039193
-0.016298
0.131357
0.032596
-0.101861
-0.245820
0.020373
0.253988
-0.066550
0.003298
0.103029
-0.005821
0.008343
-0.021537
0.101282
-0.015716
0.322097
-0.018044
-0.171319
0.151925
0.004851
0.146492
-0.030074
0.031044
-0.139695
-0.051804
0.022701
0.049283
-0.074505
-0.007955
0.161044
-0.004463
0.019985
-0.070624
0.005821
0.010477
0.048313
0.136596
-0.046954
-0.045207
0.087894
0.100700
-0.090608
-0.101861
-0.133098
0.107685
-0.061699
0.057626
-0.014552
0.063447
0.070626
-0.042491
0.032790
0.019985
-0.033566
-0.011253
0.031626
0.097014
-0.084400
-0.002522
-0.131740
0.022507
-0.187034
-0.064416
0.052581
-0.005627
0.138149
-0.074699
0.034343
0.122238
0.024447
0.124566
-0.049670
-0.025417
0.015328
0.016686
0.142805
-0.002134
0.087312
-0.139501
0.052581
-0.098757
-0.003880
0.019403
-0.038029
0.053357
0.038611
0.027552
0.113312
-0.051610
-0.155604
-0.031432
-0.035312
0.083820
0.061700
0.083432
-0.098951
-0.017850
-0.083042
-0.056849
-0.007567
0.040163
-0.158514
0.011253
0.121656
-0.025417
-0.026775
0.053745
-0.093519
0.127477
-0.083236
0.116999
-0.040551
0.054133
-0.175200
0.013000
0.045014
0.009701
0.006403
-0.058789
0.136402
0.016686
0.092551
0.019209
0.019014
-0.033566
0.130193
0.019014
-0.102377
0.055657
-0.049700
-0.153005
-0.196746
-0.103680
0.017684
-0.058634
0.071107
-0.048583
0.031086
0.037229
0.005770
0.039835
-0.044488
0.127510
0.008749
0.122298
-0.161940
-0.085810
0.029597
0.035926
0.151337
0.061614
-0.129366
-0.095490
-0.001861
-0.048024
-0.008935
0.046722
-0.091022
-0.074084
0.081718
0.083951
0.149290
-0.007260
0.021406
-0.285902
-0.011541
0.099960
0.063847
-0.019545
0.021965
-0.080226
-0.042626
0.087860
-0.042626
0.080415
0.051376
-0.016567
-0.029969
0.112618
0.074830
0.038718
-0.003164
0.041324
-0.011169
0.028480
0.006887
0.212954
0.035740
-0.012472
0.031272
-0.007818
-0.035181
-0.034995
0.077622
-0.264497
-0.027735
-0.081902
-0.046163
-0.021779
-0.107030
-0.010796
0.066454
0.186148
0.039835
0.073899
-0.091581
0.104428
0.059752
-0.060868
0.109826
-0.048955
0.042813
0.023640
-0.086555
-0.049886
0.030527
0.143147
-0.012285
0.038159
-0.036484
-0.012285
0.137748
0.017684
0.023826
0.020848
0.063103
-0.084507
0.040393
0.045605
-0.185578
0.020103
-0.071478
0.069990
-0.051375
-0.061054
0.098285
0.009307
0.020662
-0.029596
-0.009679
0.003537
0.106661
0.050259
-0.085066
0.036856
0.121739
-0.010982
0.059938
0.000558
-0.017870
-0.347695
0.006701
-0.137742
0.141285
0.038346
-0.104716
-0.012287
-0.050616
-0.020357
0.065105
-0.025675
0.003301
0.056302
-0.232168
-0.001284
-0.075557
0.018523
-0.068222
-0.015222
0.020540
-0.051717
0.033378
-0.024758
0.164875
0.073909
0.139199
-0.022924
-0.199526
0.048050
-0.056668
0.007519
-0.019990
0.131680
-0.056852
-0.009353
0.134247
0.010453
-0.006235
-0.081426
-0.013388
0.000000
0.022924
-0.044198
0.009536
-0.036128
0.036312
-0.041630
0.024025
0.180465
-0.035578
0.074275
0.067673
-0.003668
0.025859
0.096650
-0.008436
0.039430
-0.081609
0.013938
-0.051900
-0.013755
0.023108
0.042731
0.095366
0.022924
-0.139926
-0.040346
0.131863
-0.134975
-0.053734
0.016505
-0.044381
-0.005869
0.168727
0.034478
0.110772
0.101052
-0.030443
0.010453
0.008436
0.176613
-0.050250
-0.020540
0.099401
0.070607
0.130946
0.148369
0.011004
-0.004035
-0.092429
0.140299
0.130946
0.184500
-0.075007
-0.033744
0.101602
-0.443781
-0.058685
0.060887
0.019073
0.203024
-0.025492
-0.030443
-0.096647
0.017056
-0.040530
-0.064737
-0.103799
-0.010820
0.099951
-0.021457
-0.035395
0.084913
0.019807
-0.011004
-0.062720
-0.147995
0.094633
-0.018890
-0.084360
0.061254
0.042364
0.003851
0.014488
-0.148912
0.011921
-0.102699
-0.007519
0.043098
-0.016872
-0.022191
0.035762
-0.038146
0.053126
0.007073
0.024991
-0.074815
-0.090690
-0.024205
-0.069471
-0.006759
-0.073086
-0.032850
-0.012103
0.017761
0.001886
0.000472
-0.049196
-0.025148
0.108140
-0.150257
-0.040394
0.129517
0.009116
-0.000629
0.062872
0.048254
-0.049510
0.015403
0.044167
0.006287
0.079690
-0.043066
0.103739
0.041023
0.036465
0.025306
-0.023891
-0.040866
-0.007702
0.166927
0.038194
-0.020747
0.133918
-0.212337
-0.121495
0.027506
-0.024519
-0.058626
-0.121652
0.182174
0.092422
-0.061770
-0.063970
-0.033793
-0.091004
0.056113
-0.024048
0.109240
0.069787
-0.068214
0.041023
0.182960
-0.087860
-0.066799
-0.034107
-0.064599
-0.035050
0.024048
0.112070
0.238448
0.048254
-0.009273
0.077961
0.087863
0.136590
0.045739
0.090064
-0.132497
-0.120866
0.010059
-0.009273
-0.011002
-0.011317
0.070573
-0.086603
-0.060041
0.087863
0.119772
-0.029549
0.087549
-0.052182
-0.171160
0.305255
-0.007230
0.007702
0.024991
0.060985
-0.014146
0.173686
-0.082202
0.008488
-0.038980
0.041652
0.012260
-0.175246
0.007387
-0.032850
0.105311
0.012731
-0.004872
-0.154972
0.068687
0.016818
0.057056
0.046210
-0.064756
0.288278
0.007073
0.102481
-0.018861
-0.053597
0.123072
-0.007544
-0.064756
0.123387
-0.061613
0.020590
0.136905
0.019647
-0.110336
0.053420
-0.031118
0.034922
-0.081771
0.105458
0.057915
-0.052382
-0.065002
0.072092
0.042183
0.076759
-0.023166
0.108570
0.074339
0.075722
0.000346
-0.217474
-0.015905
0.005532
0.016596
-0.102861
-0.060161
0.057396
-0.005878
0.158362
0.025586
0.043566
-0.073646
0.070363
-0.007088
-0.010373
-0.100095
0.102001
-0.132595
-0.017461
-0.067422
-0.016251
-0.111851
0.016424
0.092838
0.056878
-0.065175
0.123611
0.175651
0.077970
-0.117901
-0.117555
0.004668
0.079007
-0.016423
-0.044257
0.043220
-0.044257
0.036824
0.268667
0.021264
-0.068632
0.085231
-0.057050
-0.038898
-0.134324
-0.048060
0.160782
-0.154723
0.114275
-0.000000
-0.016769
0.083675
-0.137090
-0.115481
-0.162329
-0.004149
-0.097848
0.019017
-0.003630
-0.029908
0.019363
0.020227
0.079526
-0.024376
-0.119284
-0.040626
-0.033884
-0.096638
-0.040453
0.162338
-0.020400
0.279213
-0.087130
-0.013485
0.020918
-0.137263
-0.046331
0.034576
-0.039070
0.116350
-0.012966
0.017634
-0.064310
-0.104590
-0.110295
-0.094045
0.211958
-0.059297
-0.070015
0.124994
0.003976
-0.203299
0.000000
0.022820
-0.001210
0.003458
0.126205
0.088343
-0.148154
0.025586
0.041146
0.019708
0.003458
0.087997
0.011583
0.086960
0.023685
0.023512
-0.024376
0.047196
0.104421
-0.002247
-0.108441
0.097548
0.068371
0.134986
0.079796
-0.063975
0.158363
0.057825
0.091748
-0.103344
-0.003867
-0.014588
-0.052024
0.019685
-0.144294
0.040952
-0.083308
0.046401
0.059231
0.066438
0.034273
-0.004921
0.120397
0.059759
0.014412
0.024255
0.052552
0.104051
-0.003867
-0.021442
0.065383
0.042182
-0.002988
0.058880
0.014412
-0.049388
-0.058176
0.383882
-0.039721
0.040601
0.143423
0.098778
-0.040776
0.012303
0.006152
-0.058351
-0.014061
0.161702
0.069777
-0.015115
0.059583
-0.043061
-0.158706
-0.140955
-0.058000
0.095966
-0.100181
0.118991
-0.086824
0.125846
-0.120041
0.038140
-0.075927
0.017049
-0.081375
0.101239
0.006679
-0.135331
-0.099478
-0.030582
-0.189989
-0.095611
-0.033218
0.122506
-0.104047
-0.049388
0.178928
-0.107562
0.035503
-0.079442
0.056595
0.008612
-0.144997
-0.002285
-0.123380
0.014412
0.094208
-0.046400
0.093681
-0.136034
-0.093854
-0.090514
-0.028121
0.114421
0.021970
0.004921
-0.056242
-0.018103
-0.134101
0.047279
0.040776
-0.056945
-0.122326
-0.061339
0.011600
0.021091
-0.039370
-0.043764
-0.019509
-0.071357
0.132174
0.026540
-0.047103
0.084541
-0.006152
-0.044291
-0.079090
-0.049564
0.022321
-0.003867
0.177873
-0.027594
0.163987
0.018982
0.105281
-0.052200
0.063801
0.027594
0.094340
0.038978
0.009141
0.037080
0.045186
-0.061397
-0.011555
-0.037770
0.106413
0.021558
-0.021903
0.083475
0.132457
-0.086921
-0.089853
0.008796
-0.123828
0.035701
0.013797
-0.004829
-0.122621
0.160225
0.144530
-0.074159
0.206966
0.131767
-0.057258
0.034493
-0.015004
0.025698
0.007244
-0.015349
-0.135727
-0.020006
0.041737
0.117797
-0.103305
-0.000517
-0.118654
-0.061742
0.018281
-0.042599
-0.000517
-0.288693
0.096927
-0.036563
0.104516
-0.049670
0.083302
-0.045876
0.035873
-0.031734
-0.005002
-0.000345
0.112277
0.035701
-0.137797
0.081922
0.041909
0.005691
0.094858
0.082785
-0.033631
0.054500
-0.033113
0.031389
-0.062949
0.014832
-0.137797
0.070712
0.019144
0.018281
0.056569
-0.016557
0.016729
-0.111411
0.298381
0.003449
-0.067261
0.017247
-0.027767
-0.054154
0.042427
-0.018971
0.206794
-0.066916
0.077438
0.223352
0.052603
-0.001552
0.017592
0.311318
-0.016902
0.051050
-0.007761
-0.213505
0.042599
0.014487
-0.017074
-0.064846
-0.043461
0.117797
-0.096407
0.036391
-0.013970
-0.057086
-0.029664
0.098825
0.017419
-0.060017
0.016212
0.043634
0.018971
-0.132968
-0.022765
-0.034320
0.000172
0.066400
-0.004829
-0.025180
0.172816
-0.110204
-0.022248
-0.023800
0.028974
0.020524
0.010520
-0.111238
0.039904
0.035680
0.087963
0.041651
0.029709
-0.003350
-0.064223
-0.000437
-0.040777
0.085196
-0.004223
-0.060582
0.010486
-0.054757
0.009175
-0.050971
0.037865
-0.000728
0.049370
0.007573
-0.007864
-0.092766
0.125684
-0.089999
0.121897
-0.051699
-0.075436
0.041942
0.055486
0.066700
-0.044126
0.093206
-0.061456
-0.016456
0.009466
-0.011796
-0.027524
-0.390554
-0.034806
-0.041068
0.040195
0.016165
0.060584
-0.148832
0.085633
-0.010631
0.038010
0.078351
-0.024903
0.070196
0.164861
-0.047767
-0.206498
0.040923
0.026651
-0.018932
-0.003641
-0.084028
0.188018
0.018495
-0.102960
0.075584
-0.028107
0.060729
-0.136162
-0.182907
-0.000583
-0.037718
-0.009903
-0.046165
0.063642
-0.001893
-0.078349
0.036263
-0.124658
0.090294
-0.127279
0.005097
0.027962
-0.017476
-0.056942
-0.020388
0.119858
0.036554
0.037719
0.048933
-0.017330
-0.033641
-0.076164
0.345755
-0.029418
0.070341
-0.010049
0.015437
0.016311
-0.020680
-0.158297
-0.047476
-0.086067
-0.051553
-0.056359
-0.000437
-0.104125
0.029127
0.032767
0.138063
-0.044417
-0.058107
0.011651
-0.037864
-0.091310
-0.045874
-0.052573
-0.038592
-0.164559
-0.028398
0.124519
-0.019806
-0.046456
-0.189897
0.121023
0.047477
-0.139949
0.212050
-0.009757
-0.042670
-0.054320
0.100925
-0.090702
0.011274
-0.155780
0.095658
0.233002
0.013665
-0.004954
-0.100609
-0.006662
-0.003416
-0.013324
0.024427
-0.176959
-0.016057
0.092754
-0.059956
-0.014348
-0.022889
0.082505
0.057395
0.090705
0.025622
-0.112736
-0.067984
-0.002904
-0.104708
-0.075670
0.055345
0.001708
-0.017936
0.106591
0.062348
0.163988
-0.004612
0.015032
-0.070034
-0.093093
0.106933
0.117182
0.076014
0.008028
0.113936
0.193882
-0.097022
-0.169956
-0.039629
-0.099242
0.072256
0.204815
0.004100
-0.015544
0.031601
-0.090702
0.014007
-0.246135
0.033309
-0.025793
0.062861
-0.060810
-0.057735
0.070206
-0.015373
0.102320
0.030235
-0.017082
-0.047999
-0.083357
-0.099242
0.008882
-0.142115
0.029039
0.017765
-0.048511
-0.014348
0.005124
0.063886
0.067815
-0.035871
-0.140578
0.142464
0.046121
-0.113761
0.093096
0.042533
-0.002391
-0.005808
-0.072083
0.173212
-0.048853
0.006320
0.011957
0.153226
0.118548
0.095658
0.058078
-0.086261
0.049024
-0.021352
0.107957
-0.035529
0.188757
-0.124693
-0.077891
0.026306
-0.149631
0.033651
-0.087798
-0.079770
-0.000512
0.106249
0.097367
-0.178668
0.031601
0.097367
0.001708
0.010591
-0.003929
-0.011957
-0.007516
-0.121447
-0.024085
0.152713
-0.135283
-0.076524
-0.041337
0.055174
-0.032455
0.012982
