shape: [b:1, f:64, x:128, y:2, z:1, w:1, u:1, v:1, g:1] (count: 16384, addr: 0x7fffab284200, original format: bfyx)
0.110352
0.089050
0.385010
0.110352
0.017242
-0.116638
-0.003735
-0.038513
0.005459
-0.078125
0.010628
-0.105469
-0.006035
-0.333252
0.089661
-0.075012
-0.067505
0.010345
0.049988
-0.004597
0.000287
-0.045410
-0.188477
-0.048828
0.000575
0.023849
-0.113464
0.008621
-0.000000
0.011208
0.084473
0.065247
-0.002298
-0.053162
0.168091
0.033630
-0.024704
0.022125
-0.089905
-0.002586
0.013504
-0.044830
-0.047699
0.051727
0.032745
-0.062073
0.085327
0.032166
-0.114319
-0.083008
0.016373
-0.042236
0.008621
-0.021545
-0.000862
0.144531
0.153198
0.053436
0.044250
0.004883
0.126953
-0.096252
-0.010628
0.000287
0.010056
-0.070984
-0.041382
-0.204224
-0.080750
-0.031311
-0.314697
0.003160
-0.014076
0.058319
-0.041077
0.003448
0.026138
0.014938
0.040802
-0.030167
-0.046844
0.049713
-0.012642
0.029587
-0.012352
-0.001149
0.048279
-0.091370
-0.108032
-0.047119
-0.055725
0.108582
0.060333
-0.071533
-0.029312
0.158936
0.161133
0.111755
0.012352
-0.012932
-0.196777
0.012070
-0.096558
0.022415
-0.082458
-0.023560
-0.010628
0.049988
0.098816
0.007183
0.002586
-0.002586
0.007183
0.058044
-0.035919
0.004883
0.034485
-0.003735
0.115784
0.137939
-0.009193
-0.093079
0.002586
0.016373
-0.004021
0.068359
0.078735
-0.145386
-0.051910
0.084595
-0.035583
-0.020828
0.004807
0.118896
0.010254
0.055450
-0.000641
0.004807
0.038147
0.084595
-0.057037
0.012177
0.001923
0.050629
-0.013779
0.015701
-0.091309
0.159302
0.041351
0.039093
0.063477
0.016342
0.096130
0.078857
0.053192
0.147095
-0.034302
0.051270
-0.099670
-0.292236
0.062805
-0.019867
0.215698
-0.036530
0.059601
0.058960
0.538086
-0.030121
-0.003845
0.004807
-0.007370
0.020187
0.033661
0.079773
0.003204
-0.043579
-0.025955
0.000000
-0.026917
0.099976
-0.115723
-0.023392
0.007050
0.016663
-0.012817
-0.068237
-0.005447
0.059296
0.092285
0.008331
0.021790
0.042297
-0.016663
0.018906
0.017303
0.006409
0.013138
0.024673
-0.093262
-0.314697
0.000320
0.016983
-0.007690
0.176636
0.003204
-0.109314
0.011856
-0.071472
0.000641
0.032684
-0.169189
-0.060242
-0.055450
-0.117615
-0.021790
-0.014099
-0.022751
-0.017944
0.005447
-0.014740
0.002563
0.104797
0.026596
-0.028519
0.051605
0.002243
0.071167
-0.029480
-0.011536
0.061523
0.159912
0.021790
0.003845
0.142578
-0.058014
-0.000000
0.005127
0.029160
-0.022430
0.066650
-0.047119
-0.023071
-0.008652
0.005127
-0.014740
-0.153198
-0.032043
-0.055115
-0.000641
-0.003525
-0.003204
0.111877
0.072083
0.048401
-0.172119
0.009293
-0.001514
0.038361
0.101440
0.149170
0.075195
-0.157471
0.018921
0.081482
0.058044
0.041138
0.010597
0.059814
-0.091370
-0.048187
-0.062866
0.090088
-0.120605
-0.007317
-0.206421
0.018677
0.010094
-0.114075
0.131714
-0.032806
0.000504
-0.072693
0.151611
-0.121155
0.065857
0.257324
0.163818
-0.068909
0.034332
-0.078979
-0.116821
-0.107483
-0.019424
-0.170532
0.012619
0.036346
-0.004795
0.061584
0.041382
-0.106018
-0.014130
-0.088074
-0.018173
-0.062866
0.131958
-0.111267
-0.037109
-0.157715
-0.030792
0.014633
0.080017
-0.074463
0.031799
-0.082031
-0.137329
0.008072
0.007572
-0.003786
0.029526
-0.002018
0.015900
-0.027008
0.058044
0.104248
0.005550
0.187012
0.014130
-0.017410
-0.070435
0.056793
-0.048706
-0.112793
0.000504
0.020187
-0.052246
-0.122131
-0.013878
-0.102966
0.043915
0.189331
0.039124
0.001009
-0.101929
-0.040375
-0.079224
0.112305
0.109253
0.059570
-0.044678
-0.030029
-0.045166
-0.204956
0.018173
-0.064575
0.064331
-0.004543
-0.142578
-0.003281
-0.168091
-0.051727
0.048950
0.103210
0.018677
-0.000504
-0.106262
-0.009338
0.036346
-0.027756
0.064575
0.060577
0.136475
-0.038116
-0.032288
0.068115
-0.080505
0.060303
0.202393
-0.109497
0.177612
0.005047
-0.005047
0.091858
0.017410
0.119141
0.011101
-0.084778
0.002846
-0.101868
0.052368
0.071411
0.022766
0.060608
0.007965
0.019348
0.007114
0.048096
0.222778
-0.091614
-0.020493
-0.021912
-0.008537
0.013657
0.069458
0.029312
-0.035004
-0.013657
-0.168457
0.062042
-0.025330
0.077148
-0.016785
0.148315
-0.187500
0.078247
0.043243
0.156860
0.016510
-0.131470
-0.001423
0.040985
-0.095032
0.112122
-0.022202
0.011383
-0.013092
-0.021622
-0.009109
0.035278
-0.040131
-0.064026
-0.008537
0.178101
-0.028458
0.000854
-0.172729
0.066895
0.112427
-0.019928
0.019348
-0.026184
-0.020203
0.023911
0.017075
0.124390
-0.130615
0.036438
0.158203
-0.047821
0.040985
-0.083069
-0.016220
0.081665
-0.035858
-0.060059
-0.081970
-0.007401
-0.001991
-0.026749
-0.031586
-0.116394
-0.028458
0.029312
-0.070312
-0.012238
-0.007114
-0.024765
0.168701
0.218506
-0.018219
-0.008537
-0.005405
0.011101
-0.007965
-0.043823
-0.018784
-0.168457
0.137695
0.029602
-0.073975
-0.044952
0.094788
0.037567
-0.098206
0.036713
0.181274
0.150513
-0.359619
-0.006546
0.007965
0.161133
-0.019073
-0.021347
-0.001139
0.029602
0.087952
0.281006
0.051239
0.075439
0.012520
0.006260
-0.046967
-0.037567
-0.060059
0.078857
0.000285
-0.017075
-0.019348
0.110107
-0.050079
-0.062622
-0.174438
0.052063
0.032104
-0.026917
-0.044922
-0.012421
-0.157959
-0.084900
0.020508
0.056732
-0.013664
-0.009735
-0.018021
-0.022781
0.174316
0.289551
-0.112427
-0.148315
-0.023193
-0.068359
-0.076416
-0.022781
-0.000621
-0.103516
-0.051971
0.020508
0.038300
0.039124
0.061920
-0.206665
-0.107239
-0.004971
0.004143
-0.090881
-0.057373
0.315918
0.087585
0.029816
-0.120544
0.044739
0.016571
0.010765
-0.090515
-0.023605
0.107056
0.074951
-0.064819
-0.101868
-0.026718
-0.215942
-0.104370
-0.026093
-0.005798
-0.133545
0.029617
0.066040
-0.018433
0.025879
-0.130005
0.011391
0.115112
-0.010765
-0.228149
0.092163
-0.033966
-0.051147
-0.004349
0.021957
0.054474
-0.158203
0.044739
0.080994
-0.109558
0.035217
-0.022781
0.081177
0.064636
-0.070618
-0.084290
0.009941
-0.046387
-0.079712
0.005798
-0.007248
0.012009
-0.020920
0.041412
0.013046
-0.129028
-0.015114
-0.051147
-0.066650
-0.027130
0.020508
-0.031281
0.073303
-0.015945
0.195068
0.023407
-0.038940
0.026917
0.079712
-0.163818
-0.068542
-0.221802
0.025055
0.122375
-0.006420
-0.028366
-0.063782
0.031677
0.031891
-0.067688
0.051971
-0.009941
-0.037262
-0.098389
-0.066895
-0.043060
-0.012009
-0.070618
-0.135376
0.036652
0.118652
-0.104980
-0.046173
0.024857
0.140991
0.028366
0.061279
-0.180176
-0.074097
0.077515
-0.015358
-0.047150
-0.059814
-0.098389
0.055725
-0.020004
0.004108
-0.018036
0.025711
-0.094666
-0.142456
-0.042664
-0.001429
0.046234
-0.012321
0.157104
-0.014824
-0.038025
0.016251
-0.003750
0.022324
-0.008751
0.141479
-0.006607
0.039276
0.015358
0.049286
0.010895
-0.036438
-0.033020
0.044281
0.074280
-0.012138
-0.026245
0.134644
-0.364990
0.067505
0.006248
-0.005356
0.034637
0.053223
0.006786
-0.110168
0.088196
0.040894
-0.046417
-0.025711
-0.053375
-0.036957
-0.009109
-0.011246
-0.005894
0.021072
0.085510
0.079834
0.054626
0.091980
-0.032135
-0.041077
0.117676
-0.046417
0.001607
-0.029816
-0.139038
-0.039276
0.057861
0.058197
-0.109619
0.351318
0.008568
0.002142
0.003035
-0.123047
-0.026077
-0.079102
0.174438
0.000893
0.006248
-0.028397
0.019287
0.014282
0.055878
-0.110168
0.041260
0.035889
0.033569
0.040009
0.000714
-0.323730
0.008926
-0.014641
0.045349
-0.054993
0.028214
-0.046967
0.022491
-0.064636
-0.079102
0.060364
0.170532
0.041412
-0.008926
0.045898
-0.034637
-0.053925
0.020538
0.073547
0.036957
0.254883
0.042511
0.160400
0.142334
-0.008926
0.009644
0.178223
0.108948
-0.031769
0.008034
0.010353
0.042511
0.092346
0.134644
0.004822
0.042511
0.089111
0.114563
-0.044464
0.051849
-0.104126
-0.044769
0.126831
-0.090027
0.038666
0.112366
0.005939
0.054901
0.157959
-0.125122
-0.020859
0.118286
-0.075256
0.171875
0.026154
-0.051208
0.005135
0.037384
0.157227
-0.065491
-0.132080
-0.022141
-0.020859
0.012840
-0.064697
-0.068848
0.063538
-0.055847
0.037872
-0.009468
-0.268799
-0.082642
-0.052002
-0.052307
-0.064819
0.045898
-0.000481
0.031281
0.069031
-0.049438
-0.042999
-0.018463
-0.105469
0.021347
-0.183105
0.065002
0.132202
0.026474
0.036591
-0.032593
-0.067871
0.086975
-0.160767
-0.058746
0.002890
-0.095154
0.001284
0.015083
0.033539
0.030014
0.033539
-0.049591
0.042999
-0.004333
-0.034332
0.068054
-0.128540
0.289795
-0.064697
0.124878
0.012840
0.072571
-0.081177
-0.015564
0.061157
0.031616
0.009308
-0.002087
0.018936
-0.040588
0.081848
-0.119873
-0.013481
0.176392
-0.137695
-0.051208
0.035614
0.069946
-0.040588
0.125610
0.023590
0.007542
-0.124695
-0.165161
0.071899
-0.063538
-0.034668
-0.115417
0.077332
-0.185791
0.040924
-0.032593
0.119873
-0.000803
0.049438
-0.097107
-0.057129
-0.162109
-0.008347
0.076721
0.091797
0.101135
-0.109802
0.136475
-0.059387
-0.009308
-0.157959
0.129150
0.110413
-0.091980
0.004013
0.021027
-0.079590
-0.001925
-0.039154
0.122498
-0.045929
-0.066162
-0.058319
-0.014008
-0.048706
0.057983
0.045441
0.011894
0.008797
-0.092529
-0.038116
-0.048370
-0.175903
0.069702
0.031433
-0.025742
0.032104
-0.160767
-0.082092
-0.067749
0.018570
-0.026230
-0.014008
0.026718
0.098755
-0.008957
0.167480
0.006844
0.061249
0.005703
-0.163574
0.007820
0.147949
-0.017761
0.034210
-0.098389
0.210205
-0.221558
-0.007656
-0.011726
-0.011894
0.022324
0.078064
-0.053925
-0.105896
-0.020859
-0.153320
-0.036804
-0.020859
0.010918
0.128662
-0.155518
0.026886
0.014496
-0.045288
0.107544
0.060120
0.052124
0.115845
0.037292
-0.028992
0.246216
0.036163
0.058167
0.029968
-0.108521
-0.044464
-0.023453
-0.043488
-0.284912
-0.043976
-0.009613
0.009285
0.058472
-0.195312
0.044647
-0.076721
-0.093201
-0.020035
0.002769
0.017273
-0.067444
-0.018250
0.057495
-0.015961
0.005539
-0.070374
0.020859
0.156372
0.031281
-0.326904
0.007820
-0.072510
0.003422
-0.047089
0.019058
0.034058
0.025421
0.054749
0.059631
0.139771
-0.140137
-0.033875
0.040894
0.135986
-0.001304
-0.074585
0.030792
0.041718
0.072144
-0.035828
-0.065796
0.061737
-0.149902
0.015961
-0.010918
0.003584
0.094666
0.045776
-0.011726
0.008469
0.006027
-0.167969
-0.000489
0.032257
-0.124634
0.092834
-0.098450
-0.018448
-0.107056
-0.129272
0.041290
-0.017899
0.009315
0.080017
-0.097168
0.008400
0.050415
0.166992
0.084045
0.334229
0.023926
0.024658
0.015526
-0.065735
0.035980
0.023560
0.036530
0.132935
0.062103
-0.010963
-0.146729
-0.081848
-0.096802
0.067200
0.041473
0.044586
0.028320
-0.124390
0.198975
0.091736
0.066467
-0.017715
0.019913
0.111816
-0.002010
-0.087524
0.059906
-0.138672
0.066284
-0.008766
0.011505
-0.028687
-0.006210
-0.009132
0.111084
0.001096
-0.027771
0.059174
0.007488
0.017349
0.030502
0.053894
-0.020279
0.090454
0.034149
0.022659
0.101929
-0.005482
-0.049683
0.052979
-0.017532
0.145630
0.062469
0.111633
-0.038910
-0.059540
0.105225
0.052979
-0.001461
0.047302
0.049316
-0.160522
0.131348
0.121460
-0.048401
-0.182129
0.006027
-0.042389
-0.064331
0.018814
-0.029404
-0.011871
0.192383
0.041840
0.036163
-0.071228
-0.089172
-0.192871
-0.050049
0.004932
0.077637
0.063782
-0.078552
-0.088074
0.057007
-0.036896
-0.041290
0.006577
-0.158325
0.002192
0.110901
-0.122009
0.157471
0.005116
0.098999
-0.021744
-0.245483
-0.005299
-0.051880
0.086243
-0.156128
-0.055359
-0.031433
0.042023
-0.092224
0.016617
0.020828
-0.149414
0.105042
-0.077271
-0.008583
-0.140991
-0.084595
-0.067200
-0.133179
0.088867
-0.049652
-0.105591
-0.019592
-0.095703
0.018646
-0.012558
0.061432
0.066956
-0.102539
-0.032349
0.039581
0.080261
0.091492
0.083679
0.044891
-0.018646
-0.016357
-0.095520
0.024734
-0.044708
0.169067
0.041290
0.054230
0.155640
-0.000000
0.024536
0.095886
0.027390
0.030243
-0.007610
0.026443
-0.220337
0.033661
0.071533
-0.003614
0.036530
0.029861
0.062805
-0.081970
0.069824
-0.083679
-0.014458
-0.003805
-0.091125
0.071350
-0.134888
-0.015411
-0.006088
-0.044708
-0.104065
0.090149
0.031403
-0.018265
0.008560
0.040894
-0.009132
0.055359
0.082397
-0.052887
-0.009705
0.160767
-0.002092
-0.020538
0.093994
0.232666
0.095703
0.032349
0.012558
-0.212524
-0.102905
0.019592
0.024155
0.018448
-0.003805
0.128174
0.048309
0.014648
0.011414
-0.031952
0.010269
0.002853
-0.030243
-0.054230
0.032532
-0.031204
0.015030
-0.007610
0.128784
-0.028351
-0.221436
0.015411
0.041473
-0.033112
0.009895
0.092651
-0.147583
-0.167236
-0.053650
-0.200684
0.057465
-0.050232
0.038055
0.042603
-0.014267
0.003044
-0.052124
-0.021881
0.055939
-0.004566
-0.385254
-0.027969
0.057648
-0.131226
0.043549
-0.055939
-0.082153
-0.200073
-0.002283
-0.016556
0.025497
-0.007038
-0.263184
0.030441
-0.021881
0.032532
0.104980
0.068176
0.076660
0.027405
-0.113892
0.113037
0.092529
0.091003
-0.033600
0.106506
0.067566
0.055145
0.075562
-0.029694
-0.041595
-0.007179
-0.068848
-0.052216
0.003099
-0.020721
-0.057434
0.061493
-0.036865
-0.009628
0.046997
-0.314209
-0.060852
-0.022186
0.146484
0.007828
-0.020233
-0.063110
-0.042572
-0.036377
0.123962
-0.148071
0.076355
-0.010765
0.030670
0.023651
0.002121
0.091003
0.083374
-0.151367
0.044220
0.028061
-0.106506
0.023163
0.054993
0.091370
0.103943
-0.054810
-0.047791
0.029526
0.028061
-0.002609
-0.044220
0.082397
0.002773
-0.000163
-0.034760
0.263428
0.019257
0.038513
-0.102600
-0.023331
-0.033936
-0.057098
-0.224487
-0.114197
-0.136353
0.012726
-0.062988
-0.088928
0.005875
0.065552
-0.160645
0.093506
-0.020065
-0.060699
-0.035065
0.087769
0.076050
0.070801
-0.147095
-0.072449
-0.007668
-0.109924
-0.087463
-0.076050
0.096558
0.071777
-0.130615
-0.093994
-0.045837
0.009628
-0.018433
-0.189575
0.031982
-0.038818
-0.046173
-0.016647
-0.182495
-0.082886
0.001795
0.020065
0.130493
-0.068542
-0.074707
-0.007015
0.081726
-0.135742
0.034088
0.161499
0.096436
-0.010117
-0.085510
-0.002609
-0.016312
-0.019257
0.246704
-0.068359
-0.009789
-0.045013
0.030350
-0.032288
-0.185425
-0.089417
0.033112
0.109985
0.104614
0.184692
0.029404
0.001263
-0.125732
-0.091248
0.017670
0.027420
-0.029037
0.105347
-0.058258
0.012260
0.145020
-0.084778
0.013168
-0.051025
-0.007214
0.257080
-0.098633
-0.074463
0.003246
-0.118469
0.007214
0.013527
0.082397
-0.054474
-0.012085
0.081177
0.089661
-0.028320
-0.017319
-0.010643
0.293945
0.052490
-0.027771
0.039124
-0.067444
-0.030121
0.032471
0.080444
0.050873
0.000721
0.076477
0.055542
-0.177490
0.102966
0.053558
-0.057343
-0.012985
-0.008118
0.054474
-0.022903
-0.036255
0.012627
0.009735
0.242920
-0.067993
0.034454
0.049774
-0.143066
-0.002344
-0.035339
-0.068542
0.011726
-0.001623
0.206177
0.113953
-0.080811
0.012985
-0.237183
-0.042755
0.081543
-0.013710
0.069458
0.054108
0.152954
-0.175171
0.053192
-0.003246
0.083679
-0.050507
-0.068542
0.083679
-0.003065
-0.060608
-0.002886
0.078796
-0.027054
-0.078613
-0.005592
-0.084412
0.053192
0.048706
0.011543
-0.007393
0.076843
0.144043
0.088745
-0.047791
0.213745
0.020737
0.052490
0.005951
0.003065
-0.177612
-0.035156
-0.012444
0.187988
-0.012444
-0.009201
-0.143921
-0.016769
0.047424
-0.004868
-0.040222
0.023804
0.009018
0.036255
-0.009560
0.144775
-0.053009
0.020920
-0.136475
0.120483
0.009201
-0.059509
0.030304
-0.025101
0.090698
0.143433
-0.143799
0.060425
0.088562
-0.114929
0.004482
-0.091980
-0.016312
0.101318
0.108276
0.037109
0.080505
0.114380
-0.056458
-0.071533
-0.104004
0.072449
0.048218
0.010933
-0.114197
-0.037659
-0.000538
-0.147705
-0.010757
-0.025101
-0.008247
-0.076721
-0.329834
0.006454
0.005379
-0.150024
0.053436
0.043732
0.001434
0.063843
0.116699
-0.051270
0.063110
-0.010574
0.086060
0.087463
0.005917
-0.002689
0.007172
0.045166
-0.053253
0.095703
0.141479
0.030304
0.049286
0.041779
0.024200
0.105225
0.046600
-0.021332
0.010040
-0.080322
0.008965
0.077820
0.065063
-0.009682
0.063293
-0.043030
0.000179
0.141479
0.130737
0.041779
-0.013443
-0.082092
0.041229
-0.151611
0.041595
0.063477
-0.139282
0.027969
-0.172852
0.041595
-0.007889
0.029404
0.062378
0.083923
0.034607
0.024384
-0.047516
-0.101990
-0.117249
-0.151123
-0.057007
-0.051819
-0.156860
0.063660
0.028320
0.019180
-0.007172
0.013802
-0.090881
-0.125366
-0.058441
0.117615
0.230225
-0.028152
-0.142822
0.177490
-0.022766
-0.132690
0.044098
0.025452
-0.087097
-0.115295
0.111877
0.075684
0.061310
-0.011650
-0.026001
-0.159546
0.012909
-0.070068
0.033173
0.125366
0.232300
-0.069763
-0.018829
-0.005917
-0.010933
0.040863
0.071899
0.046722
0.160889
-0.154541
0.093994
0.067932
-0.035736
0.339355
0.020660
-0.024384
0.005028
0.042816
-0.014893
0.062012
-0.053070
-0.045441
-0.061615
0.010429
0.026443
-0.188721
-0.086914
0.008003
0.015823
-0.061249
-0.021591
-0.051025
0.026443
0.011726
0.068726
-0.119324
0.095520
0.099976
0.062195
-0.052673
0.044128
-0.007259
-0.025879
-0.048584
0.064819
-0.057709
-0.095886
-0.032776
0.043365
0.066833
-0.091614
0.047852
-0.156982
-0.008568
-0.032593
-0.083008
0.028854
-0.002420
-0.083191
0.058838
0.003910
-0.025513
-0.017685
0.095154
0.005215
-0.016006
0.072449
-0.033691
0.000000
0.024200
0.053986
0.062927
-0.033508
-0.085083
-0.011169
0.000931
-0.025696
-0.377686
-0.093994
0.017868
0.013962
-0.022903
0.130737
0.179810
-0.123779
-0.150635
0.048401
-0.115234
-0.039276
0.088989
0.152100
0.147095
0.101074
0.025696
-0.156982
0.099792
-0.199585
0.009125
0.008751
0.016205
0.030350
0.004654
0.021225
-0.133301
-0.017319
0.019363
0.158203
-0.133667
-0.149536
-0.090271
-0.007820
0.150269
0.105591
0.020477
0.017319
-0.030533
0.059753
-0.045807
0.043579
-0.033508
-0.053802
-0.083618
-0.000745
0.042450
-0.026245
-0.069092
-0.043365
-0.072998
-0.011917
0.148926
-0.010612
-0.093811
-0.002048
0.018066
0.000000
-0.127808
0.102844
0.092163
-0.021301
-0.138062
-0.003019
-0.065002
-0.088074
0.049103
0.050079
-0.001271
-0.128418
-0.025436
-0.073120
0.065308
-0.009056
0.017014
0.076294
0.016205
0.012077
-0.018280
0.153809
0.040527
0.067566
-0.017960
0.061340
0.065186
-0.052917
0.043701
0.388428
0.074890
-0.225220
-0.004768
-0.158813
-0.059906
0.077698
0.083130
0.066589
-0.019073
-0.012238
-0.051971
-0.155640
-0.106812
-0.025909
0.001907
-0.030670
-0.008904
-0.144531
0.018600
0.074707
0.020340
-0.011604
0.028610
-0.024643
-0.035767
0.004292
-0.068054
-0.021454
0.059296
0.042755
-0.252930
-0.025589
0.026382
0.008583
-0.000795
0.028458
-0.057220
0.200317
-0.010490
0.108582
-0.105347
-0.003338
0.013985
0.060547
-0.064026
-0.054840
0.027969
-0.152954
-0.175781
0.015900
-0.069458
-0.151367
0.063110
0.052124
0.039886
-0.051819
-0.070557
0.091736
-0.108582
-0.083435
0.120300
-0.039246
-0.016052
-0.013672
-0.086609
-0.034973
-0.050385
0.053253
0.029556
-0.077576
-0.085205
-0.124939
0.051025
-0.032104
0.016846
-0.010010
0.089783
0.026230
0.005085
-0.052765
-0.008583
-0.121399
0.069275
0.126221
0.096313
-0.015900
-0.051025
0.012077
-0.025436
-0.217285
-0.153564
-0.194824
0.015579
0.057373
0.049591
0.083435
0.032898
-0.012077
0.061707
-0.054993
-0.078613
0.131348
0.037018
-0.001250
-0.103882
0.062042
0.007656
0.035767
-0.007187
0.092041
-0.035950
0.115784
-0.023590
0.018280
0.068420
-0.029373
-0.103455
-0.015930
0.025940
0.008904
0.351807
0.054230
0.060791
-0.029221
-0.022034
-0.089050
0.008751
0.007500
-0.042511
-0.183472
0.003437
0.130493
0.149170
-0.019836
-0.072021
0.016251
0.341553
-0.009377
0.015625
-0.051544
-0.127075
0.260254
0.089539
0.103760
0.113464
0.080750
-0.070435
0.021881
0.035767
0.002031
-0.018906
0.023911
-0.071533
0.009529
-0.111267
-0.079041
0.097351
-0.014374
0.064697
0.033905
-0.026871
0.044220
-0.015778
0.038422
0.026871
0.110596
-0.033264
0.029373
-0.091553
-0.044067
0.027344
-0.009377
0.019836
0.023911
0.075806
-0.191895
0.004375
-0.005779
0.053741
0.039368
0.019211
0.084839
0.036102
-0.178223
0.022034
0.088928
0.049225
-0.040009
0.021255
0.062805
-0.005157
-0.201416
0.027496
0.044830
0.058136
0.033752
-0.215454
-0.079346
0.011246
-0.066406
-0.046082
0.018127
-0.057343
0.052032
-0.008751
0.064392
0.098755
0.119507
0.030930
-0.114075
0.146606
-0.052490
0.017975
0.030624
0.021255
-0.104553
-0.032654
-0.006248
-0.167114
-0.018585
-0.119690
0.146851
0.022034
0.062683
0.061859
0.016098
0.117798
-0.125000
0.176392
0.009697
0.135986
0.064453
-0.135498
-0.126221
-0.077209
-0.043304
0.018097
-0.052185
-0.028915
-0.269043
0.083984
-0.126343
0.093872
-0.100159
0.070435
-0.106140
-0.066223
-0.120667
0.088562
0.012764
0.078064
-0.028595
-0.033936
0.004200
0.015350
-0.284180
-0.010986
-0.007271
-0.141235
0.085938
0.006622
0.029404
-0.012276
0.027145
0.053650
-0.059631
-0.075439
0.236328
-0.004364
0.078491
0.035706
0.075623
0.109558
0.013893
0.122131
0.040405
-0.042480
0.045074
0.042664
0.117615
0.023911
0.051056
0.021652
0.034576
0.006138
-0.018097
-0.020844
-0.019714
0.004684
0.081116
0.025040
-0.017456
0.021805
-0.201904
-0.070129
0.033600
0.132812
0.062866
0.030533
0.131470
-0.129272
-0.121338
-0.110962
-0.077087
0.010666
0.028595
-0.014053
-0.011307
-0.015022
-0.042328
-0.047821
0.075317
0.023590
0.033447
-0.084839
0.105652
-0.126953
-0.041046
-0.018097
-0.044586
0.011307
0.090637
0.086609
-0.011795
0.168945
0.066223
0.062683
0.036682
0.034241
0.095154
-0.063171
0.064758
-0.011147
0.028442
-0.040863
0.072205
0.020203
0.139160
0.187744
0.023743
0.042664
0.010826
-0.005493
-0.068176
0.092407
0.071594
-0.261230
0.015991
0.061066
-0.017776
-0.088867
0.100037
-0.114075
-0.061707
-0.042236
-0.090393
0.072693
-0.065308
-0.047974
0.044922
-0.066040
0.065857
-0.027557
-0.045105
0.054413
0.134277
0.134277
-0.225830
0.001431
0.013603
0.062286
-0.007515
0.111511
0.122620
-0.002327
0.144409
-0.100403
0.069092
0.014496
-0.086792
0.027206
0.015213
-0.011810
0.086975
-0.040100
-0.053680
-0.045288
-0.070862
0.069092
-0.039734
-0.020584
0.082886
0.410889
-0.038666
-0.003042
-0.025589
0.072998
-0.158936
0.026489
0.003222
0.005547
-0.019867
-0.145142
-0.020401
-0.036865
-0.038849
-0.115967
-0.017715
-0.010201
-0.021652
0.075500
0.073181
0.117249
0.105408
0.030609
0.045990
0.068726
-0.115601
-0.036682
-0.028992
0.163818
-0.054779
0.012169
0.033295
-0.039001
-0.131714
0.070679
0.012352
0.129761
0.122437
-0.173584
-0.203125
0.122070
0.009842
-0.090576
0.011635
-0.086792
0.057098
-0.066406
0.008591
-0.013062
0.099670
-0.064453
0.080200
0.054596
0.167847
0.031311
0.020050
-0.057800
0.011810
0.022369
-0.036865
-0.017715
0.030060
-0.076782
-0.003042
-0.057983
-0.018250
0.108093
-0.236084
-0.003580
0.079285
0.041351
0.111511
0.012527
0.071594
-0.158325
0.006084
-0.079102
-0.004116
0.032379
0.087891
-0.036316
0.021118
0.090027
0.073181
0.100586
0.157104
0.042969
-0.019150
0.105042
0.046356
-0.008743
-0.111328
0.138062
0.005772
0.064819
0.064636
0.011543
-0.008247
0.002640
0.038605
0.003628
-0.008575
-0.047485
0.076843
-0.093994
-0.073059
-0.067810
0.150146
-0.038269
0.112000
0.029358
-0.085571
-0.143677
0.013359
0.004620
-0.022598
0.033966
-0.072083
-0.038086
0.104553
-0.004124
0.117432
-0.088074
0.049988
0.012207
0.056915
0.008080
0.114929
-0.007092
-0.058044
-0.014679
-0.067261
0.048004
-0.118774
0.042389
0.003628
-0.092712
0.309570
0.029022
0.046661
-0.046021
0.016159
-0.013687
-0.022919
0.030838
-0.029694
0.083801
-0.030014
0.102112
0.010391
0.059387
0.018967
-0.038605
-0.109497
0.003134
-0.081116
-0.165771
-0.044861
0.134766
0.053925
0.132812
-0.067932
0.305420
0.091858
0.031830
0.003464
-0.225098
0.051941
0.096130
-0.032318
0.028366
0.029190
-0.069458
0.018311
0.066467
0.097778
0.184204
0.023087
0.018967
-0.071594
0.094177
-0.144531
-0.020279
0.017151
0.055573
-0.137085
0.067322
0.052612
-0.126953
-0.029694
-0.047821
0.028534
0.005444
0.043549
-0.189819
-0.096008
0.086121
-0.093689
0.011711
-0.009567
0.013855
-0.027206
-0.043213
-0.012207
0.089417
-0.004288
0.070923
0.001814
0.026382
0.135376
0.076172
0.255371
-0.089539
0.110168
0.055420
0.055084
-0.173218
0.138062
-0.157837
-0.055115
0.130737
-0.112671
-0.116089
-0.196045
-0.066956
0.010612
-0.041595
0.066406
0.096375
-0.017120
-0.099304
-0.046234
0.067261
0.014038
0.097595
0.001027
-0.091431
0.061981
0.002054
0.100525
-0.186646
0.080627
0.059418
-0.102173
0.089722
0.006676
0.134521
-0.041077
-0.066406
0.192627
-0.008560
0.180298
0.041077
0.078064
0.011810
-0.029449
0.004623
-0.058380
0.045532
-0.024658
0.081177
0.182373
-0.000685
-0.023285
0.276611
0.005478
-0.092102
0.112793
-0.080444
-0.005993
0.115417
-0.014549
0.018143
0.014893
-0.060944
0.136108
0.015068
0.023621
-0.093323
-0.054962
-0.024475
0.041595
0.036469
-0.060944
-0.015579
-0.081299
-0.002567
0.001541
-0.116577
0.153931
0.026016
-0.012840
0.008049
-0.027740
-0.280273
0.142944
-0.114502
0.059052
0.010612
-0.022263
-0.063171
-0.045013
-0.015915
0.157471
-0.036285
-0.075134
0.029282
0.024307
-0.063660
0.188843
0.039368
-0.135376
-0.054626
0.041077
-0.032013
-0.089539
-0.042969
0.049805
0.013351
0.021393
-0.114380
-0.008049
0.082153
-0.046722
-0.065369
0.080627
0.003082
0.067139
0.007874
0.159546
0.113342
0.060425
0.109375
-0.077209
0.049133
-0.128906
0.190674
-0.071045
-0.027054
-0.029449
-0.018829
0.082886
0.004108
0.015747
0.014725
0.040070
-0.031616
0.129395
0.075745
0.001868
-0.010780
0.013939
-0.009918
0.074585
0.105652
0.007904
-0.054169
-0.082336
0.098572
0.085083
-0.020264
0.015945
0.047424
-0.207031
0.010201
-0.090088
0.007904
0.166138
0.041962
-0.041962
0.002586
-0.002155
0.331055
-0.096436
-0.054169
0.070435
-0.155396
-0.125732
0.136597
0.037659
0.153320
0.046143
0.008339
-0.013939
-0.006180
0.045563
0.039825
-0.135376
-0.025299
0.012070
0.029037
0.063110
-0.020554
0.119568
0.048279
0.035217
0.047424
-0.150635
0.081482
-0.021988
0.007618
0.069397
0.038513
-0.050018
-0.037354
0.059784
-0.155640
-0.016525
-0.009338
0.105042
-0.035339
-0.111389
0.069824
0.200806
0.039520
-0.182861
0.002874
0.084106
0.090271
-0.017822
0.123169
-0.049011
-0.119995
0.087097
-0.145630
0.185425
0.023132
-0.017395
-0.134399
0.083191
-0.015671
0.054901
-0.020691
-0.027161
-0.011642
-0.040802
-0.060791
-0.052307
-0.030182
-0.003017
0.065979
0.074463
-0.165405
0.005173
0.139038
-0.065247
-0.025589
-0.075745
-0.025009
0.107666
0.016388
0.005173
0.025864
-0.041382
-0.065979
-0.039948
-0.007618
-0.070007
0.259766
-0.103333
-0.054474
0.017532
0.099426
0.074707
-0.049713
-0.073425
0.164185
-0.093872
-0.139404
-0.027023
-0.060059
0.029037
-0.069153
-0.019974
0.156738
0.005783
0.244995
0.059906
-0.104248
-0.169922
-0.064880
0.020401
0.016861
-0.017990
0.051086
-0.097046
-0.052032
0.159302
0.027954
0.079346
0.013817
0.006104
-0.077576
0.024582
0.002249
0.084839
0.056213
0.029404
-0.085632
-0.084351
0.077759
-0.031799
0.071777
-0.088684
0.054443
-0.134277
-0.039032
0.185547
-0.010925
0.040009
0.102966
0.019913
-0.099243
0.048676
-0.040802
0.043701
0.111511
-0.188721
0.027634
0.026825
0.111633
0.078369
-0.087402
0.042725
-0.050751
-0.018799
0.048981
-0.030197
0.035675
-0.008835
-0.005463
-0.238159
-0.020721
0.148071
-0.095276
-0.032928
-0.085266
0.058472
-0.020721
-0.073242
-0.021530
-0.223633
0.075989
-0.000161
0.080811
0.068726
0.024094
0.022812
-0.115845
-0.002571
-0.026337
-0.060089
0.162598
-0.011406
0.003212
0.031952
0.151611
-0.198730
0.014778
-0.116272
-0.011726
-0.075317
-0.078247
0.115662
0.022964
0.059448
0.097656
0.154175
0.001286
-0.118225
0.076477
-0.010765
-0.179321
0.062317
-0.048340
0.130615
-0.023453
0.044983
-0.056396
-0.006908
-0.026505
0.077271
0.108582
-0.106506
0.030838
-0.087708
-0.000643
0.133789
-0.068420
-0.115479
-0.046265
0.106506
0.158203
0.082886
0.080627
0.055908
-0.081116
-0.028275
0.021530
-0.116760
0.074707
-0.011086
-0.061096
-0.030792
0.172852
0.038086
0.112122
-0.027878
-0.014748
0.213257
-0.028198
0.033234
-0.000810
0.200439
-0.037445
0.037109
0.064636
-0.066895
0.005024
0.084290
-0.048615
0.019608
0.031113
-0.086060
0.040344
-0.086853
0.134644
0.102722
0.063171
-0.026901
0.069519
-0.109558
0.001945
-0.098389
0.064148
-0.142212
-0.180664
0.068726
0.017990
-0.024307
-0.009399
0.096252
-0.019608
-0.174805
-0.045868
-0.035797
-0.045197
0.032745
0.051697
-0.000486
0.009888
-0.328857
-0.013290
0.024475
0.014420
-0.030945
0.014748
-0.017822
0.049896
0.009399
-0.019287
-0.027878
-0.023819
-0.123474
-0.040833
-0.041473
0.007130
0.097717
-0.128784
-0.284912
-0.171143
-0.082947
0.017990
-0.020416
0.130249
-0.037262
0.093201
-0.057037
0.096069
0.014420
-0.023987
-0.004211
0.022522
0.033051
0.019928
-0.012802
-0.097534
-0.039551
-0.066589
-0.048126
-0.007778
0.099976
-0.034668
-0.047485
0.003078
0.023666
-0.050079
-0.013771
0.008591
-0.071167
-0.182251
0.177612
-0.049255
0.054291
0.041473
0.003889
-0.051849
-0.005348
0.240356
0.142578
-0.005024
-0.057861
-0.036469
0.074219
0.070190
-0.086670
-0.036957
-0.098511
0.112793
-0.052673
-0.030624
-0.105835
0.220093
-0.060272
0.047791
-0.007294
0.051697
-0.022690
-0.105347
-0.095581
0.031372
-0.019562
-0.178589
0.019058
-0.093140
0.197144
0.087891
-0.008095
0.006409
0.045197
-0.068298
-0.090271
-0.022934
-0.080444
0.029190
-0.046570
0.023621
-0.015518
0.028000
-0.057007
-0.031708
0.120117
0.033234
-0.016693
-0.012314
0.014503
0.017044
-0.000000
-0.064636
-0.050110
0.003374
-0.115723
0.005230
-0.085876
-0.001687
-0.074707
0.019730
0.258057
-0.145630
-0.013496
-0.020416
0.048248
-0.227905
0.029861
-0.040497
-0.021927
-0.180542
-0.040985
-0.039459
0.148804
0.047729
0.002531
-0.186890
-0.043365
0.044373
0.018890
0.065796
-0.032898
-0.007591
-0.000675
0.024460
-0.022598
0.136963
-0.031036
0.015686
-0.063110
-0.086853
-0.157837
-0.039642
0.017212
0.012482
-0.284668
0.011299
-0.016861
-0.106934
-0.029358
0.202148
-0.019058
0.071045
0.058716
0.002867
-0.011810
0.006241
0.038635
0.004387
0.075378
-0.013664
0.019226
-0.041992
0.030701
-0.022766
-0.069153
0.145386
-0.083191
-0.002193
0.093140
-0.048584
0.225830
-0.051605
0.062744
0.096008
-0.023117
-0.163086
0.016022
-0.067627
0.009445
0.023117
0.046906
-0.109619
-0.091431
0.027664
-0.015015
-0.035095
0.130615
-0.070862
0.044861
0.004723
-0.028671
-0.306152
-0.090576
-0.124817
0.006241
0.086182
-0.015350
-0.009949
0.140015
0.146240
-0.079773
-0.023590
0.149170
-0.017975
0.047668
-0.100647
0.072937
-0.239868
0.087402
0.033966
-0.043396
-0.093689
0.079529
0.097168
-0.112793
-0.091553
-0.050629
0.069275
-0.123352
0.007092
-0.066284
0.015503
-0.006927
-0.103760
0.024582
0.075195
-0.041901
-0.121582
0.036957
0.042877
0.214600
-0.081299
-0.028870
-0.009239
-0.105225
0.076538
-0.047333
0.035797
0.060364
0.016663
-0.004784
0.023087
-0.130127
0.055756
0.074585
-0.026062
0.062347
-0.053772
-0.094360
-0.032166
-0.208130
-0.099304
0.134277
0.027878
0.068481
-0.105225
-0.040070
-0.029861
-0.043396
0.023422
0.036774
0.115784
0.064636
0.058899
-0.113831
0.022934
0.017654
0.150757
-0.018311
0.024902
0.262451
-0.099976
-0.006432
-0.034790
0.012535
0.040253
-0.022110
0.062988
0.008575
-0.045532
0.068970
0.030853
0.082458
0.088745
-0.043213
-0.036285
-0.046356
0.030685
-0.020294
0.076843
-0.082642
0.032166
-0.039581
0.056915
0.064514
-0.060547
-0.165771
-0.049316
0.051300
-0.056732
-0.356689
0.034302
0.094177
0.118958
-0.088074
-0.000495
-0.202881
0.004948
-0.093018
-0.027222
0.011055
0.007919
-0.000330
0.130371
-0.058899
0.105103
-0.045349
-0.057251
-0.019791
-0.032166
-0.137695
-0.033478
0.083130
0.002474
-0.036469
0.057739
-0.029358
-0.217285
0.039429
-0.076050
0.050842
0.033905
-0.056610
-0.000874
-0.187012
0.181396
-0.020966
0.007690
0.028488
-0.172974
0.079529
0.030579
0.152222
-0.016251
0.004021
-0.033020
-0.013107
-0.016434
-0.162720
-0.055054
0.015381
-0.115540
-0.041412
-0.022369
-0.000175
-0.141235
-0.057678
-0.058533
0.041779
-0.017120
0.158691
0.012405
-0.029358
-0.057495
0.017471
0.015732
0.115845
-0.180298
0.080750
-0.040009
-0.043335
-0.060455
0.160034
-0.016602
-0.040192
-0.138794
-0.102905
0.012230
0.136108
-0.005417
0.046143
-0.119690
-0.021667
-0.032501
-0.019226
0.038635
0.129028
0.025345
0.125977
0.063965
0.059601
0.104309
-0.020447
0.006115
0.148071
-0.100464
0.092102
0.008736
-0.049286
0.023773
-0.001048
0.001048
0.001048
-0.114441
0.046478
0.159058
0.040375
0.006641
0.042297
0.064819
0.008385
-0.107849
0.058380
-0.034943
0.118164
-0.066040
0.088928
0.060822
0.059753
-0.037750
-0.103271
0.092468
0.121094
-0.053650
0.007164
0.013107
0.053833
-0.199341
-0.129028
-0.176636
-0.065186
-0.187378
0.003670
-0.097351
-0.134521
0.023941
0.013458
-0.059082
0.027618
0.083557
0.241699
0.060120
-0.017303
-0.277588
-0.048767
0.021149
0.023590
0.044220
0.092102
-0.063110
0.036713
-0.109741
-0.051910
0.016769
-0.013634
-0.015556
-0.144165
0.101624
0.061218
-0.064331
0.002159
-0.223877
0.075439
-0.185303
0.012955
-0.130737
0.061523
-0.051361
0.023590
0.027908
0.034393
-0.017120
0.036255
0.062317
-0.087280
0.041321
0.069702
0.000925
0.117798
0.079285
0.024368
0.087463
-0.013878
-0.038391
-0.005859
-0.018509
-0.248779
-0.214355
0.045807
0.039001
0.414307
-0.015266
0.096252
0.079712
-0.070801
0.073242
-0.087158
0.015884
-0.033478
0.075439
0.026062
-0.049042
0.072144
-0.005707
-0.139282
-0.166504
-0.026215
0.125122
0.008484
0.023590
-0.004471
0.036255
0.025909
-0.132812
-0.029770
-0.068909
0.045197
-0.047028
0.010796
-0.008171
-0.024979
-0.016647
0.042267
-0.202759
-0.045807
0.058289
0.004471
-0.102539
0.080933
-0.017731
0.045044
-0.002468
-0.009712
-0.020050
-0.049957
0.043945
0.060303
-0.054443
-0.007557
0.051361
-0.010025
-0.091736
0.017273
-0.012802
-0.069702
0.023285
-0.022980
-0.041016
0.050903
0.093323
-0.032074
-0.040863
0.124939
-0.109009
0.020813
0.178589
-0.041016
0.068481
-0.091614
0.000309
-0.073730
-0.096985
-0.041321
-0.139282
0.009254
-0.010025
0.028992
-0.003855
0.127563
-0.048889
0.035767
0.086365
-0.068298
0.089905
0.042114
-0.120422
-0.213623
-0.079285
0.049347
-0.125488
-0.029770
-0.111816
-0.136597
-0.036255
0.065247
0.118164
0.182373
0.096130
-0.035095
-0.089600
0.049042
-0.189087
0.002645
-0.016403
-0.012695
0.002117
0.100525
-0.084290
-0.095947
-0.056610
-0.055725
-0.001234
0.036682
-0.120789
-0.104065
-0.048492
0.086792
0.038269
-0.049011
0.014816
0.054504
-0.166992
-0.033508
-0.012695
0.078491
0.119751
-0.096313
0.048676
0.058014
-0.019226
0.058380
0.151001
-0.015518
-0.065247
0.003527
0.152344
0.011642
0.161743
0.140869
-0.051849
-0.045502
-0.248169
-0.138672
-0.034027
-0.005642
-0.073181
-0.085327
0.160645
-0.002821
-0.019745
-0.007408
-0.040741
0.015518
-0.008469
-0.125732
-0.007229
-0.000353
-0.066833
-0.009346
0.087097
0.110046
-0.039490
-0.098755
-0.039856
0.044434
0.053253
0.202148
0.051849
-0.019928
-0.004410
0.149414
0.038635
-0.184814
0.075317
-0.022400
-0.001587
-0.037048
-0.058563
-0.019745
0.033325
-0.061188
0.080078
-0.029800
0.070007
0.216553
0.010582
-0.071960
-0.014107
-0.048157
-0.003351
0.096130
-0.006527
-0.129272
-0.047272
-0.129028
0.096619
0.030869
-0.165894
0.000705
-0.076355
-0.125732
-0.073364
0.005997
-0.021698
0.113586
-0.022751
0.056091
-0.119202
-0.096985
-0.006527
0.217285
0.028214
0.063843
0.180542
-0.035461
0.132080
-0.048492
-0.033691
-0.038971
-0.036499
-0.076172
0.019928
-0.131348
0.026398
-0.303711
0.050415
0.000632
-0.083313
-0.035889
-0.047882
-0.003477
0.037140
-0.073364
-0.060059
0.047729
-0.012962
0.176147
-0.094849
0.049316
-0.072266
0.019913
0.145386
-0.090271
0.015488
-0.103088
0.070801
0.037628
0.106689
0.050262
0.058014
-0.012016
-0.026718
0.148071
-0.050262
0.015335
-0.036682
-0.092468
0.096436
-0.117126
0.008537
0.072693
-0.091370
0.159058
0.078735
0.238037
0.066406
-0.032715
0.014069
-0.000316
-0.017548
-0.123779
-0.125000
0.077942
-0.055328
-0.079163
-0.063721
-0.039032
-0.013275
-0.098450
0.052155
0.030029
0.059113
0.001897
-0.187988
-0.020386
0.039520
0.127563
-0.045837
-0.003952
0.128052
0.027191
0.166260
-0.091187
-0.029724
-0.039032
0.125244
0.031464
-0.042358
-0.027344
-0.098633
-0.159790
0.005215
0.085510
-0.024506
-0.004108
-0.041718
0.050751
-0.065918
0.003477
-0.049164
0.008064
0.037292
-0.017227
0.033051
0.109375
-0.001106
-0.003952
0.073486
-0.135986
-0.012169
0.029556
-0.167725
0.123291
-0.034943
0.014702
-0.112732
-0.019913
-0.101807
-0.308105
0.127441
-0.048828
0.028290
0.062744
0.002371
-0.072876
-0.093445
-0.120789
0.173828
-0.030350
-0.066833
-0.080933
0.038239
0.101196
-0.083618
-0.012962
-0.027664
0.035095
0.018173
-0.017075
0.162720
-0.065430
-0.179199
0.168823
-0.177002
-0.021225
-0.069153
0.015976
-0.068909
-0.042450
-0.007206
0.114685
0.129639
-0.000390
0.104553
-0.131470
0.155029
-0.013634
-0.072083
-0.015190
-0.088806
0.028824
-0.046143
-0.008179
0.037384
0.030182
0.103577
-0.069336
-0.018112
0.006428
-0.017715
0.078674
-0.112366
-0.073608
-0.001558
0.186768
0.056274
-0.013435
-0.002337
-0.031158
0.314209
0.017532
-0.154419
0.012466
0.028625
-0.234985
0.000390
0.019669
-0.098511
0.002142
-0.064819
-0.058807
0.040497
0.131836
0.031555
0.011879
-0.001753
0.008179
-0.079041
0.019470
-0.060364
0.179199
0.067383
0.010323
0.118042
0.051025
-0.131592
-0.012856
-0.000779
0.127930
0.065063
-0.095398
0.024933
0.015190
-0.012466
0.008766
0.084900
-0.125977
-0.015381
-0.106689
-0.001168
-0.157349
0.070129
-0.075378
-0.012856
0.105347
0.007011
-0.043823
0.042664
-0.072998
-0.071289
0.031738
-0.016556
-0.001558
-0.067383
-0.010513
-0.038361
-0.100708
0.126953
0.063110
-0.138672
0.064819
0.043030
0.045563
0.156372
0.051208
-0.044800
0.335938
0.022202
0.005257
-0.037384
0.044403
-0.022003
-0.050049
0.053558
-0.150146
-0.013634
-0.090942
0.021027
-0.067383
-0.082947
0.021027
0.029205
-0.032318
0.081604
-0.041290
0.022583
-0.026489
0.037384
-0.133545
0.024231
0.079651
0.031174
-0.105530
0.073181
0.046265
0.087769
0.132446
-0.119263
0.029312
-0.063171
-0.138550
0.038971
0.072327
-0.127563
-0.011009
-0.023544
-0.083008
0.117432
0.042694
-0.014404
0.107056
-0.050995
0.012703
-0.029648
0.059296
-0.015930
-0.038788
-0.002373
0.009491
-0.194946
-0.194946
0.092163
-0.117065
-0.044891
0.065063
0.039825
0.098450
0.024567
-0.003557
0.045563
0.223511
-0.140991
0.007965
0.018295
0.091492
-0.033722
0.026260
-0.005253
0.022018
-0.019485
-0.001355
0.057770
-0.023209
0.032532
0.130493
-0.067444
0.089600
-0.017792
-0.002373
0.036591
0.061340
-0.043030
0.068298
-0.045227
0.056427
-0.228882
0.105408
-0.019821
-0.049469
-0.031006
0.039825
-0.037964
-0.012878
-0.176147
0.008644
-0.125000
-0.094055
-0.104675
-0.053528
0.048126
-0.026428
0.009315
0.225220
0.214111
0.047791
-0.144897
-0.013557
0.045898
0.008469
-0.029312
0.025757
-0.095215
-0.045746
0.088257
0.091492
-0.193848
-0.070618
0.115540
-0.052704
0.091309
-0.026428
-0.231934
0.105896
0.109131
0.038788
-0.015251
-0.037262
0.024567
0.003050
-0.037781
0.144897
0.009827
-0.115723
-0.101135
-0.004745
-0.127075
0.046753
0.149780
0.011856
-0.117432
-0.082153
0.097229
-0.024063
0.021179
0.162109
0.046600
-0.051331
0.098450
0.028809
-0.124756
-0.062164
-0.065918
0.029022
-0.052429
-0.021973
-0.008293
0.073792
0.140259
-0.091003
0.067139
-0.051605
0.049744
-0.076660
-0.075256
-0.020721
0.127197
0.192993
-0.017197
0.028809
0.149048
-0.021133
-0.120850
-0.076660
0.056793
-0.028595
0.054504
0.013268
-0.020721
-0.056366
0.005596
-0.043518
-0.075439
-0.082275
-0.094482
-0.123108
0.052032
-0.079163
-0.044983
0.112549
-0.055542
-0.108398
0.046844
0.008080
-0.067566
0.225342
-0.080811
-0.110046
-0.092224
-0.054932
-0.154419
-0.018234
0.048492
0.032318
-0.129517
0.030670
-0.113770
0.064636
0.016785
-0.060730
0.067749
-0.091187
0.056366
-0.106140
-0.065491
-0.273438
0.025070
0.059906
-0.025497
-0.015129
-0.088257
0.011810
-0.022171
-0.041656
0.011192
-0.091003
-0.088501
-0.036682
-0.023209
0.057007
0.079590
-0.195435
-0.018646
-0.091187
0.016159
0.032745
-0.049103
-0.193604
0.115845
0.096191
-0.056580
-0.076660
-0.011810
0.100281
-0.040009
-0.137451
0.007462
0.084351
-0.043304
0.107178
-0.180908
-0.052216
-0.005802
-0.214722
0.025284
-0.037933
0.002073
-0.009117
0.038971
-0.045593
-0.005596
0.018234
0.202515
-0.013474
0.041870
0.138428
-0.100281
0.094727
0.036255
-0.039795
-0.116699
-0.119995
0.156860
0.144287
0.012436
-0.034210
-0.063660
0.168945
-0.052643
-0.033478
-0.016663
0.062317
-0.044647
0.111145
0.071655
-0.011162
0.064819
0.034332
-0.055298
0.041473
0.069153
-0.006996
0.035309
-0.065979
-0.139771
-0.015495
0.052643
-0.151733
-0.101624
0.136475
-0.055145
0.026154
0.174561
-0.114136
0.098267
-0.139282
-0.095459
0.088440
-0.063660
0.098450
-0.054810
0.034973
0.010666
0.046814
-0.085327
-0.114807
-0.035980
0.009666
0.056305
-0.008667
0.045135
0.032654
0.068970
0.078125
0.006996
0.138916
0.052155
0.068787
-0.098450
-0.004498
-0.064148
0.024994
-0.009827
0.016998
0.063171
0.029160
0.073792
-0.076782
0.042480
-0.166626
0.016327
0.099976
0.037476
-0.323486
-0.226074
0.052643
-0.010826
-0.008827
0.176392
-0.029160
-0.183228
-0.089478
0.111450
0.037811
0.012497
0.085815
0.067627
-0.001166
-0.004665
-0.031982
0.044312
0.017166
-0.056641
-0.005333
-0.040314
0.050659
-0.067993
0.038971
-0.025650
0.007828
0.037994
-0.071777
0.079773
-0.039825
0.063965
0.057312
-0.048157
0.052979
-0.069275
-0.046478
0.085815
-0.162231
0.008331
0.110474
0.089294
-0.051971
0.004833
-0.069946
0.023987
-0.328857
0.078308
0.002998
-0.068298
-0.015991
0.026489
-0.198120
-0.099792
-0.140137
-0.087280
-0.008995
0.038330
0.072449
-0.101807
0.086609
0.070923
-0.033142
-0.067139
-0.122803
-0.077087
0.101868
-0.132812
-0.019577
0.023361
0.004467
-0.003952
0.008415
-0.056000
-0.095825
-0.027481
0.019745
-0.015625
0.000000
0.030746
0.139282
-0.077087
0.021820
0.018723
-0.069397
0.081604
-0.073486
0.113525
-0.053070
-0.058899
-0.006012
0.019241
0.005154
0.019058
0.040527
0.046722
-0.052032
-0.160767
0.065247
-0.510254
-0.062500
0.010475
0.036255
-0.010994
0.182251
0.051178
-0.119873
0.030228
0.056519
0.013565
-0.143066
-0.061310
-0.030579
-0.010651
-0.020782
0.065430
-0.039856
-0.113892
-0.029205
0.023010
0.007729
-0.072998
-0.018204
0.009621
0.001374
-0.047913
0.017517
-0.106323
0.027313
-0.004295
-0.019241
-0.160889
0.142212
-0.104797
-0.000859
-0.046539
-0.138794
0.076233
-0.146118
-0.083130
0.052551
-0.003778
-0.013397
0.107544
-0.194214
0.022156
-0.106506
0.009277
-0.000000
0.058746
-0.115051
-0.014427
0.097046
-0.014252
0.015625
0.013565
-0.035736
0.017868
-0.087097
-0.016312
-0.006699
0.040192
0.030746
-0.030060
0.009621
-0.168945
-0.010307
-0.058228
-0.082275
-0.045166
-0.210083
0.041748
0.116821
0.031250
0.160645
-0.054626
0.146851
0.058411
0.153198
-0.050659
-0.092896
0.043274
0.046387
0.106812
-0.028854
0.031082
0.011848
0.112000
0.040527
0.015068
0.009491
-0.007534
0.054260
-0.005577
-0.009346
0.012360
-0.007084
-0.048828
0.045654
0.081970
-0.021851
-0.158081
0.171143
-0.122192
-0.032532
0.096313
0.140137
-0.064209
-0.057709
0.018234
0.040222
0.067932
0.013412
-0.061768
-0.142578
-0.082581
0.085266
0.068237
0.128052
-0.144897
0.008743
-0.242188
-0.228760
-0.019882
0.003918
0.001959
0.212036
0.045654
0.049713
0.002110
-0.086670
0.087219
-0.002411
0.021393
0.044464
0.005726
-0.030441
-0.138062
0.241577
-0.062683
0.001657
0.094910
-0.024109
-0.000301
0.065369
0.093445
-0.025620
-0.032104
-0.023956
0.105774
0.008286
-0.026367
-0.001507
-0.049286
-0.068848
0.079102
0.217773
0.088318
0.080322
0.077454
0.042053
-0.024109
-0.078186
0.031952
-0.225098
0.053040
0.042633
-0.067200
-0.130005
0.024567
0.031036
-0.013107
-0.074280
-0.019287
-0.065063
0.236938
0.043091
-0.004070
-0.011902
0.153687
-0.033600
0.074890
-0.025620
0.022156
-0.026520
-0.029831
-0.012505
-0.110474
0.044312
-0.025909
-0.001808
0.046417
-0.075012
-0.108215
0.046570
-0.145752
-0.045807
-0.054230
-0.041595
0.047028
0.067383
-0.082092
-0.095215
-0.278809
-0.005276
-0.070496
-0.067505
0.024857
0.042938
0.007534
0.068420
-0.064941
-0.039917
0.000301
-0.098389
-0.160767
-0.002260
-0.078247
0.058167
0.108765
0.076904
-0.039764
-0.194336
0.262207
0.005707
0.032013
-0.014359
-0.102722
0.035522
-0.179077
0.094055
0.026321
-0.060547
-0.014168
0.019699
-0.155884
0.058899
-0.018219
0.028900
-0.211304
0.033875
-0.014542
-0.043060
-0.009384
-0.057800
0.083740
-0.100647
-0.067383
0.064392
-0.018768
-0.139526
0.104919
0.046753
-0.207642
0.112427
0.106384
0.046021
0.121094
0.041046
-0.037537
0.038818
-0.033142
-0.023376
0.043060
-0.029083
0.085388
-0.109314
-0.023560
0.050598
-0.028336
-0.050232
0.034241
0.044159
0.080261
0.059448
0.089233
0.164185
-0.006073
-0.033142
-0.019516
0.020615
-0.021713
0.112610
-0.021896
0.054840
0.005707
0.034607
-0.075256
-0.093872
-0.101196
0.060547
-0.040314
0.092224
0.008469
0.129883
0.008835
-0.009567
-0.029083
-0.081360
-0.074158
0.086121
0.076355
0.112427
-0.000736
-0.031464
-0.043793
-0.041412
-0.067749
0.106384
-0.080811
-0.059448
-0.047119
-0.011597
0.039398
0.096985
-0.277832
0.055389
0.037903
0.113953
0.031464
0.022263
0.145996
0.061829
-0.036987
-0.087219
-0.116150
-0.194214
0.144287
0.074341
-0.133301
0.093140
0.161987
-0.107849
-0.059082
-0.121826
0.062927
0.116882
-0.129150
-0.034607
-0.089966
0.049683
0.033325
0.043243
0.032013
-0.038635
0.111389
0.001044
-0.071716
0.145264
-0.104370
-0.018097
0.024017
0.073975
-0.017929
-0.058289
0.056213
0.046967
0.146118
0.133789
-0.197510
-0.028885
0.008530
-0.269531
0.045776
0.053253
0.053772
-0.009399
-0.001392
0.110657
-0.013748
-0.087158
-0.009918
-0.077942
-0.055511
-0.037048
-0.183350
-0.162720
0.035309
0.290771
0.032715
0.044556
0.026093
-0.079529
-0.065430
0.041595
-0.008179
-0.200317
-0.034973
-0.027496
-0.029053
0.040375
-0.041077
-0.167725
-0.058472
-0.142334
0.053406
0.009743
-0.042114
0.012352
0.036194
-0.028717
-0.038971
-0.099854
-0.048706
0.068054
0.018616
-0.006088
0.083862
0.107727
-0.032715
-0.046814
-0.194580
-0.042267
0.011658
-0.084412
-0.060211
0.052368
-0.155762
-0.043854
0.194580
-0.106995
0.033752
0.108765
0.074646
-0.027664
0.036896
-0.099670
-0.041229
0.089966
-0.084229
-0.078796
0.048706
-0.104919
0.033417
0.015839
0.021744
-0.034973
-0.023315
0.034119
-0.021408
0.071350
-0.016006
0.039673
0.069946
-0.085754
-0.133423
-0.050446
0.044037
0.085266
-0.127930
0.043854
0.215942
-0.035492
-0.045776
0.102295
-0.020706
0.083496
-0.008698
-0.112549
0.114319
0.015488
0.019836
0.156616
0.049927
0.078125
0.043854
0.093933
0.055695
-0.106689
-0.000348
0.033752
-0.119385
-0.025757
-0.027283
0.038300
0.139038
0.098816
-0.065735
0.112427
0.141602
-0.020462
-0.079407
0.009789
-0.027283
0.005245
0.086060
0.032166
0.005070
0.006119
-0.041626
-0.049835
0.029724
-0.033569
-0.037781
0.007519
-0.077454
0.043549
0.151978
-0.038116
0.035309
-0.088623
-0.110840
0.056305
0.112244
-0.091248
-0.006821
0.167725
-0.082336
0.012238
-0.055786
-0.149292
0.194580
0.136230
-0.046692
0.083740
0.090027
-0.040924
0.001399
-0.133911
-0.226929
-0.134766
0.172607
0.113647
0.041443
-0.047546
0.097412
0.005596
0.052795
0.009964
0.068909
0.022552
-0.039154
0.041260
0.016617
-0.018707
-0.125732
-0.031311
0.005070
-0.075378
0.160889
-0.037231
0.040924
0.060669
-0.018890
0.047211
0.011719
-0.043365
-0.020111
-0.035309
-0.126831
-0.044952
0.034454
0.131104
-0.014687
0.017654
-0.183960
0.039703
0.047211
-0.185913
-0.066956
0.106812
-0.045807
0.097595
0.042847
0.017319
-0.004196
0.000875
0.056488
-0.010139
-0.008392
-0.014160
-0.004196
-0.340820
-0.067505
0.098267
0.086914
-0.073120
-0.037079
-0.100220
-0.057526
0.007168
0.062622
-0.080444
0.027451
-0.095459
0.169067
0.083923
0.014511
0.137817
-0.039703
-0.017136
0.122559
-0.141235
0.101440
0.052643
-0.010315
0.097900
0.000525
-0.138672
0.140991
-0.050537
-0.085876
-0.077332
-0.054047
-0.065613
0.029800
0.033447
0.063110
-0.004280
0.073853
-0.022980
0.022659
-0.076233
-0.203491
0.035492
-0.019180
0.130981
-0.107605
0.158936
0.034882
-0.012840
0.020920
0.051208
-0.009506
0.038818
0.107605
-0.092712
-0.099548
0.007133
-0.037415
0.097168
0.010780
0.164795
0.057373
-0.075439
0.013153
0.085144
-0.041534
0.124451
0.102417
0.047699
0.091797
-0.002695
-0.080017
0.034241
-0.035675
0.018234
0.002853
-0.142700
0.201660
-0.161987
0.029480
0.045502
0.020767
0.048492
-0.039795
-0.052307
0.001427
-0.059906
0.105103
-0.050079
-0.079895
-0.107483
-0.047546
-0.189819
0.007767
-0.163574
-0.100159
0.105225
-0.204956
-0.023453
0.031860
-0.076233
0.107788
0.018539
0.014740
-0.113342
0.170044
-0.006973
0.061981
0.034698
0.048035
0.102722
0.030426
-0.028214
0.068604
0.046906
-0.109985
-0.076843
0.208252
-0.002695
0.086060
-0.107300
-0.181152
-0.043915
0.012047
-0.105225
0.123169
-0.041840
-0.015686
-0.007607
0.002060
-0.004120
0.013000
0.017441
-0.142334
-0.011887
-0.109192
0.007290
-0.088440
-0.000159
-0.026306
-0.027573
-0.326172
-0.011414
-0.139648
0.025040
-0.083069
0.069275
0.044708
0.001902
-0.135376
-0.081970
-0.024414
-0.019501
0.005230
-0.158447
0.002218
-0.011093
-0.120667
0.140137
0.008743
0.035309
-0.049774
0.007473
-0.265137
0.036102
-0.033234
0.016220
-0.018768
-0.062347
0.111816
-0.015106
-0.007317
-0.041199
-0.049622
0.001749
0.134521
-0.016541
-0.057098
-0.006840
0.130249
0.042450
-0.090454
0.015747
-0.030533
-0.060120
0.048828
-0.003975
-0.044678
-0.104004
0.044373
-0.006840
-0.017654
-0.132202
-0.097473
-0.024811
-0.223145
-0.091248
-0.083191
0.141724
-0.145874
0.130615
-0.066162
0.075195
-0.161255
-0.057404
0.136719
-0.063904
-0.006519
0.058197
-0.015266
0.016373
0.032135
0.003498
-0.059326
-0.181396
-0.067261
0.068848
0.004295
0.095886
-0.074402
0.041504
-0.015587
-0.149658
0.125122
0.036407
-0.059326
0.023376
-0.020828
0.173706
-0.030533
-0.008270
0.116577
0.025436
-0.059326
0.129883
-0.026398
0.111328
-0.014633
0.052948
0.087769
-0.222168
0.057098
-0.055817
0.024963
0.040222
0.028946
0.214478
0.007950
0.002863
-0.084778
-0.021149
0.004929
-0.099731
0.044525
0.088074
-0.005089
0.296631
0.202271
0.108948
-0.032928
0.014473
-0.027191
0.058044
-0.012718
0.010338
-0.000159
-0.033386
-0.021942
-0.181152
-0.027664
0.127197
0.050873
0.073792
0.017975
0.032745
-0.032593
0.076172
-0.006359
-0.067444
0.028458
0.122620
0.010338
-0.043091
-0.035767
-0.113037
-0.009148
-0.097107
0.026505
-0.125854
0.188843
0.015244
-0.090515
-0.115662
-0.036835
0.038177
0.077637
0.121521
0.162964
-0.088379
-0.030472
0.106445
-0.033936
-0.049286
-0.064148
-0.033264
0.029282
-0.020279
-0.024918
0.035248
0.164673
-0.078979
0.076477
-0.043060
0.089478
0.014442
-0.129028
-0.031403
-0.068787
0.077271
0.020142
-0.004772
0.019608
-0.110107
-0.045319
-0.059113
0.077271
0.275146
-0.109192
0.008881
-0.017761
-0.013123
0.021072
0.044006
-0.154541
-0.281738
-0.001855
0.066772
-0.016434
0.009544
-0.003578
0.042145
0.035370
0.017365
-0.087036
-0.028091
-0.021606
0.091064
0.019348
0.088257
0.028885
-0.126099
-0.114502
-0.039368
0.074768
0.290771
-0.188110
0.045990
-0.122986
0.080444
-0.056335
-0.118896
-0.017883
0.004639
-0.018555
-0.112488
0.014839
-0.014313
0.113953
-0.086670
0.012589
0.068665
0.005566
-0.037384
0.041870
0.003975
-0.100342
-0.020004
0.117676
0.003578
0.020279
0.097534
-0.004639
0.038300
0.039490
-0.080688
-0.038574
0.008743
-0.014977
-0.023590
0.285645
0.081787
-0.154663
-0.006889
0.052734
0.003975
-0.108948
0.035919
-0.108826
-0.048889
0.111084
0.002386
-0.049835
-0.104797
-0.075134
-0.129761
0.078308
0.042938
-0.047852
-0.023193
-0.055267
0.082947
0.067871
-0.048767
0.200317
0.219604
-0.042542
-0.005299
-0.117920
0.137695
0.309570
0.032471
0.057922
0.035187
-0.073792
-0.010254
0.018112
-0.047668
0.049561
-0.063904
-0.036896
0.011452
0.176514
-0.019989
0.007519
-0.090759
-0.011276
0.032806
-0.099304
0.065125
0.067322
-0.033844
-0.102356
0.048187
-0.039642
-0.053650
-0.012306
-0.217041
-0.086792
0.051788
0.011276
-0.022903
-0.029388
-0.010765
0.040497
0.071228
0.067993
-0.124207
0.067688
-0.099304
-0.045288
0.036407
0.043243
0.192871
-0.111755
-0.084778
-0.143555
0.020676
0.004101
-0.013161
0.073120
-0.080505
-0.054840
0.140503
-0.001880
-0.016571
-0.082703
-0.032990
0.064270
0.061676
-0.000854
-0.146973
-0.026489
-0.080627
-0.149536
0.042389
-0.065613
-0.024429
-0.053314
-0.002392
0.104919
-0.017090
-0.107483
-0.062195
0.036743
-0.027344
0.168335
-0.055695
0.032806
0.067810
0.098450
-0.016922
0.104553
0.096741
0.030243
0.044586
0.013329
-0.000342
-0.077759
0.094482
-0.013329
0.088501
-0.215820
-0.123535
-0.131714
0.090210
-0.070251
-0.062195
-0.025467
0.034180
0.017776
0.005810
-0.111572
-0.042206
-0.037750
0.029739
0.002733
0.035370
0.011276
-0.065979
0.082214
0.062378
-0.155273
-0.123901
-0.150024
0.040680
-0.044586
0.081482
-0.050079
0.007347
0.232056
-0.063904
0.037079
0.178467
-0.048798
-0.117493
-0.079956
0.062012
-0.019760
0.031311
0.055634
-0.071899
0.132202
-0.016876
-0.176514
0.248413
-0.018539
0.012772
-0.003040
0.055023
-0.083923
-0.000304
-0.014290
-0.021744
0.069458
0.074646
-0.177979
-0.019150
-0.174683
0.059143
0.068542
-0.145630
-0.080750
-0.106079
-0.071289
-0.223633
0.009125
0.042267
-0.076904
-0.004711
0.062927
-0.057312
-0.021133
-0.119507
0.162231
-0.009727
0.015503
0.001216
0.002432
0.120422
0.145508
0.151978
-0.049103
-0.036194
-0.032684
0.030701
0.016266
-0.070374
-0.134521
0.010948
0.044861
0.030563
0.139160
-0.013680
-0.071289
-0.007603
0.050781
0.169922
0.023712
0.181641
0.079224
0.012466
0.035278
-0.021286
-0.012009
0.005169
0.041809
0.065979
-0.095459
0.065247
0.073730
-0.109924
-0.013832
-0.046051
-0.081299
-0.002129
-0.031769
0.055023
0.271973
-0.017487
-0.015350
0.024323
-0.032990
-0.069458
0.004864
0.034515
-0.012161
-0.087280
0.121460
-0.008820
-0.226318
-0.008362
-0.000304
0.111145
-0.041656
-0.000912
0.056854
-0.009422
-0.007904
-0.048035
-0.022949
0.067810
-0.031464
0.108521
-0.177734
0.012161
-0.043945
0.009125
0.024323
-0.003649
-0.079529
0.259766
0.067505
-0.052155
0.067627
-0.051392
0.093933
-0.026749
0.109314
-0.020523
-0.243530
0.114380
0.099182
0.013283
-0.053772
0.134766
-0.152466
0.073914
0.009438
0.067200
0.033112
-0.032013
0.040955
0.148315
0.062073
0.070251
-0.016312
-0.030563
-0.100159
-0.016953
-0.059509
-0.119995
0.032471
0.035675
-0.140625
0.054230
0.011360
-0.013283
0.084656
-0.151367
0.067383
0.286621
0.022873
-0.054871
-0.057281
0.115662
0.054718
-0.096313
0.197266
0.031830
0.077087
-0.013756
0.015198
-0.021912
-0.014557
-0.045105
-0.071655
0.056488
0.136963
0.015518
-0.028320
0.051666
-0.031204
0.019196
-0.065918
0.014717
0.087830
0.172363
0.012482
0.054565
-0.028641
-0.010719
-0.077454
0.009918
-0.061768
0.121094
0.044952
-0.006081
-0.059998
0.011520
0.051849
0.142578
-0.043182
0.045593
-0.106567
-0.050385
0.136841
0.091187
0.146606
-0.109131
-0.019516
-0.062225
-0.169434
0.192749
-0.049744
0.016327
0.039825
0.058716
0.025284
-0.034393
0.008316
0.049927
-0.080139
0.106689
0.003839
-0.097107
-0.044800
-0.055023
0.006561
0.090698
0.053925
-0.119995
-0.105774
0.030243
0.121765
0.199707
-0.062408
-0.024323
0.035034
-0.054718
-0.001440
-0.022232
-0.029922
-0.091187
0.129639
-0.052795
-0.163452
0.009598
0.200317
0.105408
0.101135
0.000800
0.095032
0.033752
0.076477
0.111023
-0.062561
0.017761
-0.014381
0.163086
-0.115906
0.099243
-0.123352
0.081116
0.043701
-0.022430
0.035675
0.026031
-0.027039
-0.015244
0.112000
-0.064819
-0.071899
0.028046
0.009346
-0.059967
-0.027039
-0.014526
0.030045
-0.159180
-0.069763
-0.012939
-0.152222
0.154419
0.062561
0.031204
0.009056
0.278076
-0.021423
0.079102
0.101501
-0.038544
-0.065308
-0.014664
0.009201
0.020279
-0.008484
0.113464
-0.111267
-0.239868
0.024307
-0.001438
-0.014954
-0.049896
0.024734
-0.044434
-0.101379
0.144043
-0.023438
-0.188477
0.025879
-0.106384
0.036804
0.005177
-0.044281
-0.001438
-0.014236
-0.052765
-0.023865
0.040985
-0.000288
-0.039673
-0.017685
0.083252
0.096069
0.011215
-0.052917
-0.251709
0.083130
0.030045
-0.086975
-0.006615
0.069885
0.036957
0.054504
0.046295
-0.118469
-0.009781
-0.054199
0.062683
-0.180786
-0.009201
0.006760
-0.078674
0.196411
-0.102356
0.173096
-0.017975
-0.060547
-0.040253
-0.052063
0.000288
0.002588
-0.121948
0.031494
0.055206
0.342529
-0.029907
0.048889
0.008194
0.008774
-0.044281
0.010208
0.138794
0.001294
0.003595
0.038818
-0.122498
0.019836
-0.111450
-0.043701
-0.055206
0.128174
0.002157
0.057953
0.070435
0.131226
0.000431
0.172241
0.009781
0.002588
-0.000719
-0.052612
0.056366
0.008339
0.059814
0.151123
-0.225464
0.236816
-0.029984
-0.013916
-0.221558
0.002981
0.029327
-0.047211
0.012589
0.052032
0.097778
-0.124390
-0.057495
-0.004971
0.113464
-0.036621
0.010269
0.161987
-0.146484
0.006794
-0.118469
-0.064758
-0.025177
0.029816
0.035461
-0.068237
-0.062469
-0.032135
-0.059967
-0.030151
-0.024857
-0.027328
0.036957
-0.086792
-0.019379
-0.049530
-0.003811
-0.038605
0.133545
-0.054352
-0.046234
-0.006462
0.235718
0.019058
0.036285
0.027496
-0.084167
0.122131
0.070557
-0.065918
0.013748
-0.107666
-0.001987
0.006462
0.009605
0.017563
0.032959
0.054352
0.188354
-0.042755
0.033630
-0.085144
0.030319
0.033142
-0.076538
-0.007950
-0.232910
0.026337
-0.057159
0.211792
-0.082825
0.020874
-0.008118
-0.054352
0.013748
0.105042
0.079346
0.073547
-0.012093
-0.040253
0.045898
-0.028336
-0.014084
-0.078186
0.119629
-0.087280
0.018555
-0.131226
0.027176
-0.085144
0.023529
0.006626
0.018219
-0.031982
0.048553
0.058167
-0.008781
0.003811
0.002981
0.118652
-0.112488
-0.189331
-0.052673
0.077026
-0.184570
0.037262
-0.032135
-0.106506
-0.076355
0.045227
-0.136475
0.046051
-0.076355
0.295898
-0.044403
0.059967
-0.044891
-0.045074
-0.024185
-0.035950
0.058167
-0.125854
-0.028000
-0.051025
0.065430
0.096741
-0.018051
-0.044281
-0.154541
-0.106506
0.050201
-0.018860
-0.042755
-0.068298
-0.017044
0.012627
-0.031342
0.012016
-0.130249
-0.115784
0.029663
0.026932
-0.043060
0.046692
0.018860
0.075439
-0.036346
-0.012169
0.144409
-0.030731
0.065125
-0.027527
0.121521
0.108643
-0.023727
0.062073
-0.044586
-0.101624
0.051422
0.115479
0.216919
-0.002131
0.054779
-0.015823
-0.013992
-0.025101
-0.088257
-0.006542
0.325684
-0.117615
0.046234
-0.029510
0.025253
0.002739
-0.145264
-0.100830
0.062683
0.072571
0.077148
0.007607
0.050964
-0.002890
-0.028595
0.099060
0.089600
0.019775
0.039551
0.040009
-0.005627
-0.013084
-0.038788
-0.062683
-0.025558
-0.077759
0.158691
-0.080750
0.057800
0.041077
-0.032867
-0.047607
-0.035126
0.003803
-0.029510
-0.056274
0.023422
0.130127
-0.016586
-0.040314
-0.004410
-0.027832
-0.022064
-0.006996
0.001065
-0.205933
0.012474
-0.082153
-0.120605
-0.057953
0.013084
0.029358
0.029510
-0.012474
0.168091
0.086548
-0.025558
-0.238159
0.117920
-0.049133
0.003498
-0.123962
-0.006542
-0.142822
-0.001217
0.031799
0.111633
-0.011406
0.060394
0.032257
0.120789
-0.109497
0.151611
0.054626
-0.029663
0.087341
0.003803
0.127686
-0.315674
0.001521
-0.184937
-0.085815
-0.007912
-0.039093
-0.074402
-0.177124
0.011253
-0.007996
-0.225098
-0.047821
-0.106140
-0.078186
-0.015991
0.201050
0.023392
-0.012436
0.044861
-0.035980
0.096497
0.095764
-0.178101
-0.138428
0.010361
0.021606
-0.003998
0.018356
0.011543
-0.064270
-0.104187
0.026642
-0.040253
-0.013321
-0.006809
-0.060699
-0.002813
0.037445
-0.026062
-0.027985
-0.286865
-0.008141
-0.238281
-0.063232
-0.010361
0.045898
0.033173
-0.276611
-0.120483
0.018204
-0.017319
-0.012291
0.077881
0.007996
-0.067383
0.037018
-0.128052
0.102417
-0.030502
-0.080383
-0.091187
0.122131
0.002073
0.016434
0.010361
-0.100098
-0.065735
0.014061
0.152588
-0.028870
-0.016144
-0.081726
-0.035980
0.025314
0.031830
-0.139893
-0.037018
0.047821
-0.006218
0.106018
-0.130127
0.079468
-0.016724
-0.082153
0.007401
0.109863
-0.136963
0.002665
-0.004589
-0.014511
0.061737
0.116638
-0.112488
-0.038055
-0.088379
-0.021164
0.021164
-0.002073
-0.043823
0.013618
0.002369
-0.114441
-0.015251
0.044250
-0.051666
-0.090576
-0.133789
-0.072693
0.132812
-0.090332
0.007996
-0.188721
0.039520
-0.088806
-0.221924
0.069580
0.062469
0.046051
-0.003849
0.010658
0.206543
-0.013618
0.011841
0.187866
-0.075500
0.004440
-0.106262
-0.013618
0.022507
0.017914
-0.037750
0.019989
-0.077393
0.039978
-0.080261
0.052246
0.001925
0.116272
-0.263428
0.028763
0.061340
0.065857
0.057709
-0.072815
0.005825
-0.076233
-0.026215
0.076233
-0.099731
0.160767
0.228027
-0.029480
-0.102112
0.188232
0.088806
-0.033112
-0.009827
-0.003639
-0.062439
0.079895
0.084473
-0.099731
0.050415
-0.112854
0.040588
0.051331
0.110840
0.017288
-0.003822
-0.176147
-0.022934
-0.030945
-0.045868
-0.099182
0.043121
-0.079712
-0.133789
0.092468
-0.097900
-0.012924
-0.008369
-0.062805
-0.001274
-0.012741
0.029297
-0.066040
-0.190186
-0.025482
0.151123
-0.062256
0.083557
0.006371
0.009460
-0.062805
0.036407
0.013107
-0.067139
-0.080994
-0.021652
-0.051697
0.141479
0.012558
0.083374
-0.033478
0.106445
0.022018
0.195679
0.038208
-0.008186
0.159424
0.083374
-0.102112
0.033478
-0.042603
-0.072998
0.056061
-0.130615
-0.051697
-0.073364
0.180542
-0.008186
-0.139648
-0.033844
-0.104675
0.073181
-0.010918
0.089722
-0.089905
-0.035309
-0.103577
-0.022751
-0.025665
-0.057159
0.145996
-0.004551
-0.002913
0.111755
-0.046967
0.065186
0.000182
-0.010193
-0.226074
0.115967
0.049683
-0.063904
0.021652
0.052429
-0.080811
-0.054230
0.077881
0.091187
0.011467
0.003094
0.000910
-0.022568
-0.030762
-0.124878
-0.084106
0.129761
-0.176392
0.045868
0.041870
-0.110840
-0.081543
-0.022018
-0.049225
0.054108
-0.159546
-0.031525
-0.026917
0.276367
-0.319092
-0.008507
0.002232
0.005997
0.012688
-0.019669
-0.076538
-0.058289
0.047272
0.025940
0.010597
-0.011993
0.029419
0.134644
0.025803
-0.066223
0.033478
0.040039
0.033478
-0.040710
-0.011711
-0.017578
-0.034576
0.040161
-0.028732
0.145020
0.040588
-0.003765
0.027191
0.011856
0.061768
-0.048401
0.176270
-0.056763
-0.062347
-0.025665
0.016876
-0.060394
0.023422
0.147461
0.017288
-0.066223
0.012550
0.021484
0.040863
0.036530
0.013390
0.005020
0.057312
-0.017014
0.114502
-0.035828
0.004883
0.135620
0.036957
-0.047150
0.022171
-0.000837
0.011993
0.060516
-0.203613
0.107361
0.033875
-0.078247
-0.038483
0.028732
-0.005718
0.021759
-0.036255
0.044769
0.035431
-0.099182
-0.023987
0.031097
0.026917
-0.051178
-0.036804
0.037506
0.067078
0.032898
0.017288
0.009766
-0.012413
-0.181152
0.030685
0.005440
-0.024124
-0.239990
-0.021759
0.015762
0.015198
-0.180298
0.020920
-0.240356
0.103333
-0.022598
-0.053009
0.038910
0.077515
0.134033
-0.013947
0.039185
0.015480
0.057587
-0.118835
0.301270
0.026505
0.075012
0.053986
0.336182
0.004322
-0.157837
0.006554
0.016174
-0.020645
-0.020645
0.011017
-0.138306
-0.044769
0.006832
0.012131
-0.027054
-0.090759
0.210083
0.013779
-0.032776
0.151123
-0.019669
0.172119
-0.137817
0.020340
0.049927
-0.091614
-0.058472
-0.072754
0.036316
0.117798
0.083008
0.055450
-0.006218
-0.119324
-0.032440
-0.012100
0.045868
0.061676
0.008064
0.037659
-0.027557
0.187744
0.018661
-0.026215
0.370850
-0.174927
-0.061005
0.017136
-0.155762
0.037659
0.144043
0.036316
-0.019669
0.056122
0.111267
-0.020172
-0.030258
0.001849
-0.085022
-0.012772
0.027893
-0.011429
0.080139
0.044708
0.017822
-0.068909
-0.152710
0.063721
-0.167236
0.045532
0.058319
0.005547
-0.011765
-0.040009
-0.024536
-0.138672
-0.104553
0.035461
0.040009
0.010757
0.082214
-0.032776
0.005547
0.242188
0.076294
-0.053436
0.019836
-0.218506
0.015625
0.017303
0.028397
0.033600
-0.183838
-0.095154
0.002857
-0.043365
-0.034790
0.048920
-0.009583
-0.059174
0.060852
0.082703
0.039001
0.034607
0.091248
0.030594
0.058502
0.095947
-0.028564
0.019669
0.017303
0.052277
0.018494
0.041351
0.129639
0.003193
0.046722
-0.064209
0.052948
0.023361
0.068054
0.017822
-0.106689
-0.003361
-0.095459
-0.069092
0.036133
-0.012100
0.187622
0.126343
-0.033936
-0.017654
0.028900
-0.083008
0.050598
-0.113098
0.176025
-0.012436
0.041016
0.039673
0.148071
0.069214
-0.011093
0.126465
0.166748
-0.033813
-0.096191
0.019348
-0.170654
0.346436
-0.008537
0.030319
0.055237
0.022659
-0.080322
0.101257
-0.007668
0.076477
-0.091125
-0.009239
0.016205
-0.093567
0.223755
0.030838
-0.032227
-0.103516
0.057678
0.013069
-0.075806
0.084839
-0.054016
0.035889
0.007320
0.013939
0.232300
-0.046539
-0.163330
0.042694
0.002962
-0.010979
-0.259033
0.342529
0.051056
0.058563
0.064636
0.047577
0.072510
0.031372
0.138428
-0.020569
0.122681
-0.033112
-0.040771
0.035889
-0.027191
-0.146606
-0.057343
0.036774
0.000871
-0.141846
0.013420
-0.008888
0.067444
-0.005577
0.056641
-0.011154
-0.048096
0.021790
-0.076172
-0.006100
-0.007843
0.022308
-0.018814
0.052795
-0.211182
-0.064331
0.014984
-0.005402
0.008018
-0.060638
-0.154419
-0.032074
0.122681
0.045135
0.022476
0.009064
0.061523
0.113098
0.091125
0.040253
0.051575
-0.094116
-0.123352
-0.058563
0.006100
-0.078918
0.049500
0.031189
-0.053497
-0.083618
0.060822
0.032227
-0.059937
-0.022125
0.024750
0.159302
-0.061859
0.009583
0.109619
0.036957
0.003485
-0.018478
-0.045837
-0.016037
0.042877
-0.085754
0.048279
-0.068848
-0.013069
-0.095337
0.009758
0.077576
0.036957
0.044098
-0.020737
0.005753
-0.103149
0.021957
0.016907
-0.015160
0.027359
0.041168
-0.061462
-0.070007
0.020859
-0.040802
-0.121643
0.175659
0.062042
-0.048248
-0.006706
-0.060730
0.014343
0.100769
-0.023849
-0.007820
0.117371
-0.115845
0.073608
-0.059418
-0.000559
-0.015839
0.002607
-0.154053
-0.059052
0.156982
0.043579
0.002235
0.016571
-0.054962
-0.040619
-0.065918
0.054962
0.243408
-0.007263
0.020111
-0.027008
0.028870
-0.014343
0.056641
0.027390
-0.042664
0.044525
0.138794
0.050476
0.061646
0.003166
-0.004845
0.009125
-0.137085
-0.125488
0.086426
0.030365
-0.079712
-0.026642
-0.009689
0.080078
0.079529
-0.014900
0.042847
0.014526
0.116028
0.096497
-0.041168
-0.047882
0.060730
0.056641
-0.137451
0.111938
-0.045258
-0.163330
0.130005
0.025711
-0.272949
0.033722
0.207886
-0.037262
-0.054749
-0.162476
0.040619
0.031494
-0.024963
0.014526
0.050476
0.023849
0.058685
0.037994
-0.088501
0.037994
-0.124817
-0.144043
-0.048615
0.029800
-0.067627
0.020676
-0.065735
-0.076904
0.121460
-0.035767
-0.122192
-0.191284
-0.066711
-0.021606
0.063171
0.211426
0.065002
0.025894
-0.111755
0.073364
0.000373
0.033722
-0.035400
0.067627
-0.021042
0.187256
0.064636
0.003353
-0.072998
0.006893
0.057739
0.090881
-0.089600
-0.128174
0.164062
0.070801
-0.044159
0.169312
-0.144043
0.080444
-0.068909
0.001286
-0.049957
0.070374
0.034180
-0.044098
-0.240601
0.065002
-0.041870
-0.028473
0.006062
-0.006428
0.076965
0.010658
0.006798
0.004593
-0.006428
-0.015060
-0.046478
0.067627
0.105652
-0.036194
0.082825
0.116455
0.064819
-0.065186
0.009735
-0.032501
-0.024063
0.094788
0.057861
-0.247437
-0.019653
-0.131470
0.021866
-0.036926
-0.053284
-0.241211
0.098816
-0.070740
-0.083374
-0.043549
-0.052185
-0.000918
-0.005329
-0.003122
0.179443
0.007717
-0.038574
-0.039490
-0.015976
-0.067444
-0.100098
-0.027374
-0.006062
0.021317
-0.048859
-0.028656
0.061157
-0.011391
-0.060425
0.091858
-0.039856
-0.052551
0.045929
0.067810
0.192871
-0.030670
-0.065186
0.075317
0.015793
-0.142944
-0.066711
-0.007717
0.111877
0.018188
-0.046478
-0.106018
0.121399
0.074402
-0.177124
0.084717
0.055847
-0.016724
0.132324
-0.042999
-0.034912
0.037109
-0.027191
-0.144165
0.010468
-0.007717
-0.038391
0.021317
0.071838
0.054565
0.000918
0.188354
-0.002020
0.078064
0.172729
-0.061157
-0.176514
0.067993
0.144165
-0.214722
0.039124
-0.027740
0.104187
0.012123
-0.138916
-0.150757
0.047211
-0.033264
-0.026093
-0.166382
0.100098
0.178955
-0.156372
-0.095520
0.021118
0.036011
-0.101562
0.098450
-0.113708
-0.033447
0.065979
0.075134
0.129028
-0.013496
-0.028793
-0.024826
-0.051636
0.069641
-0.049316
0.038147
-0.003960
0.018356
0.040497
0.027344
-0.002878
-0.333984
-0.085449
-0.005219
-0.023758
0.147583
0.099121
-0.008820
0.017807
-0.015114
-0.033295
-0.057037
0.000540
-0.066956
-0.116211
0.016739
-0.090515
0.071960
0.027176
0.010796
-0.030594
0.139771
-0.119507
0.075012
0.023758
-0.042633
0.044983
-0.179077
0.086914
-0.257568
-0.077026
0.014214
0.036163
-0.050018
-0.017090
0.024826
-0.016190
0.065308
-0.045715
0.229370
0.049835
0.065857
0.008995
0.023026
-0.059753
0.026093
-0.056152
-0.009537
0.077759
0.007557
0.047333
-0.085266
-0.078796
-0.116760
0.041565
-0.134766
-0.146606
0.044098
-0.105286
-0.006119
-0.113342
-0.049652
0.053986
-0.085999
0.031677
0.070374
-0.095520
-0.018707
0.021957
-0.014038
-0.017456
-0.152222
-0.071960
-0.037262
-0.140137
0.064209
-0.116394
0.001619
0.257324
0.014397
-0.006836
0.056335
-0.006477
0.052917
-0.028244
-0.012955
0.084961
-0.131348
0.060272
-0.020157
0.011337
0.122375
0.087463
0.169189
0.051636
0.006477
0.002520
0.050568
0.029510
-0.098450
0.054352
0.060455
0.207886
0.126343
0.053619
-0.117310
0.036163
-0.119324
0.073059
-0.014397
-0.036530
0.053436
-0.086731
-0.135132
-0.203735
-0.014938
0.070435
0.021393
0.206177
-0.046844
-0.011620
0.242065
-0.028595
0.011803
-0.048126
-0.037445
-0.043701
0.058289
-0.155151
0.173706
0.071960
-0.000184
0.083740
-0.006824
0.063293
0.015671
-0.071411
-0.038910
0.141602
0.032837
0.032471
-0.118042
0.006271
-0.011803
-0.017151
0.031921
-0.042603
-0.135376
0.016235
-0.026001
0.054962
0.004795
-0.221558
0.064575
-0.283447
-0.054413
0.008667
-0.013649
0.007378
0.107910
-0.061066
0.022141
-0.044098
0.097229
0.042786
0.042969
0.008118
0.023972
0.114380
0.024719
-0.015312
-0.056824
-0.028595
-0.070251
0.053314
0.035797
0.015869
-0.065857
-0.086670
-0.091309
-0.001475
-0.003136
0.062500
0.121582
-0.036163
-0.049438
-0.081909
0.169556
-0.116943
-0.001106
0.095520
0.080261
-0.066772
-0.147583
0.053497
-0.020660
0.052948
0.010330
0.054413
0.070251
0.108459
0.041687
0.019547
-0.094604
0.076538
-0.118591
-0.024719
0.030807
-0.066772
0.106628
-0.096252
0.005165
-0.019547
0.000738
0.026382
-0.070251
-0.011253
-0.021942
0.030807
-0.027847
0.283447
-0.258057
-0.056244
-0.043152
0.036896
0.146240
0.008118
-0.030243
0.026001
-0.065491
0.203247
0.044098
0.084839
0.161621
0.077271
0.043701
-0.166504
-0.019180
0.019180
0.128540
0.014015
0.073608
0.015312
0.070068
-0.129639
0.194824
0.005535
-0.125366
-0.013924
0.063416
-0.045959
-0.138550
-0.028351
-0.011070
-0.095764
0.079163
-0.019623
-0.075806
0.097107
0.072632
-0.158325
0.163086
0.182007
-0.027512
0.049835
0.055206
0.088440
0.039764
0.121643
0.062561
-0.036072
-0.054352
0.006878
-0.028854
-0.217529
0.107849
-0.117920
-0.107544
0.109741
0.055023
0.035553
-0.009560
-0.040253
-0.117920
0.018280
-0.161255
-0.082214
-0.037231
0.018448
-0.016434
-0.029526
0.023148
-0.080505
0.044952
-0.079163
-0.062744
-0.062561
0.008217
0.047638
0.053009
0.043945
-0.034546
0.013588
-0.045624
-0.090759
0.006039
-0.068970
0.052521
0.017441
-0.236694
-0.048309
0.193115
0.119141
0.015762
-0.032043
0.117432
-0.158691
-0.038910
-0.205811
-0.036224
0.030365
-0.022141
-0.013924
0.132080
0.022141
-0.040436
-0.053680
-0.147461
-0.041107
-0.009895
0.001510
-0.005032
-0.048981
0.075500
0.018112
0.073669
0.087585
0.002516
-0.035889
0.174438
0.029694
0.093811
-0.090088
0.100159
-0.007549
-0.085571
-0.043610
0.026840
0.011574
-0.052521
-0.057037
-0.020462
0.034210
-0.084717
-0.017441
-0.025330
0.039764
0.084412
-0.100342
0.044952
0.086914
0.001510
-0.090942
-0.166626
0.329590
0.040436
-0.041931
0.036743
0.062408
-0.065247
0.059235
-0.033386
-0.007313
0.112732
0.190186
0.045715
0.024597
-0.013466
0.075623
0.056366
0.094238
-0.064514
0.035736
0.009308
0.031586
0.262207
-0.048218
0.067322
0.074463
0.025101
-0.274658
-0.013962
0.018951
-0.000332
-0.251953
0.018448
-0.051025
-0.038574
0.029587
-0.004154
0.037079
-0.052856
-0.058350
0.163696
0.030579
-0.013298
0.007980
-0.048035
-0.048523
0.051025
-0.513184
-0.083618
-0.007313
-0.024109
0.038055
-0.100891
-0.034912
0.008812
-0.182007
0.099060
0.111511
-0.034393
0.032074
0.064636
-0.051544
-0.000166
-0.050354
0.042542
-0.028091
0.072327
-0.049042
-0.039886
0.063660
-0.052856
-0.083435
0.012299
0.035065
-0.074829
-0.074280
-0.035736
-0.012131
-0.003656
0.036743
0.090271
-0.095886
0.007645
-0.047211
-0.005985
-0.037720
-0.188843
0.023102
0.005154
-0.101562
-0.013634
-0.067017
0.001662
0.062500
-0.054016
0.048859
-0.036224
-0.005318
0.036743
-0.037567
0.045715
-0.098267
-0.060852
-0.050690
-0.045044
0.001828
-0.106079
0.020111
0.005154
0.035065
0.016296
-0.121704
-0.025101
-0.035919
-0.079773
-0.024109
0.032257
-0.044037
0.064148
-0.034912
0.018112
-0.006481
-0.066833
0.245728
-0.127441
-0.017288
0.070984
-0.035736
-0.034088
0.074951
0.003490
-0.049042
0.048370
-0.044037
-0.066650
-0.016617
0.074158
-0.042145
-0.112549
-0.068970
-0.056061
0.018219
0.060791
0.367432
-0.038849
-0.001720
0.011612
0.068848
-0.067383
0.005161
-0.130859
-0.066406
0.148315
-0.006741
-0.115173
-0.009895
-0.020218
0.039154
-0.087341
-0.029678
-0.012619
-0.116272
0.025665
0.020935
-0.019501
-0.127197
0.078735
-0.047760
0.055359
0.127930
0.040436
-0.005306
0.015488
0.023087
-0.012764
-0.069519
0.152466
-0.101379
0.145996
0.079590
0.025955
-0.005878
-0.029968
0.017502
-0.137207
0.008034
-0.044464
0.057373
-0.143433
0.042725
-0.006882
0.019501
-0.037842
0.014915
-0.002724
-0.024231
-0.011330
-0.057220
0.076416
-0.040710
-0.082458
0.008034
0.145142
0.400391
0.004444
-0.108704
-0.046753
-0.079285
0.042450
0.253906
0.011185
-0.117554
-0.040710
-0.092896
-0.169678
0.019211
-0.009895
0.007172
-0.024811
0.030396
0.064270
-0.024811
0.025101
0.142090
0.030685
0.025375
-0.142822
0.112305
0.028534
-0.015915
-0.056488
0.020935
-0.177246
0.072144
-0.072266
0.158936
-0.014626
0.085754
0.022949
-0.076416
0.109253
-0.024811
0.070679
0.100525
0.003586
-0.036560
-0.002869
0.017639
0.081604
0.096191
-0.016068
-0.009460
0.053497
-0.003586
-0.009750
0.026672
0.131836
0.062927
-0.004875
0.053497
0.054352
0.032684
0.062378
0.102539
-0.052612
0.019226
-0.032257
-0.130127
-0.043579
0.135864
0.223633
0.111084
0.047211
0.030548
-0.035248
0.123474
-0.020081
0.148438
-0.120239
-0.039734
-0.124084
0.040161
-0.001923
0.101868
-0.043152
-0.055115
0.000427
-0.005554
0.029053
-0.021149
-0.066833
-0.005768
-0.045288
-0.004272
-0.071533
0.068542
-0.062988
-0.086914
0.068542
0.030121
-0.043579
-0.172974
0.058960
0.200562
0.089905
0.006836
-0.047424
0.014313
0.103149
0.029694
-0.036530
-0.001495
-0.145630
0.035889
-0.001068
0.052765
0.043579
-0.034393
0.013885
0.011749
-0.008118
-0.029480
0.199707
0.009186
0.106995
-0.024139
0.034180
-0.010681
-0.103394
0.068787
-0.013672
0.029053
-0.016663
0.063416
-0.010681
-0.038239
-0.169800
-0.080750
-0.021576
-0.031616
-0.062164
-0.004486
-0.091187
0.141235
0.046783
-0.042938
0.022003
0.047424
-0.059174
-0.040802
-0.043793
0.046570
-0.087158
-0.174561
0.210449
-0.031616
0.055969
0.055756
0.040161
-0.069824
0.111084
0.041870
0.184326
0.004700
0.163574
-0.101440
0.062805
0.156738
-0.058105
-0.024567
-0.004700
-0.052765
0.020935
0.108948
-0.172852
0.013245
-0.185425
-0.061310
0.011108
0.319336
-0.051270
-0.039307
-0.058105
0.022858
-0.000214
0.020508
-0.018372
-0.032257
0.214233
0.083313
0.095032
0.057251
0.101685
0.047638
0.001174
-0.027008
0.018784
0.000839
-0.236694
0.172485
0.045471
-0.085205
-0.018616
-0.015266
0.082520
-0.048645
-0.176147
-0.039581
0.053009
0.113098
0.291992
-0.033386
0.025833
0.056885
0.002180
0.006710
0.043121
-0.077515
0.016785
-0.025665
-0.062408
-0.047821
-0.217285
-0.086243
0.023483
0.082031
-0.038239
0.068787
0.073120
0.032379
-0.020294
0.065796
-0.080383
-0.092468
-0.009392
-0.057220
-0.030533
0.045807
-0.022476
-0.052185
-0.206909
-0.098816
-0.136841
-0.010399
-0.082520
-0.021805
0.011574
-0.014259
0.033569
0.011070
-0.037567
0.002516
0.013252
0.010902
-0.067444
-0.042603
0.006039
-0.049652
0.006374
-0.107178
0.021637
-0.003691
-0.017944
0.030365
-0.004696
0.357422
0.022141
0.034241
-0.022980
-0.039093
-0.101990
-0.023651
-0.020798
-0.004196
0.019119
0.039246
0.058563
0.089783
-0.006710
0.082214
0.066956
-0.006710
0.129883
-0.083069
0.071655
0.052521
0.004864
-0.003355
0.245850
0.129517
0.100525
-0.061584
-0.066956
-0.052185
-0.154663
-0.212036
0.146240
-0.020966
0.001342
-0.206665
-0.011909
0.025330
0.036560
0.047974
-0.084229
0.037415
-0.006374
-0.006710
-0.088562
0.060913
0.028854
0.021133
-0.029358
-0.246460
0.012749
0.018951
-0.020462
0.050323
0.043457
0.068481
0.041107
0.002394
-0.134277
-0.022339
0.070618
0.111938
0.111145
-0.230835
0.003391
-0.023544
-0.095581
0.023941
0.035919
-0.181519
-0.063843
0.024139
-0.026337
-0.013969
0.001396
-0.147461
-0.047089
0.016953
0.058655
0.111755
-0.014168
-0.061249
0.008179
0.020157
-0.012367
0.088196
0.062622
-0.081970
-0.075195
0.044495
0.018356
-0.010376
0.037109
-0.046295
0.055878
-0.176392
-0.057648
0.082397
-0.098755
-0.023148
0.048889
-0.064819
0.113098
0.130493
-0.035522
0.075439
0.106140
0.040894
0.017151
0.225708
-0.000598
0.041687
-0.011772
-0.050690
-0.037720
0.098755
-0.225586
-0.018753
0.035706
0.165161
-0.041107
-0.054260
0.067261
0.111755
0.068420
0.041901
0.039917
-0.260986
0.039917
0.072632
0.002792
-0.103760
-0.043701
-0.033508
-0.211426
0.185791
0.052856
-0.001995
0.069458
0.057251
0.007980
-0.022751
-0.028534
0.022552
-0.026932
0.013565
0.068848
0.052460
0.061249
-0.016754
0.128906
0.176514
-0.055267
-0.062866
-0.021744
-0.062866
0.004189
0.239868
0.015762
-0.058258
0.065247
0.071411
-0.157837
-0.057251
0.029922
0.094360
-0.198853
0.050476
-0.006783
0.070801
0.072998
0.146606
-0.088806
0.042908
-0.046478
-0.025742
0.047485
-0.000000
-0.016357
-0.089600
0.033722
0.034729
-0.058655
-0.042694
0.143311
0.049469
0.117004
0.053772
0.180298
-0.167358
0.028625
-0.111145
0.019592
-0.002361
-0.001529
0.016678
-0.124756
-0.015976
-0.035980
-0.022507
-0.013474
0.037109
-0.192139
-0.099609
-0.023346
0.042786
-0.011116
-0.028061
0.007919
-0.099060
0.007088
0.028625
-0.059052
-0.021393
0.165894
-0.168579
0.037109
0.020844
0.094360
0.058899
0.023346
0.054199
-0.012230
-0.018753
0.042114
0.018341
0.113403
0.032379
0.040161
0.005836
-0.067261
0.061829
0.034729
0.024170
-0.043915
0.010696
0.029739
0.024033
-0.004169
0.044037
-0.024872
0.077515
-0.052368
-0.113770
-0.048492
0.068481
-0.027649
0.004448
-0.018066
-0.022919
-0.096863
0.496338
0.172119
0.098511
-0.015839
-0.092529
0.013893
0.295166
0.044037
-0.070007
0.002501
0.011391
-0.007782
-0.016678
0.167969
0.020004
-0.021118
-0.029312
0.007088
0.062103
0.042511
-0.045563
0.030426
-0.110046
0.021118
-0.095337
0.126709
0.004585
0.033203
-0.029449
-0.138428
0.105591
-0.032928
-0.025848
-0.016953
-0.045013
-0.006531
0.010834
-0.006390
-0.029037
0.104065
0.137085
0.035858
-0.011116
-0.018066
0.079590
0.104492
0.137085
-0.045166
0.181519
-0.013756
-0.160767
-0.011116
0.005695
-0.131958
0.026962
-0.065857
0.045441
0.015701
-0.070190
0.099609
0.049469
-0.035980
-0.058655
-0.090942
0.100525
-0.042480
0.160156
-0.106323
0.078369
-0.030518
0.020340
-0.056458
-0.083984
0.067200
0.142456
0.060242
-0.013565
-0.124268
0.019943
0.034912
-0.046875
-0.025528
-0.002394
0.007179
-0.018555
0.031311
0.056458
0.032501
-0.017548
0.047485
-0.140869
0.111511
0.060242
0.010574
0.013763
-0.000798
-0.018951
0.054443
-0.190918
0.078186
0.036896
0.004787
-0.226562
-0.100708
-0.003391
-0.109680
0.026535
-0.032104
0.012764
-0.052856
0.044098
-0.095947
-0.019943
0.227783
0.134033
-0.001595
-0.003391
-0.026337
-0.025528
-0.176758
0.038910
0.043091
-0.012367
-0.046875
0.072205
0.007179
0.108337
-0.017960
0.020340
-0.028320
-0.029327
-0.048279
0.071838
0.008774
0.038086
-0.005386
-0.066406
0.050079
-0.037109
-0.135986
-0.015961
-0.013168
-0.011368
0.022934
-0.013763
0.155396
-0.047485
-0.098145
-0.029327
0.032928
0.042480
-0.225952
-0.016159
0.073181
0.179321
-0.161743
-0.019547
0.081787
0.136841
0.038696
0.026733
0.180176
-0.303223
0.071838
-0.121094
-0.132812
-0.047272
0.147827
-0.019348
0.049286
0.137207
-0.063660
0.059235
0.021942
-0.095520
-0.036896
0.211060
-0.061432
-0.039703
0.081970
0.070618
-0.081177
0.060638
0.042877
0.057434
0.125488
0.036316
-0.014961
-0.094727
0.121887
-0.090149
-0.107056
-0.078613
0.146729
0.029099
0.027039
0.114197
-0.026413
-0.011070
0.054565
-0.066711
0.203369
0.019928
-0.058502
-0.006008
-0.000949
-0.087952
0.187744
-0.113403
0.002373
0.032898
0.026886
-0.031616
-0.030991
-0.028625
-0.032593
0.114990
0.060425
-0.012016
-0.062622
0.090637
0.016922
-0.035736
-0.030685
-0.174316
-0.054077
0.065979
-0.078125
0.057404
0.036835
-0.071472
-0.122559
-0.098999
-0.088379
0.050446
-0.010277
-0.046814
0.222900
-0.017075
-0.276123
-0.063904
0.101074
-0.004269
-0.008224
-0.052338
0.011703
0.020081
-0.028305
-0.037018
0.067871
0.211304
-0.039062
-0.011703
0.108521
-0.000158
0.266113
0.032593
0.046814
-0.121948
0.098511
0.008064
0.004269
0.246094
0.009491
-0.017715
0.004429
0.030518
0.151611
0.020554
-0.145996
0.047119
-0.004902
0.014709
-0.072876
0.037964
-0.019775
0.139038
0.139038
-0.054230
-0.093323
-0.063416
0.143799
0.170776
-0.034485
-0.054077
0.128296
0.078735
0.013443
0.044281
0.079224
0.063416
0.010124
0.004585
-0.030991
-0.009644
-0.008385
-0.074158
0.023407
-0.019928
0.002056
0.100098
-0.138428
0.076843
-0.034149
0.188843
-0.035095
0.150757
0.026260
0.040009
0.031311
-0.091858
-0.041290
0.047913
0.032104
0.036224
-0.100769
0.010277
-0.039856
0.161255
-0.125854
0.026779
-0.025864
0.129272
-0.043976
-0.156860
-0.026047
-0.068726
-0.007389
-0.119507
-0.004250
-0.123962
-0.094604
-0.023834
-0.057831
-0.000739
-0.037140
-0.097168
-0.095337
0.055054
-0.028076
-0.050629
0.037689
-0.088135
0.048401
-0.032867
-0.025116
0.004250
0.072021
0.010345
0.010902
0.016434
-0.020508
-0.001108
0.027527
-0.062622
0.095154
0.224609
0.014038
0.142456
-0.111206
-0.023270
-0.063904
-0.035828
0.101257
0.070374
0.026596
0.037140
0.087036
0.016815
-0.087219
-0.066345
-0.022720
-0.037689
0.049683
-0.024933
0.038971
0.029922
-0.064270
-0.190063
-0.017365
0.039520
-0.021606
-0.092163
-0.020874
0.032867
0.060577
0.018845
0.017731
0.197510
-0.165283
0.044342
0.033081
-0.131836
0.041931
-0.090332
-0.155396
0.181274
-0.081482
0.040833
-0.048035
-0.005913
0.147217
-0.068359
0.073364
0.017365
0.000185
-0.060791
-0.247681
-0.072571
0.143555
-0.144043
0.065735
-0.046173
-0.047302
-0.107300
-0.086609
-0.104004
-0.144775
0.322266
-0.026413
0.050049
0.055237
-0.018097
0.089417
0.070740
0.056519
-0.019394
-0.118408
0.094238
-0.054871
0.018845
0.000554
0.194702
0.014595
-0.107910
-0.015144
-0.100098
0.059479
-0.043793
-0.001847
-0.068909
-0.024750
-0.027710
0.108459
0.058563
0.088501
-0.041504
0.020187
-0.089111
0.048920
0.106262
0.132080
0.132568
0.071838
0.008400
-0.044250
0.015343
-0.019699
-0.001130
0.069275
0.059265
-0.042480
0.053284
-0.222046
-0.130493
-0.002907
-0.029709
0.069763
0.000323
-0.012917
-0.154053
-0.003229
-0.169556
-0.006943
-0.031647
-0.032440
-0.099976
0.023087
-0.125122
-0.186523
0.071228
-0.012756
0.010498
-0.074585
-0.054565
0.026321
-0.045868
0.103027
0.132202
0.095093
0.031799
-0.036011
0.016144
-0.024384
-0.086853
-0.046326
-0.107849
0.055237
-0.041656
0.113831
0.025681
0.046173
-0.066040
0.056671
-0.009689
-0.046661
0.013725
0.100891
-0.001776
-0.106384
-0.017120
-0.020508
0.185547
-0.001615
-0.003551
-0.111755
0.002907
0.025345
0.248291
0.041504
0.178589
0.059753
0.013237
0.239014
0.076233
0.127686
-0.049255
0.084290
0.126709
-0.104309
-0.014854
0.021805
0.118225
0.029221
0.009041
-0.004036
-0.157959
0.131958
-0.022934
-0.041504
-0.023575
0.030685
-0.030518
-0.117859
-0.034729
0.076233
-0.127441
-0.082642
0.099976
0.043915
0.028900
0.013237
0.214111
-0.094482
-0.067200
0.035675
0.044250
0.183472
0.123657
0.081055
0.120483
-0.050873
-0.083130
0.087524
0.084106
-0.009201
-0.066345
0.186279
-0.083130
0.073608
0.043610
0.047485
0.029221
0.079956
-0.075378
-0.201660
-0.187622
0.020386
0.088257
0.203003
0.372803
-0.011826
-0.039917
-0.034943
0.028275
-0.069763
-0.065430
0.143799
0.010963
-0.067688
-0.028275
0.011307
-0.109497
-0.126099
-0.048676
-0.032227
0.179077
0.032227
-0.063416
0.081543
-0.010109
-0.036163
-0.068359
0.113953
-0.049347
0.014908
-0.045746
0.193848
0.035980
-0.076050
-0.067505
0.055176
0.269287
0.146851
0.091492
-0.059631
0.029984
0.106262
-0.000343
-0.031006
0.087585
-0.027420
0.023987
-0.028778
0.018845
0.231689
0.050903
0.015930
-0.001714
-0.023651
-0.033081
0.119080
0.048828
0.094604
0.085693
-0.040436
0.100952
0.062378
0.007366
0.010452
0.027069
0.024155
0.002399
-0.024506
0.016449
0.019699
0.002228
-0.044708
-0.012505
-0.044708
-0.067871
-0.123901
-0.091309
-0.007710
0.010452
0.013023
0.010452
-0.042999
0.007027
-0.008736
-0.002056
0.099365
-0.076416
-0.058258
0.050903
0.132568
0.060150
-0.049683
0.056213
0.061676
0.075195
0.023987
0.018677
-0.055695
-0.157104
-0.069580
0.091675
-0.098511
-0.069885
-0.163452
0.029816
0.014908
0.120972
0.107605
-0.023819
0.071777
-0.063538
-0.048157
0.109497
-0.053986
-0.007366
-0.143921
0.079834
-0.089111
0.044220
0.022964
-0.072998
0.152710
-0.050537
-0.012680
0.007538
0.037537
0.010963
0.023666
-0.066589
-0.067261
-0.068481
-0.032227
-0.143921
-0.003744
0.042267
-0.040649
0.055634
-0.008156
-0.005886
-0.068481
-0.064331
0.048004
0.031281
0.029419
-0.064331
-0.016052
0.025146
0.158813
0.026611
-0.046021
0.007622
-0.005482
-0.245850
-0.086914
0.057922
0.120483
0.063660
0.047760
0.276855
0.200806
-0.048828
-0.069946
-0.046143
-0.004280
-0.030228
-0.087341
0.030365
0.306641
0.003477
-0.051636
0.003210
0.044128
-0.000803
-0.265381
-0.048553
0.218628
0.125732
-0.085999
0.000803
-0.095642
0.014580
-0.071960
0.023270
0.003744
0.025146
-0.009895
-0.023270
-0.048004
0.004814
0.021393
0.009361
-0.036102
0.008423
0.008293
0.015381
-0.140381
0.176514
-0.036499
0.068726
-0.004814
0.019791
0.031433
-0.059113
-0.011772
-0.141113
-0.028748
-0.079285
-0.047607
-0.013107
0.072510
0.098938
-0.010567
-0.037994
0.097107
-0.032776
0.146240
0.058563
0.089722
-0.137329
0.018188
0.034515
-0.047485
0.208008
0.008560
-0.071411
-0.145386
-0.026077
-0.064087
0.055908
-0.032104
-0.025284
-0.196411
-0.119263
-0.013504
-0.018997
0.064575
0.101135
-0.109375
0.026749
0.052155
0.175659
-0.047211
0.147217
-0.004681
0.027679
0.002808
-0.075562
-0.133057
-0.025818
0.004414
0.030487
-0.012573
0.050690
0.011902
-0.021500
-0.025436
0.045929
-0.033295
0.033966
-0.135010
-0.228882
-0.014931
0.086304
0.039703
0.086975
-0.097961
0.083679
0.074829
0.034790
0.147339
0.015747
0.003609
0.111877
0.027237
-0.008041
-0.035614
0.203735
0.074341
0.036102
0.039215
-0.053650
0.052490
0.066467
0.062683
0.010994
-0.054962
-0.032806
-0.171631
-0.037903
-0.006233
-0.153442
0.172607
-0.256836
-0.011810
-0.111084
-0.048553
-0.033142
0.025925
0.010826
0.256348
0.090759
-0.052185
-0.043640
-0.032990
-0.053162
-0.016083
0.238525
-0.012466
-0.015747
-0.042480
-0.109253
-0.029861
0.081238
0.135742
0.249756
0.046753
-0.027405
-0.065613
-0.045624
0.013618
-0.084167
0.015915
0.037415
0.009682
0.119934
-0.122559
-0.124023
0.027069
0.048248
-0.057739
0.056427
-0.107605
-0.058258
0.075134
0.005413
0.031677
0.065002
0.035126
0.124878
-0.035614
0.004265
-0.050201
0.024933
0.048401
0.020996
0.017227
-0.080383
0.031494
-0.033295
-0.021500
0.005905
-0.156250
0.093201
0.171143
0.140259
-0.144897
0.005905
0.009354
0.183228
0.014435
0.037231
0.063660
0.017227
0.058563
-0.018707
0.068420
0.018372
-0.115845
0.009026
-0.011650
-0.025589
-0.143433
0.104187
0.060547
-0.054962
-0.008858
0.070251
-0.013451
0.020340
-0.132080
0.105652
-0.005413
0.055878
-0.004208
0.008751
0.023056
0.016998
-0.094421
-0.178101
-0.064636
-0.012123
0.020706
-0.073364
-0.070007
0.011948
0.054535
-0.006565
0.131348
0.150635
0.134521
0.023895
0.007744
-0.010773
-0.043762
0.013634
-0.009933
0.202393
0.124084
-0.088013
0.016327
0.030304
-0.091248
0.101990
-0.011108
0.163818
-0.028610
0.040894
-0.067139
-0.073914
-0.056732
-0.017334
0.096313
-0.097961
-0.173584
0.090210
0.070374
-0.030640
0.040222
-0.016159
-0.024078
-0.094788
0.312256
-0.050842
-0.114624
-0.015320
0.084839
-0.040894
0.067322
-0.060944
0.034332
-0.014137
-0.018341
-0.111267
0.011780
-0.070190
0.031311
0.054718
0.039551
-0.041077
0.126953
0.002861
0.202881
0.073242
0.036011
-0.050171
0.001515
-0.086182
0.029968
0.041901
-0.140015
0.011108
0.059082
-0.033173
-0.030640
-0.179565
0.085205
0.071228
-0.096802
-0.037720
0.091919
-0.000505
-0.152344
-0.064453
0.043610
0.062439
0.012627
0.012291
0.131348
0.105347
0.011276
0.116638
0.096436
-0.072876
0.057404
0.036011
-0.016495
-0.187012
-0.051666
0.151978
0.061768
0.010437
-0.082153
0.006733
0.003534
0.210083
0.091064
-0.235840
-0.146240
-0.131348
0.070190
-0.047119
-0.058075
-0.087341
-0.044281
-0.040894
0.040222
-0.066345
0.091553
0.052673
0.006733
-0.089478
0.086670
0.044556
-0.035187
0.078796
0.199585
0.002060
0.032013
0.032196
0.040802
0.048309
-0.079956
-0.052795
-0.221802
0.017410
0.131958
-0.023590
-0.012726
-0.061951
0.203247
0.021149
-0.028076
-0.217896
0.018158
0.062683
0.028076
-0.040253
-0.039124
-0.008240
0.033875
-0.051117
-0.050903
0.072815
-0.008240
0.070557
0.027893
0.022278
0.178223
0.055786
-0.087219
-0.066284
-0.095093
0.021530
0.030518
0.061768
-0.185547
-0.159668
0.023026
-0.038361
-0.075806
0.072815
0.072632
-0.020218
-0.011421
0.066467
0.012169
0.007488
-0.135498
0.005428
-0.022644
0.013290
0.009918
-0.104431
-0.000374
0.063843
0.023026
-0.072449
-0.104614
0.038940
-0.016098
0.020782
-0.020401
-0.059540
0.017410
-0.077515
-0.034058
0.129517
-0.139404
0.055420
0.101807
0.032745
-0.052032
0.009544
0.054108
0.078979
0.014786
-0.001310
-0.076172
0.113464
0.114929
0.000000
-0.134399
0.026581
-0.299316
0.026962
-0.012169
-0.064941
0.092834
-0.074097
-0.303223
-0.054657
-0.072449
0.002060
0.019287
0.176758
0.125854
0.091187
0.107849
0.049805
0.042694
-0.050903
0.113464
0.092468
-0.057281
0.067017
0.034271
0.014977
-0.007114
-0.187988
0.018539
0.138306
-0.004120
-0.088745
-0.100342
-0.139771
0.056732
0.014038
-0.002434
0.080078
0.094727
0.043365
-0.020660
0.074219
-0.013344
-0.021774
-0.020493
-0.012390
-0.047028
0.065918
-0.037964
-0.098206
0.152832
0.126343
-0.089294
-0.180786
-0.038452
-0.068176
-0.032410
0.002066
-0.151123
-0.067078
-0.130249
0.251953
0.061646
0.203979
0.004292
-0.053070
0.023514
-0.095154
-0.093567
0.081360
-0.166870
0.034485
0.043549
-0.044342
0.075317
0.096313
-0.033844
0.035736
-0.015091
-0.069580
-0.084839
0.045441
0.009537
0.032410
0.148438
0.019699
-0.047821
-0.107544
-0.025101
0.055450
-0.192261
0.056396
-0.179810
-0.097717
-0.001748
-0.056244
0.038757
-0.199219
-0.005718
0.005562
0.075623
0.042114
0.042755
0.007942
-0.147095
0.110413
0.081970
0.136353
0.040680
-0.052582
-0.010643
0.029236
-0.041321
0.180176
-0.072449
0.103149
-0.039093
0.013504
0.026382
-0.103271
-0.041779
-0.042267
0.010170
-0.001112
0.058624
0.012077
0.057190
0.192627
-0.047028
0.140503
0.037018
-0.014618
-0.132690
0.107422
0.107727
0.076721
0.217529
-0.077881
-0.001589
0.025269
-0.039093
-0.082458
-0.026855
0.008102
0.042114
0.002859
-0.056549
-0.024780
0.009689
0.026382
0.111389
0.093567
-0.100708
0.156250
-0.000318
0.014458
-0.145508
-0.071655
0.187622
0.080872
-0.035126
-0.019547
0.086304
-0.015884
0.002701
0.013153
-0.085815
-0.269531
-0.084473
0.075439
0.128052
0.152832
0.025940
-0.036865
0.039642
-0.213867
-0.047424
0.094849
-0.201294
0.060608
0.111389
0.004631
-0.019821
-0.198975
0.065613
0.051880
0.048187
-0.182739
0.014450
0.151611
-0.009079
0.009453
0.070984
0.041504
0.103394
0.037994
0.057068
0.009079
-0.037811
-0.075256
-0.042236
-0.158813
0.139526
-0.074890
0.079712
0.086365
-0.082092
0.058014
0.027802
0.007782
0.116943
-0.016495
0.137329
0.022614
0.039825
0.009079
0.101379
0.047241
0.037628
0.035950
-0.007225
-0.010193
0.121948
-0.077087
0.166748
-0.059845
-0.013153
-0.079468
0.061890
0.010933
-0.058563
0.042816
0.037628
-0.002779
0.002409
-0.083923
0.098938
0.026505
0.003891
-0.012230
-0.107849
0.108582
-0.109497
0.081177
-0.014267
0.035767
-0.029648
-0.012604
0.007965
0.005745
0.046692
-0.028900
0.084900
-0.023529
0.048370
-0.067627
-0.056152
0.003891
-0.068909
0.096924
0.046509
-0.003891
-0.061707
-0.006115
0.200562
0.108215
0.053375
-0.121216
0.066345
-0.007782
0.159546
0.071533
0.080444
0.062256
0.045776
0.057251
-0.062073
-0.068359
0.087830
-0.047821
0.006302
-0.020386
0.006115
0.101013
-0.000185
-0.108582
0.027054
0.005005
-0.338135
0.185303
0.055786
-0.025940
0.018158
-0.134521
0.046265
-0.006638
-0.037842
0.030136
-0.022949
0.139893
-0.000717
-0.083191
0.130371
0.078552
0.078918
0.050049
0.110474
-0.025650
-0.095947
-0.144409
0.044647
0.008247
0.067993
0.040710
0.055054
-0.003767
-0.053619
0.138794
-0.075500
0.085205
-0.091980
-0.085388
-0.093811
-0.009148
0.038391
0.086975
0.287598
-0.097046
-0.042328
0.117493
0.013809
0.043030
-0.082336
-0.029236
-0.182617
0.119995
-0.005737
0.084106
0.050934
-0.001972
-0.136841
-0.123413
0.043579
0.043213
0.055237
-0.051636
0.090576
0.028702
0.086243
0.104004
-0.035156
0.001076
-0.035522
0.007889
0.029953
-0.082886
-0.032104
0.012016
0.052368
0.059540
-0.119446
-0.027084
-0.085388
-0.225952
0.001614
-0.107422
0.069214
0.103333
0.061340
0.027084
0.100098
-0.146118
0.077271
-0.022232
0.001794
0.015244
-0.032471
0.021881
-0.020630
-0.095947
-0.097534
-0.014168
-0.000359
-0.045898
0.000897
-0.177856
0.032990
-0.044830
0.160156
0.041077
-0.069763
-0.022781
-0.070129
-0.036041
-0.028870
0.156372
0.107788
0.140259
-0.050201
0.051300
-0.037476
0.016678
-0.008072
-0.117798
0.100098
0.039276
0.111755
-0.212036
-0.062561
-0.080505
-0.050201
-0.126221
-0.240479
0.040344
-0.197266
0.109741
-0.016144
-0.000538
-0.050201
-0.035675
0.053101
-0.053131
-0.140381
-0.019821
-0.003523
0.022018
-0.207642
-0.139160
0.005726
0.029068
0.005138
-0.032745
0.021133
-0.112000
0.126099
0.054901
0.006458
0.016144
0.030090
0.033478
-0.066345
0.052979
0.040527
0.162598
0.026428
-0.007191
0.011009
0.053864
0.007339
-0.026566
0.023483
-0.007191
-0.033905
0.010567
0.092896
-0.005432
-0.010132
0.022598
-0.010422
-0.621094
0.028915
-0.068542
-0.009247
-0.013359
0.008804
-0.005283
-0.091614
0.173706
-0.062378
-0.049622
-0.056366
-0.075134
0.012917
0.113464
-0.019089
-0.017471
0.001615
0.075134
0.078674
0.037567
-0.011742
-0.082764
-0.014236
0.008217
0.013504
-0.004696
0.032593
0.069702
0.052246
0.037292
0.052979
-0.043304
0.028030
-0.035675
-0.009834
0.087769
0.070435
0.062378
0.017029
0.115967
0.032440
-0.002642
-0.004696
0.041687
-0.075134
0.016739
-0.024078
-0.012772
0.052246
-0.015266
-0.041382
-0.011452
-0.125488
0.019089
0.050507
-0.029648
-0.014381
0.074402
-0.122986
0.119507
-0.051971
-0.181152
0.007195
-0.034485
0.043610
0.090576
0.043152
0.059296
-0.023483
0.126221
-0.001468
0.007927
-0.117737
0.090149
-0.022461
-0.016876
-0.033600
-0.089539
0.174561
-0.096741
0.043304
0.092163
-0.021866
0.018784
-0.246094
-0.075867
-0.054016
0.058411
0.079712
-0.105591
0.002399
-0.208740
-0.077637
0.049713
-0.016632
0.082947
-0.025024
0.099060
0.019882
-0.046265
0.064941
-0.067871
-0.038910
-0.097168
0.008911
0.005486
0.103210
-0.048859
-0.069275
-0.018677
-0.024506
0.073547
-0.062744
-0.129395
0.037354
-0.008057
0.020401
-0.015083
0.204956
-0.017487
-0.018341
-0.034973
-0.214966
-0.005829
0.081238
-0.061707
-0.035980
-0.013885
0.250488
0.062927
0.156006
-0.024506
0.083801
0.025711
-0.063599
-0.017822
-0.253906
0.021774
0.059296
-0.053986
0.002228
0.020905
0.058289
-0.081055
-0.122864
-0.069946
0.002056
0.086731
-0.040619
0.082947
-0.015427
0.086548
-0.170410
-0.075073
0.114990
-0.119812
0.048492
-0.201782
-0.071960
-0.038727
-0.056061
-0.084473
-0.013199
0.105774
0.017487
-0.070618
0.095825
-0.020401
0.118103
0.020218
0.010628
0.053650
-0.096863
-0.092896
-0.010284
-0.117737
-0.082458
0.067688
-0.008057
0.090332
0.088623
-0.037720
-0.029648
0.003428
-0.068726
-0.017487
-0.021942
-0.168701
-0.007198
0.003256
0.130615
0.081238
0.140869
0.120667
0.131348
0.053467
-0.094421
-0.045929
0.028625
-0.137085
-0.166260
0.015427
0.183960
-0.021255
0.017822
0.037720
-0.083130
0.045776
-0.085693
0.006340
-0.059662
-0.093750
0.033264
-0.033081
-0.226196
-0.031891
0.031891
0.123474
0.055573
0.212524
-0.039276
-0.016113
0.052979
0.085388
-0.012863
0.024353
-0.037048
0.265381
0.053345
0.020401
0.096191
-0.081604
0.009949
-0.019211
0.005146
-0.017319
-0.067749
0.056763
0.030182
-0.127075
-0.047485
0.021439
-0.001715
-0.003773
-0.051086
0.084167
0.002914
0.040985
-0.000857
-0.075623
0.110291
0.028458
-0.039795
-0.153931
-0.076843
-0.072876
0.008400
0.058990
0.021439
-0.064819
0.130493
-0.073914
-0.129639
0.134644
-0.000686
-0.079895
0.003086
-0.013893
0.079895
0.023148
0.019379
0.016983
0.026413
0.050934
-0.058990
0.077698
0.035492
-0.080444
0.022293
0.025208
-0.110596
0.034821
-0.005657
0.033600
-0.082642
-0.124512
-0.057098
-0.124817
-0.044403
-0.089539
0.024353
0.162354
0.008057
0.085754
-0.041321
0.011658
0.103210
0.028809
0.008232
0.001543
0.028641
0.056946
-0.046814
0.014572
-0.075439
0.006516
-0.086914
0.026917
-0.114197
-0.042358
0.199097
-0.096191
-0.057800
0.023148
0.231323
0.071533
-0.109924
0.111633
-0.108521
-0.035309
-0.009087
0.275635
0.095520
0.014748
-0.085938
0.016632
-0.052643
0.061890
-0.190552
0.007030
-0.125122
-0.329590
0.009430
0.028641
0.202881
-0.001201
-0.069763
0.028122
0.011658
-0.031036
-0.037720
0.045776
0.079407
-0.117126
0.077332
0.012756
-0.040222
-0.059601
-0.090576
-0.035797
-0.018875
-0.003775
0.034607
-0.173584
-0.005596
0.046082
0.025375
0.061432
0.130981
0.067566
-0.077454
0.059723
0.075073
0.014313
0.046600
-0.029938
-0.126343
-0.035278
-0.006378
-0.070557
0.000260
-0.294922
-0.015488
-0.030060
-0.347168
0.017960
0.008072
0.008720
0.167236
0.021210
-0.022507
0.035126
0.065186
-0.036713
-0.210083
0.049316
0.110901
0.034882
-0.032532
-0.029419
0.087952
0.033173
-0.176880
0.059601
0.080444
-0.000391
-0.005337
0.029678
-0.027206
0.041901
0.046082
-0.059998
0.037354
-0.086792
0.002604
0.036438
0.027069
-0.014709
0.097595
-0.005207
0.040344
0.189453
-0.016144
0.022903
0.023300
-0.047516
-0.008980
0.287598
0.014183
0.096313
0.014709
0.036957
-0.067566
0.016785
-0.012886
0.023041
0.025116
0.071594
-0.165771
0.060394
0.045288
-0.006767
0.053345
-0.034882
0.003904
-0.056488
-0.017822
0.047363
0.003643
-0.013275
0.020035
0.116882
-0.058044
-0.068054
-0.114136
0.104492
-0.041779
0.113342
-0.075195
0.129028
-0.094238
-0.024719
0.006378
0.063354
0.037231
0.001431
0.023163
-0.094727
0.240723
-0.133423
-0.034363
-0.133667
0.002472
0.079651
0.028244
-0.108276
0.255615
0.050354
-0.097107
0.012497
0.085999
0.033569
-0.033051
-0.010963
0.149658
-0.025024
0.031052
-0.002008
-0.007126
-0.040009
-0.034515
-0.028854
0.008217
0.010597
0.004932
0.018448
0.061188
0.002008
-0.053894
0.031052
-0.006577
-0.174438
-0.049683
-0.009682
0.108154
-0.115784
-0.019363
-0.042023
-0.044220
-0.012238
0.084229
-0.117798
-0.039642
0.075623
0.017899
-0.032867
-0.018631
-0.019363
0.033600
0.114563
-0.096436
0.307129
-0.079651
-0.040741
0.069946
-0.055176
0.112183
0.022461
0.057190
-0.084595
0.075623
-0.053345
0.126221
0.029404
-0.058258
0.051697
0.044220
-0.080566
-0.033600
0.068665
-0.003653
0.052795
0.014610
0.095520
0.004200
-0.130737
0.066467
0.004749
0.034882
0.096619
0.101013
0.032135
0.073975
-0.360840
-0.100464
0.029953
-0.036346
0.045288
0.116150
-0.032135
-0.068848
0.060089
0.103577
-0.048584
-0.041656
-0.082397
0.161987
0.019363
0.099182
-0.010048
-0.120544
-0.007305
-0.097534
0.014610
-0.024475
-0.030136
0.027405
-0.016617
0.114929
-0.121826
-0.039276
-0.015900
0.179077
-0.035431
-0.193970
-0.073059
0.052612
0.154907
0.120544
0.029221
-0.011871
-0.036530
0.098816
-0.026855
0.149414
-0.136597
-0.024475
-0.066467
0.035980
0.038361
-0.128784
-0.007305
0.031952
-0.324219
-0.013885
-0.064270
0.046204
0.006210
-0.056641
0.055908
0.100647
-0.013535
-0.021255
-0.060669
-0.010796
0.013023
0.037689
0.169434
-0.068726
0.068909
0.016617
-0.002228
-0.199585
-0.023987
-0.056030
-0.024841
0.118408
0.100098
-0.076416
0.005486
-0.020050
-0.046112
0.161133
-0.028275
0.058594
0.042999
0.049347
0.005997
-0.003084
-0.114624
0.407959
0.071289
0.003428
0.074524
-0.062561
0.073181
0.038208
0.052277
-0.049194
-0.051056
0.111877
0.065125
-0.199585
-0.021423
-0.001371
-0.037537
-0.026215
-0.006512
-0.208740
-0.003256
-0.097839
0.028793
-0.069397
-0.020905
0.057922
-0.042999
-0.005825
0.044739
0.045227
0.018341
0.043365
-0.025879
0.024170
0.094604
-0.011993
0.002743
0.085327
-0.085876
0.028793
-0.015930
0.081421
0.064270
-0.050385
0.208618
0.051575
-0.004799
0.117371
0.122009
-0.118225
-0.108276
0.046448
0.034454
-0.081055
0.053284
0.030167
0.058441
0.034271
-0.017136
0.052277
-0.017990
-0.057068
-0.046448
0.032043
-0.005825
-0.035645
0.035645
-0.040100
0.125122
-0.016281
0.224854
-0.046600
0.123535
0.091492
0.063904
-0.081238
-0.043182
-0.105042
-0.013710
0.086731
0.013199
-0.071472
0.132324
-0.019363
-0.007713
0.170898
0.147217
-0.013710
-0.072144
0.033417
0.006512
0.184082
-0.176514
-0.208862
0.075073
0.039246
0.057404
0.055023
0.013199
-0.083984
0.034607
-0.053558
-0.137817
-0.027908
0.007835
0.124390
-0.184448
-0.017303
0.008324
-0.043091
-0.119019
-0.014854
0.037537
0.045227
-0.025635
-0.005714
0.049469
0.023346
-0.040985
-0.053375
0.051270
0.030533
0.377686
0.048981
-0.020889
-0.089600
-0.013878
-0.105286
0.064148
0.006855
-0.022369
0.001959
-0.043915
0.236694
0.020889
0.026611
0.054840
-0.074097
0.285645
-0.013710
0.065308
0.019257
0.127808
0.189087
0.026123
0.118347
-0.106750
0.074585
-0.019257
-0.011757
0.007511
0.009468
-0.012405
0.024002
-0.070862
0.014526
-0.011917
0.079163
0.136108
0.006531
0.071533
0.019424
-0.100891
-0.029388
-0.005878
0.012894
0.169800
0.113770
-0.091736
-0.033478
-0.049805
-0.052063
-0.005714
0.000163
-0.105957
-0.087341
-0.214478
-0.013062
-0.037384
0.018616
-0.051270
-0.055664
0.080017
-0.043274
-0.091431
0.000653
-0.013550
-0.011429
-0.029221
-0.106445
0.035919
0.006203
-0.086670
-0.009308
0.049957
-0.055817
-0.012405
0.001959
0.103149
-0.082458
-0.054535
-0.076538
0.096985
-0.055328
-0.067261
-0.018768
0.015511
0.031342
0.075439
-0.046692
0.056335
-0.018448
0.049133
0.003918
-0.038025
-0.101196
-0.068420
-0.283203
0.042786
-0.017960
0.172363
0.023666
0.119019
0.236450
0.004734
0.063843
-0.015182
0.064636
-0.065125
0.006615
-0.047119
-0.116882
0.178101
0.078552
-0.090576
-0.088257
-0.031082
-0.070618
0.002975
-0.034210
-0.026459
-0.057373
-0.023315
0.031082
-0.113770
0.136108
-0.048279
0.022324
0.003141
0.057220
0.056366
-0.042480
0.051422
0.018021
0.008766
0.073242
-0.046112
-0.277344
0.109924
-0.116089
-0.138062
-0.271484
0.050262
-0.006283
-0.005787
0.078674
0.105347
-0.081482
-0.049774
-0.116211
-0.075073
-0.038025
0.012070
0.003803
0.031403
-0.135376
-0.024307
0.027603
-0.004299
-0.015541
0.010086
-0.037048
-0.010750
0.076904
0.021652
0.022156
-0.005623
-0.009262
0.045135
-0.094055
-0.063843
-0.060181
-0.032227
-0.088928
0.012238
0.057861
0.012238
-0.059692
0.029266
0.049591
0.408691
0.105957
-0.077393
0.033234
-0.171387
-0.157715
-0.092224
-0.000827
0.062012
-0.082825
-0.069092
0.081848
-0.075745
-0.012733
-0.017365
0.090759
0.189819
0.082031
-0.038513
-0.019836
-0.018021
-0.017532
-0.020508
0.121216
0.047272
0.069458
0.019516
0.235229
0.110474
0.042816
-0.017685
0.086487
-0.004795
-0.016861
-0.087280
-0.052917
0.058044
0.004959
0.119568
-0.010582
-0.039520
0.131592
-0.006119
-0.108459
-0.176514
-0.025787
-0.005455
-0.080322
-0.109924
0.041656
-0.049774
-0.032745
-0.051758
0.014381
-0.010910
0.008430
-0.033234
-0.233276
0.115906
0.042664
0.040161
0.018066
0.240967
0.066101
0.029602
-0.064758
-0.112610
-0.011528
-0.125122
0.019791
0.012299
-0.132568
-0.062622
-0.004803
-0.083008
-0.032471
-0.016144
0.032867
-0.030563
-0.030563
-0.193115
-0.044769
-0.059967
-0.020172
-0.032684
0.121277
-0.042847
-0.026718
0.071655
0.051880
0.168579
-0.048615
0.069214
0.108215
0.130859
-0.008453
0.024979
-0.053040
0.041138
-0.132080
0.055939
0.239258
-0.074158
0.017487
-0.084961
0.242188
0.031311
0.026321
-0.027863
0.029022
0.032288
-0.027100
0.011337
-0.082458
0.083008
-0.052277
0.036499
0.002882
0.176270
-0.089172
-0.041504
-0.030945
0.089722
0.033447
0.113586
0.030945
0.105103
-0.035156
-0.008263
0.002691
-0.053040
0.057648
-0.176758
-0.166382
0.080688
-0.058411
0.024979
0.053802
0.067627
-0.066101
-0.161255
0.017868
-0.058411
0.085876
-0.063232
-0.060730
-0.024216
0.068604
-0.011337
-0.071289
0.029022
0.053223
0.038635
0.005573
0.056122
0.070740
0.126831
-0.072632
0.131104
-0.004997
0.015373
0.125122
0.028824
0.073792
-0.045532
0.127563
0.042267
-0.073242
-0.059570
0.078003
0.104919
-0.135620
0.093811
0.187012
-0.019608
0.042664
0.045166
-0.097229
-0.164062
0.171631
-0.032104
-0.025940
-0.037292
0.105530
-0.019669
0.183350
0.211426
-0.023239
0.009476
0.023590
-0.172485
0.002682
0.003038
0.016800
-0.042542
-0.025208
-0.062012
0.037354
-0.022873
-0.048431
0.039490
-0.018951
0.145874
-0.020203
-0.018417
-0.007687
-0.110474
0.022171
0.040222
0.004646
0.092224
0.038788
-0.029129
0.101196
0.290771
0.128906
0.023422
0.220215
-0.068298
0.056854
-0.004826
0.009651
-0.062195
0.057373
0.027527
0.093140
-0.097961
0.025742
0.069885
-0.052002
0.043427
0.083496
0.003038
-0.146606
-0.077759
0.121582
0.037537
0.047363
0.079712
0.104065
0.128296
-0.008759
-0.024307
0.004826
0.123901
-0.039673
0.016449
0.179077
-0.007687
-0.124207
0.008759
0.000357
0.170044
0.066467
0.053101
0.018585
-0.062561
0.065613
-0.131958
0.002682
-0.140503
-0.112061
0.104370
0.030380
0.067932
0.074707
-0.105286
-0.046295
0.128540
0.072205
0.005543
0.007687
0.055054
-0.022873
0.019669
-0.013588
0.043427
0.028427
0.025208
-0.052185
0.233765
0.071838
-0.032166
-0.173584
0.039856
0.228149
-0.065063
0.024841
-0.132690
-0.092407
0.112427
-0.028961
0.019302
0.048615
0.112427
-0.146729
0.152832
0.021271
0.018585
-0.055237
0.140869
-0.018051
0.057556
0.005184
0.084534
0.101685
0.017334
-0.061127
-0.069519
0.075439
-0.021454
0.049500
0.006771
-0.085388
0.034668
0.017242
0.159302
-0.072449
-0.101562
-0.005951
-0.026672
0.061371
-0.111023
0.003489
0.072449
0.066101
0.014160
-0.123718
0.005951
0.011284
-0.147583
0.039398
0.078613
0.064026
-0.231934
-0.077393
-0.029755
0.024216
0.112244
-0.040436
0.076111
-0.029144
-0.011490
0.078613
-0.001436
0.080627
-0.062378
0.070190
-0.133789
0.240479
-0.115540
-0.044952
-0.113708
-0.129883
-0.031616
-0.080017
-0.068359
0.068726
-0.064209
-0.046783
-0.079651
0.006157
0.050690
0.055817
0.053558
-0.005337
0.015808
0.001436
-0.114075
-0.091736
-0.126831
-0.067322
-0.043304
0.017242
0.229614
0.065063
0.031799
-0.014778
-0.087402
0.037750
0.034271
-0.052734
-0.092957
0.047394
0.022980
0.024414
-0.010262
0.115112
-0.013130
0.154175
0.037567
-0.019913
0.005539
-0.028931
0.025238
-0.097473
-0.058289
0.065491
-0.060944
-0.124756
0.056854
-0.202148
0.020309
0.053986
0.046173
0.024414
-0.057861
0.030365
0.146118
-0.105286
0.172974
0.165039
-0.180786
-0.193359
0.196167
-0.067078
0.125000
0.014572
-0.022369
0.108765
0.040009
-0.109802
0.064453
0.236450
0.091919
-0.039612
-0.038788
-0.137329
-0.027710
0.056030
0.053772
-0.037750
-0.007183
0.011902
-0.018677
0.000821
0.069763
-0.030167
0.024826
0.050903
0.044495
-0.129883
0.082092
0.246704
-0.209351
0.065247
-0.144287
0.021698
0.015266
0.004822
-0.020721
-0.033569
-0.033417
-0.158691
-0.146729
-0.132935
-0.074402
0.064087
-0.019760
0.027313
0.029892
0.129883
0.001607
-0.023132
0.063965
-0.017838
0.101074
0.022491
-0.004017
0.012856
0.205322
-0.029892
0.117004
-0.054138
-0.023941
-0.052063
-0.094971
0.044342
0.033569
-0.002089
-0.007874
0.121460
-0.085815
-0.006908
0.058807
-0.054626
-0.031174
0.058319
0.000482
-0.206787
0.007553
-0.024750
-0.035980
-0.002411
-0.032776
-0.062988
0.111023
-0.067017
0.033905
0.004337
-0.024750
-0.073120
-0.041138
-0.173706
0.048035
-0.027802
0.108643
0.181763
0.160889
-0.024902
-0.040161
-0.026672
0.050934
-0.010124
-0.147339
-0.015427
0.095581
0.077942
-0.049011
-0.099792
-0.062500
-0.044495
-0.112610
0.030533
0.158447
0.022812
-0.115051
0.046112
0.010284
-0.011887
0.049805
-0.117126
0.071838
-0.005623
-0.002731
-0.112183
0.071167
0.029724
-0.108765
0.022018
-0.002731
-0.187622
-0.053497
0.008354
-0.068604
0.150757
0.103333
-0.007553
-0.004662
0.022491
0.149902
0.047241
-0.002571
-0.023132
-0.087585
-0.021378
0.117798
0.075867
0.082092
0.145264
0.226074
-0.125122
0.001767
0.032471
0.023132
-0.205933
-0.029251
-0.086914
-0.055298
-0.100281
0.152344
0.028198
0.100830
-0.060486
0.188965
0.042297
-0.018555
-0.038727
0.035156
0.002855
-0.018372
0.019623
-0.009453
-0.006424
-0.049591
-0.000178
-0.085083
-0.026947
-0.010704
-0.032837
0.032837
0.010345
-0.048706
0.041748
-0.009811
0.059967
0.007492
-0.082947
-0.036224
0.122742
0.026947
-0.112061
-0.000535
0.062439
0.088867
0.199463
-0.384033
0.029617
0.030334
-0.160400
-0.043182
-0.060852
0.013741
-0.029266
0.179688
-0.058350
0.029800
0.124878
0.060852
0.005531
0.043701
-0.000892
0.056732
-0.007137
0.056030
-0.038544
-0.057098
-0.064392
-0.046387
0.018372
0.071167
-0.032654
0.092224
-0.020874
-0.127930
0.005890
0.023911
-0.000714
0.223755
0.139038
0.057465
-0.004284
-0.000178
-0.020691
0.007317
0.122925
-0.041565
-0.065857
0.045868
0.015167
0.010887
-0.094360
0.034607
-0.093689
0.048889
0.034607
-0.050323
-0.332031
0.002142
-0.062805
0.037842
-0.213013
-0.034424
-0.044434
0.031403
-0.126831
-0.052460
-0.151855
0.053345
-0.003033
0.046936
0.077454
0.008209
0.115295
-0.040680
0.069580
0.015701
-0.069946
0.075806
-0.070129
0.069214
0.031403
-0.143066
0.034607
0.000535
-0.067993
0.021240
0.071167
0.045685
-0.002499
-0.062805
-0.196411
-0.064758
-0.014099
-0.179077
0.123657
-0.116272
-0.154297
0.067139
0.294434
0.042297
0.029465
0.011879
0.051636
0.037842
0.080139
-0.015839
0.109741
0.095337
0.053223
0.093140
0.091248
-0.129517
-0.061920
-0.020584
-0.007442
0.005070
-0.277832
0.003801
0.068726
0.074585
-0.020905
-0.068604
-0.051636
-0.021057
0.030243
0.067627
-0.025345
0.136963
0.161255
0.041962
-0.001108
0.016785
-0.036255
-0.048157
0.109436
-0.060669
0.211914
-0.009186
0.035461
-0.000950
0.001742
0.083008
0.036438
-0.290527
-0.041321
0.075562
-0.015366
-0.006809
0.022812
-0.019012
0.090759
0.000634
-0.022964
-0.074463
0.051147
-0.045776
0.089172
0.085815
-0.042603
0.040070
-0.162842
0.015366
0.036591
-0.031525
-0.098328
-0.129883
0.006653
-0.245972
-0.046082
0.027405
-0.029465
0.120850
0.177490
0.022491
-0.007442
-0.036896
0.044830
0.099487
0.035950
-0.042603
-0.022491
-0.205444
0.040710
-0.039581
-0.047668
-0.086182
-0.022964
0.060486
-0.006653
0.028503
0.198608
0.045624
-0.016464
0.105652
0.161133
-0.018219
0.032318
-0.024384
0.017426
0.162231
0.034210
-0.087280
0.020279
0.049561
-0.054962
0.005543
-0.087097
-0.043243
0.006336
0.001901
0.019791
0.014252
0.036743
-0.082214
-0.146851
0.061920
0.167847
0.012825
-0.056702
-0.006493
0.035156
0.000950
0.022812
0.141235
0.026520
-0.047821
0.023224
0.042969
0.170044
-0.294189
0.011436
0.010574
-0.056488
-0.013000
0.009010
-0.011093
0.003292
-0.012306
0.054596
-0.031891
0.017670
0.022522
-0.055634
0.059967
-0.029800
-0.234985
0.019928
0.046112
0.101196
0.050262
0.070374
-0.066040
-0.132568
-0.015594
-0.220215
-0.007797
-0.079224
-0.104858
-0.020630
0.091858
0.170044
0.001559
-0.090454
0.018723
-0.121155
0.053375
-0.104858
-0.004852
-0.114746
0.079712
-0.135864
0.053192
-0.143311
-0.042816
-0.000693
0.061188
0.023056
-0.011093
0.019409
-0.006065
-0.090088
0.020279
0.031891
-0.014381
-0.068481
0.123901
-0.030151
-0.136597
-0.034485
-0.039001
-0.145020
-0.029282
-0.026337
0.162720
0.117859
0.084595
-0.032745
0.045410
-0.030334
0.044525
-0.038300
0.002773
-0.112976
0.024948
0.061188
0.046448
-0.023743
0.047821
-0.015427
0.062744
0.012474
0.032074
-0.057892
-0.021484
-0.073486
0.053711
-0.043488
-0.127686
0.051117
0.005547
0.062042
0.005894
-0.048187
-0.015076
-0.027206
-0.059784
-0.012650
-0.260986
0.217651
0.016296
0.002253
-0.072083
-0.158569
0.012825
-0.165894
-0.065308
0.096863
-0.058563
-0.095154
0.104126
0.089783
-0.026337
-0.149048
-0.089050
0.095154
-0.035522
-0.109497
-0.026855
0.029800
0.239014
0.069336
-0.035370
0.338379
0.027451
-0.034393
0.045807
0.096252
-0.039856
0.081848
0.002975
-0.053223
0.111938
-0.083984
-0.060028
0.146484
-0.055878
-0.017853
-0.069763
0.059174
-0.043640
0.021820
-0.013229
-0.051422
-0.030426
-0.014877
0.151245
0.080322
-0.191772
-0.054565
-0.095581
0.184204
0.083679
0.136719
-0.020660
-0.141479
-0.020660
-0.089294
-0.023148
0.029099
0.029266
-0.140991
-0.033569
0.044800
-0.062805
0.019836
-0.038849
0.019669
-0.024796
0.100830
-0.005951
0.088135
-0.062988
0.161255
-0.019012
-0.014221
0.027771
-0.101196
-0.079834
0.074707
0.051422
-0.028442
0.101379
0.009758
0.012238
0.080872
0.034729
0.098877
0.174072
0.108765
-0.303955
-0.034546
-0.090088
-0.041168
-0.016693
-0.042328
0.136841
-0.029266
-0.093262
0.027283
-0.030746
-0.107971
0.059021
0.136108
0.143677
-0.015541
-0.095215
-0.047943
0.062164
0.089966
-0.113892
-0.096191
0.031250
0.005291
-0.031082
0.009094
0.030426
-0.103638
-0.045135
-0.038025
-0.127075
-0.034882
-0.111450
0.005455
-0.069946
-0.065002
-0.017853
0.085449
0.060333
0.040497
-0.015541
0.035370
0.023315
0.070435
-0.038361
0.078857
-0.054718
0.024139
-0.022812
-0.071228
0.056366
-0.288574
-0.034546
-0.100159
0.057526
0.080322
0.042664
-0.090271
-0.031250
0.079712
-0.068909
-0.107910
-0.093811
-0.096680
0.010521
0.058044
0.217529
-0.005260
-0.007618
-0.007980
0.057159
0.088684
0.018326
-0.031204
0.082153
0.059692
0.026123
-0.017410
-0.009796
0.077820
-0.072205
-0.028488
0.095581
0.061859
-0.085449
0.068054
-0.088013
0.037384
0.020859
-0.098511
-0.011612
-0.118103
-0.008347
-0.099426
-0.047516
-0.003990
0.159790
0.069275
-0.076904
-0.099243
0.035004
-0.123352
-0.106689
-0.026123
0.074768
-0.155518
0.072571
0.044250
0.082703
0.029572
-0.090149
0.034119
-0.226196
0.015236
-0.066772
0.032654
0.019226
0.075623
0.028656
0.157227
-0.077454
-0.085815
0.023941
-0.046997
-0.009254
0.021042
0.051331
0.018326
-0.028656
0.015602
-0.044617
-0.145142
0.036835
0.041901
0.186646
-0.079468
0.056427
-0.179932
-0.086182
-0.081604
0.067322
0.015961
0.010887
-0.068726
-0.051331
-0.011246
0.024673
-0.076355
0.039368
-0.030121
-0.007439
0.005623
-0.076355
-0.162598
0.062744
-0.062744
-0.050598
0.214844
0.102661
-0.095947
-0.023224
-0.082886
-0.226929
-0.080383
-0.073303
-0.255127
0.084717
0.018143
0.082703
-0.190063
0.112122
-0.025040
0.048248
-0.024490
0.167603
-0.181641
-0.012878
-0.030289
-0.070190
0.089966
0.034302
-0.062561
-0.001451
-0.136108
-0.005081
0.070007
-0.065491
0.113403
0.065186
-0.169067
0.004616
-0.203857
-0.013397
0.088318
0.033936
-0.004169
0.055084
-0.004765
-0.117920
-0.084106
0.052704
-0.062378
-0.142212
-0.178101
0.114929
0.055695
-0.078491
-0.013847
-0.010719
-0.001786
0.027695
0.024414
0.115417
0.036621
-0.074158
0.017868
0.017715
0.038696
0.102905
0.014290
-0.145264
-0.092773
0.058655
-0.034973
-0.057922
-0.024261
0.048096
-0.093933
-0.098572
-0.363525
0.075012
-0.052124
-0.020691
-0.022034
0.023071
0.032898
-0.095276
0.268555
-0.005508
0.098999
0.012955
-0.020096
-0.026794
0.037659
-0.031708
-0.048828
0.055847
0.007145
-0.109558
-0.107178
0.005657
0.042572
-0.023529
-0.069519
-0.044952
0.216309
-0.083374
0.092163
0.054199
0.029175
0.108826
0.055389
0.053894
0.003872
0.047058
0.006847
-0.107910
0.076111
0.063293
-0.073669
0.056732
-0.033356
-0.000298
-0.037964
0.115967
0.008339
0.176392
0.109741
-0.085327
-0.113770
-0.110901
-0.021286
0.026794
-0.078491
0.062378
-0.064026
0.197266
-0.162720
0.028290
-0.048248
-0.000893
-0.163574
-0.168945
-0.010124
-0.217529
0.002085
-0.034393
-0.008781
0.010277
-0.064331
-0.017715
0.033356
-0.026657
0.030823
-0.088562
-0.025604
0.088562
0.000744
-0.020996
0.002382
0.010124
-0.021591
-0.076233
0.097534
-0.070251
0.023972
-0.125854
0.044373
0.109375
-0.046173
0.021362
-0.121155
-0.031677
0.065552
-0.032227
-0.100281
0.056854
-0.019196
-0.124939
-0.059937
0.017014
0.039124
0.013397
0.022278
0.005432
0.097778
0.067017
-0.070251
0.113525
0.072998
-0.099792
0.054138
-0.036407
0.059204
0.003801
-0.145874
0.001267
0.113342
0.052856
-0.086365
-0.178833
-0.061371
0.039825
-0.008873
-0.162720
-0.065002
-0.126587
-0.027344
0.027527
0.067566
-0.020462
0.200317
0.101929
-0.018829
0.100281
-0.201660
-0.047089
-0.007786
0.049255
0.008148
0.072083
-0.019913
0.030060
-0.042725
0.006336
0.090698
0.005249
0.101929
0.003441
0.080750
-0.013214
0.041473
0.036560
0.106079
-0.062286
-0.103760
0.134399
0.077881
0.119873
0.015030
0.050323
0.040009
-0.039124
0.074768
0.046906
0.046539
-0.036407
0.043457
-0.090149
-0.220215
0.035858
0.016846
-0.102478
0.065918
-0.179565
-0.086365
-0.021729
0.007244
-0.031494
0.158203
0.109924
-0.036224
0.122375
-0.166992
-0.024445
0.119873
0.056305
0.042908
-0.117859
-0.058105
0.181030
-0.082397
-0.015747
0.074951
0.109192
-0.140991
-0.126343
0.320068
-0.001267
0.092529
0.020645
0.049255
0.008690
-0.105225
0.006882
-0.060822
-0.030960
-0.039642
-0.145264
0.047974
-0.010498
-0.024261
0.037476
0.109009
0.030869
-0.116821
0.102173
-0.056488
0.075134
-0.093079
0.160767
-0.144165
-0.043915
-0.036591
0.070679
-0.011459
0.026413
-0.114868
0.002228
0.042328
0.016235
-0.057922
-0.122681
-0.016708
0.011459
0.205566
0.013840
0.080200
0.103271
-0.015434
0.004772
0.075562
-0.059509
0.126709
-0.080811
0.003979
-0.098022
0.130493
-0.040588
-0.030548
-0.069702
-0.004932
-0.104553
0.104248
-0.041046
-0.070984
0.086731
0.073669
-0.032776
0.052338
-0.010506
-0.043610
-0.152222
0.023544
-0.011299
-0.063782
0.025146
0.135376
-0.015915
-0.018143
-0.068726
0.000159
-0.011612
-0.040894
-0.225952
0.070679
-0.055847
-0.048859
-0.023544
-0.024185
0.090088
0.059998
0.097046
0.283691
0.147217
0.009071
-0.040894
0.052185
0.031494
-0.120422
0.120911
-0.030716
0.093567
-0.044556
-0.053467
-0.083557
-0.070496
-0.076843
-0.101685
0.017670
0.151367
-0.009705
0.136475
-0.021164
-0.096558
-0.035950
0.031677
-0.035492
-0.032623
0.173706
0.145020
0.017349
0.019730
0.315430
-0.107544
-0.031677
-0.008591
0.078735
-0.127319
0.034058
0.114746
-0.081299
-0.017975
0.064575
-0.086243
0.092590
-0.130493
-0.037384
-0.041199
0.005409
0.057129
-0.067322
-0.065063
0.005253
0.101196
0.173706
-0.115173
0.058563
0.002228
-0.053955
0.019577
-0.021484
0.003695
0.058075
0.060699
0.011612
-0.076355
0.349121
0.152710
0.054199
0.011787
0.042755
-0.008095
-0.122803
0.007744
-0.094849
-0.020584
-0.031494
-0.009323
0.014252
0.140991
0.160278
-0.029907
-0.035553
-0.019363
0.022705
0.011612
-0.011612
-0.044342
0.004929
0.006336
-0.033600
-0.045929
-0.139038
0.039764
-0.180908
-0.015312
0.098877
0.129883
-0.214844
0.352051
0.029907
0.051910
-0.049438
0.049286
0.002111
0.051727
-0.085510
0.023575
-0.071106
0.022705
0.051544
0.021637
-0.019714
0.184570
0.006512
0.050323
-0.000528
-0.055603
-0.055420
-0.088501
0.094116
0.039246
0.048218
-0.044006
-0.037292
0.024460
-0.039429
0.031677
-0.162231
0.079712
0.021286
0.154907
0.033783
0.056305
-0.042053
-0.038177
-0.030975
-0.027267
-0.071106
-0.032379
0.100098
0.023926
0.028336
0.136353
0.040131
0.072693
-0.010208
0.033966
0.002464
-0.023224
0.044708
0.073914
0.064209
-0.029556
-0.081848
-0.045929
-0.061768
-0.029037
0.187988
-0.042572
-0.114197
-0.034851
0.124939
-0.065125
-0.003344
-0.094482
0.200195
0.010735
0.036774
0.024994
-0.117920
-0.007214
0.242310
-0.007389
0.105225
0.079163
0.037994
0.037140
0.039246
0.109131
0.049103
0.034302
-0.032562
0.061401
-0.114746
-0.033447
-0.091309
0.064392
0.084839
-0.024307
0.062408
0.008698
0.048737
0.041840
-0.093140
0.007648
-0.055786
0.005550
0.038391
0.007351
0.045288
0.005249
0.338379
0.072754
0.027451
-0.123169
0.193237
-0.142700
0.007648
-0.014099
0.071838
0.059692
-0.069458
0.034363
-0.019653
0.116272
0.037659
0.040497
0.212524
0.019501
-0.022354
0.082214
-0.080261
0.134277
0.050110
-0.031342
0.025650
0.037659
-0.004501
-0.039612
0.117432
0.168335
-0.078918
-0.010201
0.026108
-0.063599
0.074707
0.107544
-0.124817
0.022949
-0.181641
-0.042908
-0.195557
0.039001
-0.030746
-0.073059
-0.061951
0.030594
0.044861
-0.029251
0.104126
-0.040955
0.090759
0.087280
0.090149
-0.028946
0.100830
0.067810
-0.079529
0.063293
-0.019196
0.087463
0.050110
0.064636
0.011101
-0.114014
-0.132568
-0.024902
-0.019943
-0.070801
-0.004650
-0.051605
-0.012451
-0.007801
0.060608
0.208862
0.093140
-0.052490
0.008102
0.047699
-0.069153
0.079346
0.041260
-0.026855
-0.127319
0.122131
0.063477
-0.176270
-0.248291
0.027145
0.048004
-0.028793
0.057312
0.147949
0.101074
-0.080872
0.073364
-0.019501
-0.074829
-0.108276
-0.034790
0.072876
0.008553
-0.049805
-0.026703
0.066772
0.053101
-0.076050
-0.080383
-0.095520
-0.190308
0.001800
0.016647
0.061188
0.024002
0.129883
0.082825
-0.003220
0.020828
0.130127
-0.016663
-0.025375
0.135254
-0.099243
0.056458
0.035217
-0.017990
0.019318
-0.075378
0.138306
0.066284
0.008148
-0.031616
-0.000568
-0.025375
-0.119324
0.080139
0.078979
-0.014015
-0.095276
0.009094
-0.053802
0.004547
0.060791
-0.014771
-0.018936
-0.019135
0.000568
-0.089233
-0.020645
-0.074219
-0.034271
0.111206
-0.033539
-0.268311
0.409180
-0.019318
0.006439
-0.051514
0.020081
0.034851
-0.060028
0.172363
-0.082581
0.127075
0.098511
-0.016479
0.105286
0.009277
-0.080322
0.031067
0.024429
0.001137
-0.057007
0.120300
-0.071411
-0.068176
-0.064575
-0.035034
-0.126099
-0.031616
0.036163
-0.050964
0.064941
0.038452
0.009850
0.015915
0.075562
-0.149048
-0.008522
0.028976
-0.060028
-0.060791
0.112671
-0.037689
0.156860
-0.014206
-0.102661
0.059296
0.039764
0.171997
0.018188
-0.012878
0.024048
0.019135
0.085449
-0.117432
-0.065369
0.062500
-0.027084
0.002842
0.067078
0.005871
-0.092041
-0.059479
-0.050964
0.094727
0.070251
0.038818
0.214233
0.051331
0.099426
0.227661
0.072144
-0.076721
0.105103
-0.105896
-0.053406
-0.139648
-0.123657
0.019516
-0.065552
-0.141113
0.078796
-0.121948
0.165894
-0.020264
-0.011368
0.025192
0.008148
-0.012123
0.074280
-0.046021
0.009850
0.077454
-0.030396
-0.062256
0.026199
0.138306
0.081482
-0.008247
0.154785
-0.099304
-0.004688
0.009056
0.033783
-0.073730
0.100098
0.304443
-0.075684
0.059662
0.075989
0.013748
-0.025711
-0.010674
0.033478
-0.092957
-0.002102
-0.018433
-0.220093
-0.071777
0.118835
-0.085693
-0.048187
-0.054504
-0.084595
0.159180
0.127075
0.127808
0.044312
-0.039124
-0.008568
-0.005337
0.044312
0.015526
-0.041412
0.137451
-0.035095
0.008247
0.055634
0.058716
-0.072632
0.113708
-0.068909
0.069702
0.052246
-0.064697
0.010185
0.063904
0.015038
0.061462
0.092041
0.009544
-0.005497
-0.011642
0.063538
-0.019897
-0.003881
-0.020050
0.026840
-0.123230
0.170898
0.205566
-0.044312
-0.308105
0.011803
0.038177
0.159180
-0.007439
0.113525
-0.067932
-0.143921
-0.085571
0.049957
0.058533
-0.015198
0.024734
-0.130981
0.059021
0.062561
0.036713
-0.038818
-0.021500
0.067932
-0.119202
-0.000809
-0.075684
-0.080383
-0.038177
0.009865
0.023773
-0.194336
0.019409
0.080017
0.147949
-0.033630
-0.032166
0.004204
0.007599
0.218262
0.036865
0.014229
0.000162
0.026688
0.035400
-0.066956
-0.013260
-0.013260
-0.142334
0.066772
-0.004044
0.075684
0.063721
0.027969
-0.064331
-0.127930
0.087646
0.103516
0.039948
-0.054993
0.176392
0.040100
-0.050293
0.110168
-0.205200
0.053925
0.095642
-0.065552
-0.198486
-0.131104
0.046936
0.007175
0.001358
0.090027
0.054688
-0.046539
-0.134277
0.024246
0.114441
-0.032013
0.024628
0.236816
0.061096
0.063416
-0.028519
0.123352
0.008537
-0.022507
-0.043823
0.100464
-0.031235
0.077759
0.071960
0.034149
-0.109802
-0.087097
0.116943
-0.122559
-0.061676
-0.121643
-0.117371
0.045197
0.043640
-0.045380
-0.006207
-0.001552
-0.097778
0.105164
-0.118896
0.142212
0.107483
0.006596
0.009308
-0.045197
0.023270
-0.033752
-0.019974
0.001163
-0.008537
0.039948
-0.134766
0.030457
-0.005627
-0.059174
-0.040344
-0.089050
0.056641
-0.038208
0.051025
0.093079
-0.070984
0.071960
0.010277
0.207397
0.067139
-0.046539
0.022110
0.026581
-0.029678
0.031036
-0.115967
0.194580
-0.109192
-0.018234
0.019974
0.012413
-0.271240
-0.005817
0.014938
0.001552
0.080872
-0.087097
-0.154419
-0.015717
0.050049
0.104736
0.045380
0.063232
0.082031
0.038422
0.036072
-0.053528
0.060120
-0.085510
0.082825
-0.012611
0.051392
0.129761
-0.066711
-0.027740
-0.174927
-0.129517
-0.034515
0.061096
-0.121033
0.136353
0.018234
-0.022690
-0.007370
-0.070007
0.074707
-0.222534
-0.000776
0.039948
0.080872
-0.129517
-0.115051
-0.082458
0.048492
0.042877
0.038605
0.202393
0.017242
0.014366
0.043091
0.012573
0.018311
0.095520
0.115845
0.046692
0.042389
-0.003233
0.165161
-0.108459
-0.032501
-0.042206
-0.207397
-0.081909
-0.046509
-0.038422
-0.024429
0.003771
0.001436
-0.070740
-0.045624
-0.083862
0.035919
-0.184082
-0.009155
-0.018143
0.144775
-0.275391
0.091797
-0.058533
-0.233398
-0.098938
0.075989
-0.100403
0.001257
0.008621
0.078125
-0.005745
-0.037720
0.025864
0.022095
0.060699
0.061584
-0.051178
0.069336
-0.066284
0.037903
-0.152832
0.050629
-0.056213
-0.029816
0.012749
-0.057648
0.056030
0.018860
-0.009155
-0.082581
0.105042
-0.040955
0.038422
-0.001436
-0.059082
0.091248
-0.064453
-0.083130
0.084045
-0.056580
0.116760
-0.102173
-0.079224
-0.078491
0.072754
-0.080627
0.113647
0.116882
-0.006107
0.066833
0.023712
0.070068
-0.007542
0.015442
0.079407
-0.031799
-0.114380
-0.069885
0.001796
0.031952
0.049377
-0.113647
-0.027649
0.003771
0.028015
0.024780
-0.006107
0.023712
0.054779
-0.115662
0.101807
0.129639
-0.106323
0.138306
0.104187
0.059448
0.022095
-0.083679
0.054596
-0.008621
-0.019577
0.000180
0.129517
-0.071289
-0.001616
-0.121033
0.142578
-0.084045
0.072937
0.226074
0.280029
0.014191
0.071106
0.035370
0.015083
-0.183472
-0.063049
-0.050476
-0.142334
-0.050140
-0.038361
0.086365
-0.075317
0.175537
-0.037994
-0.035339
0.001249
-0.037811
0.074219
0.020691
-0.040497
0.061188
0.002140
0.088684
-0.000000
0.019806
-0.025696
0.007317
-0.004459
-0.036041
-0.033539
-0.009453
-0.048889
0.005173
0.012665
-0.016418
0.086365
0.006065
-0.034241
0.041229
-0.010704
-0.009636
-0.013916
-0.025696
-0.182495
-0.125122
-0.002855
-0.001428
0.075500
0.005531
0.024628
-0.014275
-0.074951
0.003389
0.330078
-0.058350
-0.008385
0.059601
-0.090637
-0.017303
-0.089355
-0.006958
0.052277
0.043549
0.072998
0.028549
-0.005352
0.043182
0.146484
0.020523
0.103149
-0.066040
0.042297
-0.115967
0.147217
-0.229248
-0.073120
0.031586
-0.085083
0.211548
-0.102051
-0.015167
0.191772
0.059052
-0.073120
0.159668
-0.069763
-0.061005
-0.025162
-0.019989
-0.038544
-0.125610
0.075806
0.069214
0.050140
-0.106140
-0.043701
-0.210327
-0.045319
-0.071167
0.091187
0.174194
-0.074951
0.021057
0.009453
0.099182
-0.034607
0.023193
0.159668
0.064026
0.047272
0.004639
0.262939
-0.125732
-0.020691
-0.101501
-0.005173
-0.122742
0.081909
-0.123108
-0.068359
0.166870
-0.091675
0.012489
0.048706
0.043701
-0.001784
0.019806
-0.021759
-0.025513
0.056549
0.132446
0.059418
0.132080
0.025513
0.057281
-0.101685
-0.128052
0.084106
-0.001614
0.057037
0.031021
-0.229126
0.142944
0.035156
-0.025818
0.125854
0.107056
0.003586
-0.059540
0.090759
-0.025467
-0.146484
0.042145
-0.055939
0.031204
0.024750
-0.125122
0.026901
-0.051270
0.012016
0.073853
0.151855
0.011658
0.019730
-0.013092
-0.000896
-0.066162
0.021698
0.024200
-0.153320
-0.018295
0.007172
-0.081970
-0.014885
-0.018463
0.039642
-0.249390
-0.197266
-0.064575
-0.024384
0.109375
0.064941
0.036224
-0.278809
0.085876
0.065063
0.050751
0.089478
0.013985
0.031204
0.093445
0.103638
0.075867
-0.048065
-0.028687
0.134155
-0.140381
0.020615
-0.111145
-0.054169
0.029770
0.071899
-0.075134
-0.003944
0.174072
0.067444
0.052185
-0.132568
-0.017746
0.019547
-0.020264
0.083374
0.114563
-0.121033
-0.036224
-0.041779
-0.083557
0.135254
0.113708
-0.083191
-0.067261
-0.027252
-0.005917
0.033905
0.093445
-0.021881
-0.048950
0.015244
0.083557
-0.041779
-0.017029
-0.074951
-0.110657
-0.064392
0.031021
-0.031738
-0.139893
0.065247
-0.034241
-0.220703
-0.024750
0.026367
0.025467
-0.017746
-0.122131
-0.137573
-0.071533
-0.065430
-0.162964
0.024567
-0.060974
-0.010223
-0.011658
-0.031021
0.020081
0.143799
-0.036926
0.105286
-0.069763
0.042328
0.071350
-0.159424
-0.049683
0.249634
0.060974
-0.027145
-0.058167
-0.053223
0.245728
0.301758
-0.000881
-0.044769
0.029266
-0.126343
-0.082520
0.013046
0.028549
0.018677
0.111572
-0.022385
0.005993
0.131714
-0.035767
0.009521
0.045654
0.123901
-0.013924
0.000529
0.056763
0.010750
-0.040527
-0.025208
-0.018509
0.015686
0.002996
-0.013397
-0.018860
-0.042999
-0.031372
-0.031372
-0.056213
-0.117554
0.120911
-0.057800
0.036652
-0.131348
0.089722
0.018509
-0.111389
0.042999
-0.040527
0.034912
-0.000705
0.080200
0.078247
0.122864
-0.023972
0.009163
-0.056763
-0.051117
0.125488
-0.068420
-0.028198
-0.100098
-0.023087
0.005287
0.039673
-0.059570
-0.022736
-0.086182
-0.169067
-0.080750
-0.037201
0.010223
-0.240356
0.011459
-0.003349
0.025909
0.086182
0.070129
0.047943
-0.026794
0.118958
0.157104
-0.042999
0.066956
0.105591
0.072266
0.105591
-0.079468
-0.016388
0.017456
-0.054993
0.067322
-0.038788
0.195801
0.123230
-0.015869
0.027328
0.017975
-0.009872
-0.070862
0.014099
-0.149780
0.053223
-0.179443
-0.000353
-0.037903
0.177124
0.067139
-0.046875
-0.057983
0.020981
0.102783
0.138062
0.011284
0.060974
-0.175537
0.054108
-0.018158
0.020798
-0.034546
-0.064148
-0.204468
0.013222
-0.078796
0.073669
-0.101013
-0.069092
0.165161
-0.036316
0.033386
0.126709
0.039307
-0.049713
-0.094055
0.138550
-0.101562
0.034637
-0.039673
-0.005203
-0.045776
0.058502
-0.048645
-0.144165
0.038055
-0.114319
0.099426
-0.051147
-0.002512
-0.090637
0.001436
0.168945
0.006104
-0.006641
0.089050
-0.070374
0.153442
0.114685
-0.017593
-0.153809
0.015259
-0.044342
0.083252
0.234985
-0.068359
-0.093323
-0.040375
0.093689
-0.010231
0.025482
0.011131
-0.054749
0.115417
0.107361
-0.059601
0.064819
-0.039307
-0.064453
-0.101746
-0.059753
0.113098
0.092224
0.017227
0.061737
-0.120789
0.010048
-0.067505
0.040039
-0.129395
0.096008
0.000718
0.119385
-0.014359
-0.005745
-0.063538
0.034271
-0.031235
0.086853
-0.133301
0.047577
0.071777
-0.004665
-0.133545
-0.020645
0.040192
-0.123840
-0.083984
-0.028183
-0.026749
0.121338
0.018311
0.079346
0.095154
-0.011665
0.015434
-0.012024
-0.132324
-0.005924
-0.041107
-0.132446
0.004486
-0.032135
-0.078064
0.031586
-0.129639
0.069092
0.027634
0.000538
-0.144531
0.057983
0.014000
0.047394
0.083618
-0.020645
-0.148804
-0.185913
-0.037689
0.121338
0.030334
0.030518
-0.104980
-0.023514
0.096375
-0.089905
0.017410
-0.039856
-0.165283
0.037689
-0.067322
-0.265137
-0.088501
-0.050598
-0.084900
0.013283
0.050079
-0.136597
-0.250244
0.122742
-0.098450
0.127930
-0.042999
-0.016724
0.025330
0.136719
-0.355225
0.004620
-0.015297
0.005417
-0.147705
-0.087646
0.015778
0.004143
-0.049225
-0.074707
-0.034424
-0.007328
-0.111206
-0.007488
-0.092896
0.020065
-0.142090
-0.024536
-0.117737
0.166626
-0.130493
-0.040314
0.012589
0.001274
-0.009079
-0.184326
0.001753
0.056885
-0.033936
0.061646
0.051788
-0.052094
-0.076782
0.013863
-0.104004
-0.010674
0.037903
-0.014816
-0.067993
-0.181641
-0.025970
-0.083008
0.067688
0.079651
0.047150
0.029160
0.119141
-0.043976
-0.019760
-0.004143
0.040131
0.062286
0.002230
0.152344
-0.151489
-0.043182
-0.029312
0.003185
0.036957
0.125000
-0.188599
0.102295
-0.008446
0.015297
-0.003983
-0.092529
0.050812
-0.007805
-0.086670
0.079041
0.110901
-0.081421
0.106567
0.037292
0.040466
0.012901
-0.032806
0.094177
0.015297
-0.091919
-0.046051
-0.029785
0.032501
0.127441
-0.007168
-0.075500
0.110107
0.022629
-0.009079
0.021820
-0.023895
-0.057343
0.031708
-0.087646
0.011154
-0.118042
-0.000796
0.038879
-0.006371
-0.099426
-0.017365
-0.032806
-0.007008
0.001433
0.080933
-0.009560
-0.166748
-0.032501
-0.284912
0.164307
-0.012268
-0.031555
-0.099243
0.078247
0.183472
-0.045715
0.046051
0.208008
0.089233
-0.088745
-0.097351
-0.039673
0.042877
0.026520
0.057129
-0.011703
0.001974
0.169312
-0.134033
-0.121582
-0.054871
-0.040894
0.141235
-0.000423
-0.004089
-0.239746
-0.032013
-0.168457
0.115234
-0.194458
0.054718
0.056000
0.038635
0.124817
0.039062
0.049500
0.132446
0.028061
-0.142700
0.099304
-0.032593
0.157349
-0.078125
0.106201
0.075867
-0.189819
0.032288
0.035400
0.001128
-0.015373
-0.036682
-0.042023
0.014671
0.234863
-0.109192
-0.055573
0.008179
0.029617
0.075623
-0.072937
-0.151245
-0.043854
-0.078430
0.094666
-0.014526
-0.062469
-0.040466
0.021439
-0.106323
0.021011
0.100586
-0.051758
-0.029907
-0.070374
0.044434
0.142822
0.032288
-0.042297
0.102661
0.020035
0.107483
0.003244
-0.074890
0.066589
-0.136108
0.036804
-0.049500
-0.066833
-0.090393
-0.064758
0.142578
-0.010719
0.050507
0.040894
-0.094360
-0.181641
-0.050629
-0.074463
-0.002115
0.057556
-0.007759
-0.067810
0.059509
-0.066162
0.026657
-0.057404
-0.030472
-0.114075
0.075012
-0.000423
0.124817
-0.094482
-0.075317
0.097046
0.110413
-0.050507
-0.250244
-0.131226
-0.072754
-0.046112
-0.042877
0.028488
0.016083
0.076599
0.033417
-0.086731
0.104675
0.010300
-0.132324
0.035400
-0.018051
0.007477
-0.027084
0.033844
-0.105896
0.032166
-0.101990
0.050629
-0.127686
-0.033997
0.047333
0.064270
0.049347
0.095642
-0.004036
0.058685
0.105530
0.004192
0.038025
-0.058838
0.025452
-0.022354
-0.007919
0.243896
-0.005432
-0.156616
-0.047485
0.036316
-0.023895
-0.004658
0.019562
0.064270
0.140259
-0.016769
0.073425
0.129150
-0.005898
-0.040497
-0.106812
0.055878
-0.007607
0.099670
0.008850
0.059753
-0.031982
-0.016296
0.024841
-0.031677
0.373779
0.025146
0.125366
-0.013504
0.097961
-0.024521
0.014435
0.204590
-0.191528
-0.072510
0.051361
0.054626
-0.005123
-0.054169
-0.219360
0.031036
0.058197
-0.027466
0.070007
-0.067505
0.014282
-0.075439
0.076233
-0.007141
0.038177
-0.033691
-0.042358
0.002638
-0.080078
0.174316
0.002018
-0.004658
-0.145874
0.085083
0.029495
0.023438
0.005589
-0.051361
0.011177
0.077942
0.077637
-0.141968
-0.009621
-0.026230
0.083984
-0.138794
-0.035706
0.051849
0.065369
0.019089
0.041443
0.101379
-0.058655
0.038177
0.015213
0.012726
-0.119019
0.040192
-0.009933
-0.038330
-0.163086
-0.007450
0.064087
-0.048584
-0.092834
-0.016602
-0.050446
-0.317627
0.023590
0.004810
-0.122742
0.060364
-0.025604
-0.008224
0.162231
-0.022034
0.046112
0.046722
0.001242
0.091248
0.140991
-0.121826
-0.078979
0.041901
-0.056030
0.112976
-0.089722
0.051697
0.088501
-0.041595
-0.061768
-0.165161
0.109680
0.036865
-0.062103
-0.040222
0.172363
-0.035919
-0.008461
-0.009254
0.015327
-0.003672
0.004471
0.019470
-0.066101
0.121155
-0.064819
0.088745
-0.000798
-0.065308
-0.032074
-0.107422
-0.031616
0.034149
0.138672
-0.035767
-0.130249
-0.000319
-0.000798
-0.012932
-0.001436
0.006386
0.005108
0.130615
0.086975
-0.076294
-0.055237
0.092590
0.011017
-0.099304
-0.042633
0.089722
0.212891
0.059540
0.030807
-0.024261
0.046936
0.059235
-0.120178
0.101013
-0.019470
-0.011971
0.074524
0.038147
-0.028580
-0.049316
0.044220
-0.090637
-0.194458
-0.022659
-0.086975
-0.007183
0.031433
0.031433
-0.020584
-0.084290
-0.162842
-0.093201
0.122742
-0.061920
-0.132446
-0.012772
0.245850
0.033997
-0.150635
-0.127319
0.171875
0.012932
-0.120850
0.003990
-0.049469
-0.124023
-0.099915
-0.059540
0.082031
-0.013252
0.168701
0.119568
-0.075684
0.197754
0.092590
-0.038300
0.034332
0.008461
0.029053
0.071838
-0.085083
0.092590
0.044067
0.072632
-0.143555
-0.019318
0.126587
0.015961
0.001916
-0.074707
0.135376
-0.022827
-0.002394
0.021225
0.075684
0.069580
0.140015
-0.045502
0.134888
0.000160
-0.079041
0.004471
-0.027298
0.212646
-0.086182
0.015961
0.104370
0.124329
0.054749
0.105164
-0.039429
-0.118286
-0.181152
0.117493
0.024719
-0.012962
-0.078796
-0.057312
0.050446
0.034637
0.027344
0.130859
0.163452
0.087891
0.029175
0.049011
0.007896
-0.080444
-0.057312
-0.041718
0.254395
0.025528
-0.119690
0.030594
-0.099487
0.003241
0.119507
0.104553
-0.028366
-0.017014
0.014786
0.045380
0.040710
0.123962
0.036865
-0.053680
-0.106323
-0.082825
0.086487
-0.017212
0.040924
0.038879
-0.038696
-0.058746
-0.152588
-0.100647
-0.016617
0.023697
-0.040924
0.124573
0.123779
0.226929
0.017014
0.053070
0.034027
-0.007294
0.049835
-0.005672
-0.100464
-0.099487
-0.024506
0.042145
0.121765
0.125000
-0.083069
-0.006077
0.105957
-0.106934
0.099243
-0.126953
0.053894
-0.003038
-0.019653
-0.140015
0.033630
-0.035248
0.119690
-0.131714
-0.087524
-0.110168
0.004658
-0.141357
0.050232
-0.039093
0.074158
0.045593
-0.030792
0.093994
0.068237
-0.052673
-0.043945
0.057739
0.020264
0.073914
0.122986
-0.105957
0.022278
-0.034027
-0.004860
-0.111816
-0.098267
0.021667
-0.120728
0.090942
0.032806
-0.006886
-0.093201
0.058960
0.070068
0.112854
-0.015190
0.236450
-0.039490
-0.012360
0.022690
0.077576
0.022491
-0.097046
-0.064819
0.126831
-0.136475
0.196045
-0.002026
-0.027954
0.043945
0.224487
0.099243
-0.057922
0.021469
-0.068665
0.069763
-0.090759
0.113953
0.120605
-0.110352
-0.240601
0.060150
0.079712
0.078918
-0.080200
0.077942
0.027222
-0.053131
-0.026398
0.096985
0.079529
0.023804
-0.130615
-0.006355
0.050201
0.022003
-0.316895
-0.033264
-0.066162
-0.010109
-0.016632
0.013039
-0.054779
0.032288
-0.052490
-0.010429
-0.044342
-0.058197
-0.039764
0.115723
-0.030487
-0.034241
0.027054
-0.026245
0.039612
0.008965
-0.243774
-0.036499
-0.007820
0.026245
-0.070557
0.041901
0.081177
-0.299316
-0.156616
0.031616
-0.068604
-0.095825
0.014671
0.009125
-0.011246
0.136230
-0.087830
0.146851
0.047607
0.039612
-0.057220
0.041901
-0.186646
0.060150
-0.020706
0.122925
0.066528
-0.137695
-0.054291
-0.096008
-0.008965
0.045319
0.094360
-0.002771
-0.030487
0.058350
0.036682
-0.052795
0.024780
-0.100220
0.035522
-0.025757
0.113770
-0.039612
-0.060638
-0.112610
0.012222
-0.004402
-0.061127
-0.086548
0.000326
-0.034241
-0.009453
0.113098
0.057220
0.292480
-0.005543
0.101562
-0.008636
-0.210693
0.062927
0.003098
-0.047760
0.021347
-0.094360
-0.029175
0.049377
-0.014832
-0.003424
-0.011406
-0.081848
0.172729
0.014343
0.125488
0.013367
-0.030151
0.069946
-0.020859
0.059479
-0.061951
0.008636
-0.066528
0.040436
0.009941
0.056732
0.058197
0.010597
-0.067200
0.013657
-0.062408
0.013123
-0.045044
-0.008331
-0.007980
-0.003548
-0.015961
0.042023
0.066345
0.081909
-0.053741
-0.260254
-0.081055
0.066711
-0.028381
0.007450
-0.086548
0.025711
0.060822
0.012589
0.030685
-0.024643
0.132446
-0.025009
0.038483
0.043091
-0.028549
0.049133
-0.036896
-0.200195
0.062256
-0.082275
0.060120
-0.017731
-0.134277
-0.016144
0.014191
-0.036346
0.008156
-0.003548
0.079468
0.004612
0.048401
-0.043274
0.151123
0.156006
0.066711
0.063843
-0.030853
-0.013123
-0.026962
-0.043793
-0.046295
0.066833
0.014542
0.004967
0.016846
0.009750
0.003370
0.071289
-0.065613
0.059052
-0.032288
0.043640
0.088501
-0.181763
0.011879
0.011169
-0.045563
0.180176
-0.011528
-0.001774
0.061523
-0.106201
-0.147217
-0.030685
0.031738
-0.020035
0.021454
-0.004612
-0.247925
0.102661
0.045746
0.038116
0.058533
-0.003725
-0.007450
-0.059753
0.027313
0.118469
-0.029434
-0.088135
0.081726
-0.128418
-0.004433
-0.021988
0.061890
0.208862
0.045563
0.056030
0.137451
-0.010284
0.292725
0.405029
-0.027313
0.060120
0.007626
-0.095947
-0.035645
0.099304
-0.061005
0.025177
0.015076
0.078003
0.009933
-0.026062
0.138916
-0.146118
0.093994
0.012062
0.105530
0.054077
0.025894
0.086914
-0.091309
0.056915
-0.032745
0.232666
0.251709
0.033081
0.124695
-0.115540
0.079346
-0.017151
0.090393
0.060089
0.021820
0.109802
0.038635
-0.073425
-0.116028
0.076721
0.173096
-0.042084
-0.018539
-0.035492
0.012299
-0.042786
-0.065125
0.072571
-0.103943
0.015762
0.254639
-0.020615
-0.040710
0.168701
0.132690
0.140137
0.162598
-0.095093
-0.145020
-0.017670
-0.010742
0.003811
0.054565
0.180176
0.093018
-0.099060
0.042267
-0.000173
0.013512
-0.070984
0.069946
-0.110840
0.034454
-0.064941
-0.052124
-0.039825
0.028412
-0.089172
0.023209
0.062347
0.078491
0.030304
-0.075195
-0.003464
0.075684
0.108765
-0.030655
0.098572
0.033417
0.016113
-0.086060
0.055267
-0.027023
0.079346
0.012474
0.062683
0.079651
0.015762
0.064941
-0.084351
-0.146729
0.009010
0.119019
0.029968
0.029968
0.014374
-0.022171
0.055939
0.017670
0.019577
-0.154541
0.014030
0.118652
-0.101501
-0.039307
0.014725
0.053009
-0.055420
-0.001040
-0.041382
0.160034
0.020432
-0.139648
0.138794
-0.162476
0.040710
0.008141
0.056641
0.124512
0.253174
0.019058
-0.031860
0.013161
-0.036713
-0.152588
-0.041565
0.015244
-0.097168
0.041046
0.013512
0.119019
0.037079
-0.000173
0.042267
-0.096802
-0.049194
-0.077759
-0.027542
0.050049
0.010567
0.087463
0.069946
0.084412
-0.008705
0.011909
0.002310
-0.028076
-0.003733
0.098999
-0.000000
0.016876
-0.012260
-0.009064
0.002844
-0.042297
-0.250488
0.035706
-0.042999
-0.058105
-0.010132
-0.071289
0.050659
-0.057220
0.025406
-0.046021
-0.000711
-0.033234
0.026657
0.081421
0.013153
0.010666
0.003199
-0.013687
-0.031982
-0.032684
0.114075
-0.134155
0.018478
-0.060242
0.168701
-0.155518
-0.021149
-0.095764
-0.029678
0.036621
-0.104675
-0.046906
-0.094543
0.423340
0.001422
-0.075012
0.100586
0.048157
0.047455
-0.114990
-0.025940
0.004799
-0.035187
0.092041
0.020966
-0.052795
-0.046021
-0.129517
0.004265
0.081543
-0.016174
-0.028259
0.048859
0.001777
-0.142822
0.043365
-0.047791
0.057037
0.025940
-0.159912
0.031097
0.060791
0.131470
-0.094543
0.191772
-0.070923
0.048157
0.004620
-0.020966
0.223267
-0.151001
0.046021
0.039978
-0.011192
-0.023453
0.052429
0.025772
0.019363
0.044434
0.038727
-0.004086
-0.027908
0.035370
0.100769
0.098267
0.040710
-0.085999
0.041046
-0.058289
0.144531
0.004974
0.126221
-0.075684
0.018127
-0.068237
-0.118896
0.061493
0.052246
-0.105896
0.090454
0.030396
0.166748
-0.122986
-0.013153
-0.212891
-0.010132
0.127441
-0.026306
-0.020264
-0.210083
-0.069153
0.099548
0.052612
0.051727
0.017593
0.017380
0.083496
0.274170
-0.174072
0.040436
0.085083
-0.072510
0.085266
-0.060455
-0.014542
0.012947
0.043610
-0.001242
-0.103882
-0.167725
-0.154297
-0.069519
0.041656
-0.090637
0.006207
0.019684
0.128174
-0.056213
-0.003901
-0.107788
0.005672
0.059570
0.009933
0.033691
-0.104797
0.092407
0.090454
0.191284
0.045563
-0.020752
-0.135132
-0.025177
0.011703
0.017197
-0.115234
0.053741
0.054443
-0.088806
0.008331
0.004612
-0.023758
0.039551
0.018616
-0.028900
0.071655
-0.015068
-0.073792
-0.027832
0.066345
-0.008156
0.096436
-0.054962
0.074463
-0.002659
-0.016846
0.102295
0.055145
-0.035645
-0.103210
0.109436
0.104065
0.157471
0.007626
0.115417
-0.037231
0.078735
-0.065979
0.032104
-0.039368
-0.000532
-0.054443
-0.034058
0.023056
-0.079773
-0.144531
0.094360
-0.054626
-0.035980
0.017914
-0.023941
-0.012238
0.159790
0.029785
-0.027832
0.059937
-0.026245
0.043976
0.064514
0.075867
0.020920
0.042023
0.356201
-0.004787
-0.263428
0.001242
-0.220581
0.101929
-0.112610
0.062073
0.050903
0.112976
-0.106567
-0.034210
0.009399
0.015961
-0.095398
0.094482
0.095398
0.007271
0.002659
0.027664
0.067566
-0.055145
-0.017548
0.096985
0.201660
0.019150
0.055145
-0.092896
-0.056732
-0.023758
0.019501
0.017197
0.002733
-0.091553
0.156860
-0.004272
0.012131
-0.033478
-0.138672
0.006832
0.011444
0.035034
-0.056213
-0.031616
0.056702
0.069031
-0.014862
-0.006149
-0.012810
-0.012642
0.005978
0.048859
0.015373
0.067322
-0.051239
0.029205
-0.035858
0.099426
0.077209
0.048859
0.015549
-0.038269
-0.008545
0.090698
-0.021011
-0.253174
-0.111877
0.036224
0.031250
0.204956
-0.216919
0.068359
0.075134
-0.000171
-0.040649
-0.053131
-0.053131
-0.117676
0.249023
-0.110535
-0.104370
0.065247
0.052795
0.004784
0.021179
-0.021011
0.077393
0.011444
-0.015717
0.050903
-0.051575
-0.078735
-0.077576
-0.016235
0.080811
-0.027679
0.048004
0.001708
-0.119080
0.070740
0.068359
0.018784
-0.211182
-0.099609
-0.126709
-0.006321
-0.060974
0.171143
0.062866
0.248413
0.187622
0.043213
-0.048859
0.016052
0.154785
-0.110352
0.004272
-0.018280
-0.022888
-0.039276
0.027847
0.046631
-0.009735
-0.036041
0.008202
0.105225
-0.026138
0.070923
0.085266
-0.256592
-0.029205
0.105896
-0.100769
-0.021011
0.164307
0.097046
-0.073425
-0.169067
0.025620
-0.068359
0.107300
-0.032623
0.095154
0.007687
-0.038940
-0.046967
-0.053131
-0.085388
-0.011620
-0.019638
0.096497
-0.063538
-0.073120
-0.013153
0.121643
-0.166382
0.033813
-0.030579
-0.033661
0.021011
-0.027145
-0.299316
0.217896
-0.091614
-0.022476
0.183594
0.026627
0.094055
-0.011932
0.129517
0.021439
0.025589
0.148315
-0.088867
0.068970
-0.082825
-0.022827
-0.040283
-0.142822
0.022308
0.030426
0.125000
0.024033
-0.061035
0.105103
-0.018326
-0.051880
0.114319
-0.016602
-0.120667
0.126221
0.005531
0.075195
0.074524
-0.123962
-0.111511
-0.102173
0.101685
0.058960
0.009338
-0.067932
-0.063477
-0.014694
0.043213
-0.042023
0.088867
-0.020233
-0.096313
-0.057220
0.180298
0.010025
-0.011414
-0.007435
0.042023
0.006569
0.014175
-0.113403
0.073853
-0.011932
0.030426
-0.029053
0.017288
0.014694
-0.000346
-0.078003
-0.051514
0.180542
-0.061737
-0.095276
-0.079529
-0.095459
0.000691
-0.044769
-0.035095
0.099060
0.077454
0.072815
0.070557
0.076782
0.066895
0.035614
0.033203
0.096313
0.033203
0.039062
0.000691
-0.109436
-0.032837
0.139160
-0.027313
0.102722
0.070374
-0.163208
-0.028351
-0.085754
0.048248
0.108948
-0.056885
0.195679
-0.067261
-0.044098
0.050476
-0.127197
-0.104248
0.082642
0.272461
0.064148
-0.011414
-0.010719
0.062927
0.029053
-0.015564
-0.017456
-0.096802
-0.107910
0.028351
-0.059143
-0.028702
-0.047028
0.002420
0.240845
0.024551
0.010376
-0.086975
-0.019882
-0.048065
0.033722
0.090576
-0.074768
-0.187866
0.030701
-0.061951
0.030334
-0.085938
-0.058868
-0.005959
-0.028000
-0.029251
-0.009033
-0.086121
0.029434
0.354736
-0.050385
0.005600
-0.012283
0.000361
0.101135
0.021317
-0.045319
0.066467
-0.114319
0.039001
-0.000542
0.104919
-0.052917
0.074951
-0.013908
-0.139282
0.072449
-0.016434
-0.059052
0.099487
0.027084
-0.009033
0.322266
0.146973
-0.178833
-0.062683
0.008308
-0.115601
0.028168
0.028168
-0.042450
-0.197754
0.034302
-0.121155
-0.007767
-0.072449
0.016434
0.024017
0.014267
-0.008308
0.061401
0.015167
0.174438
0.032867
0.020584
-0.077087
-0.026550
-0.057800
0.037018
0.039001
0.057251
0.004517
-0.209351
0.012459
-0.098633
-0.016068
-0.059784
-0.005417
-0.002890
-0.001445
-0.044800
0.078369
0.122803
0.149780
0.026917
0.002890
0.004875
-0.034485
-0.281982
0.042450
0.036835
0.052002
0.021484
0.016800
-0.033051
0.096252
0.007767
-0.013184
-0.016434
0.088135
0.002348
0.040100
0.016800
-0.126465
-0.086121
-0.272705
0.020050
-0.050751
0.014267
0.003250
-0.070618
0.040802
-0.079834
-0.087402
0.004517
-0.130005
0.110718
0.106567
-0.012825
-0.030701
-0.132202
0.081970
-0.022751
0.000542
-0.058167
-0.011742
0.049133
0.016617
-0.024734
-0.045868
0.078918
-0.077271
-0.027817
0.000542
-0.027832
-0.027832
0.064514
0.055145
0.070984
0.054443
0.040192
0.043488
0.000870
-0.005566
0.091980
-0.075500
0.015823
0.203125
0.027832
0.076355
-0.088196
0.029907
-0.124512
0.011826
-0.011307
0.153564
0.107849
-0.012520
0.212891
0.027481
-0.096680
0.052887
-0.033569
0.211792
0.180054
0.047821
-0.005219
-0.105713
0.218750
-0.068359
-0.038788
0.023651
-0.035828
-0.083679
-0.093018
0.135620
0.144653
-0.044189
-0.034424
0.080688
-0.048859
-0.096008
-0.329102
0.016876
0.037231
0.061584
-0.054626
-0.055817
-0.046600
-0.036530
-0.127319
-0.080688
0.027481
0.007477
-0.155151
0.066589
-0.025742
0.102295
-0.029037
-0.098938
0.012177
0.047485
-0.065552
0.144531
-0.036530
-0.021912
0.085754
-0.049042
0.179443
0.023300
0.042084
0.086609
-0.065369
-0.019485
-0.044861
-0.142212
0.074951
0.033386
-0.021561
-0.039642
-0.105225
-0.010086
0.078064
0.086609
0.126465
-0.006958
0.098938
-0.019653
-0.031647
-0.013046
0.073059
0.037231
0.087830
-0.019485
-0.028702
0.079651
-0.168823
-0.160645
0.067139
0.074463
-0.086792
0.024704
-0.019485
-0.102112
0.137939
0.029739
0.002783
-0.122986
0.013741
0.040344
0.044525
-0.057556
-0.039825
-0.118286
0.144897
-0.005390
-0.024704
-0.011826
-0.056183
-0.009392
0.144043
0.019135
0.091187
-0.190796
0.016434
-0.062195
0.060730
0.025284
-0.045227
-0.042084
0.012733
-0.026581
0.007381
-0.017349
0.006828
0.009232
-0.033051
0.026398
0.045593
0.000738
0.038757
0.008308
0.019012
0.058868
0.329590
0.050201
-0.080627
0.072510
-0.088196
0.038757
-0.025101
-0.047791
-0.054443
0.001292
0.021591
0.041901
-0.090454
0.034698
0.209351
0.149536
0.254883
-0.025833
0.029907
-0.144897
0.025284
0.113708
-0.016052
0.136230
-0.007381
0.031372
0.045227
0.017349
0.048370
0.098022
-0.076233
0.027496
-0.018082
-0.012550
0.042999
-0.006275
0.035980
-0.098206
-0.008118
-0.043182
0.033966
0.006828
-0.031189
-0.024185
0.054810
-0.244873
-0.003691
-0.016235
-0.130615
-0.052795
0.018082
-0.002769
0.061646
-0.151855
0.084167
0.079895
-0.055542
-0.075134
0.034149
-0.012733
0.111877
0.127197
-0.025833
0.029526
0.010338
-0.054626
-0.022705
0.268799
-0.027313
0.116455
-0.090271
-0.231567
-0.017715
0.013840
-0.034698
0.170532
0.029709
0.029526
0.008858
-0.025467
0.218384
0.023621
-0.145752
0.222412
0.028793
-0.041351
0.064575
-0.166626
0.022888
0.059814
-0.076599
-0.016052
-0.070862
-0.106506
0.085815
0.016983
0.040222
0.037842
0.003323
-0.043549
0.002029
0.001476
-0.025284
0.108154
0.044312
-0.020493
-0.014252
0.041656
0.049591
-0.012268
0.096130
0.002525
0.014793
-0.042389
0.030304
-0.033020
-0.005951
-0.134766
0.000361
0.127197
-0.161011
0.212280
-0.076111
0.014793
0.007214
0.020020
0.034088
0.211792
-0.037506
-0.028671
0.177246
-0.015152
-0.040039
0.039124
-0.103699
-0.082764
0.171875
0.238403
-0.062042
-0.026871
-0.067078
-0.120300
-0.049957
0.093262
0.054474
0.080994
-0.016586
0.050140
-0.020920
0.005051
0.031738
0.102417
-0.016769
0.026337
0.185181
0.008835
-0.015327
-0.010643
0.046906
-0.048157
0.047791
-0.079895
0.061859
-0.088928
0.071594
-0.034454
-0.135498
-0.180176
0.017319
0.008293
-0.027420
-0.185059
0.176880
0.196411
-0.068542
-0.044556
-0.083679
0.016235
0.205811
-0.013344
0.042023
0.015869
0.082092
-0.063110
-0.006855
-0.060791
-0.017319
0.009377
0.085693
0.013168
-0.087646
-0.055176
-0.132324
0.001082
0.226929
-0.057892
0.118347
-0.103149
-0.060608
-0.024170
-0.027237
-0.042023
0.104614
-0.099365
-0.028503
-0.091614
0.052490
0.065857
-0.096680
-0.083130
-0.166992
0.049408
0.079712
0.061859
-0.042206
-0.007576
0.099915
-0.038422
0.036621
-0.171875
-0.087280
0.033356
-0.103333
-0.031204
0.083496
-0.022186
-0.138916
0.003607
0.017502
-0.023621
0.045624
-0.019836
0.061157
-0.116699
-0.178833
-0.001823
-0.072754
-0.002005
-0.024246
-0.017502
0.167725
0.043945
0.014404
-0.009300
-0.040649
-0.044128
-0.041199
-0.144531
0.096436
-0.018784
-0.023148
0.015854
0.126709
0.012215
0.017685
0.001094
0.087158
0.020966
-0.112488
0.040649
-0.094055
-0.016769
0.026260
-0.065613
-0.009300
-0.077454
0.062744
-0.140381
-0.098633
-0.077454
-0.014038
0.013672
-0.131592
0.089539
-0.142578
-0.083130
-0.068542
-0.101746
-0.012764
-0.058899
0.011124
0.104126
0.117981
-0.029175
-0.007473
0.124146
-0.181030
0.018600
-0.011482
0.001276
0.049591
-0.157104
-0.025162
-0.080933
0.038300
0.103027
-0.086243
0.053223
-0.026428
0.009483
0.226074
-0.015495
-0.096436
-0.031891
-0.077271
0.155396
0.006927
0.040100
0.055603
-0.100830
-0.040100
0.196411
0.164673
-0.003099
0.129761
0.004559
0.085327
-0.236938
-0.009842
0.052338
-0.026794
-0.036285
-0.088257
0.161865
-0.044678
0.107910
0.067810
-0.115601
0.125488
-0.051239
0.085144
0.189453
0.097900
-0.073853
-0.075317
0.102112
-0.092041
-0.031555
-0.094604
0.036102
0.039001
-0.014771
0.050323
-0.027161
0.065979
-0.051971
0.133423
-0.005287
-0.065430
-0.154175
-0.021515
0.101196
-0.105530
0.000182
0.042664
-0.078552
-0.147095
0.115234
0.155396
0.067993
-0.047760
0.043945
-0.015930
0.041412
0.054352
-0.056793
-0.019302
-0.113953
0.047424
-0.118469
-0.008057
0.030182
-0.000937
-0.040283
0.026611
-0.309570
-0.052490
-0.061279
0.007309
0.068237
-0.072327
-0.037872
0.016495
-0.203491
-0.085083
0.077209
0.001499
-0.049683
0.121277
0.006935
-0.043121
0.074402
-0.013306
0.017242
-0.036163
0.212158
-0.006935
0.004871
-0.055115
-0.032043
-0.014435
-0.027557
0.018372
0.102905
0.076477
0.039734
0.069885
0.030731
0.008995
0.144165
-0.119934
0.028107
-0.125366
0.026611
-0.065796
0.109863
-0.055115
0.027557
0.120117
0.032623
-0.091248
-0.072144
-0.050995
-0.005623
-0.054169
-0.084900
0.059967
0.066162
-0.004684
-0.130615
-0.000375
0.046112
0.053802
-0.103638
0.003561
0.011993
-0.030731
0.084900
0.286621
-0.047607
0.058655
0.035797
-0.028671
0.112061
-0.017426
-0.113037
0.111328
0.036926
-0.132568
-0.108337
0.184204
-0.064819
0.017242
-0.144897
0.027740
0.024551
0.067871
0.123718
0.099731
-0.079468
0.100647
0.022308
0.065430
-0.034851
-0.083008
0.060150
0.034851
0.022110
-0.266602
-0.074768
0.078918
0.079468
-0.076477
0.068787
-0.120300
-0.171509
0.126709
-0.002249
0.063354
-0.105530
0.071960
-0.035614
0.031677
0.062622
0.047607
0.122925
-0.028107
-0.127319
-0.123718
-0.077576
0.016098
0.108887
-0.106812
-0.089722
-0.133423
0.001811
-0.110840
-0.000604
0.017105
-0.089966
0.005836
0.038422
0.032410
-0.085083
0.051910
0.021729
-0.020523
0.004227
-0.025955
0.001006
0.066589
-0.001207
-0.166992
0.002012
-0.089966
-0.003822
0.006840
0.083679
-0.032990
0.010666
-0.029785
0.017914
0.074829
0.008453
0.129028
0.011467
-0.124329
-0.072021
-0.113708
-0.060974
0.038422
0.070618
-0.035400
0.045258
-0.022141
-0.042847
0.291260
0.017502
0.078247
0.062164
-0.008049
0.016098
-0.152710
-0.038818
0.015495
0.016495
-0.006035
0.105835
-0.063171
-0.064575
-0.004829
-0.008049
-0.161743
-0.106262
0.054321
-0.004025
0.098389
-0.137573
-0.020523
-0.008652
-0.163818
0.138062
-0.009056
-0.043457
0.169189
-0.049500
-0.074036
0.197754
-0.125366
0.062164
-0.100586
-0.046265
-0.169434
0.217529
0.058350
0.027573
0.037231
0.062164
-0.004829
-0.119934
0.039429
0.175415
-0.025558
-0.136475
-0.014687
0.022537
0.068787
0.108887
-0.159302
0.169189
0.062164
0.128540
0.097778
0.051697
0.103027
0.057343
-0.085510
-0.045258
0.008850
-0.140991
-0.001207
-0.105225
-0.052124
0.099182
0.004829
-0.008652
0.006035
0.070251
-0.075073
0.009460
0.040833
0.011673
0.027771
0.213257
-0.077271
-0.148926
0.040649
0.134399
0.036346
-0.048401
0.085083
0.099731
-0.060608
-0.027374
0.004887
-0.101990
0.008965
-0.060272
0.047729
0.090759
-0.025742
0.159302
-0.011566
-0.063049
-0.104614
-0.066467
-0.116150
0.058167
0.040253
-0.039093
-0.022980
-0.042023
-0.119568
-0.045776
0.021011
-0.007008
0.042542
0.290527
-0.072205
-0.065674
-0.024109
-0.038452
0.103943
-0.045624
0.048553
0.020691
-0.027206
0.043030
-0.044006
0.059479
-0.086548
-0.050995
0.018738
-0.014503
0.051483
0.074951
0.152954
0.051147
0.110657
-0.061920
-0.017441
-0.113098
0.038605
-0.007980
0.074463
0.023468
-0.007496
0.038116
0.118469
0.013039
0.029648
-0.101990
-0.017593
0.182373
0.254150
-0.091431
0.189331
0.286133
-0.137573
0.036011
0.039429
0.007820
0.044983
0.039764
0.038788
0.106384
0.005215
-0.126465
-0.042023
-0.062561
-0.017929
-0.081604
-0.036652
-0.006027
0.152832
-0.003422
-0.044312
0.123169
-0.013359
-0.103943
0.044495
0.034393
-0.011894
-0.111450
0.161621
0.036835
-0.140747
-0.020203
-0.038788
0.027542
0.054260
-0.062866
0.064209
-0.046753
0.004726
-0.012222
-0.003260
-0.048553
-0.117126
-0.050354
0.130981
-0.044647
-0.008965
0.019882
0.060455
0.033722
-0.072693
-0.109497
0.309814
-0.110291
-0.093872
-0.034393
0.024109
0.000000
-0.149048
-0.102966
-0.000000
-0.035828
-0.000546
-0.093811
-0.108154
-0.018539
0.127686
0.023270
-0.069458
0.020721
0.000546
-0.011818
-0.068542
0.257080
0.014725
0.058533
-0.062347
0.010727
0.012543
-0.049438
0.003090
0.015991
-0.039459
-0.019089
0.084717
0.035278
-0.032349
0.057098
-0.019455
-0.085815
-0.021271
0.010178
0.005455
-0.027817
-0.082153
0.185425
0.056183
-0.000182
0.160400
0.030914
-0.037079
0.008362
-0.004181
-0.122375
-0.010544
-0.062347
0.054535
-0.126343
0.069824
-0.000546
0.066162
0.083069
0.066711
-0.069458
-0.065796
-0.032349
-0.066528
0.025452
0.047821
-0.082886
-0.028183
-0.020905
-0.172363
0.019821
-0.019272
-0.032715
-0.161743
0.080750
0.008911
0.016357
0.013451
-0.212036
-0.015640
0.003090
0.071838
0.110168
0.067078
0.185791
0.120361
0.035461
0.215820
-0.006363
0.141113
0.164917
0.028183
0.090149
0.056000
-0.069275
0.032349
-0.245483
0.020905
0.158569
0.139771
0.092163
-0.050537
-0.086182
-0.023453
-0.196167
-0.147095
-0.079834
-0.015823
0.036713
0.149414
0.012909
-0.040009
0.015274
0.020538
-0.128540
-0.042358
-0.052917
0.047455
0.149658
0.023453
-0.042175
0.182739
0.062927
-0.076904
-0.114563
0.195679
0.089478
-0.064331
0.003998
0.001091
0.055817
0.075623
-0.096191
0.041992
0.091614
-0.009727
0.045746
0.126831
0.175415
-0.013069
-0.017471
0.072510
0.051971
0.007446
0.028107
-0.051971
0.167114
-0.029785
-0.098450
-0.031158
-0.037231
0.070374
0.117004
-0.088867
-0.048615
0.026291
-0.124023
0.049377
-0.019302
-0.205078
0.034943
-0.101685
-0.076416
0.018387
-0.158936
-0.019302
0.141479
-0.035400
-0.245728
-0.046356
-0.021881
-0.063354
-0.030548
0.030548
0.044830
-0.103760
-0.076599
0.011703
0.033569
-0.042084
0.008659
-0.007904
0.291260
0.066711
0.031464
0.009270
0.094238
-0.030853
0.103638
-0.013832
0.023712
0.048767
-0.005928
0.000456
-0.011551
0.043610
0.053497
0.010330
0.143433
-0.046814
-0.188721
-0.112122
0.241333
0.081604
-0.264160
0.109436
-0.042542
-0.028259
-0.047119
0.046051
-0.049835
-0.180786
0.026138
0.013069
0.030701
-0.021576
0.066833
-0.069580
0.168945
0.147705
-0.025528
-0.027054
-0.033417
0.102112
-0.140747
0.008965
-0.049072
-0.049683
-0.033569
-0.013977
0.021881
-0.050903
0.009422
-0.032379
0.121399
-0.023254
-0.003799
0.026443
-0.002279
0.136108
0.042236
-0.058502
-0.018234
0.009727
-0.013832
-0.089661
-0.032074
-0.034027
-0.104370
0.188477
0.026291
-0.016571
0.071899
-0.069885
-0.180054
0.072815
0.017776
0.011551
0.063354
0.039215
0.027954
-0.069458
0.107422
0.077759
-0.133423
0.125244
-0.125854
0.008217
-0.320557
-0.111572
0.039062
-0.032867
-0.004017
-0.095703
0.056061
0.068848
0.054779
-0.009499
0.062073
0.018997
0.000548
0.159058
0.039429
-0.080872
-0.020264
-0.028854
0.055145
0.104248
0.000365
0.029953
0.027573
0.011322
-0.008583
0.000365
-0.138916
-0.029770
-0.212158
0.002556
0.010406
0.018082
0.178711
0.129150
-0.078491
0.030304
-0.049652
0.168701
-0.127441
-0.004383
-0.179443
-0.029770
0.001096
-0.022278
0.022278
-0.061890
-0.005112
-0.003103
-0.002556
-0.009499
-0.020996
0.086914
-0.057159
0.016617
0.035614
0.015701
-0.025742
-0.112854
0.017349
0.000183
0.055878
-0.027023
-0.011505
0.015701
-0.006390
0.137329
-0.119812
0.024292
0.015884
-0.071411
0.057892
0.123413
0.152466
0.221924
-0.123047
-0.094421
0.025192
0.018448
-0.032318
-0.066833
0.015701
0.020813
0.075073
-0.004566
-0.137695
0.051117
-0.009674
-0.012054
-0.104431
-0.044189
0.084351
-0.001461
0.001461
-0.054047
0.094421
0.042542
0.165649
0.193970
0.063721
0.124695
-0.040710
-0.015701
-0.148804
-0.134399
-0.108826
0.008583
-0.049469
0.016251
-0.142456
-0.238281
-0.074158
0.018814
-0.023193
-0.119995
-0.095154
0.088928
0.080139
-0.065735
0.001826
-0.099670
0.084900
0.046204
0.075256
