shape: [b:1, f:1, x:256, y:64, z:1, w:1, u:1, v:1, g:1] (count: 16384, addr: 0xffffaaad5730d600, original format: bfyx)
0.001038
-0.004955
-0.007202
0.012482
-0.000405
-0.000899
0.002563
0.001440
-0.019150
-0.026749
0.006180
-0.024353
-0.000501
-0.000246
-0.005249
-0.001657
-0.000886
-0.000208
-0.003027
0.000964
0.000912
0.000707
-0.004555
0.002052
-0.004246
-0.010513
-0.001723
-0.000080
-0.020340
0.006466
-0.002340
0.000007
0.015045
0.002022
-0.003559
-0.010361
-0.002197
-0.004421
-0.001134
-0.001498
0.003359
0.000397
-0.005314
0.005989
-0.010017
-0.016479
0.001427
-0.019608
-0.011612
0.027481
0.002552
-0.001669
0.007519
0.000079
0.005772
0.002441
0.000934
0.001946
0.004189
0.004532
0.004517
-0.001297
0.001410
-0.000739
0.000295
-0.000166
-0.008377
-0.004490
0.042816
-0.005981
-0.001281
0.006813
-0.005199
-0.011841
-0.002176
0.000680
-0.003046
-0.019211
0.004623
-0.002066
0.002687
-0.002930
-0.005009
0.000405
-0.005436
-0.012840
-0.000433
-0.003378
-0.005608
-0.005428
-0.020874
-0.003889
0.003052
0.003511
-0.000463
0.010506
-0.001068
-0.000937
0.000067
0.005203
0.001069
0.012863
-0.002518
0.001517
0.036957
-0.023178
0.005165
0.003288
-0.002293
-0.000414
-0.006386
0.004253
0.000976
-0.006557
0.000163
0.006561
-0.000336
0.000552
0.000080
-0.024063
-0.005505
0.018951
-0.000708
-0.006145
-0.003670
-0.000158
0.003149
-0.015251
-0.005032
-0.009232
0.000102
-0.001597
-0.006321
0.000484
0.009544
-0.004345
0.014626
-0.005547
0.013947
-0.004295
-0.007584
-0.016083
0.007568
-0.011597
-0.017593
-0.010834
0.002274
-0.000357
0.000039
0.009453
0.007046
0.007275
0.001861
0.000015
-0.009552
-0.001757
-0.015915
0.004105
-0.005535
-0.003670
-0.008377
-0.000957
0.005230
-0.006004
0.000348
-0.003895
-0.000665
-0.003368
0.022385
-0.001057
0.002987
-0.000905
0.035309
0.013168
0.001592
0.000224
-0.000081
0.002478
0.013870
0.009140
0.007797
-0.000289
0.008072
0.004265
-0.005383
-0.003220
0.005047
-0.002602
-0.003180
0.001287
0.003487
-0.003967
0.004478
0.000305
0.000647
-0.002792
0.004375
-0.031372
0.000545
0.001550
-0.018082
0.001193
-0.004295
-0.002085
-0.007099
0.025772
0.000795
-0.001945
-0.001966
-0.000237
0.014030
-0.004883
-0.016342
0.001765
0.001023
-0.000357
0.002419
0.003126
0.003143
0.022476
-0.000349
0.012611
-0.002325
-0.000259
-0.000215
0.000979
0.002192
0.000628
0.010246
-0.033752
0.001272
-0.001204
0.002865
-0.002411
0.032562
0.005032
-0.001223
-0.002687
0.001131
0.003782
0.017715
-0.004333
-0.000202
-0.000375
0.008858
0.001766
0.022522
0.004742
-0.020950
-0.005497
-0.029358
-0.000607
0.015221
-0.010170
-0.005085
-0.004234
0.003983
-0.007008
0.009003
0.018402
-0.000229
-0.001530
-0.002108
0.000974
0.013802
-0.003025
0.000902
-0.022919
0.002863
-0.000713
-0.005966
-0.000537
0.000253
-0.001788
0.012985
-0.000934
0.002945
0.001541
-0.005146
0.002525
-0.002958
0.013817
-0.012581
0.000047
-0.000663
0.006668
0.008041
-0.000000
-0.000438
0.002998
0.002413
-0.012001
0.041351
0.004601
-0.000057
0.019623
-0.017914
-0.025848
-0.002476
-0.002928
-0.003452
-0.014267
0.014496
-0.008224
0.000145
-0.005230
0.004009
0.002567
-0.011887
0.006302
0.002895
0.016495
-0.000629
-0.006489
0.009880
-0.000806
0.009743
0.000274
0.003811
0.002937
0.002234
-0.002010
0.013603
0.004604
-0.007801
-0.008255
-0.001485
-0.039917
0.000455
0.016800
-0.004326
-0.003574
-0.003986
-0.010086
0.003838
0.002617
-0.003187
0.019608
-0.003746
-0.009171
-0.000844
-0.000560
0.000157
0.022125
-0.013283
-0.020767
-0.008400
-0.021439
0.011055
0.016891
-0.001236
-0.009003
0.002491
0.001630
-0.009575
0.006580
-0.001399
-0.007214
0.000146
-0.000813
0.002609
0.001542
0.009506
-0.000235
0.000649
-0.000996
-0.007061
0.007652
-0.003830
-0.004791
0.000143
-0.004711
0.002497
-0.001267
0.001369
0.006401
-0.001014
-0.014977
-0.001091
-0.003794
-0.018845
-0.000019
-0.003077
0.008606
0.000399
0.010300
0.001421
0.000425
0.013824
-0.000326
0.002192
0.002007
0.003666
0.015503
0.013130
-0.008240
0.019119
0.023514
-0.004013
-0.001987
-0.017029
0.005013
0.001562
-0.003475
-0.001696
-0.001475
-0.008011
0.005135
-0.006924
-0.000027
-0.027298
0.001099
0.021225
-0.002991
0.019424
0.010620
0.000981
-0.001286
-0.018585
0.003166
-0.000495
0.000729
0.009323
-0.004368
0.010857
0.005737
0.019577
0.000232
0.014183
0.002901
-0.000024
-0.001057
-0.000133
0.002378
0.001149
0.006481
0.016342
0.001143
-0.015427
-0.004490
0.001108
0.015762
-0.001247
-0.000242
-0.000147
0.002260
-0.000376
-0.002470
-0.003021
-0.000556
0.000929
0.000675
-0.009811
0.003836
-0.002678
0.001897
-0.003906
0.002281
0.011307
-0.007656
-0.003273
-0.005394
0.004063
0.000730
-0.011604
-0.000124
0.019409
0.002398
-0.009865
-0.013466
0.000729
-0.004120
0.023788
0.009895
0.011040
0.012764
0.001725
0.000553
0.001265
0.000762
0.000038
-0.004639
0.004227
0.000576
-0.011787
0.018051
0.006519
0.003551
0.000220
-0.001411
-0.006847
0.004105
0.001144
0.004555
0.003094
-0.003147
-0.022797
0.005287
0.000485
-0.000029
0.009064
-0.002640
-0.012932
-0.005051
0.006077
-0.003666
0.003881
0.001974
-0.014145
0.026062
0.015793
0.001503
0.009560
0.006588
-0.003721
0.010735
-0.002138
-0.001288
0.003536
0.000873
0.000558
0.006138
-0.001685
0.011375
0.001242
-0.000448
0.006058
0.002689
0.002199
0.005047
-0.001836
-0.000185
0.001400
0.000440
0.003204
0.002243
0.002251
-0.021454
0.005745
-0.000053
0.004364
0.000780
-0.008713
0.000032
-0.011070
0.001921
-0.004772
0.005020
0.013992
0.011475
-0.001404
0.002842
-0.011307
-0.001197
-0.000350
-0.004948
-0.021667
0.008644
0.005058
0.017365
0.006496
0.021072
-0.001092
0.014633
0.003595
-0.007812
-0.004803
-0.001462
-0.000767
0.022964
0.003550
-0.006954
-0.005394
-0.000930
0.000741
-0.004208
-0.000206
0.001006
-0.015251
-0.001636
0.010643
0.006138
0.000242
-0.010559
0.002817
0.039886
-0.001008
0.002165
0.008774
0.002396
-0.006012
0.001637
-0.003023
-0.003790
0.002344
0.005108
-0.006935
0.007843
0.000486
-0.011871
-0.019226
0.011337
0.010117
-0.015053
-0.000558
0.019623
0.000951
0.006317
-0.001237
0.003956
-0.010681
-0.012520
0.002113
-0.002371
-0.005302
-0.001099
-0.002808
-0.002308
-0.000936
0.001329
-0.006695
0.001385
0.001239
-0.001462
0.000675
0.004459
-0.000083
-0.003050
-0.001186
-0.000452
-0.000411
0.010788
0.005024
0.005119
0.000048
-0.007980
-0.003597
0.000183
0.002916
-0.031525
-0.008568
0.020538
0.001731
0.000101
-0.018616
0.000191
0.023239
-0.000269
-0.008827
-0.048523
0.004379
-0.013184
0.003124
0.043762
-0.005013
-0.010788
-0.004124
-0.003918
-0.004295
-0.001563
-0.000484
-0.000022
0.013268
-0.011635
-0.002199
0.000014
0.004063
0.006268
-0.003481
0.000649
0.018524
-0.005337
0.000320
-0.001149
-0.013443
-0.005692
0.000319
0.002588
0.000607
0.006340
-0.024780
0.003027
-0.005749
0.001136
0.029968
0.001680
-0.009727
0.002073
0.000064
0.008827
0.015121
-0.001726
0.022446
-0.000876
-0.012085
0.012283
-0.004154
0.003811
0.011246
-0.004082
0.001335
-0.001786
0.003736
0.000126
0.001193
-0.002960
-0.002907
0.003801
0.005653
0.008705
-0.000722
-0.002724
0.006218
-0.003843
0.003948
-0.002266
0.002239
-0.006668
-0.001328
-0.016022
-0.018478
-0.000801
0.014732
-0.001762
0.004612
-0.022217
0.000283
-0.022720
0.003937
0.001736
-0.006016
-0.024353
0.001333
0.012543
0.004658
-0.014549
0.000584
-0.007118
-0.006203
0.000098
-0.015091
-0.003088
0.003252
-0.003548
-0.003321
-0.003824
0.039917
0.005539
-0.000557
0.000537
0.018860
0.000537
-0.015320
0.000817
0.000140
-0.000130
0.005581
-0.006104
-0.010338
-0.003374
-0.000318
0.001189
-0.030991
0.005184
-0.005230
0.000518
0.008881
-0.002739
0.002052
-0.001682
0.011902
-0.007671
0.000586
-0.002419
-0.007412
-0.000245
0.001919
-0.002449
-0.002102
0.020523
0.001748
-0.000154
0.004814
-0.001276
-0.001330
0.001195
0.022125
-0.000941
0.003002
0.002159
0.003628
-0.003874
-0.002497
0.004219
0.012474
-0.000075
-0.035278
-0.002010
0.003777
-0.000049
-0.002123
0.000820
-0.003265
0.000963
0.031174
0.005939
-0.000463
0.022034
0.003567
-0.006996
-0.000353
-0.006332
-0.016983
-0.003551
-0.004627
-0.012650
0.002266
-0.002104
-0.010063
0.000180
-0.006844
-0.012383
0.000652
0.001296
0.000355
0.028702
0.001829
-0.004402
0.008156
-0.001339
0.001777
-0.004944
-0.000234
-0.000260
-0.004204
-0.005390
-0.028717
-0.000481
0.000365
-0.000960
-0.002026
0.030853
-0.004814
0.004459
-0.000584
-0.001710
0.000696
-0.001548
0.004505
0.009315
0.004456
0.003880
-0.012367
0.003033
0.000303
0.001595
0.005669
0.015617
0.008347
-0.016571
0.005791
0.017136
0.000620
-0.005409
-0.001139
-0.002369
-0.003057
0.008003
0.005566
-0.004631
0.000692
0.001371
-0.011887
0.007652
-0.008644
0.003344
-0.013084
0.000487
-0.000351
0.006168
0.004646
0.001862
-0.000760
-0.001991
0.000210
0.000717
-0.002773
-0.015366
-0.004528
0.024506
0.004520
-0.004280
-0.014542
0.001774
0.008751
-0.006641
-0.001950
0.001743
0.000626
0.000161
-0.005703
0.000069
0.022797
0.001572
0.010559
0.026123
0.024002
-0.029037
0.001729
0.018417
-0.002972
-0.010963
0.003595
0.006340
-0.003405
-0.004829
0.001067
-0.003914
-0.002840
-0.007607
0.012466
-0.000073
0.001246
-0.003658
0.019897
0.006622
-0.003757
0.009003
0.004757
-0.002352
0.010681
0.001228
-0.000416
-0.001391
0.006447
0.011681
-0.008636
0.003683
0.019394
0.000982
-0.007343
0.007080
0.007881
0.000523
0.000129
0.001580
0.010452
0.003134
-0.012291
0.000932
-0.001613
0.006271
0.001307
-0.008423
0.001598
-0.000780
0.004036
-0.000614
-0.000114
-0.001313
-0.000478
-0.001693
0.000550
-0.002197
-0.013535
0.003038
-0.002874
0.005104
0.011162
0.000712
-0.009026
-0.002178
0.004696
-0.022873
0.002415
0.012383
-0.001232
0.001970
-0.012505
-0.000863
0.010742
-0.045593
-0.001118
0.010529
0.003481
-0.021927
0.005482
0.022827
0.003286
0.013145
0.004894
-0.008644
-0.000200
0.005581
-0.008385
0.001129
-0.015717
0.019623
0.002903
0.000306
0.000236
0.000034
-0.004097
-0.012596
-0.001060
-0.002741
0.005920
0.000015
-0.025269
0.013313
0.001342
0.000518
0.016907
0.010017
0.028336
-0.002123
-0.011734
-0.018448
0.003868
-0.011780
-0.005787
-0.014786
-0.006721
0.000455
-0.007053
-0.003967
-0.000389
-0.008118
0.000066
-0.004063
0.003571
-0.000658
-0.007111
-0.037476
-0.007427
-0.007717
-0.001380
0.000205
0.003593
0.002048
0.000613
-0.002975
0.024475
0.001230
-0.002850
-0.001592
-0.006367
0.002935
0.003231
0.029663
0.000158
0.000051
0.017532
0.008354
-0.007286
0.000117
-0.035278
-0.004757
0.007149
-0.003868
0.027283
0.001554
0.001436
-0.016953
-0.013290
-0.014427
0.002392
0.004478
-0.002316
0.000506
0.003702
-0.017303
-0.009552
-0.007290
0.006199
0.004433
0.000002
0.002468
0.007729
-0.003592
-0.001037
0.002304
-0.000175
-0.005058
0.009888
0.002022
-0.006271
0.001003
0.000697
-0.000299
0.013031
-0.001707
-0.009621
-0.004017
0.000543
-0.006828
-0.003204
-0.001884
0.007317
-0.002172
-0.002352
0.003241
-0.005020
0.006214
0.005966
-0.007046
-0.009018
0.012711
-0.006264
-0.004246
0.000702
0.004417
0.004559
0.032043
0.005394
-0.009163
-0.004131
-0.009354
-0.002316
-0.009186
0.001445
-0.003283
-0.003790
0.012291
0.001337
0.014793
0.004021
0.001241
-0.012161
-0.026749
0.001723
0.003210
-0.002924
0.000671
-0.002897
-0.004040
-0.004955
-0.000942
0.000965
0.003309
0.002954
-0.001062
-0.000228
-0.005177
-0.004517
-0.008339
0.003344
0.001804
0.009811
0.000248
-0.000137
-0.003590
-0.002439
0.001767
0.001328
-0.001109
0.018051
0.000302
-0.026489
-0.010727
0.004181
0.009270
0.008186
0.006416
0.004799
0.031830
-0.000277
0.003664
0.001403
0.000401
0.004887
0.001682
0.001338
-0.009315
0.001692
0.000395
-0.010780
0.000001
-0.002714
-0.004906
0.016937
-0.002491
-0.004341
-0.010963
0.000210
0.000533
0.010918
-0.004246
0.000987
0.002407
0.006077
0.012505
-0.011871
0.001976
-0.009186
0.000286
-0.002907
0.004807
0.004070
0.001041
0.000327
0.017258
0.003548
0.000825
0.006290
0.001536
0.006424
0.004124
-0.001412
-0.007607
-0.000031
0.005268
0.001938
0.000657
0.003330
0.003067
0.007259
0.003685
0.002405
0.001299
0.010040
-0.002176
0.000272
-0.004108
0.009079
-0.004349
-0.004429
-0.004078
-0.002443
-0.011253
-0.003832
0.003117
-0.032562
0.000688
0.003075
0.002594
0.037079
-0.007168
-0.000006
0.005466
0.000805
-0.011467
0.006664
-0.011765
-0.006462
0.001241
-0.002748
0.013870
0.000905
-0.000355
-0.000605
0.002996
0.002228
-0.028519
0.004063
0.005482
-0.001409
0.001507
-0.006336
-0.000434
-0.000202
-0.003353
-0.004246
-0.002054
0.002090
-0.002548
-0.000219
-0.000350
0.004173
0.006245
0.020920
-0.009720
0.004757
-0.005447
0.003635
0.005314
0.005268
-0.009361
-0.019440
-0.000633
0.005547
0.000895
-0.013115
0.012573
-0.003798
-0.005524
-0.005466
0.000784
0.001841
0.007149
0.001744
-0.000029
-0.002251
0.001485
0.006214
-0.000714
0.002197
-0.021454
-0.006203
0.001295
0.000511
-0.003616
-0.008507
0.003620
-0.000994
-0.000525
0.005856
-0.000092
-0.024490
0.003345
0.004364
-0.000021
0.015121
-0.001111
0.006252
-0.001473
-0.037140
0.018951
-0.000014
0.007374
0.022797
0.005383
-0.001688
0.019760
-0.021713
0.016724
0.000256
0.018143
0.004375
0.018280
-0.011993
-0.007645
-0.004284
0.009430
-0.005302
-0.015671
0.000899
-0.014732
-0.003885
0.005230
-0.009689
0.001453
0.001623
-0.004749
-0.001303
0.000939
0.003300
-0.003025
-0.010620
0.009262
-0.001143
-0.011208
-0.001497
0.009392
-0.002430
0.004749
0.005562
0.005104
-0.012604
0.007664
-0.000728
-0.001169
0.005688
-0.021576
0.007465
0.014839
0.000257
0.016281
-0.013626
0.013512
-0.006050
0.008682
0.009224
0.003536
0.004051
-0.000089
-0.000071
0.014427
0.009102
0.007473
0.001808
0.001625
-0.004726
0.001085
0.023438
-0.018463
-0.022690
-0.001997
0.005974
-0.000817
0.001321
-0.008888
0.004517
0.002274
-0.000647
0.001529
0.001991
0.000504
-0.003126
0.032074
0.003782
-0.000989
0.002466
-0.006424
0.008446
0.000181
0.000953
0.015015
-0.000259
-0.006012
-0.002712
0.000290
0.014320
0.000035
0.005768
-0.011658
-0.008995
0.013626
-0.009567
-0.011284
0.005257
-0.013161
0.002903
-0.002785
-0.002298
0.017639
0.000059
-0.001937
0.000367
-0.004238
0.017990
0.002073
0.010696
-0.000002
-0.021088
0.002176
-0.006725
-0.003849
-0.008591
0.001160
0.007721
0.001340
-0.006962
-0.001343
-0.000072
-0.002283
0.000867
0.005680
0.013237
-0.004246
-0.001561
-0.000656
0.013458
0.004925
0.005173
0.001026
-0.000301
-0.006989
0.004074
-0.003633
0.000844
0.000230
-0.022568
-0.001224
0.002565
0.009399
0.005844
0.008972
-0.001813
-0.000862
0.001420
-0.013084
0.001713
-0.001362
0.002083
-0.000110
-0.002478
-0.005394
-0.001021
0.000653
-0.006016
-0.006054
-0.016296
0.004581
-0.005058
0.000383
-0.002445
0.006435
0.004879
-0.000139
-0.017441
0.002653
0.005371
-0.003241
-0.000794
0.000960
-0.005722
0.007401
-0.004379
0.017349
-0.002359
0.007057
-0.001046
-0.001828
-0.000993
-0.006866
-0.005543
0.001455
0.003807
-0.017456
-0.003828
0.003574
0.001972
-0.002934
-0.005344
0.012108
-0.000479
0.002930
0.008286
0.000057
-0.007568
-0.001888
-0.000318
-0.000163
0.014183
0.002913
0.014107
-0.000933
-0.001045
-0.003544
-0.004513
0.011452
0.005035
-0.008507
0.007736
0.005070
-0.000417
-0.009598
0.000410
0.027969
0.000032
0.001588
0.005398
-0.000353
0.006828
-0.005787
0.004097
0.014244
-0.005013
-0.000929
0.001490
0.000290
-0.000577
-0.017914
0.012344
-0.000938
0.001813
0.002577
-0.005695
0.004761
0.001149
0.018158
-0.011505
-0.000068
-0.001353
-0.005371
-0.000267
-0.000004
0.006603
-0.000618
-0.001491
0.000507
-0.039337
0.001904
0.000911
0.009125
-0.013260
0.016556
-0.004063
0.003519
0.013306
-0.005939
0.008186
0.006969
-0.006012
-0.019104
-0.008728
-0.008362
-0.007378
-0.001243
0.000138
-0.001089
0.000354
-0.001257
-0.003422
0.006790
-0.009087
-0.000162
0.001394
-0.000570
0.001184
-0.001633
-0.004597
-0.003071
0.000209
-0.005264
-0.001438
0.011993
0.000962
-0.030014
0.001302
-0.006836
0.002214
0.004169
-0.003254
0.004318
-0.001285
-0.005966
0.001744
-0.002581
0.003305
-0.009636
0.000138
-0.011253
-0.005276
0.010239
0.003325
-0.001760
-0.008484
0.009933
0.001280
0.000151
0.001134
-0.004684
0.001349
0.006481
-0.003489
0.014435
0.000591
-0.000753
0.006550
0.018707
0.006168
-0.000058
-0.006855
-0.000093
-0.000817
-0.004269
-0.001432
-0.005287
-0.000157
-0.006237
0.000247
0.000311
0.000998
0.006535
0.005356
0.012169
0.005314
0.010551
0.012413
-0.001249
-0.006859
0.012848
-0.006405
0.007164
-0.000445
0.000580
0.034698
-0.000354
-0.033752
-0.024200
-0.005783
-0.012650
-0.019455
0.000590
0.021683
0.019699
0.002882
-0.005634
0.009804
-0.018936
-0.001179
-0.002586
-0.000592
-0.008118
-0.017212
0.009521
-0.009048
-0.000071
0.001046
-0.005276
0.002136
0.002552
-0.034729
-0.001348
0.001888
-0.001506
0.021423
0.000116
-0.000361
0.011597
-0.001488
0.004753
-0.011299
0.005745
0.011940
-0.001571
0.028336
0.005226
-0.005371
-0.002636
-0.000047
0.001616
0.007221
-0.021545
-0.020966
0.001827
0.002996
-0.000654
0.003304
-0.019928
-0.003519
0.007465
0.001959
-0.002165
-0.004013
-0.003208
0.003662
-0.000392
-0.000760
0.002022
-0.004025
0.019119
-0.002645
-0.001972
-0.010910
0.000674
0.008766
-0.000316
0.002083
-0.018372
0.001287
0.019241
-0.002953
-0.000068
-0.014816
-0.001961
-0.002876
0.017029
-0.000148
0.002413
-0.007393
-0.022339
0.002718
-0.008224
0.005814
-0.006950
-0.001009
0.003038
-0.001391
-0.006973
0.000947
-0.000221
-0.011742
0.012245
0.007530
0.008179
0.000175
-0.000400
0.029755
-0.022339
0.000115
-0.001831
0.004654
0.001180
0.015167
0.007587
-0.000475
0.000765
0.001121
0.000312
0.013039
0.002598
0.005421
-0.003515
0.008209
-0.002787
0.001219
-0.003105
0.016876
-0.000405
0.002451
-0.016800
-0.004055
0.013031
-0.001034
0.003393
-0.001548
-0.001709
-0.003941
-0.061859
0.000861
-0.012451
-0.000062
-0.000070
-0.007851
0.000919
0.000431
0.007286
0.003719
-0.000149
0.001516
0.003454
0.006992
0.001141
-0.000208
0.005501
-0.009697
0.000058
0.027359
-0.000971
0.002413
0.000018
0.007374
0.003475
0.002010
-0.001746
-0.009438
0.000964
0.000832
0.027252
-0.048615
-0.001773
0.008888
0.013077
-0.014214
0.010109
-0.015701
-0.010048
0.008621
-0.010406
-0.004898
0.010490
0.000395
0.001481
-0.000310
-0.004749
-0.000284
-0.012810
-0.002581
0.003159
-0.001847
-0.001106
0.000214
-0.001405
-0.000360
0.001510
0.003693
-0.000719
0.014534
0.010452
-0.000554
0.028015
0.000416
-0.000399
-0.009392
0.003349
-0.002382
0.011421
-0.004726
0.005199
0.001255
-0.004074
-0.000671
0.018768
-0.014160
0.015396
-0.000362
-0.004559
0.005466
-0.031128
0.000751
0.020142
-0.010567
0.006603
-0.000423
-0.006653
0.002287
0.003826
0.008423
-0.006981
0.005577
0.007793
0.000453
0.000669
0.008713
-0.009270
-0.001597
-0.000463
-0.015022
-0.002735
0.002501
-0.011406
0.001601
0.009857
0.000076
-0.005901
0.001054
0.000534
-0.001782
-0.006832
-0.009804
-0.016571
0.007027
0.005657
0.001888
-0.000612
0.003878
-0.003130
0.007099
0.004749
-0.000258
-0.000938
-0.011543
0.001378
-0.008331
-0.008041
-0.011879
-0.029343
-0.003504
-0.000959
-0.000438
-0.046173
-0.007011
-0.009933
-0.006947
0.026779
-0.005798
-0.001092
-0.000823
0.005978
-0.007286
0.007286
0.002426
-0.000047
0.002729
0.011322
0.010223
-0.004501
-0.006069
-0.010727
-0.003012
-0.001573
-0.007317
0.011414
-0.001109
0.009064
0.004025
-0.001991
-0.003588
0.002050
0.022354
-0.000504
-0.001904
0.010818
0.011040
0.002094
-0.000532
0.002464
-0.003754
-0.001179
0.006836
-0.000249
-0.002180
0.003775
0.010681
-0.005276
-0.003300
0.000427
0.000036
-0.001948
0.001304
0.004314
-0.006107
-0.004944
-0.000298
0.001080
0.009407
0.005157
0.001250
-0.000515
-0.003595
-0.004856
0.000260
-0.001125
-0.005051
0.015930
0.002199
0.003399
-0.008308
-0.000962
0.016830
0.002407
0.004021
0.028336
-0.000069
-0.000856
-0.003239
0.007145
0.006805
-0.007935
-0.000120
-0.002846
0.001456
0.009537
-0.000914
0.007412
-0.003122
0.000739
-0.000360
0.011719
0.009346
0.008606
0.000644
-0.004326
0.010078
-0.010895
-0.000721
-0.003378
0.007038
-0.002037
0.006306
0.003347
-0.000228
-0.001194
-0.002407
0.003925
0.007637
-0.000665
0.008400
-0.004887
0.007225
0.005470
0.002249
0.037170
0.004318
-0.002142
0.000746
-0.008804
0.002014
-0.013390
-0.000524
-0.000262
-0.005348
-0.000667
0.004299
-0.030228
-0.008415
-0.018539
0.000879
0.000421
-0.009422
0.000223
-0.000114
-0.008163
0.004192
-0.001208
0.000600
0.000715
0.005859
-0.001986
0.001038
0.014183
0.001267
-0.000018
-0.004452
0.003483
0.014519
0.000068
0.011856
-0.000230
0.001162
-0.009430
-0.037628
-0.007843
0.000989
-0.002649
-0.012787
0.014732
0.004566
0.010658
-0.007935
-0.001135
-0.000235
0.008987
-0.011513
0.009460
0.003290
-0.018158
0.011139
0.003910
-0.001626
-0.005100
-0.000252
-0.003183
0.003960
-0.003771
0.005733
-0.000028
0.000908
-0.000159
0.000772
0.002834
-0.003494
-0.000844
0.012505
-0.002293
0.001077
0.024704
-0.001535
-0.015099
0.001088
-0.002367
0.000883
0.001963
-0.004013
-0.002512
-0.003349
0.005596
-0.007050
0.003078
0.006153
-0.002159
0.000415
-0.005497
-0.015915
-0.004295
0.003016
0.003447
-0.005539
0.000170
0.000441
0.009659
0.001048
-0.009277
-0.001284
0.003622
0.001327
-0.001215
0.000773
0.001228
0.007538
0.015625
-0.014595
-0.001538
0.010223
0.000651
0.006775
-0.011871
0.002050
0.003746
-0.000078
-0.000142
-0.002411
0.000134
0.000525
0.033844
0.000156
0.017410
-0.000063
-0.000322
-0.018814
0.001001
-0.000512
0.006721
-0.001429
-0.010384
-0.003523
0.000745
-0.004738
0.000391
0.029678
0.014252
0.008568
0.029037
0.019241
-0.037933
-0.019745
0.022446
0.007679
0.005188
0.016739
-0.014847
-0.002388
-0.002657
0.000667
-0.000001
-0.011505
0.003845
-0.017059
-0.000045
-0.003454
0.009514
-0.002289
0.000392
-0.002106
-0.020126
-0.004471
0.000632
-0.004761
0.000536
-0.000741
0.006954
-0.005917
0.000831
0.011055
0.004185
-0.001602
-0.001785
0.036041
-0.005489
-0.000654
0.002663
-0.000045
-0.000583
0.001834
0.010170
0.004295
-0.000841
0.032166
-0.002892
0.003408
0.001462
0.000060
-0.009056
-0.001058
-0.001638
-0.002357
0.001534
-0.004974
0.001121
-0.000146
-0.003492
-0.016800
0.011024
0.000236
0.000813
0.006290
-0.002974
0.009552
-0.000103
-0.001534
0.004311
-0.001068
0.009209
-0.004936
-0.000063
-0.009171
0.004662
0.032593
0.026016
0.002029
0.016708
0.008743
0.002096
0.004894
0.014236
0.002642
0.003582
0.014008
-0.003199
-0.000715
0.006966
-0.001834
-0.002192
0.008286
0.005459
-0.006645
0.000937
-0.000048
0.004040
0.043182
-0.003756
-0.001601
0.000251
-0.003620
-0.000702
0.043030
-0.008629
0.000107
0.000739
0.010414
0.000524
-0.014374
-0.001561
-0.001569
-0.011719
-0.001594
-0.009407
0.000053
-0.020798
0.010643
-0.003283
0.004063
-0.000704
-0.000822
-0.021149
-0.003597
0.002296
0.002893
0.001978
-0.000933
-0.016190
0.000974
-0.021835
0.002708
-0.000560
0.003437
0.000168
0.000494
-0.005474
-0.020462
0.000386
0.001487
0.000731
-0.002172
0.000251
0.004547
-0.020279
-0.000215
0.000001
-0.029160
-0.007187
-0.014397
-0.000063
-0.005726
-0.002943
0.000613
-0.003544
0.059174
0.002705
0.000014
-0.027237
-0.048767
-0.004063
-0.001915
-0.000041
-0.014671
0.029022
-0.006981
0.001738
-0.006161
-0.017288
-0.000469
-0.011917
0.006989
0.008408
-0.002705
0.009552
0.001057
0.009636
-0.001060
0.001972
-0.016510
0.001492
0.000586
-0.001607
0.000016
-0.001589
0.030136
-0.001447
-0.032227
-0.011795
0.000104
-0.001403
0.001210
-0.018509
0.004616
0.000661
-0.000405
-0.001007
-0.003391
0.002834
-0.006996
0.009018
0.001145
-0.000172
0.019318
0.001607
0.000830
0.004051
-0.015717
0.008949
-0.014114
-0.017761
-0.003004
-0.010155
-0.001397
-0.008148
0.001132
-0.003843
-0.017853
-0.003983
-0.006813
-0.009254
0.005085
-0.000403
0.002518
-0.011154
-0.005573
-0.000559
-0.000420
-0.000635
0.002892
-0.013542
-0.000808
0.007763
-0.000248
-0.000003
0.000653
0.001021
-0.003197
0.040985
0.003307
0.025711
0.002708
-0.012718
0.003300
-0.002485
0.000451
-0.000237
-0.002840
0.033539
0.000566
0.000650
-0.006550
0.000114
0.014824
-0.003315
0.002401
-0.014114
-0.005459
0.008049
-0.002829
0.008125
0.005650
-0.013077
-0.007153
0.015839
0.001533
0.001740
-0.000989
0.002390
0.001811
-0.003628
-0.004135
-0.000029
0.008522
0.015793
-0.019592
-0.001563
-0.006401
0.019272
0.001552
0.000387
0.009682
0.001522
0.000358
0.003904
0.000060
-0.000438
-0.003300
0.002865
-0.008423
0.000814
-0.006958
0.004936
-0.003330
0.001369
0.000178
0.000839
-0.009499
-0.004848
-0.000133
-0.002054
-0.008163
-0.002514
0.000704
-0.017822
-0.004196
0.018341
0.001270
-0.001192
-0.000652
-0.002697
0.002319
0.000881
0.000605
-0.000861
0.016754
0.007324
-0.000047
0.002954
0.002436
0.002201
-0.009781
-0.002895
-0.005550
0.006744
0.008171
0.002085
-0.013641
-0.000170
-0.027496
-0.003000
-0.001736
-0.025070
-0.000123
-0.013153
-0.001925
0.000351
0.005844
0.004879
0.002686
-0.012138
-0.005730
-0.007160
0.000403
-0.002899
0.000538
0.000516
0.000379
-0.009735
-0.005493
-0.015457
-0.003719
-0.001208
0.021942
-0.004608
0.000445
-0.002096
-0.008850
-0.001708
0.032471
0.009003
-0.000394
0.001561
0.005497
-0.002676
0.009605
-0.004505
0.006771
-0.008774
0.010017
-0.001538
0.000944
0.002705
0.004162
0.001301
-0.004963
-0.000630
-0.005322
-0.035583
-0.004047
0.001465
0.001484
-0.001246
-0.036774
-0.006096
-0.007004
-0.010147
0.001928
0.000875
0.011299
-0.000741
0.000456
0.002121
-0.009186
-0.000460
0.000188
-0.000914
0.004719
-0.005451
-0.000408
0.005543
0.012314
-0.000002
-0.039825
0.002546
0.011658
0.000067
0.019165
-0.003359
-0.015991
0.003424
0.026642
-0.007114
-0.000724
0.001383
-0.035400
-0.008118
-0.002325
-0.000576
-0.004425
-0.002903
-0.008347
0.006058
0.023865
0.017227
-0.000536
-0.004147
-0.022003
0.005001
0.000046
0.007759
-0.000804
0.002937
0.004326
-0.002363
0.010048
-0.000986
0.004925
-0.001821
-0.000733
0.001501
-0.006554
-0.000303
-0.010757
0.029160
0.001608
-0.015656
-0.000864
-0.006744
0.005001
0.001893
0.004154
-0.001092
0.007519
-0.009201
-0.003153
0.005489
0.000636
-0.024338
-0.003149
-0.001675
-0.000946
-0.003378
-0.013481
-0.009895
0.004292
-0.004402
0.006973
0.002977
0.000440
0.005726
0.000026
-0.000518
0.000601
0.006542
-0.002592
0.001902
0.003756
0.002041
0.001544
0.003925
0.003571
0.001495
0.011696
0.001096
0.005291
0.009941
-0.004818
0.002436
-0.000032
-0.000537
-0.003309
-0.000473
-0.000028
0.039795
-0.000554
0.011726
-0.008545
-0.019058
-0.014740
-0.000426
0.001234
0.005138
0.003164
-0.005928
-0.001817
-0.000890
0.003513
0.000371
0.021210
0.002377
0.007286
-0.030243
-0.009148
0.005348
-0.024490
-0.003496
0.002123
0.016785
-0.008942
-0.002710
-0.002186
0.002369
-0.000311
-0.005737
0.002623
-0.003588
-0.007660
-0.000058
0.022964
0.000790
0.011238
-0.004063
0.025742
0.010765
-0.001485
0.001319
0.009842
-0.007927
0.000019
-0.000506
0.006386
0.009056
0.012230
0.005783
-0.034027
0.000385
0.018005
0.005875
0.005070
0.001576
0.000002
-0.007404
0.003632
-0.001822
0.020233
0.001191
0.001384
-0.000253
-0.006088
-0.002712
-0.004543
0.002968
-0.003216
-0.002602
-0.002268
-0.005894
-0.005562
-0.005566
-0.001804
-0.000042
-0.008743
-0.001127
0.000675
0.004639
0.002693
0.001789
-0.006840
0.002213
-0.000014
-0.018234
-0.001509
0.002510
0.007671
0.000403
-0.007076
0.000587
-0.004333
0.005043
0.001027
-0.002949
-0.003933
-0.001940
-0.004620
-0.002493
0.003286
-0.010750
0.009743
0.007256
-0.000566
0.004345
0.004215
0.000160
-0.001603
-0.002544
-0.002174
0.005775
-0.000386
-0.003702
-0.001465
0.002235
-0.000502
-0.004166
-0.015274
0.000075
-0.027374
-0.001805
-0.000812
-0.000006
0.006165
0.001458
-0.019501
-0.002768
0.001940
0.003660
-0.023483
0.016968
-0.002962
0.021683
-0.012741
0.001637
-0.004215
0.010315
0.004097
0.003674
-0.001248
0.001147
-0.000736
-0.000809
0.026825
-0.030441
0.002134
-0.008995
-0.003286
0.001249
-0.017685
-0.002146
-0.002731
-0.009636
0.006233
0.000623
0.000523
-0.003498
-0.008514
0.000100
0.001158
-0.000949
0.002516
-0.000049
-0.011055
0.004932
-0.012222
0.000079
0.018723
-0.002150
-0.003578
-0.006645
-0.043213
0.002199
0.000159
-0.004604
0.014542
-0.003412
-0.000267
0.000537
0.020050
0.001763
-0.012856
-0.001361
0.006416
0.007050
-0.000766
-0.006367
-0.016983
-0.005836
-0.003355
-0.008339
0.000751
-0.005993
0.007797
-0.001776
0.011375
0.001101
-0.002977
0.000557
0.000998
0.000417
-0.001966
0.003855
-0.023056
0.007172
-0.001003
0.017426
0.000398
-0.036102
0.006367
-0.001590
-0.000634
0.006256
0.005611
-0.004265
-0.000460
-0.006718
0.001760
0.007866
-0.014992
0.014748
0.000285
0.002207
0.001365
0.005203
-0.009682
-0.013702
0.002327
-0.009415
-0.000094
0.006641
0.000547
0.007202
0.014694
0.003519
-0.005924
0.008087
-0.002283
0.000311
-0.004177
-0.004665
0.023254
-0.002682
-0.010948
0.000761
-0.005150
-0.000005
0.004082
0.004169
-0.000617
-0.003601
0.004879
-0.000228
0.004311
-0.008018
-0.004601
-0.031647
0.001175
-0.005360
-0.023010
-0.001784
0.002537
-0.016464
0.001610
0.010895
-0.001526
0.000222
-0.004349
0.000071
0.002701
0.006340
0.006676
0.008095
0.011734
0.012718
0.032501
0.004414
0.003080
0.014885
0.000893
0.002434
-0.006607
-0.001728
-0.000389
-0.006069
-0.001926
-0.001313
-0.005356
0.000040
0.018814
0.014366
-0.007095
-0.005032
0.019577
0.001307
-0.005932
-0.000922
0.009224
0.003918
-0.002058
0.001348
0.004517
-0.004196
0.005356
0.000753
0.000204
0.000543
0.021973
-0.024933
-0.001704
0.005024
0.000143
0.003412
-0.014343
0.001200
-0.014000
-0.000272
-0.009995
-0.005211
-0.001443
0.000302
-0.005009
0.003525
-0.003304
-0.001419
-0.002106
-0.003180
0.000583
0.000673
0.000773
-0.004677
0.015358
-0.015114
0.000751
0.003214
-0.014191
-0.006081
-0.005844
-0.004463
0.003983
0.015114
-0.002096
-0.011978
-0.015038
-0.000638
-0.011711
0.001898
0.042999
-0.006790
-0.000957
0.001234
0.010223
-0.013931
0.005905
-0.008057
-0.004971
0.010048
-0.000701
-0.010208
0.001019
-0.003937
-0.001904
0.000050
-0.012970
0.000697
0.005135
-0.002613
-0.002604
0.001493
-0.006805
-0.010078
-0.001060
-0.000387
0.008293
0.000121
0.008682
0.004879
0.000035
0.000653
0.001842
-0.003498
-0.000524
-0.000212
-0.009094
0.003241
-0.003033
-0.010773
-0.013283
0.014786
0.013618
0.003899
0.014015
-0.006756
-0.002954
-0.017883
-0.002531
0.001942
-0.007156
0.001261
0.015747
-0.016251
-0.002350
0.013329
0.002163
-0.000069
-0.018463
0.001796
-0.000385
-0.004498
-0.020645
0.000327
0.001593
-0.000993
0.005817
0.003136
-0.001397
0.025146
0.002058
0.000020
0.025146
-0.006187
-0.007683
0.000071
-0.018066
0.003986
-0.007820
-0.001401
0.022690
-0.014999
-0.000102
0.010635
-0.006458
-0.011620
-0.000985
-0.007458
-0.005505
-0.010010
0.009148
-0.016129
-0.008324
0.004734
0.001115
-0.002485
-0.000501
-0.002943
0.009026
0.024948
0.000083
0.013908
-0.000068
-0.007828
0.011490
-0.001153
0.000183
-0.000155
0.000722
-0.000772
0.009933
-0.006874
-0.031372
-0.021118
-0.000318
0.011452
0.005535
0.013527
0.004868
-0.007507
-0.000873
-0.003353
0.006596
-0.007950
0.001647
-0.006439
0.001335
-0.006527
-0.009293
0.013725
-0.000430
-0.022263
-0.005173
0.002449
-0.000981
-0.016769
0.003366
0.005421
-0.000200
0.011978
0.001015
-0.003197
0.002365
0.006298
-0.001225
-0.002903
-0.000403
0.001611
-0.003910
0.008987
0.000120
-0.001147
-0.004021
0.000610
0.010384
-0.008003
0.002003
-0.000433
-0.000746
-0.006027
0.000036
-0.000268
-0.000984
-0.011864
0.006630
-0.009666
0.004910
-0.017365
0.003782
-0.000996
-0.004658
0.006851
-0.009636
-0.002174
0.001465
-0.000729
-0.003925
-0.000916
-0.006489
-0.002279
-0.000268
0.002840
-0.020081
-0.019257
0.009224
0.012077
0.001195
-0.009926
-0.008659
0.011909
0.000894
-0.001434
-0.001074
0.002855
0.001788
-0.012581
-0.012047
0.000055
-0.001529
0.014427
0.015747
-0.001841
0.001798
0.010284
0.000470
-0.000782
-0.015823
-0.001529
0.000165
-0.000990
-0.008842
0.007095
-0.008095
0.006405
0.017578
-0.000201
-0.006054
-0.012062
0.006001
0.002514
-0.000089
0.005856
-0.008850
-0.010040
0.006283
-0.000189
-0.023819
0.004208
0.001392
0.005947
-0.002157
0.009453
0.001192
0.000652
0.008835
0.009033
0.001617
-0.003103
-0.000870
0.004284
0.000544
-0.004780
-0.000772
0.003502
-0.016068
-0.004650
-0.008774
-0.002237
0.002584
-0.006172
-0.013077
0.000090
0.002501
-0.000235
0.012878
0.006657
0.001198
0.012077
-0.000260
-0.002680
0.008209
0.002186
0.007240
0.007229
-0.004192
-0.004978
-0.004288
0.003382
-0.000878
-0.012398
-0.000317
-0.000603
-0.004902
-0.000320
0.004971
-0.005402
-0.002371
0.003256
-0.015518
-0.008469
0.000547
-0.000822
0.000246
0.001965
0.009193
0.008476
0.000041
-0.000647
0.006535
-0.003595
-0.001180
0.003002
0.018295
-0.012184
0.005142
0.005745
0.000850
-0.020844
0.001591
-0.001605
-0.000092
0.001777
0.001576
0.023117
0.000827
-0.001899
0.000480
0.000363
-0.014740
0.050751
0.000158
0.010262
0.002291
-0.000529
-0.012344
0.000032
-0.000241
0.008987
0.002024
0.000265
0.000238
0.001875
-0.000549
-0.000289
-0.002214
0.015686
0.014069
0.000041
0.016159
-0.000145
0.018158
0.000066
-0.022354
-0.005573
0.002798
-0.006954
-0.024872
-0.020767
-0.000100
0.011047
-0.003603
0.000986
0.005703
-0.003561
0.015083
-0.007206
-0.000465
-0.018753
0.012535
-0.000344
-0.000335
-0.008690
-0.013885
0.003681
-0.000061
-0.012619
-0.001009
0.001957
-0.000834
0.000197
0.004143
-0.000191
-0.000566
-0.002234
-0.000062
-0.000259
0.017059
0.004135
0.002481
-0.001163
0.000690
0.015915
-0.000692
0.001974
0.008476
0.005131
0.008316
-0.009712
-0.004921
-0.002829
-0.001751
0.001337
0.005711
0.006447
-0.002098
0.000582
0.000218
-0.006695
0.010414
-0.020035
0.004128
-0.012924
-0.018356
0.013817
-0.000974
-0.007294
-0.000498
0.008598
0.004684
-0.005810
-0.004707
-0.001080
-0.007568
-0.001047
-0.001196
0.009819
-0.009544
-0.000563
-0.022079
0.001427
0.003716
-0.001972
-0.001165
-0.005016
-0.000664
-0.000702
-0.004059
0.001132
-0.001135
0.037048
0.004070
-0.003799
-0.000808
-0.013435
-0.021759
0.002138
0.005775
0.011406
-0.002239
0.009315
-0.003048
0.000234
-0.012436
0.000542
0.011406
-0.000058
-0.000967
-0.020905
-0.025116
0.033264
0.003183
0.003056
-0.003811
-0.005394
0.008476
-0.011475
-0.000372
0.002611
-0.001364
0.008820
-0.000917
0.006695
-0.002039
0.000023
0.037445
0.016663
0.004139
0.009354
-0.001046
0.004169
-0.000236
-0.000810
-0.019730
0.001697
-0.000077
0.011139
-0.004211
0.003599
-0.001501
-0.001033
0.015778
-0.000592
-0.005096
-0.000044
0.006840
0.000075
-0.000216
-0.004597
-0.002485
-0.005955
-0.028046
-0.000552
0.010880
0.004951
-0.003929
0.001041
-0.001511
-0.001532
-0.000355
0.000048
-0.003477
0.016098
-0.001128
-0.000629
0.001294
-0.001645
0.030914
0.000005
-0.001562
-0.002186
0.000318
0.001053
0.015808
-0.001256
0.010674
-0.013512
-0.002945
0.008469
0.013245
0.000871
0.017899
-0.010765
-0.035736
-0.018250
-0.000000
0.006115
0.006432
-0.018005
-0.000468
-0.024323
-0.004307
-0.009018
-0.004986
-0.012642
-0.001329
-0.002600
0.002920
-0.001491
0.002203
0.013969
0.001319
-0.002230
-0.002211
-0.001453
0.016708
-0.001123
0.000144
-0.002722
-0.001559
0.000791
-0.012909
-0.004517
0.000822
0.000175
-0.013672
0.000533
0.010941
-0.011024
-0.005787
0.004845
0.004730
0.008492
0.014168
-0.025681
-0.011017
-0.002798
-0.001149
0.002701
0.006779
0.013123
-0.001137
-0.001661
-0.000721
0.000258
-0.011299
0.021317
-0.005226
-0.007359
0.002363
0.000724
-0.000730
0.002098
0.001042
-0.000535
0.011528
0.000813
-0.000333
0.002016
0.002005
-0.001630
-0.000257
-0.000673
0.015747
-0.000013
-0.010056
0.002201
-0.001230
-0.000054
-0.009819
0.004723
0.005714
-0.008369
0.057495
-0.006950
0.001343
0.003529
-0.034607
-0.004150
-0.000560
-0.002241
-0.003307
-0.007446
0.004391
0.007240
0.014450
-0.018936
0.009560
0.018890
-0.003645
-0.003345
0.003500
-0.001397
-0.000459
-0.013336
0.003075
0.002338
0.004852
0.000455
-0.000317
-0.000460
-0.001157
0.001970
0.008484
-0.008926
0.027069
0.004654
-0.002182
0.017502
0.003458
-0.026123
0.009590
0.001627
-0.003595
0.007683
0.005516
0.006104
-0.003464
0.007648
-0.000382
0.001597
0.012596
0.003372
0.000389
-0.012451
0.009293
-0.002165
-0.001906
0.006222
-0.008751
-0.012161
-0.001866
-0.001366
0.001347
0.007187
-0.008156
0.001154
0.002840
-0.005470
-0.000176
-0.001608
0.029083
-0.004925
0.005657
0.000817
0.010994
-0.000408
0.002447
-0.002537
-0.007607
-0.003263
-0.000351
0.002399
-0.000651
-0.000525
0.003700
0.019547
0.008194
0.012413
0.005203
-0.007782
-0.002468
0.001884
-0.004059
0.010704
0.001818
0.003321
-0.000840
0.000371
-0.015823
-0.000343
0.032654
-0.009987
-0.018234
0.017548
-0.002155
0.013435
0.007694
-0.024902
0.001934
-0.006603
0.008537
-0.013435
0.001098
-0.000342
-0.000021
0.008713
0.005630
-0.006218
-0.001672
0.000004
-0.005905
-0.000257
-0.018143
-0.000782
-0.004101
-0.000040
0.005726
-0.000016
-0.014748
0.009857
-0.000224
0.004280
-0.000934
0.028793
-0.002581
-0.007195
0.009087
-0.001482
0.005428
-0.010399
-0.007626
0.003494
0.000544
-0.000353
-0.006989
-0.013557
-0.010353
0.001892
0.004230
0.008987
-0.000657
-0.009918
0.002571
-0.004333
-0.000244
0.002569
0.002230
0.004536
0.003717
-0.001456
0.000954
-0.000765
-0.024750
-0.000472
-0.000655
0.003130
0.006596
-0.001136
-0.017731
0.004040
-0.002989
0.023010
-0.010468
-0.002285
-0.029678
-0.001401
-0.000831
-0.006142
-0.025253
-0.040710
-0.001223
-0.014145
0.002117
-0.014900
0.005352
0.020081
-0.000299
0.008591
0.000400
-0.006401
-0.001530
0.001369
0.000409
-0.000982
0.011627
-0.006714
0.003126
0.004875
0.001778
0.006386
-0.022781
0.001041
0.000692
-0.002869
-0.004372
-0.001564
0.000397
-0.009506
-0.000055
-0.000450
0.004715
-0.005997
-0.002718
-0.001056
0.000894
-0.001748
0.004734
0.001030
0.008011
0.011879
-0.017899
-0.002468
-0.001010
0.004375
0.006042
-0.006577
-0.001613
0.001890
0.002832
-0.001561
0.015114
-0.018082
-0.004009
-0.025284
-0.002083
0.000814
0.003469
-0.000455
-0.000491
-0.008324
0.008804
0.000311
0.002483
-0.002726
-0.003010
-0.002798
-0.002710
-0.007790
-0.013458
-0.000104
-0.005680
-0.002029
-0.000601
-0.000065
-0.017441
-0.002741
0.005238
-0.000758
-0.021774
-0.005241
0.000396
-0.025177
0.002491
-0.016846
0.002590
-0.007896
0.001618
0.014221
0.001108
0.010696
-0.002747
0.014862
-0.004372
-0.008698
0.001794
-0.012192
0.001060
-0.007179
-0.002909
-0.001647
-0.000019
0.004086
-0.012314
-0.000998
-0.003647
0.001331
0.000881
0.000899
0.011917
0.001759
0.034698
-0.000114
-0.001336
0.009079
-0.003876
0.012085
0.001562
-0.002131
-0.001599
-0.000741
-0.007587
-0.000386
0.003866
-0.004185
0.000070
0.002037
-0.008781
0.014771
-0.000034
0.008270
0.001386
0.002424
0.015778
-0.003134
-0.021957
-0.015144
-0.000449
-0.003483
-0.002666
-0.004215
-0.011436
-0.024521
0.000883
-0.000217
-0.003929
-0.000125
-0.011726
-0.007351
-0.021179
-0.001442
-0.008659
-0.001931
0.007027
0.003134
0.000093
0.001815
-0.000562
-0.002569
0.001225
0.000542
-0.002102
0.049713
0.007252
-0.001043
0.005482
-0.012924
-0.014336
-0.000089
-0.006020
0.004215
0.000348
0.010864
-0.001455
-0.000807
0.016907
-0.001456
0.023804
-0.004513
-0.004566
0.001456
0.024857
0.017502
-0.010315
0.010506
0.002239
0.024872
-0.001770
-0.005524
0.002985
0.000309
-0.000085
-0.002096
-0.002295
-0.005127
-0.003887
0.000051
-0.009605
0.001177
0.000919
0.009621
0.005959
-0.001578
0.004288
-0.001029
-0.007614
-0.004463
-0.001525
0.012627
-0.008751
-0.006313
-0.021027
-0.000041
-0.004478
-0.000512
0.021072
-0.010338
0.007973
-0.002113
0.000109
0.000518
0.003225
0.019531
0.007587
-0.000867
0.005787
0.001700
-0.004532
0.002691
-0.001853
-0.002851
0.000339
-0.000776
-0.000937
0.001907
0.003242
0.000307
0.002077
0.001042
0.027710
-0.001984
-0.001862
0.000996
0.017670
0.002821
-0.004177
0.008430
0.004047
0.009041
0.003645
0.001888
-0.006771
-0.000586
0.008598
0.005508
0.013802
0.025925
-0.000964
0.009956
-0.006416
-0.005199
0.008369
-0.026642
-0.000257
-0.004005
0.003248
0.017258
-0.000643
0.001302
0.009758
-0.001113
0.004742
-0.001893
0.000640
-0.015656
-0.006695
0.000992
-0.002138
-0.025299
-0.000950
-0.004261
0.003077
-0.003241
-0.005753
0.001531
-0.000664
-0.000178
-0.003683
0.006031
0.001098
0.006596
0.008194
-0.007889
0.002319
0.001164
0.009003
-0.005939
-0.007919
0.001052
0.007507
-0.002089
0.004501
-0.002850
-0.002045
-0.004841
0.002441
-0.000925
0.003708
-0.022598
0.001353
-0.002630
0.001384
-0.000632
0.017319
-0.003656
0.000421
0.004074
0.023621
-0.000669
0.002525
0.003479
-0.002905
-0.005642
-0.000277
-0.012596
-0.005264
-0.000001
0.003246
-0.007687
-0.016342
0.000104
-0.023331
0.000838
-0.001396
0.005920
-0.027985
-0.009743
0.000313
0.007412
0.015511
0.013565
0.005028
-0.015884
0.007664
-0.020737
-0.009956
-0.010735
-0.001193
-0.004471
0.006512
-0.008125
-0.005184
0.002945
0.004395
0.007599
0.001692
-0.035950
0.001502
0.001963
-0.010109
-0.001289
-0.003193
0.000113
-0.000304
-0.000397
-0.007664
-0.004471
0.053223
-0.019806
0.000793
-0.016998
0.002291
0.035675
0.003656
-0.003956
0.005547
0.004589
0.002096
0.004692
0.002726
-0.004402
-0.001049
-0.001431
-0.002474
0.001412
0.000246
-0.012016
-0.010498
0.018799
0.000753
-0.015617
0.013184
0.004185
0.000881
0.014679
0.001595
-0.001377
0.003109
0.000849
0.001043
0.010864
0.005047
-0.000504
-0.023895
-0.007835
-0.001404
0.005161
-0.003052
0.000022
-0.005081
0.003656
-0.003006
0.003220
0.000764
0.000998
0.000990
0.000589
-0.004257
-0.010513
0.005825
0.000227
-0.002766
-0.010712
-0.014160
-0.001109
0.000148
-0.005180
0.004375
0.024323
0.000170
-0.001155
-0.013199
-0.000448
0.000673
-0.002214
0.010483
-0.020874
0.009338
-0.024399
-0.029022
-0.000422
0.001947
0.015686
-0.010796
-0.005299
-0.000689
-0.001595
-0.000285
-0.001609
0.007866
-0.007256
-0.005398
0.000029
0.023712
0.007896
-0.011520
-0.002357
0.003914
-0.000195
-0.001377
-0.001898
-0.013390
0.012558
0.000135
-0.013748
-0.001285
-0.008224
0.003021
-0.004921
0.012123
0.000295
0.003956
0.001355
-0.008301
-0.000087
0.000078
0.007561
-0.004997
0.005783
-0.008781
-0.001026
0.019928
0.006840
0.004162
-0.006805
-0.003834
-0.006660
0.000499
-0.001982
-0.002300
0.001812
-0.000599
-0.001946
-0.000912
-0.002281
-0.001521
-0.004868
-0.000640
-0.002419
0.016113
0.006531
0.002331
0.001382
0.000013
-0.041718
-0.002235
-0.006702
-0.006035
0.001134
0.001224
-0.004257
0.006241
0.008362
0.000537
-0.003990
0.001441
0.003620
-0.005825
-0.027603
0.006886
0.001918
-0.001640
-0.003351
0.001976
0.004017
0.009132
0.000301
0.009155
-0.001282
-0.002689
-0.031158
0.002192
-0.002522
-0.009567
0.002808
0.000866
-0.000124
0.005150
0.002117
-0.000989
0.003057
0.000884
-0.001067
-0.005112
0.000802
-0.007851
-0.010155
0.003891
0.002222
0.001357
-0.005424
0.004818
0.005657
0.005795
0.003099
-0.001704
0.016327
-0.002075
-0.002962
0.005512
0.001766
-0.008064
0.000348
0.010193
0.029251
0.005825
-0.025162
0.003456
-0.000363
-0.003174
0.000139
0.002897
-0.021423
0.010765
0.000461
0.002439
-0.005619
-0.004055
-0.004211
-0.000881
-0.002502
0.001564
0.000036
0.040466
-0.000728
0.009323
-0.000012
-0.000598
-0.001432
0.004955
-0.011284
0.046661
-0.002399
0.000155
-0.015793
-0.005219
-0.000008
-0.000268
0.007114
0.010948
0.001463
-0.010307
-0.005684
-0.005836
0.001289
0.003395
-0.004898
-0.007187
0.002531
0.004501
0.007244
0.001598
0.014824
0.000991
0.000782
-0.005280
-0.001142
-0.000543
-0.002945
-0.000529
0.000507
-0.019180
-0.000360
-0.022308
-0.014877
0.001090
-0.004532
-0.000120
-0.000723
0.000887
0.000917
0.000740
-0.001710
0.004070
0.004799
0.002357
-0.005112
0.005508
-0.011208
0.013992
-0.012001
-0.000256
0.014015
-0.015030
-0.006817
-0.016296
0.014519
0.001354
0.006153
0.000993
-0.010864
-0.000796
-0.002272
-0.013130
-0.003403
-0.001409
0.009140
-0.004314
-0.000880
-0.006348
0.003485
-0.007267
-0.000150
0.021744
-0.000629
-0.002516
-0.008392
-0.002214
0.000323
0.000033
0.003471
-0.002935
0.001247
0.006416
0.034119
-0.003019
-0.008858
0.003975
-0.005959
-0.012604
-0.000383
0.004128
0.021500
-0.007980
-0.009224
-0.003151
0.001701
-0.019241
0.000541
0.004826
-0.007820
-0.002741
0.022095
0.005680
-0.017517
-0.021698
-0.009727
0.007298
0.005791
0.005527
0.013115
0.002655
-0.001698
-0.000115
0.000899
0.003181
-0.002275
0.007851
-0.000004
0.006599
-0.003365
-0.005875
-0.006916
0.030182
-0.001162
0.003508
-0.002260
-0.019485
0.001137
0.001172
0.001066
0.007130
-0.001852
-0.004852
0.005035
0.019836
-0.000350
-0.011940
-0.016251
-0.011086
-0.000685
0.000315
0.003998
-0.000603
0.002579
-0.014839
-0.000127
-0.002754
-0.004879
-0.005402
-0.008812
-0.008385
-0.008881
-0.000954
-0.000216
0.002789
-0.000015
0.003901
0.002863
0.002640
-0.004967
-0.011391
0.000568
0.000402
-0.002306
0.013359
-0.003235
0.012222
0.002697
0.001056
-0.020905
0.003019
-0.008270
-0.005878
-0.000484
-0.006954
-0.001559
0.028488
-0.026321
0.001280
0.012619
0.003490
0.023468
-0.000499
0.049225
0.000401
-0.012566
0.002052
0.009666
-0.000152
-0.000793
-0.009911
0.001600
-0.007252
-0.019058
0.002134
0.006428
0.001520
-0.000754
-0.014366
0.011627
0.000605
-0.000946
0.005917
0.000824
0.027039
-0.007851
-0.000194
-0.000605
0.002769
0.005112
0.001785
0.008331
0.010666
-0.003645
-0.004879
-0.000093
0.013382
-0.011406
0.005642
-0.000333
0.007133
0.020416
-0.007366
-0.015991
-0.000935
-0.001062
-0.000875
0.001413
-0.001903
0.012733
-0.001832
0.000112
-0.000631
-0.000095
0.003754
-0.000137
-0.001216
0.011635
0.003399
-0.000294
0.001419
-0.000669
0.020111
-0.006344
-0.002703
0.003731
0.004684
-0.000100
0.059906
0.008133
0.000474
-0.000027
-0.015167
-0.000164
0.002104
-0.000589
0.046173
-0.006413
-0.000261
-0.013237
-0.015701
0.000741
-0.006840
-0.006096
-0.018066
-0.005424
-0.005077
-0.002377
-0.001905
-0.012733
0.004559
0.004051
0.006260
-0.002716
-0.001681
0.003883
-0.000834
-0.001107
0.003090
-0.003325
0.007385
0.000356
-0.001565
-0.000408
0.000578
0.000296
-0.006504
0.001402
0.030731
-0.001813
-0.000086
-0.005116
0.000390
-0.003477
-0.003033
0.002113
0.002998
-0.001140
-0.013008
0.000776
0.006943
-0.003077
-0.000969
0.010170
0.003386
0.007622
0.000068
0.011787
-0.018204
0.023376
0.005566
-0.036102
-0.000390
0.006863
-0.000096
-0.010414
-0.001714
0.014107
0.005371
0.002508
-0.000480
0.000725
0.004650
-0.000937
-0.001951
0.021866
0.001842
-0.000971
0.008858
-0.001606
-0.001351
-0.004105
0.008820
-0.002203
-0.000159
-0.001696
0.004623
0.000163
0.001216
-0.013710
-0.000423
-0.008530
0.009209
0.008476
-0.001708
0.000653
-0.001232
-0.005997
0.007099
0.005215
0.000478
-0.000824
0.026276
-0.000755
0.007721
0.003736
0.006496
-0.048981
-0.016022
0.005806
0.026993
0.031067
0.000026
-0.007324
-0.003555
-0.009758
-0.002777
-0.000592
0.001148
-0.002464
0.009857
0.006458
0.009430
-0.000002
-0.027054
0.011497
0.014870
-0.001813
-0.015213
0.014526
0.007534
0.001692
0.006279
0.002470
0.000082
-0.013550
0.006081
-0.012627
-0.009628
-0.007233
-0.010910
-0.000461
0.027634
-0.005024
0.004055
-0.001323
0.000359
-0.002882
0.001051
-0.007244
-0.001537
0.003124
0.004833
0.000051
0.007996
-0.001822
-0.003250
-0.004509
-0.002504
0.001012
-0.003178
0.004280
0.007629
0.001251
-0.001834
0.001294
0.011276
0.008324
0.000183
0.002144
0.001179
-0.004639
-0.001330
-0.000343
-0.002172
0.020096
-0.000225
0.005009
0.004608
0.003166
0.003380
-0.000815
0.026230
0.013519
-0.001464
-0.003830
-0.000632
-0.002411
-0.003933
-0.025833
0.004204
-0.006687
-0.001774
-0.008148
0.000359
-0.012352
-0.012505
0.001041
0.006107
0.001689
-0.005310
0.001415
-0.001221
-0.003328
-0.031921
0.002222
0.000459
-0.007137
-0.004295
0.004086
-0.010719
0.000753
0.000429
-0.000582
0.023926
0.003853
-0.015427
-0.001283
0.004761
-0.010094
-0.004017
-0.001054
-0.004227
0.020035
-0.006828
0.007687
-0.001255
0.009453
-0.002539
-0.013924
0.000479
0.000390
-0.001461
-0.000791
0.017929
0.011208
0.003593
0.005356
-0.000590
0.000578
0.002392
0.001212
-0.001863
0.008911
-0.015625
-0.001116
-0.000296
-0.002987
-0.009186
-0.002911
-0.002796
-0.016113
0.004303
0.000004
-0.013275
-0.000308
-0.019562
-0.000052
0.022003
0.003654
0.002926
0.001644
0.015297
-0.003139
0.000815
-0.010399
0.002632
-0.009232
-0.004505
-0.000318
-0.005741
-0.014374
0.006447
0.016556
-0.014702
-0.006886
0.006008
0.000475
0.001095
0.005512
-0.002350
0.003645
0.000188
-0.009552
-0.001409
-0.002651
0.019287
0.000324
-0.002001
0.001927
0.000546
-0.001255
0.007652
0.000467
-0.013985
-0.013466
0.000857
-0.006615
-0.000823
0.016922
0.003296
-0.000019
-0.004951
-0.000199
0.014191
-0.000769
0.000821
0.001965
-0.000485
-0.004280
-0.001479
-0.018402
0.000135
0.003214
0.010567
-0.020477
-0.002083
-0.012711
0.000343
-0.013054
0.000723
0.007435
-0.000512
-0.010742
0.009827
0.006508
0.006397
-0.005444
-0.001816
-0.000260
-0.002304
-0.003399
-0.013260
-0.000462
-0.011986
-0.002272
0.003790
0.007771
0.000724
-0.004444
0.000152
-0.001710
-0.001568
0.000934
-0.002983
-0.004871
0.000397
0.000742
0.005932
0.010376
0.006317
0.000167
-0.006550
0.010246
-0.013153
-0.001034
-0.003176
0.000632
0.016464
0.001358
0.021027
-0.005150
0.004814
-0.020203
0.036621
0.003767
0.012207
0.028152
-0.004215
-0.009277
-0.002901
0.020370
-0.006905
0.003014
-0.000089
-0.003036
-0.008667
-0.005917
0.009018
0.000008
-0.025955
0.001598
0.014565
-0.000306
0.022079
0.008347
0.000793
-0.003359
0.000489
0.004688
0.000994
-0.002243
-0.003727
-0.010162
0.012634
0.003633
0.019165
-0.000922
-0.036377
-0.019226
0.005959
0.000518
-0.000145
0.003353
-0.008926
0.006275
0.030212
-0.000699
0.002617
0.000514
0.008858
0.001995
-0.009651
0.004852
0.004299
0.002678
-0.001319
-0.013268
0.001749
-0.003197
-0.000207
0.001308
-0.017014
0.004017
0.000774
-0.000595
-0.005573
-0.001243
0.000210
0.000115
-0.000585
-0.010590
-0.011574
0.010918
-0.001158
-0.000515
0.008537
-0.000675
0.000158
0.025146
0.000359
-0.002733
-0.008621
0.005978
0.000194
-0.032043
0.001598
0.000887
-0.012321
0.009834
0.000507
-0.004025
-0.013908
-0.000676
-0.013077
-0.021866
-0.000941
0.022781
0.000975
-0.002323
0.009033
0.013885
-0.000160
-0.000430
-0.011429
-0.001473
0.021927
0.004723
0.000178
-0.000127
0.000800
-0.002241
0.011017
0.000550
-0.018524
0.007740
0.015144
-0.009712
0.017380
0.029724
-0.030014
-0.002939
-0.000938
0.030060
0.001722
0.015488
-0.000236
-0.003012
-0.001502
0.000843
-0.006123
-0.030869
0.001166
0.017242
0.000772
0.000639
0.001871
-0.001081
-0.000090
-0.002815
-0.003557
0.000287
-0.002253
0.002750
0.005337
-0.001054
-0.003101
-0.000782
-0.006462
-0.000043
-0.031082
-0.007038
-0.005112
0.000053
-0.023392
0.001534
0.005337
-0.002071
-0.017990
0.016449
-0.000151
0.021606
-0.021149
0.019547
-0.000314
-0.007881
-0.005642
-0.011726
0.012497
0.004833
0.014221
-0.003279
-0.002108
-0.008545
-0.028793
-0.009117
0.001061
0.007072
0.003340
-0.035706
-0.004276
0.004723
0.004761
0.000318
-0.003862
-0.003077
0.000339
-0.001023
-0.015388
-0.005302
0.029663
-0.004379
0.000178
-0.032074
0.000863
-0.011566
-0.001117
-0.007259
-0.003611
-0.001133
-0.000836
-0.004757
0.004578
-0.000039
0.001486
-0.003141
-0.024460
-0.007812
0.000047
0.002344
-0.004681
0.000641
-0.015495
-0.000490
0.007103
-0.003073
0.001098
-0.002462
-0.000203
-0.002678
-0.008865
-0.000063
0.001925
-0.005547
0.001796
0.001524
-0.015121
0.014008
-0.003124
0.000464
0.006088
-0.000402
0.003199
-0.001280
0.006763
-0.001674
-0.000626
-0.001519
-0.000998
0.000309
0.001256
-0.018143
-0.003532
-0.008598
-0.002514
-0.003250
-0.007278
0.001910
-0.000916
0.007740
-0.003998
-0.002954
-0.001909
-0.000266
-0.003218
-0.000678
0.030701
0.002157
0.006840
0.024124
-0.024048
-0.007511
-0.027267
-0.033691
-0.003759
0.018036
0.009872
-0.002068
0.002028
0.000303
0.000341
0.001066
0.016068
-0.003319
-0.009018
0.000033
0.010231
0.004707
0.007305
-0.001968
-0.024811
-0.008316
0.005180
0.000307
0.008568
-0.002993
0.000270
0.000359
0.004322
-0.004940
-0.024750
-0.002867
-0.042511
0.000221
-0.034943
-0.004173
-0.002640
-0.002266
-0.000424
-0.007313
0.000060
0.002529
-0.022308
-0.001181
-0.006390
-0.005970
0.002281
-0.004475
-0.001538
0.016907
-0.001411
0.000710
0.001014
0.008621
-0.000560
-0.002947
-0.001830
-0.001587
-0.021088
-0.012405
-0.001737
0.003366
0.013062
-0.004631
-0.012390
-0.003063
-0.000942
0.025574
-0.000542
-0.001457
-0.002035
0.001299
-0.007874
-0.002041
-0.003384
0.020508
-0.000830
0.009819
-0.001638
0.014648
0.000057
0.006367
-0.000304
0.003187
-0.006462
-0.005486
0.000781
-0.011665
0.004314
-0.000822
0.011169
-0.015106
-0.001978
-0.010017
-0.003021
-0.002684
0.018814
-0.011429
0.001688
-0.000892
-0.000680
0.002848
0.004730
0.003574
0.001263
-0.000364
0.005257
0.000853
-0.017380
-0.001643
-0.021255
0.010582
0.002666
-0.017624
0.000028
-0.006504
-0.003408
0.002810
-0.002029
-0.002644
-0.003162
-0.003338
-0.001188
-0.000067
-0.001113
0.001589
-0.014038
0.032806
0.002266
0.024643
-0.005482
-0.000177
0.016525
0.000567
-0.000748
0.011925
-0.005405
-0.002069
0.001531
-0.001916
0.004581
-0.003036
-0.002296
0.027954
-0.007309
0.000020
0.002615
0.003605
0.008781
-0.000017
-0.025238
0.001276
0.001383
-0.002020
0.025925
-0.000441
-0.000076
-0.022018
0.013664
0.016235
0.000367
0.004147
-0.005947
0.020004
-0.009171
0.016037
-0.005157
0.008865
0.003937
0.005890
-0.003771
0.004295
-0.002439
-0.001309
0.001716
-0.003428
-0.002127
0.004032
-0.013176
0.000028
0.000688
0.000546
0.000034
-0.001600
0.000643
0.001416
-0.020645
0.003532
0.000420
-0.048584
0.001989
0.001445
-0.005730
-0.007504
-0.002693
0.006710
0.000137
-0.004448
-0.001884
0.004036
0.000915
0.000405
0.001271
-0.000092
-0.000265
-0.009949
0.002752
0.018921
0.012314
-0.007942
-0.011421
0.000295
-0.001581
-0.000036
-0.000653
0.001712
0.008522
0.002989
0.005203
-0.001761
0.001449
0.000239
0.011482
0.000589
0.025040
-0.000260
-0.001130
0.001843
-0.004219
-0.002016
0.001805
-0.002018
0.000360
-0.004124
-0.001122
-0.000024
0.001585
0.010597
-0.002983
-0.017792
0.003689
-0.013069
0.009865
-0.000270
-0.002640
0.019577
-0.000526
-0.009636
0.001318
0.001938
0.016998
0.000388
-0.018677
0.003204
0.003283
0.019318
-0.008812
-0.009689
0.006195
0.075684
-0.003763
-0.007519
-0.000080
0.028839
0.001348
0.002001
0.001122
0.005047
0.001382
-0.003860
0.004215
0.000003
0.003510
0.004333
0.013161
0.007195
0.016281
-0.000002
0.001328
-0.000502
0.003622
0.010834
-0.000820
0.000380
-0.001680
-0.005512
-0.001748
0.004196
-0.006283
-0.000128
0.002466
0.006199
-0.008072
0.003269
-0.000100
0.005127
0.006062
0.000890
0.019897
-0.000467
-0.017624
-0.002405
0.000570
-0.000858
0.002930
-0.009552
0.001231
-0.001390
0.000840
-0.015945
0.003412
-0.003050
0.001344
0.006905
0.004257
0.021362
-0.000043
-0.003237
-0.005848
0.004776
-0.021194
0.006756
0.003866
0.000427
-0.003279
-0.002531
-0.023010
0.001937
-0.006752
-0.007591
0.003580
-0.019897
0.000001
0.005013
-0.005875
0.006500
-0.016205
0.020615
-0.001216
0.000022
-0.000561
0.012749
0.001109
-0.000282
0.000910
0.001202
0.035370
0.031143
-0.005909
0.000820
0.001611
-0.000462
-0.004417
-0.008835
-0.000742
-0.003258
0.001497
0.000093
0.040894
0.002617
-0.000044
0.000647
0.011528
-0.005493
-0.005699
0.004517
-0.004257
0.000592
0.016068
0.002615
0.001522
0.007355
-0.005138
0.003744
0.014015
-0.006756
-0.002954
-0.017883
-0.002531
0.001942
-0.007156
0.001261
0.015747
-0.016251
-0.002350
0.013329
0.002163
-0.000069
-0.018463
0.001796
-0.000385
-0.004498
-0.020645
0.000327
0.001593
-0.000993
0.005817
0.003136
-0.001397
0.025146
0.002058
0.000020
0.025146
-0.006187
-0.007683
0.000071
-0.018066
0.003986
-0.007820
-0.001401
0.022690
-0.014999
-0.000102
0.010635
-0.006458
-0.011620
-0.000985
-0.007458
-0.005505
-0.010010
0.009148
-0.016129
-0.008324
0.004734
0.001115
-0.002485
-0.000501
-0.002943
0.009026
0.024948
0.000083
0.013908
-0.000068
-0.007828
0.011490
-0.001153
0.000183
-0.000155
0.000722
-0.000772
0.009933
-0.006874
-0.031372
-0.021118
-0.000318
0.011452
0.005535
0.013527
0.004868
-0.007507
-0.000873
-0.003353
0.006596
-0.007950
0.001647
-0.006439
0.001335
-0.006527
-0.009293
0.013725
-0.000430
-0.022263
-0.005173
0.002449
-0.000981
-0.016769
0.003366
0.005421
-0.000200
0.011978
0.001015
-0.003197
0.002365
0.006298
-0.001225
-0.002903
-0.000403
0.001611
-0.003910
0.008987
0.000120
-0.001147
-0.004021
0.000610
0.010384
-0.008003
0.002003
-0.000433
-0.000746
-0.006027
0.000036
-0.000268
-0.000984
-0.011864
0.006630
-0.009666
0.004910
-0.017365
0.003782
-0.000996
-0.004658
0.006851
-0.009636
-0.002174
0.001465
-0.000729
-0.003925
-0.000916
-0.006489
-0.002279
-0.000268
0.002840
-0.020081
-0.019257
0.009224
0.012077
0.001195
-0.009926
-0.008659
0.011909
0.000894
-0.001434
-0.001074
0.002855
0.001788
-0.012581
-0.012047
0.000055
-0.001529
0.014427
0.015747
-0.001841
0.001798
0.010284
0.000470
-0.000782
-0.015823
-0.001529
0.000165
-0.000990
-0.008842
0.007095
-0.008095
0.006405
0.017578
-0.000201
-0.006054
-0.012062
0.006001
0.002514
-0.000089
0.005856
-0.008850
-0.010040
0.006283
-0.000189
-0.023819
0.004208
0.001392
0.005947
-0.002157
0.009453
0.001192
0.000652
0.008835
0.009033
0.001617
-0.003103
-0.000870
0.004284
0.000544
-0.004780
-0.000772
0.003502
-0.016068
-0.004650
-0.008774
-0.002237
0.002584
-0.006172
-0.013077
0.000090
0.002501
-0.000235
0.012878
0.006657
0.001198
0.012077
-0.000260
-0.002680
0.008209
0.002186
0.007240
0.007229
-0.004192
-0.004978
-0.004288
0.003382
-0.000878
-0.012398
-0.000317
-0.000603
-0.004902
-0.000320
0.004971
-0.005402
-0.002371
0.003256
-0.015518
-0.008469
0.000547
-0.000822
0.000246
0.001965
0.009193
0.008476
0.000041
-0.000647
0.006535
-0.003595
-0.001180
0.003002
0.018295
-0.012184
0.005142
0.005745
0.000850
-0.020844
0.001591
-0.001605
0.000378
0.008385
-0.016922
-0.006828
0.003721
-0.001605
0.003654
0.000175
0.019974
-0.034668
-0.002640
-0.012749
-0.001972
0.000159
0.010269
-0.001348
0.002193
-0.019562
0.005684
-0.000843
-0.001336
-0.000068
0.007759
0.005913
0.001076
-0.004276
0.008400
0.000030
0.028214
-0.001930
0.012207
-0.000010
0.012505
-0.003618
-0.000898
0.004585
-0.060577
0.007500
-0.000033
-0.005585
0.005001
-0.008957
-0.003139
-0.002031
-0.004616
0.006104
-0.006317
-0.013832
0.000468
0.007782
0.007156
-0.001346
0.026901
0.004330
-0.000191
-0.007351
0.001794
0.011070
-0.001180
-0.009636
-0.002535
0.001868
0.001338
0.001157
0.000280
0.000414
-0.008163
0.001423
-0.008690
-0.002758
0.000087
-0.017792
0.002209
0.017166
-0.003502
0.000217
-0.000062
0.000638
-0.006626
0.001968
0.000807
-0.007881
0.002796
0.008690
-0.000395
-0.007820
-0.000940
-0.032654
-0.005039
0.015495
0.004509
-0.003174
0.000735
-0.003769
0.002663
-0.003828
-0.000313
0.001227
-0.004345
-0.006428
0.001589
0.005993
0.002739
-0.002172
-0.010155
0.006496
0.003542
0.001207
-0.013947
0.001831
0.001524
0.008644
-0.005409
-0.000640
-0.000258
0.000251
-0.001807
-0.000583
0.002647
-0.014366
0.000759
0.025085
0.002710
0.001957
-0.014748
-0.002094
0.002098
0.002987
0.000093
-0.010017
-0.001844
0.000332
0.022964
0.000496
0.033844
-0.004688
0.013626
0.009377
0.039734
-0.013275
-0.023621
-0.036194
-0.003468
-0.001024
0.002739
-0.028214
0.001165
0.001536
0.000339
0.003658
0.004528
0.002003
-0.004814
0.000059
-0.008240
0.003616
0.014893
0.000590
0.018677
-0.013306
-0.002647
0.000239
-0.020813
-0.007385
-0.001028
0.002216
0.006268
0.000793
-0.008560
0.004669
0.003454
-0.000562
-0.009590
0.000807
0.002224
0.000980
-0.000161
0.006832
0.005550
0.000776
-0.001366
-0.000564
0.008301
0.004574
-0.001215
0.012299
-0.010178
0.015099
0.004936
-0.000688
0.000146
-0.003849
-0.006916
-0.000218
0.000293
-0.002558
0.001548
0.008492
0.001072
-0.000605
0.005268
-0.007450
0.004715
-0.000429
-0.003206
0.000105
-0.000779
0.005222
-0.014740
-0.000608
0.008972
0.010666
-0.013565
0.011681
-0.000323
0.014168
0.003836
0.017181
0.020035
-0.008636
0.002275
-0.026001
0.007011
-0.021133
0.000217
0.010857
0.004501
0.000061
0.008385
0.001398
-0.001838
0.007236
-0.002302
-0.001279
0.008644
-0.007446
-0.000052
0.002733
0.014931
-0.000088
-0.010277
-0.004707
-0.001143
0.001032
0.002665
0.005947
0.005344
-0.002630
0.003469
-0.001742
0.003258
-0.006130
0.006195
-0.008545
0.003445
-0.002047
0.003784
0.001264
-0.013100
0.017578
0.001633
0.003242
-0.002892
-0.000526
0.008644
-0.014732
-0.002724
-0.003922
0.004536
-0.000064
0.009964
0.000510
0.000012
-0.004658
0.013268
0.000594
-0.003391
-0.002911
0.004230
-0.003937
-0.003918
-0.022690
-0.005520
-0.000006
0.015991
-0.000243
0.018463
0.000174
0.026810
0.001371
0.002012
-0.006245
-0.025360
0.003782
0.000778
0.002020
-0.005672
0.008423
-0.002172
-0.006329
-0.001301
0.000018
0.011894
0.006912
0.005558
0.015434
0.000758
0.004673
0.001352
0.000206
0.000565
0.006424
0.001886
0.000903
0.004955
-0.008720
-0.007950
0.002356
-0.005169
-0.000180
-0.000181
-0.001278
0.008415
-0.001889
0.007439
0.009865
0.001205
0.013123
0.001350
0.033966
0.000754
0.003902
0.002962
-0.004139
-0.001672
0.000137
0.005672
-0.003483
-0.002785
0.000590
0.013954
0.015411
-0.000301
-0.013618
0.012711
0.005806
-0.006886
0.009972
0.015472
-0.012794
0.000916
-0.007996
0.001853
0.008728
0.001201
0.017181
-0.001618
0.008118
0.012077
0.001461
0.003056
-0.023712
0.020218
-0.000440
0.005173
0.000496
-0.004292
0.000255
-0.002197
-0.000486
0.000824
0.002560
-0.004570
-0.001174
0.001824
-0.010239
-0.005722
0.003845
-0.004436
0.005386
-0.005669
-0.000560
-0.002331
0.009178
0.004230
-0.003862
-0.000846
0.001510
-0.022354
0.001194
-0.017807
-0.004936
0.009903
-0.007233
0.026154
0.006985
0.008018
0.007126
-0.003067
0.005081
0.015625
-0.006134
0.003155
-0.001050
0.000723
0.000989
-0.009102
-0.011971
0.006393
0.000040
-0.003164
-0.013191
-0.013962
0.006912
-0.001090
-0.000027
0.002131
0.001047
0.001235
0.013092
-0.000466
0.005890
-0.003826
0.025558
0.008858
0.007305
0.004036
0.000883
0.033173
-0.003304
0.001959
-0.000432
-0.000134
0.001534
0.001493
0.002111
-0.001327
-0.000341
0.002134
0.001275
0.004765
-0.010284
0.001440
0.002308
-0.001086
0.001884
-0.001972
0.000722
0.000510
0.001812
0.000587
0.000906
0.004894
0.015259
0.001053
0.002726
-0.001440
0.003296
-0.000807
-0.002028
-0.004475
0.023849
0.007435
-0.001265
0.023758
0.000471
0.020264
0.006615
-0.040375
-0.028305
-0.000034
-0.013817
-0.003750
0.000257
-0.008820
0.002439
0.003481
-0.014275
-0.003855
0.021271
0.001210
0.005348
-0.005711
-0.000082
0.000575
-0.010010
0.002666
0.002600
-0.000083
-0.002876
-0.008827
0.000536
0.000926
0.000043
0.001907
0.001493
0.007469
-0.003279
0.000911
-0.000501
0.003281
-0.005760
0.004177
-0.000330
-0.008720
0.002981
0.009712
-0.001019
-0.011688
-0.001398
-0.000687
0.001100
0.001395
0.015526
-0.002169
0.000805
0.000515
-0.004360
0.004269
-0.000314
-0.016434
0.012497
-0.005123
-0.004276
-0.000825
-0.000595
-0.007645
0.002514
0.003078
0.006870
0.008835
0.000308
-0.000913
-0.004623
-0.003979
-0.000473
-0.001657
0.002876
-0.004669
-0.000013
0.009132
-0.002542
-0.000575
0.000032
0.015854
0.001486
-0.010475
0.010529
0.001624
-0.002300
0.001193
0.020386
0.003468
0.019348
0.001520
0.002071
0.014839
0.020584
0.000512
-0.017258
-0.002247
0.013756
0.006168
-0.001322
0.010338
-0.010292
0.002098
0.004025
-0.002405
-0.001882
0.000175
-0.004822
0.011566
0.000570
-0.000380
-0.000352
-0.000396
0.000814
0.007820
0.002464
-0.002728
0.007957
0.000756
0.001861
-0.004559
-0.039215
0.001015
0.001083
0.007793
0.001999
0.006317
0.004498
0.001578
-0.001215
-0.014595
-0.000216
0.013123
0.011284
0.000192
0.015717
0.008797
0.025955
-0.018463
-0.005783
-0.001750
0.003706
-0.002018
-0.001707
-0.000783
-0.009682
0.008278
-0.001060
-0.007317
-0.000281
0.001007
0.000221
0.003868
-0.002338
0.006065
-0.001064
0.009682
0.000811
0.000054
0.003338
-0.000712
-0.004227
0.000333
0.000791
0.000732
-0.000571
0.001207
0.008217
-0.001370
-0.004601
-0.003325
0.012367
-0.000637
-0.000369
0.001265
0.021759
-0.006687
-0.004772
0.004124
-0.000873
0.014038
-0.001110
-0.024643
0.009979
0.001257
0.016022
-0.014206
-0.019485
-0.007301
-0.007610
0.006096
0.008606
-0.030899
-0.017105
-0.001566
-0.003815
-0.000110
-0.002520
-0.007904
0.002428
-0.005203
0.000003
-0.022247
0.009277
0.014214
-0.004456
0.011742
-0.014091
0.003206
-0.000089
-0.016525
0.009781
-0.000170
-0.006111
-0.006477
-0.004204
0.025681
-0.003098
0.014046
0.000216
0.020767
0.003736
0.002253
-0.001242
0.000036
-0.002701
0.001378
0.003267
0.030518
-0.000031
0.005661
-0.003315
0.005497
-0.010254
-0.006187
0.006504
-0.000962
0.000700
-0.001466
-0.002932
0.004303
0.000378
-0.000384
0.000462
-0.018997
-0.019165
0.000787
-0.002773
0.012405
-0.008949
-0.012985
0.001318
-0.003265
-0.017578
-0.017273
0.004692
0.006149
0.002037
0.007572
0.006668
-0.009308
-0.032257
0.000476
0.010223
0.005657
0.019547
0.000642
-0.006962
0.001328
-0.006218
0.012741
-0.003643
-0.000397
-0.011131
-0.000933
0.001111
-0.006580
0.012283
-0.008629
-0.013451
0.003975
-0.003328
-0.023346
-0.010345
-0.001144
0.002544
-0.003164
-0.000775
-0.020462
-0.004707
-0.000153
0.000084
0.010445
0.000725
-0.002417
-0.000403
-0.007431
-0.000773
0.002979
-0.006386
0.015488
-0.014153
0.018707
-0.003153
0.008278
0.008118
-0.009033
0.010780
-0.001073
0.003361
0.002527
0.001820
-0.009140
-0.026352
-0.004375
0.004719
0.003466
0.000002
0.000194
0.000119
-0.001027
-0.001307
-0.000626
0.000946
0.002457
-0.001490
0.003370
0.001559
-0.000904
0.011581
0.004852
0.000009
-0.006630
-0.002907
-0.011101
0.000088
-0.011536
0.001453
-0.011711
0.009483
-0.053986
-0.008446
0.000469
-0.013313
-0.005116
0.000918
-0.000502
-0.006264
-0.019897
-0.007565
0.008194
-0.013054
-0.008072
-0.018356
0.006165
-0.001278
-0.013290
0.005150
-0.003098
0.007645
-0.000617
0.001182
-0.003265
-0.001839
0.017456
0.001328
0.001703
-0.005814
-0.000392
0.000805
0.004768
-0.001542
0.009094
-0.002705
-0.000749
0.014198
0.003254
-0.003283
-0.002481
-0.000770
-0.000910
0.008842
0.000794
-0.006138
-0.006371
0.001557
0.001590
0.014290
-0.016266
0.012695
-0.000504
0.003052
0.021957
0.006588
0.027740
-0.013077
-0.001505
0.002199
0.000393
-0.003376
0.000322
-0.000823
-0.001496
0.012634
-0.002562
-0.003084
-0.003784
0.000821
-0.012581
-0.001280
-0.006111
0.000683
0.015762
-0.001970
-0.007710
0.008110
0.000934
-0.001473
0.001212
-0.005550
-0.002934
-0.000626
-0.001218
0.002680
-0.009560
-0.006912
0.005241
-0.004711
0.004826
-0.000159
0.002199
-0.027771
-0.010231
0.012230
0.000396
0.000293
0.003132
-0.000122
-0.002459
-0.007717
-0.001898
0.029083
-0.019821
0.011864
-0.016830
0.010612
0.005974
-0.001965
0.001106
-0.011246
0.001848
0.000740
0.000096
-0.004986
0.009827
-0.002262
-0.008194
-0.000090
0.012764
-0.008255
-0.010590
0.002073
0.013329
0.001511
-0.003351
-0.001367
-0.012131
0.000630
-0.000315
-0.001531
-0.010887
-0.005497
0.028015
0.000646
0.006432
-0.001635
0.014786
0.015198
0.005825
-0.002403
-0.000005
0.001710
0.005249
-0.000998
-0.002745
-0.001143
-0.000963
-0.004726
-0.004765
0.010063
0.001181
0.008926
0.001807
0.000192
-0.000585
-0.007881
-0.007702
0.004147
-0.002747
0.000467
0.002520
-0.014603
-0.001166
0.001410
-0.016968
0.007175
-0.002647
0.000569
0.002552
-0.035553
-0.007957
-0.004864
0.020172
-0.002609
0.002377
0.000877
0.003784
0.045105
-0.000908
-0.006306
-0.003979
0.012001
0.005653
0.025436
0.004116
-0.000466
0.000838
-0.007137
-0.001319
-0.005047
-0.007404
0.000040
-0.007919
-0.003956
-0.001128
0.017776
-0.000899
0.002962
-0.029572
-0.005817
-0.000524
0.002270
-0.006428
-0.001305
0.030090
-0.004734
-0.000143
0.000234
0.007385
-0.006538
-0.002413
-0.001965
-0.000579
0.008110
0.004951
0.001634
0.004589
0.003534
-0.016571
-0.001569
-0.004772
0.000745
0.005478
0.034760
0.000501
0.000186
-0.000044
-0.000622
0.001496
-0.003811
-0.007393
-0.018051
-0.005142
0.000655
-0.006462
0.000466
-0.000941
0.019455
-0.002884
0.000729
0.000737
0.001721
-0.006149
0.000269
-0.000037
0.004299
0.006256
-0.000043
-0.014839
0.004940
0.010239
-0.000091
-0.002651
0.001836
-0.006847
-0.000655
-0.090942
0.013443
0.001613
0.016296
-0.002846
-0.024567
-0.001140
-0.012138
0.014809
-0.000239
0.007542
-0.009369
-0.021591
0.005692
-0.009338
-0.009750
0.008514
0.004940
0.000273
-0.003347
0.001676
-0.000778
-0.003941
0.003412
0.005157
0.001077
-0.000279
-0.003736
-0.000078
0.000463
0.015007
-0.003819
-0.017517
-0.010902
0.001183
-0.022675
0.002174
0.044769
-0.004868
-0.005455
-0.000845
0.002146
-0.003864
-0.000815
-0.000119
0.001607
0.000404
0.010048
0.011047
0.015282
-0.000525
-0.015396
0.013077
0.003515
-0.012985
0.020279
0.000023
0.001818
0.000570
-0.011002
0.002707
-0.001605
-0.000110
-0.003523
-0.005138
0.003136
0.000539
-0.001463
-0.029694
-0.006142
-0.031982
0.001066
0.008003
-0.002249
0.001281
-0.006935
-0.000115
0.002214
-0.000778
0.011230
-0.001173
0.000265
0.001164
-0.013458
0.002546
0.001936
-0.002354
-0.005386
-0.006817
-0.002193
0.001412
0.007130
-0.003790
0.005119
-0.000169
0.000386
-0.000316
0.000987
0.014870
0.015640
0.010292
0.001530
-0.015388
0.009796
-0.000634
-0.020370
0.004944
-0.004978
0.010025
-0.013237
-0.003511
-0.000587
-0.000775
0.005077
0.016098
-0.002581
-0.007587
0.000012
-0.004124
-0.008804
-0.009743
0.004967
0.009247
0.011467
0.005058
-0.002865
0.010117
-0.007061
-0.000295
0.003220
0.002766
-0.003380
-0.013763
0.003550
-0.041504
0.000402
-0.016663
0.006378
0.005741
-0.002731
-0.000457
0.002638
0.005352
-0.016266
0.002277
0.000074
0.007187
0.003653
0.003464
-0.008614
-0.000150
-0.003868
-0.003445
-0.000211
0.003084
0.003347
0.003386
-0.000845
-0.001334
0.001118
0.007965
0.012428
0.000163
-0.001086
0.004940
-0.000830
-0.007168
0.001986
0.006828
0.013916
-0.006359
0.004471
0.039856
0.000508
-0.001319
0.001653
-0.006687
-0.004330
0.000204
-0.004589
-0.007122
-0.007168
0.014008
0.004040
-0.005798
-0.004158
0.004139
-0.001575
-0.000608
-0.004528
0.005997
-0.000788
-0.007538
-0.035126
0.000623
0.016022
0.002079
-0.000242
0.001612
-0.012161
-0.001017
0.001748
-0.006012
0.000903
0.005989
0.002718
-0.001341
0.000169
0.010330
-0.002522
-0.005692
-0.006348
0.002384
0.006599
0.021103
-0.010040
0.003326
-0.012253
0.005177
0.006214
-0.002192
-0.003986
-0.005898
0.026199
0.000454
-0.000611
-0.000182
-0.000735
-0.008018
0.000039
-0.008118
-0.000322
0.001663
-0.000469
-0.002552
-0.001025
0.000546
0.029190
0.005295
-0.001059
0.000823
-0.003960
-0.007263
0.000366
-0.000697
0.016953
-0.020889
0.000153
-0.029877
-0.003498
0.005440
0.000085
-0.013771
0.000101
0.001571
0.000236
-0.011482
0.007633
-0.000499
-0.000578
0.009071
-0.005653
-0.000405
-0.002531
-0.033844
0.005901
0.002211
0.010033
0.001134
0.025757
-0.005413
0.003109
0.013466
0.002810
0.000180
-0.024094
0.001391
-0.024597
-0.000315
-0.005413
0.006092
-0.000046
-0.003546
0.001412
-0.000118
0.000075
-0.008064
-0.004704
0.011208
0.009026
0.000241
0.016113
-0.002645
-0.013550
-0.007156
0.007626
-0.000951
0.008560
-0.003408
-0.013405
0.004448
0.005550
0.002331
-0.023300
-0.011375
-0.009216
-0.000069
0.001480
0.015343
0.026321
-0.016968
-0.004341
0.002657
-0.009254
-0.002445
0.000381
0.000580
-0.001905
0.006367
0.004406
-0.000013
0.008583
-0.000948
0.000312
0.013176
-0.009888
0.001187
-0.001876
-0.001839
0.001385
0.003899
-0.007927
0.007336
-0.006332
-0.000348
-0.003418
-0.001732
0.000214
0.001354
0.000466
-0.000272
0.011215
-0.005455
0.002293
0.001029
0.000061
-0.009026
-0.007771
-0.006386
0.010818
0.001298
-0.001102
0.004528
-0.000244
0.001123
0.003960
0.004562
-0.021271
-0.010391
0.023941
0.009544
-0.020462
-0.001310
-0.010925
-0.000467
-0.011673
-0.001613
-0.000107
-0.002308
-0.000079
0.012970
-0.001192
0.016281
0.000037
0.000375
0.018021
-0.005917
0.001203
0.000967
0.011497
-0.004623
-0.001426
-0.020416
0.001222
0.000957
0.004517
-0.000406
0.003263
-0.011101
-0.005482
0.005108
0.000627
-0.018677
0.002398
0.007221
-0.000008
-0.000197
0.000859
0.007652
0.002516
0.019730
-0.003099
-0.018646
-0.002634
-0.007221
-0.000570
-0.002485
0.007820
-0.003439
-0.000304
-0.000205
0.000441
-0.002085
-0.003941
0.000015
-0.001315
0.009109
-0.011589
0.000669
-0.004929
0.000304
0.000807
0.004982
0.001532
0.005581
0.013733
0.003155
-0.001349
-0.002573
-0.000316
0.009895
0.004868
0.003136
-0.000567
0.000141
0.006287
-0.002604
-0.008041
0.003803
-0.021957
-0.000422
-0.001598
0.001529
0.006969
0.000719
-0.001519
-0.010071
-0.002138
-0.018555
0.014664
0.000479
-0.029099
0.000311
0.000038
0.013107
-0.004799
-0.001280
0.000984
-0.005844
0.000121
0.031250
0.007435
-0.001052
-0.000287
0.007713
-0.005478
-0.003201
0.001952
-0.006332
0.011162
0.001615
-0.018127
0.013931
0.007160
-0.011589
0.000700
0.004246
0.005524
0.010597
0.013992
-0.000932
0.002264
0.000408
-0.000488
-0.002800
-0.017410
0.001135
-0.018158
0.005367
-0.000550
0.011833
0.001953
0.000514
-0.004341
-0.020706
-0.001320
0.001188
-0.003273
0.007496
-0.001608
0.000741
-0.007214
-0.001942
0.000071
0.011971
0.005783
0.010368
0.000048
-0.023178
0.003645
0.004677
0.005959
-0.000315
-0.007004
-0.000447
0.024918
-0.001910
0.017090
0.000638
0.008476
0.012711
0.000338
-0.001630
-0.005001
-0.014603
-0.015823
0.002419
-0.004505
-0.003906
-0.011223
-0.000129
0.021881
-0.000422
-0.002657
-0.002142
-0.000574
0.008499
-0.004051
-0.001622
0.000905
-0.000432
0.000964
-0.019638
-0.002289
0.014236
0.010620
-0.000305
-0.002108
-0.007034
-0.035156
-0.000896
-0.001592
-0.001639
0.002001
0.004471
-0.008560
0.005280
-0.001071
0.003662
0.008530
-0.011650
-0.014626
0.000067
0.014053
-0.006065
-0.002228
-0.013229
-0.004169
-0.005238
-0.000219
-0.002089
-0.011673
0.000447
-0.016312
-0.022659
0.016342
-0.007896
0.002411
-0.002216
0.002417
-0.007828
0.004162
0.003052
0.002563
0.007572
0.001578
0.008286
-0.001396
-0.007851
0.006813
0.000744
0.003262
-0.000173
-0.000089
0.001551
0.011871
0.008804
-0.000083
-0.004780
0.003180
0.003696
-0.000054
-0.003328
0.003775
-0.003374
-0.010681
-0.000382
-0.001407
-0.009583
-0.000123
-0.013077
-0.009529
-0.006573
0.004776
-0.008049
0.028427
0.008484
0.039124
0.001511
0.003464
-0.009674
0.000245
-0.003315
0.000121
0.000122
0.000301
-0.014389
-0.005581
-0.007298
-0.000018
-0.011093
-0.003952
-0.007751
-0.005703
-0.024704
-0.016998
-0.002640
-0.002277
0.004677
-0.001233
-0.000408
0.008080
0.011261
-0.006660
-0.008148
-0.003733
-0.006721
-0.000068
-0.008514
-0.018143
-0.005970
0.001175
0.000239
-0.002455
0.005623
-0.001312
0.022980
0.000085
0.026352
-0.005859
0.001596
0.001020
-0.004627
-0.012306
0.003716
-0.000386
0.000609
-0.000198
-0.005657
0.000750
0.003172
-0.002903
-0.017349
-0.005291
-0.000496
0.001328
-0.002443
-0.000861
0.005188
0.001330
-0.004082
-0.005550
0.006977
-0.002531
0.005768
0.000333
0.006260
0.006100
-0.004299
-0.015442
0.000814
0.012787
-0.004395
0.027512
-0.010094
-0.004211
-0.003204
-0.001997
0.011101
-0.005310
-0.000291
-0.001893
-0.002434
0.000507
-0.006718
0.010513
-0.001095
-0.010452
0.004349
-0.000100
0.007736
0.013260
-0.000309
0.005611
-0.003517
-0.000625
-0.011398
0.001850
0.000085
0.000009
-0.001117
-0.004608
0.016113
0.003336
0.004341
-0.001369
0.001718
-0.007534
-0.011986
-0.011681
-0.013329
0.003485
-0.002192
-0.003986
-0.005898
0.026199
0.000454
-0.000611
-0.000182
-0.000735
-0.008018
0.000039
-0.008118
-0.000322
0.001663
-0.000469
-0.002552
-0.001025
0.000546
0.029190
0.005295
-0.001059
0.000823
-0.003960
-0.007263
0.000366
-0.000697
0.016953
-0.020889
0.000153
-0.029877
-0.003498
0.005440
0.000085
-0.013771
0.000101
0.001571
0.000236
-0.011482
0.007633
-0.000499
-0.000578
0.009071
-0.005653
-0.000405
-0.002531
-0.033844
0.005901
0.002211
0.010033
0.001134
0.025757
-0.005413
0.003109
0.013466
0.002810
0.000180
-0.024094
0.001391
-0.024597
-0.000315
-0.005413
0.006092
-0.000046
-0.003546
0.001412
-0.000118
0.000075
-0.008064
-0.004704
0.011208
0.009026
0.000241
0.016113
-0.002645
-0.013550
-0.007156
0.007626
-0.000951
0.008560
-0.003408
-0.013405
0.004448
0.005550
0.002331
-0.023300
-0.011375
-0.009216
-0.000069
0.001480
0.015343
0.026321
-0.016968
-0.004341
0.002657
-0.009254
-0.002445
0.000381
0.000580
-0.001905
0.006367
0.004406
-0.000013
0.008583
-0.000948
0.000312
0.013176
-0.009888
0.001187
-0.001876
-0.001839
0.001385
0.003899
-0.007927
0.007336
-0.006332
-0.000348
-0.003418
-0.001732
0.000214
0.001354
0.000466
-0.000272
0.011215
-0.005455
0.002293
0.001029
0.000061
-0.009026
-0.007771
-0.006386
0.010818
0.001298
-0.001102
0.004528
-0.000244
0.001123
0.003960
0.004562
-0.021271
-0.010391
0.023941
0.009544
-0.020462
-0.001310
-0.010925
-0.000467
-0.011673
-0.001613
-0.000107
-0.002308
-0.000079
0.012970
-0.001192
0.016281
0.000037
0.000375
0.018021
-0.005917
0.001203
0.000967
0.011497
-0.004623
-0.001426
-0.020416
0.001222
0.000957
0.004517
-0.000406
0.003263
-0.011101
-0.005482
0.005108
0.000627
-0.018677
0.002398
0.007221
-0.000008
-0.000197
0.000859
0.007652
0.002516
0.019730
-0.003099
-0.018646
-0.002634
-0.007221
-0.000570
-0.002485
0.007820
-0.003439
-0.000304
-0.000205
0.000441
-0.002085
-0.003941
0.000015
-0.001315
0.009109
-0.011589
0.000669
-0.004929
0.000304
0.000807
0.004982
0.001532
0.005581
0.013733
0.003155
-0.001349
-0.002573
-0.000316
0.009895
0.004868
0.003136
-0.000567
0.000141
0.006287
-0.002604
-0.008041
0.003803
-0.021957
-0.000422
-0.001598
0.001529
0.006969
0.000719
-0.001519
-0.010071
-0.002138
-0.018555
0.014664
0.000479
-0.029099
0.000311
0.000038
0.013107
-0.004799
-0.001280
0.000984
-0.005844
0.000121
0.031250
0.007435
-0.001052
-0.000287
0.007713
-0.005478
-0.003201
0.001952
-0.006332
0.011162
0.001615
-0.018127
0.013931
0.007160
-0.011589
0.000700
-0.001403
-0.007904
0.023758
0.008255
-0.001523
-0.002411
0.000083
-0.001111
-0.006676
0.000358
0.001369
0.022827
-0.002733
0.000462
-0.008385
0.000817
-0.000399
-0.016205
-0.018311
-0.001340
0.001493
-0.003405
0.006340
0.001766
-0.000360
0.006145
0.008316
0.000053
-0.008316
0.004055
0.017715
0.000048
-0.021210
0.000696
-0.005383
0.001632
-0.024460
0.001726
-0.001767
0.009651
-0.031677
0.004425
0.000607
0.000355
-0.006508
-0.000899
-0.010468
-0.026016
0.000797
-0.001123
0.006516
-0.003632
-0.012100
0.003256
-0.002098
0.013840
-0.001266
0.001172
0.001051
0.001421
-0.000701
-0.002747
0.002354
0.001242
-0.000554
-0.001247
-0.009369
0.006161
0.024323
0.008408
-0.000769
-0.021973
-0.002308
-0.004509
0.004967
-0.001448
-0.001577
-0.003857
-0.001572
0.004818
0.007668
-0.003645
-0.002586
0.018326
0.004444
-0.001801
-0.000385
-0.004841
-0.005516
-0.011055
-0.021255
0.001303
0.006798
0.004040
0.001257
-0.006618
0.000556
0.013603
-0.001427
-0.002024
-0.000743
-0.003805
0.001280
-0.002131
-0.005463
-0.010399
0.006245
0.002014
-0.012314
-0.000135
-0.000476
-0.001123
-0.006718
0.008049
-0.000478
0.000864
0.001050
0.000196
-0.001203
-0.035858
-0.003729
0.003046
-0.004383
0.003466
0.014893
0.000785
-0.002670
0.009155
0.001744
-0.005077
-0.002550
0.000458
0.019287
-0.000484
0.014091
-0.004463
-0.005169
0.023529
0.021881
0.007427
0.024826
-0.023499
-0.002901
-0.006325
0.004032
0.000747
0.005302
0.003134
0.000630
0.007607
-0.001884
0.006798
0.002079
0.000014
-0.012230
-0.006718
-0.000885
-0.004780
-0.000514
-0.015930
0.003338
0.001595
0.017349
-0.001232
-0.000727
0.000296
0.008865
-0.013474
-0.031616
-0.005497
0.016037
-0.000816
0.009262
-0.007904
0.009674
-0.000174
-0.000104
0.002110
-0.013763
0.009789
-0.006344
0.000364
0.003847
-0.003321
0.007912
0.006016
-0.002365
-0.020981
-0.004822
0.001841
-0.003227
-0.000440
0.004822
-0.002922
0.004215
-0.000659
0.006313
-0.006123
-0.000245
0.000790
-0.002817
0.000431
0.000093
0.002932
0.006794
-0.000310
0.015289
-0.006432
0.005653
-0.001126
0.027756
0.004395
-0.021957
0.010872
0.000122
0.007080
0.000981
0.001627
0.000579
0.015152
0.001673
0.002888
0.000103
-0.003572
-0.000418
-0.020706
-0.000434
-0.000402
0.004169
-0.012833
0.003593
-0.002884
-0.004463
0.003498
-0.005173
-0.028915
0.002352
0.001490
-0.014618
-0.001007
-0.056274
0.013184
-0.000253
-0.000513
-0.014099
-0.002548
0.004093
-0.005085
0.004185
0.007671
0.014511
-0.003464
0.007221
0.010880
0.000003
0.000012
-0.003014
-0.008423
-0.010750
0.007797
-0.001338
0.000194
-0.005264
-0.000222
0.000293
0.023651
-0.003868
-0.012459
0.003582
-0.000135
0.004555
0.003075
0.001537
-0.006958
-0.001912
-0.000721
0.000505
-0.003839
0.005810
0.001928
-0.002392
0.005035
0.001972
0.000063
0.037140
-0.006847
0.005085
-0.000073
-0.013924
-0.000300
0.011391
-0.002420
0.017944
-0.004597
-0.000358
0.007103
0.017731
0.004463
-0.000411
0.014130
0.000289
0.014824
-0.000752
0.008026
0.006859
-0.003508
0.001129
0.000070
-0.021622
-0.010612
0.001675
0.006332
0.000152
-0.017532
0.000709
-0.003645
0.020233
-0.001348
-0.000969
-0.002029
-0.000398
-0.001662
-0.004105
-0.004333
-0.021454
-0.006729
-0.001953
0.007236
-0.005699
-0.088196
0.002018
-0.006393
0.001926
-0.005119
-0.001172
-0.003174
0.002466
-0.000039
0.002224
0.006615
-0.013771
0.000911
0.000288
-0.015686
0.002186
0.012909
-0.017624
0.018631
0.004967
0.005074
-0.002155
0.001953
0.001888
-0.001864
0.013107
0.007095
-0.000723
0.007710
0.001455
-0.000515
0.017456
-0.008293
-0.002794
0.000232
0.002106
-0.000638
0.000107
0.013290
-0.002893
0.003006
0.000269
-0.005054
0.004585
0.000486
-0.003387
0.003130
-0.010307
-0.005268
-0.003656
0.000999
-0.008591
0.000565
0.000213
0.013931
0.010757
-0.003792
-0.001331
0.000553
0.010460
0.000091
0.001978
-0.006626
-0.003290
0.025909
-0.003784
-0.004723
0.024826
-0.014938
0.000849
0.008286
-0.000114
0.006134
0.008118
-0.001686
0.001295
-0.008804
-0.009193
-0.004566
-0.000674
0.000097
0.008736
-0.001646
-0.003695
-0.000232
0.000036
-0.012093
0.002964
0.000752
-0.018555
0.011421
-0.000645
-0.008263
0.011742
0.004108
0.001029
-0.005219
-0.033203
-0.000157
-0.027908
-0.002075
0.003086
-0.000773
0.000030
0.001427
0.002237
-0.014259
0.016388
0.000016
-0.001719
-0.008408
0.002495
0.024719
0.010300
-0.004883
-0.007530
-0.000883
-0.000930
0.000594
-0.000738
0.001036
0.003004
0.004230
0.004883
-0.003223
0.000357
0.004856
0.002041
0.001810
-0.002588
-0.001548
0.002872
0.020248
0.006226
0.002956
-0.005997
0.001001
0.009552
0.004742
-0.000833
-0.002331
-0.000441
0.007584
-0.003176
-0.015427
0.013657
0.001180
0.006195
-0.016922
0.003223
-0.008591
-0.000256
-0.004128
0.007206
-0.000340
-0.011047
0.009491
0.002075
-0.002129
0.001675
-0.003889
-0.016403
0.012383
0.000671
0.001347
-0.015434
-0.003027
-0.030502
0.005596
0.000813
0.001090
0.002230
-0.003548
-0.008156
0.000396
-0.007549
-0.001132
-0.011497
0.008614
0.013588
-0.007130
-0.005840
-0.001086
-0.004971
0.007442
0.012695
0.028442
0.001806
-0.000869
-0.007217
0.000037
-0.003839
0.016373
0.008705
-0.014847
-0.001236
-0.001170
0.011391
0.002016
0.001302
0.000947
0.015541
-0.001475
-0.001641
-0.000254
-0.003551
-0.002115
0.002806
-0.017441
-0.022903
0.000065
0.014290
-0.003925
0.004326
0.000047
0.020447
-0.005165
0.000340
-0.003588
-0.038696
0.015961
-0.000062
0.010567
0.024033
-0.003347
-0.000700
-0.018311
-0.015121
-0.007828
0.003548
0.000600
0.001185
0.008881
-0.000356
0.009880
-0.002897
0.003170
-0.002905
0.009537
0.000886
0.006062
0.004917
0.000712
0.019730
-0.001235
-0.000987
-0.002083
0.000013
0.000998
-0.007622
0.002014
0.019958
-0.003475
0.001788
-0.008659
0.000559
-0.033539
0.004097
-0.003105
0.007275
0.000068
-0.000128
-0.002346
0.002115
0.000807
0.009132
-0.007835
-0.004894
-0.015182
0.000231
-0.018875
-0.015549
-0.009842
0.005138
-0.045807
-0.001073
0.006950
-0.000881
0.001595
-0.002708
-0.005783
-0.005638
-0.003836
0.004414
-0.009972
-0.003595
0.000136
-0.016052
-0.000462
-0.008118
0.001476
0.008713
0.001761
0.004562
-0.008842
0.000423
0.000337
0.000339
0.005020
0.000052
-0.000242
-0.000100
0.015793
-0.013405
-0.008812
0.007275
-0.002916
0.000073
0.002037
0.004005
-0.002783
-0.009583
0.001412
0.000544
-0.000622
-0.009140
0.000522
-0.040985
0.005882
0.008797
-0.001556
-0.006973
-0.004833
-0.003075
0.013954
-0.005287
0.020859
0.015045
-0.010223
0.004940
0.001865
0.001005
-0.003321
-0.001097
-0.002464
0.000048
0.000051
-0.002146
0.005119
-0.023849
-0.004490
-0.028961
-0.007973
-0.000249
0.000597
-0.011604
-0.006737
0.001130
-0.001497
0.002003
-0.009583
0.031647
0.005249
-0.029053
0.000107
-0.002598
0.008316
-0.000754
0.001495
-0.000259
0.003103
-0.001794
-0.001541
-0.019974
0.001809
-0.009605
0.002632
-0.004875
-0.012161
-0.004360
0.002275
-0.001170
0.000702
0.001301
0.003117
-0.008736
-0.001801
-0.000786
-0.000322
-0.024277
0.005409
-0.000783
0.001963
-0.008247
-0.007195
0.010300
-0.000885
-0.004505
-0.006390
0.001739
-0.005211
-0.027130
-0.001521
-0.014084
0.006439
-0.008232
-0.003626
-0.000552
0.002974
-0.000346
0.000387
-0.006290
0.008713
-0.004116
0.009201
0.001284
-0.000855
0.000679
-0.001326
0.004868
-0.000251
0.001858
-0.002289
0.009315
0.001513
0.000525
-0.001809
0.008957
-0.000616
0.001938
0.000594
0.006184
-0.000809
0.003260
-0.007896
-0.000577
0.000731
0.006897
0.003096
-0.002266
0.000415
0.000042
0.001787
-0.013824
-0.011612
-0.017014
0.003559
0.001043
-0.006592
0.006977
0.000272
-0.006371
0.005997
-0.000820
0.001653
-0.003355
-0.001012
0.013771
-0.024200
0.004269
-0.018875
-0.002331
-0.000817
0.012604
-0.002752
0.000313
0.002729
-0.018799
-0.001368
0.001754
0.001250
0.002073
-0.000739
0.002043
0.017990
0.005489
0.000030
-0.015869
-0.005184
0.002804
-0.000032
0.010262
0.003002
0.003500
0.018173
-0.019440
-0.001242
-0.000061
-0.025131
-0.004711
0.007698
0.000135
-0.008873
0.018509
0.008881
0.011955
0.015991
0.009964
0.005695
-0.005726
-0.001451
0.005589
0.008728
-0.002611
0.004009
0.000826
0.016113
-0.000874
-0.001642
0.018692
0.000875
0.002253
-0.000694
0.000762
0.000918
-0.008110
0.011963
0.008385
-0.001934
0.000969
-0.022446
0.002838
0.001916
0.000453
0.008698
0.000009
-0.000607
0.002754
0.005306
-0.000216
0.007793
-0.009560
-0.023773
0.004303
-0.010056
0.000036
-0.011261
0.016129
-0.005383
-0.031372
0.014740
0.018021
-0.008095
-0.000121
0.014946
0.001270
-0.005764
0.005722
-0.004757
0.003572
0.005787
0.002935
0.000501
0.001516
-0.015205
0.026581
-0.002459
0.011833
-0.001896
-0.003176
0.003216
0.001143
-0.005127
0.000774
0.003798
-0.003859
0.000631
-0.001884
-0.004005
0.018112
0.006603
-0.005070
0.007195
0.007694
0.000356
-0.001596
0.012802
0.000391
-0.010429
0.000273
-0.000090
-0.001993
0.001031
-0.015396
0.005058
-0.011925
-0.024521
0.001071
-0.000095
-0.001521
0.012329
-0.000323
-0.019943
0.004345
0.008438
-0.001489
0.002415
0.000001
0.003761
0.005054
0.006107
0.002104
-0.000009
0.004742
-0.014023
0.007107
-0.002668
-0.011276
0.009186
-0.000458
-0.000832
-0.007507
0.000041
-0.000034
0.001806
-0.007423
0.010468
-0.012680
0.003683
0.044617
-0.000151
0.037018
0.001235
-0.010651
-0.001664
0.000062
-0.004791
0.005825
0.008018
0.014488
-0.000354
-0.004032
0.004883
0.005863
-0.001201
-0.014297
0.004219
0.002844
0.000305
0.001295
-0.000173
-0.001645
-0.000670
-0.000333
0.003304
-0.000124
0.007957
0.000124
-0.000131
0.012657
-0.000456
-0.007145
-0.002602
0.004150
0.023697
-0.006126
-0.007587
-0.010612
-0.000676
-0.022003
0.004494
-0.013084
-0.029114
-0.000438
0.005840
-0.002621
-0.018250
-0.004055
0.008644
-0.001777
0.011093
0.008522
-0.008057
-0.000339
-0.006996
-0.011696
-0.000442
-0.003204
-0.000629
0.001171
0.004784
0.004349
-0.004513
-0.007313
0.018265
0.000349
0.007610
0.010345
-0.002483
-0.031433
0.000892
0.000171
0.000894
0.007610
-0.000202
-0.004402
-0.002359
0.000340
0.004360
0.003780
-0.009010
-0.013229
0.020737
0.018143
0.001328
0.003784
0.001264
-0.013100
0.017578
0.001633
0.003242
-0.002892
-0.000526
0.008644
-0.014732
-0.002724
-0.003922
0.004536
-0.000064
0.009964
0.000510
0.000012
-0.004658
0.013268
0.000594
-0.003391
-0.002911
0.004230
-0.003937
-0.003918
-0.022690
-0.005520
-0.000006
0.015991
-0.000243
0.018463
0.000174
0.026810
0.001371
0.002012
-0.006245
-0.025360
0.003782
0.000778
0.002020
-0.005672
0.008423
-0.002172
-0.006329
-0.001301
0.000018
0.011894
0.006912
0.005558
0.015434
0.000758
0.004673
0.001352
0.000206
0.000565
0.006424
0.001886
0.000903
0.004955
-0.008720
-0.007950
0.002356
-0.005169
-0.000180
-0.000181
-0.001278
0.008415
-0.001889
0.007439
0.009865
0.001205
0.013123
0.001350
0.033966
0.000754
0.003902
0.002962
-0.004139
-0.001672
0.000137
0.005672
-0.003483
-0.002785
0.000590
0.013954
0.015411
-0.000301
-0.013618
0.012711
0.005806
-0.006886
0.009972
0.015472
-0.012794
0.000916
-0.007996
0.001853
0.008728
0.001201
0.017181
-0.001618
0.008118
0.012077
0.001461
0.003056
-0.023712
0.020218
-0.000440
0.005173
0.000496
-0.004292
0.000255
-0.002197
-0.000486
0.000824
0.002560
-0.004570
-0.001174
0.001824
-0.010239
-0.005722
0.003845
-0.004436
0.005386
-0.005669
-0.000560
-0.002331
0.009178
0.004230
-0.003862
-0.000846
0.001510
-0.022354
0.001194
-0.017807
-0.004936
0.009903
-0.007233
0.026154
0.006985
0.008018
0.007126
-0.003067
0.005081
0.015625
-0.006134
0.003155
-0.001050
0.000723
0.000989
-0.009102
-0.011971
0.006393
0.000040
-0.003164
-0.013191
-0.013962
0.006912
-0.001090
-0.000027
0.002131
0.001047
0.001235
0.013092
-0.000466
0.005890
-0.003826
0.025558
0.008858
0.007305
0.004036
0.000883
0.033173
-0.003304
0.001959
-0.000432
-0.000134
0.001534
0.001493
0.002111
-0.001327
-0.000341
0.002134
0.001275
0.004765
-0.010284
0.001440
0.002308
-0.001086
0.001884
-0.001972
0.000722
0.000510
0.001812
0.000587
0.000906
0.004894
0.015259
0.001053
0.002726
-0.001440
0.003296
-0.000807
-0.002028
-0.004475
0.023849
0.007435
-0.001265
0.023758
0.000471
0.020264
0.006615
-0.040375
-0.028305
-0.000034
-0.013817
-0.003750
0.000257
-0.008820
0.002439
0.003481
-0.014275
-0.003855
0.021271
0.001210
0.005348
-0.005711
-0.000082
0.000575
-0.010010
0.002666
0.002600
-0.000083
-0.002876
-0.008827
0.000536
0.000926
0.000043
0.001907
0.001493
0.007469
-0.003279
0.000911
-0.000501
0.003281
-0.005760
0.004177
-0.000330
-0.008720
0.002981
0.009712
-0.001019
-0.011688
-0.001398
-0.000687
0.001100
0.002052
-0.001682
0.011902
-0.007671
0.000586
-0.002419
-0.007412
-0.000245
0.001919
-0.002449
-0.002102
0.020523
0.001748
-0.000154
0.004814
-0.001276
-0.001330
0.001195
0.022125
-0.000941
0.003002
0.002159
0.003628
-0.003874
-0.002497
0.004219
0.012474
-0.000075
-0.035278
-0.002010
0.003777
-0.000049
-0.002123
0.000820
-0.003265
0.000963
0.031174
0.005939
-0.000463
0.022034
0.003567
-0.006996
-0.000353
-0.006332
-0.016983
-0.003551
-0.004627
-0.012650
0.002266
-0.002104
-0.010063
0.000180
-0.006844
-0.012383
0.000652
0.001296
0.000355
0.028702
0.001829
-0.004402
0.008156
-0.001339
0.001777
-0.004944
-0.000234
-0.000260
-0.004204
-0.005390
-0.028717
-0.000481
0.000365
-0.000960
-0.002026
0.030853
-0.004814
0.004459
-0.000584
-0.001710
0.000696
-0.001548
0.004505
0.009315
0.004456
0.003880
-0.012367
0.003033
0.000303
0.001595
0.005669
0.015617
0.008347
-0.016571
0.005791
0.017136
0.000620
-0.005409
-0.001139
-0.002369
-0.003057
0.008003
0.005566
-0.004631
0.000692
0.001371
-0.011887
0.007652
-0.008644
0.003344
-0.013084
0.000487
-0.000351
0.006168
0.004646
0.001862
-0.000760
-0.001991
0.000210
0.000717
-0.002773
-0.015366
-0.004528
0.024506
0.004520
-0.004280
-0.014542
0.001774
0.008751
-0.006641
-0.001950
0.001743
0.000626
0.000161
-0.005703
0.000069
0.022797
0.001572
0.010559
0.026123
0.024002
-0.029037
0.001729
0.018417
-0.002972
-0.010963
0.003595
0.006340
-0.003405
-0.004829
0.001067
-0.003914
-0.002840
-0.007607
0.012466
-0.000073
0.001246
-0.003658
0.019897
0.006622
-0.003757
0.009003
0.004757
-0.002352
0.010681
0.001228
-0.000416
-0.001391
0.006447
0.011681
-0.008636
0.003683
0.019394
0.000982
-0.007343
0.007080
0.007881
0.000523
0.000129
0.001580
0.010452
0.003134
-0.012291
0.000932
-0.001613
0.006271
0.001307
-0.008423
0.001598
-0.000780
0.004036
-0.000614
-0.000114
-0.001313
-0.000478
-0.001693
0.000550
-0.002197
-0.013535
0.003038
-0.002874
0.005104
0.011162
0.000712
-0.009026
-0.002178
0.004696
-0.022873
0.002415
0.012383
-0.001232
0.001970
-0.012505
-0.000863
0.010742
-0.045593
-0.001118
0.010529
0.003481
-0.021927
0.005482
0.022827
0.003286
0.013145
0.004894
-0.008644
-0.000200
0.005581
-0.008385
0.001129
-0.015717
0.019623
0.002903
0.000306
0.000236
0.000034
-0.004097
-0.012596
-0.001060
-0.002741
0.005920
0.000015
-0.025269
0.013313
0.001342
0.000518
0.016907
0.010017
0.028336
-0.002123
-0.011734
-0.018448
0.003868
-0.011780
-0.005787
-0.014786
-0.006721
0.000455
-0.009377
-0.004654
0.022751
0.017883
-0.002464
0.001611
0.000607
0.000938
0.027954
0.001924
-0.001774
0.020645
-0.000193
0.001221
-0.004108
-0.000603
0.001620
0.010597
-0.001036
0.000325
0.001407
-0.002138
0.003153
0.001408
-0.003742
-0.008209
-0.005913
-0.000069
0.005608
-0.011818
-0.001796
0.000090
-0.016953
0.001143
-0.001161
-0.007164
0.017105
-0.003544
-0.001082
-0.021423
0.030975
-0.022705
-0.000646
-0.020554
0.026306
-0.001885
-0.003925
0.005150
0.010391
0.000143
-0.000223
-0.001369
0.005051
-0.008354
-0.001634
-0.018890
0.001402
-0.012451
0.000852
-0.002792
0.001842
-0.000395
-0.000441
-0.003046
0.000860
-0.001827
-0.001707
0.002951
-0.018539
-0.003082
0.001824
0.010330
0.002573
0.019211
0.003611
-0.002838
-0.003170
0.006268
0.000648
-0.005615
0.003605
-0.006897
-0.002148
-0.009598
0.000850
0.001961
-0.000053
0.000825
0.001410
-0.006889
-0.009201
0.008141
0.009903
0.003033
0.000959
0.003031
-0.002346
-0.005032
0.011940
-0.003479
0.002567
0.001218
-0.004089
0.000120
-0.003752
-0.003014
-0.010948
-0.001900
0.021301
0.000266
0.002106
0.013924
0.005577
-0.005901
-0.000219
-0.006161
-0.002251
0.000399
-0.001751
0.002159
0.005219
0.007496
-0.001140
-0.007660
-0.000009
0.001254
-0.004925
-0.000607
-0.002800
0.006706
0.003021
0.000615
0.018616
0.000750
-0.022812
0.006058
0.007095
-0.045868
-0.035522
-0.011993
-0.015572
-0.004433
0.003044
0.006958
-0.006657
-0.020599
-0.004948
0.001924
0.000363
-0.001102
0.003960
0.004303
0.010132
-0.000040
0.011024
0.006901
-0.008957
0.000638
0.015457
-0.000593
-0.001410
0.000048
0.001221
0.013718
0.000184
0.005035
0.004871
0.010574
-0.015343
0.005714
0.000783
0.001024
0.003933
-0.005432
-0.009689
0.001046
-0.000060
0.005547
0.002491
-0.002203
0.011879
-0.001169
0.004223
-0.005165
-0.000179
-0.011520
-0.007988
0.001346
0.001105
0.001884
0.003986
0.000098
-0.000489
0.001485
0.002848
0.000201
0.020920
0.001921
0.001601
0.002642
0.010292
0.002211
-0.000634
0.004532
0.001740
-0.011215
0.006996
0.004162
-0.021515
-0.000966
0.009590
-0.018570
-0.003117
0.012863
-0.000455
0.000921
-0.010406
0.000229
-0.007690
-0.030899
-0.004002
-0.001842
0.004200
0.006195
-0.000195
0.008392
0.007305
0.000418
-0.001421
-0.010170
-0.002319
-0.025101
-0.002140
-0.002901
0.021576
-0.005630
-0.000056
0.004059
0.016800
-0.003820
-0.029449
0.002466
0.000361
0.001265
0.030624
0.001625
0.019135
-0.003675
-0.008507
-0.005161
0.000208
-0.007172
0.006603
-0.000211
-0.003141
-0.001232
0.002790
0.013031
-0.014854
0.026077
-0.002064
-0.000460
0.000376
-0.000093
-0.003504
-0.014130
-0.016098
-0.001193
0.001893
0.000152
-0.000196
-0.000820
-0.001395
0.012260
-0.024078
-0.000141
0.001167
0.004711
-0.000374
0.000449
-0.002558
-0.012970
0.004204
0.000071
0.018677
-0.001427
0.005463
-0.000023
-0.010391
-0.003519
0.001304
-0.004436
-0.009293
-0.006702
-0.000473
-0.013260
0.017975
0.003170
-0.001050
-0.012329
-0.003153
0.000622
-0.002113
-0.013321
-0.016144
-0.023499
-0.001384
-0.001768
-0.000412
-0.006027
0.000024
0.009865
0.000930
0.000446
-0.000247
-0.003132
0.023926
0.000961
-0.000633
-0.001817
-0.001198
0.000206
-0.019440
0.000310
-0.018417
0.008247
-0.001926
0.014374
0.002304
0.015144
0.001308
0.005150
-0.003824
-0.007267
0.001808
0.003124
-0.001199
0.003479
-0.003101
0.006283
-0.019089
-0.000783
-0.000047
-0.001619
-0.014885
-0.001159
-0.001021
0.019501
-0.008110
-0.007565
0.001169
-0.013420
-0.000082
-0.000654
0.000717
-0.015823
-0.003786
-0.003876
0.004940
0.000303
0.014168
0.012596
-0.012993
0.001257
-0.005299
0.001864
0.000886
-0.008644
0.005131
0.000073
0.000123
-0.001624
-0.002382
-0.001240
0.001577
-0.041107
-0.001168
0.009262
0.006275
0.002996
-0.012383
-0.001599
0.002762
-0.010689
0.003151
-0.002735
-0.002628
0.000180
-0.003693
0.001298
-0.036713
0.013550
0.003986
0.033813
-0.025818
0.027023
-0.026749
0.010239
-0.000732
-0.008339
0.005238
-0.010849
-0.005005
-0.002106
-0.001353
0.006798
-0.008911
-0.002720
-0.003172
-0.000044
-0.019333
0.002829
-0.018311
-0.001978
-0.005535
-0.011719
0.000617
-0.001613
-0.014229
-0.010941
0.000355
-0.006382
-0.005733
0.008614
0.012321
-0.003468
-0.013901
0.000026
-0.032959
-0.018204
0.010536
0.000342
0.000290
-0.009132
0.010002
-0.004742
0.010460
-0.001947
0.001205
-0.003036
-0.000905
0.010712
-0.001230
-0.000902
-0.001493
-0.000538
-0.001141
-0.013527
-0.003054
0.000794
0.002281
0.002750
-0.038574
-0.000213
-0.001530
-0.002413
0.005718
-0.002733
-0.013130
0.003141
-0.000597
-0.012802
0.007896
-0.004940
0.007519
-0.000295
0.013832
0.005318
0.006298
-0.005661
0.000990
0.003834
-0.010582
-0.014664
-0.010590
-0.013481
0.003399
0.002995
0.003397
-0.014946
0.001132
0.002960
-0.002638
-0.000454
-0.003550
0.032471
-0.002090
-0.011398
0.002096
0.000873
-0.004654
-0.003069
0.000565
0.001325
-0.000292
0.001751
-0.012939
-0.000205
-0.000770
-0.000971
-0.008286
-0.000873
-0.016785
-0.007183
-0.010162
0.002956
0.020889
-0.000074
-0.011826
0.008842
0.027283
-0.006630
-0.000417
-0.009598
0.000410
0.027969
0.000032
0.001588
0.005398
-0.000353
0.006828
-0.005787
0.004097
0.014244
-0.005013
-0.000929
0.001490
0.000290
-0.000577
-0.017914
0.012344
-0.000938
0.001813
0.002577
-0.005695
0.004761
0.001149
0.018158
-0.011505
-0.000068
-0.001353
-0.005371
-0.000267
-0.000004
0.006603
-0.000618
-0.001491
0.000507
-0.039337
0.001904
0.000911
0.009125
-0.013260
0.016556
-0.004063
0.003519
0.013306
-0.005939
0.008186
0.006969
-0.006012
-0.019104
-0.008728
-0.008362
-0.007378
-0.001243
0.000138
-0.001089
0.000354
-0.001257
-0.003422
0.006790
-0.009087
-0.000162
0.001394
-0.000570
0.001184
-0.001633
-0.004597
-0.003071
0.000209
-0.005264
-0.001438
0.011993
0.000962
-0.030014
0.001302
-0.006836
0.002214
0.004169
-0.003254
0.004318
-0.001285
-0.005966
0.001744
-0.002581
0.003305
-0.009636
0.000138
-0.011253
-0.005276
0.010239
0.003325
-0.001760
-0.008484
0.009933
0.001280
0.000151
0.001134
-0.004684
0.001349
0.006481
-0.003489
0.014435
0.000591
-0.000753
0.006550
0.018707
0.006168
-0.000058
-0.006855
-0.000093
-0.000817
-0.004269
-0.001432
-0.005287
-0.000157
-0.006237
0.000247
0.000311
0.000998
0.006535
0.005356
0.012169
0.005314
0.010551
0.012413
-0.001249
-0.006859
0.012848
-0.006405
0.007164
-0.000445
0.000580
0.034698
-0.000354
-0.033752
-0.024200
-0.005783
-0.012650
-0.019455
0.000590
0.021683
0.019699
0.002882
-0.005634
0.009804
-0.018936
-0.001179
-0.002586
-0.000592
-0.008118
-0.017212
0.009521
-0.009048
-0.000071
0.001046
-0.005276
0.002136
0.002552
-0.034729
-0.001348
0.001888
-0.001506
0.021423
0.000116
-0.000361
0.011597
-0.001488
0.004753
-0.011299
0.005745
0.011940
-0.001571
0.028336
0.005226
-0.005371
-0.002636
-0.000047
0.001616
0.007221
-0.021545
-0.020966
0.001827
0.002996
-0.000654
0.003304
-0.019928
-0.003519
0.007465
0.001959
-0.002165
-0.004013
-0.003208
0.003662
-0.000392
-0.000760
0.002022
-0.004025
0.019119
-0.002645
-0.001972
-0.010910
0.000674
0.008766
-0.000316
0.002083
-0.018372
0.001287
0.019241
-0.002953
-0.000068
-0.014816
-0.001961
-0.002876
0.017029
-0.000148
0.002413
-0.007393
-0.022339
0.002718
-0.008224
0.005814
-0.006950
-0.001009
0.003038
-0.001391
-0.006973
0.000947
-0.000221
-0.011742
0.012245
0.007530
0.008179
0.000175
-0.000400
0.029755
-0.022339
0.000115
-0.001831
0.004654
0.001180
0.015167
0.007587
-0.000475
0.000765
0.001121
0.000312
0.013039
0.002598
0.005421
-0.003515
0.008209
-0.002787
0.001219
-0.003105
0.016876
-0.000405
0.004246
0.005524
0.010597
0.013992
-0.000932
0.002264
0.000408
-0.000488
-0.002800
-0.017410
0.001135
-0.018158
0.005367
-0.000550
0.011833
0.001953
0.000514
-0.004341
-0.020706
-0.001320
0.001188
-0.003273
0.007496
-0.001608
0.000741
-0.007214
-0.001942
0.000071
0.011971
0.005783
0.010368
0.000048
-0.023178
0.003645
0.004677
0.005959
-0.000315
-0.007004
-0.000447
0.024918
-0.001910
0.017090
0.000638
0.008476
0.012711
0.000338
-0.001630
-0.005001
-0.014603
-0.015823
0.002419
-0.004505
-0.003906
-0.011223
-0.000129
0.021881
-0.000422
-0.002657
-0.002142
-0.000574
0.008499
-0.004051
-0.001622
0.000905
-0.000432
0.000964
-0.019638
-0.002289
0.014236
0.010620
-0.000305
-0.002108
-0.007034
-0.035156
-0.000896
-0.001592
-0.001639
0.002001
0.004471
-0.008560
0.005280
-0.001071
0.003662
0.008530
-0.011650
-0.014626
0.000067
0.014053
-0.006065
-0.002228
-0.013229
-0.004169
-0.005238
-0.000219
-0.002089
-0.011673
0.000447
-0.016312
-0.022659
0.016342
-0.007896
0.002411
-0.002216
0.002417
-0.007828
0.004162
0.003052
0.002563
0.007572
0.001578
0.008286
-0.001396
-0.007851
0.006813
0.000744
0.003262
-0.000173
-0.000089
0.001551
0.011871
0.008804
-0.000083
-0.004780
0.003180
0.003696
-0.000054
-0.003328
0.003775
-0.003374
-0.010681
-0.000382
-0.001407
-0.009583
-0.000123
-0.013077
-0.009529
-0.006573
0.004776
-0.008049
0.028427
0.008484
0.039124
0.001511
0.003464
-0.009674
0.000245
-0.003315
0.000121
0.000122
0.000301
-0.014389
-0.005581
-0.007298
-0.000018
-0.011093
-0.003952
-0.007751
-0.005703
-0.024704
-0.016998
-0.002640
-0.002277
0.004677
-0.001233
-0.000408
0.008080
0.011261
-0.006660
-0.008148
-0.003733
-0.006721
-0.000068
-0.008514
-0.018143
-0.005970
0.001175
0.000239
-0.002455
0.005623
-0.001312
0.022980
0.000085
0.026352
-0.005859
0.001596
0.001020
-0.004627
-0.012306
0.003716
-0.000386
0.000609
-0.000198
-0.005657
0.000750
0.003172
-0.002903
-0.017349
-0.005291
-0.000496
0.001328
-0.002443
-0.000861
0.005188
0.001330
-0.004082
-0.005550
0.006977
-0.002531
0.005768
0.000333
0.006260
0.006100
-0.004299
-0.015442
0.000814
0.012787
-0.004395
0.027512
-0.010094
-0.004211
-0.003204
-0.001997
0.011101
-0.005310
-0.000291
-0.001893
-0.002434
0.000507
-0.006718
0.010513
-0.001095
-0.010452
0.004349
-0.000100
0.007736
0.013260
-0.000309
0.005611
-0.003517
-0.000625
-0.011398
0.001850
0.000085
0.000009
-0.001117
-0.004608
0.016113
0.003336
0.004341
-0.001369
0.001718
-0.007534
-0.011986
-0.011681
-0.013329
0.003485
0.006634
0.007641
0.025253
-0.002712
0.001273
-0.004353
-0.000128
0.000797
-0.004852
-0.016434
-0.000524
0.014565
-0.000028
-0.000358
-0.001995
-0.000919
-0.000988
-0.001704
0.013596
-0.000136
0.004066
-0.000218
-0.014679
-0.005234
0.002792
-0.003242
0.008614
0.000030
0.016037
-0.003960
-0.009659
0.000049
-0.000776
-0.002752
-0.001606
-0.008057
-0.018600
0.001353
-0.000447
0.024902
0.018051
0.008759
0.003252
0.016632
-0.006069
0.033051
0.008865
0.023499
0.004631
0.016815
0.006546
0.002970
-0.004581
0.002472
0.006618
0.007290
0.001303
-0.002081
-0.000538
0.000807
0.009003
-0.001491
-0.001204
-0.000557
0.000818
0.001076
-0.002316
-0.005112
0.001782
0.005310
-0.000472
0.005753
-0.005173
0.018494
0.004086
0.003975
0.001207
0.010597
0.000405
0.004765
0.000721
-0.001345
-0.000307
0.004894
0.020248
0.003983
0.000449
0.006302
0.005318
0.004890
-0.011978
0.002602
-0.008179
-0.008385
0.002825
-0.019302
0.000268
0.009628
0.011215
-0.002390
0.002790
0.003231
0.002155
-0.001730
0.009140
-0.006641
-0.002588
0.005280
0.002123
0.000901
-0.002176
-0.003803
0.000366
0.009819
-0.000322
0.001848
0.000911
-0.000770
-0.001790
0.027222
0.000128
0.004509
0.004303
0.012169
0.006893
0.000103
-0.002468
0.000046
0.000577
-0.003035
-0.000249
-0.000820
-0.008850
0.000219
-0.018021
0.003311
-0.004452
0.021210
0.009041
0.033203
0.018326
-0.018509
-0.005943
0.002298
-0.021713
-0.031525
-0.003645
0.001844
-0.000701
0.003830
0.007023
0.014404
-0.003319
-0.000016
-0.015228
0.000402
0.012970
0.000126
-0.005280
0.000046
-0.002895
0.000282
-0.005650
-0.005611
0.000111
0.003510
0.004932
0.008614
-0.008575
0.000234
-0.006275
-0.000256
-0.037964
-0.002974
-0.010498
0.000093
-0.000002
0.000003
-0.008675
0.010231
0.004387
-0.001431
0.008751
0.000192
-0.002459
0.006821
0.003265
0.004070
-0.001373
0.001275
0.002214
-0.014633
0.002165
0.000292
-0.004398
0.002764
0.009163
-0.026413
-0.001924
0.000206
-0.002512
0.005104
0.004421
0.002371
-0.002579
0.010292
-0.000264
0.002737
0.013451
-0.000854
-0.005085
0.003012
0.019073
0.001282
0.000370
0.012573
-0.005032
0.014992
-0.005943
-0.002316
-0.004768
0.005032
-0.001542
-0.002731
0.000010
-0.018219
-0.017365
0.000161
0.007881
0.011757
-0.005379
0.016968
-0.006615
0.003128
0.004795
-0.005276
-0.000023
0.002037
-0.015823
-0.002523
0.048157
-0.001137
0.000072
-0.000488
0.005581
0.000831
0.019806
0.002337
0.002279
0.010078
-0.020615
0.008659
0.008293
0.004803
-0.002970
0.005230
-0.000249
0.010345
0.004440
-0.015129
0.000673
0.002199
0.003107
-0.000484
0.002234
-0.018753
0.007282
-0.012703
0.002781
0.000863
-0.003258
-0.000179
0.003576
-0.005104
-0.000208
0.000829
0.001804
-0.002119
-0.011124
0.001853
-0.000081
0.006126
-0.005615
-0.000019
0.011459
0.002302
0.008400
-0.000172
-0.006382
0.000508
0.000874
0.006348
0.016907
-0.006519
0.000123
-0.026718
0.024811
-0.001804
-0.000349
0.000377
0.023163
0.004368
0.012413
-0.010925
0.001496
0.009773
-0.000715
0.010254
0.007389
-0.006325
0.000206
0.008171
0.001172
-0.010323
0.005890
-0.004627
-0.000206
-0.001664
0.000169
-0.003632
0.000752
0.001260
-0.016205
-0.000286
-0.000324
-0.007133
0.000026
0.001539
-0.005001
-0.012024
-0.001062
-0.003199
0.003895
0.002380
-0.001953
0.002697
0.003069
-0.001450
-0.003466
-0.026794
0.012245
-0.014709
0.000725
-0.009254
-0.001091
0.007263
-0.014313
-0.002283
0.007378
-0.008438
-0.002405
-0.002142
0.000904
-0.006031
-0.007828
0.004959
0.001279
-0.000560
-0.000416
-0.001692
-0.015900
-0.001020
0.000512
0.002195
0.003925
-0.000461
0.001385
0.006138
0.002657
-0.002413
0.000379
0.009254
-0.003729
0.000580
0.000783
-0.035583
-0.005527
-0.001822
-0.007267
0.010086
-0.001365
0.001431
-0.000617
-0.023438
-0.011749
0.008659
-0.001758
-0.001425
-0.021271
-0.001083
0.009880
0.010757
-0.006962
0.019714
0.007343
0.011391
-0.012428
-0.029144
-0.008232
-0.009819
-0.021500
-0.014313
-0.003759
0.003092
-0.000346
0.006481
-0.011993
0.003403
0.012230
0.000018
0.024246
0.001881
-0.012749
0.006435
0.017303
-0.001406
0.003094
0.000213
0.024048
-0.001782
-0.000997
0.002953
-0.015869
-0.003967
-0.005989
-0.000896
-0.031464
-0.000369
0.002964
-0.011208
-0.005291
0.000040
0.000265
0.006294
0.005913
-0.004345
0.035522
0.000139
0.001290
-0.002327
0.002886
-0.005325
-0.000865
-0.008522
-0.000205
-0.002172
-0.001329
0.001944
0.003233
-0.001089
0.000813
-0.001062
0.013069
-0.013992
0.001453
-0.000373
0.010635
0.003971
0.005684
-0.006931
0.002239
0.003277
-0.007576
-0.011749
-0.010979
0.000284
-0.006786
0.001759
0.007698
-0.011391
-0.000209
-0.003387
-0.001106
-0.016769
-0.000250
0.003647
0.001221
-0.007881
0.002884
-0.020142
-0.000287
0.010384
-0.003473
0.000380
0.004963
-0.018066
-0.006283
-0.016022
0.002533
-0.000775
0.003401
-0.008514
-0.000109
0.004990
0.004360
0.002581
0.028580
-0.008453
-0.000196
0.000198
0.007267
0.004807
0.003733
0.003229
-0.009094
0.002831
-0.009232
-0.008942
0.018570
-0.004604
0.010262
-0.007355
0.003084
-0.006485
0.001745
-0.009033
-0.000375
0.001865
0.003157
-0.000302
0.003517
0.016129
-0.000037
0.000179
0.001316
0.000581
-0.003376
0.000205
-0.000262
-0.003273
-0.013870
0.000880
-0.000277
-0.002850
0.013054
0.001242
0.003050
0.009682
-0.020065
-0.000011
-0.074402
-0.002161
0.004902
-0.000017
-0.004810
-0.001903
-0.005890
0.004253
0.045990
-0.001861
0.000015
-0.001399
0.016144
0.025192
-0.000963
-0.006477
0.023804
0.006157
-0.011543
-0.029800
-0.005547
-0.010971
0.006504
0.004044
-0.017914
-0.004475
-0.002602
0.016449
-0.000712
0.002369
-0.001297
0.000142
-0.001961
-0.000626
-0.002722
0.002123
0.000897
-0.000413
-0.002138
-0.005436
-0.002939
0.011642
0.000745
-0.006378
0.000358
0.047668
-0.008743
0.003555
-0.001771
0.003359
0.005840
0.000873
0.003300
-0.003859
-0.003250
-0.007797
0.003233
0.003576
0.000215
-0.028351
0.002228
-0.025925
0.014656
-0.006821
0.005806
0.004498
0.001070
-0.000814
-0.000369
-0.009041
-0.001702
-0.004753
-0.001895
0.002853
-0.009476
0.001616
-0.008202
-0.006641
-0.001767
-0.001080
0.000203
0.000125
0.000654
0.003740
-0.001766
-0.008423
-0.000279
-0.004238
-0.002121
-0.000573
-0.002464
-0.022873
0.012024
0.004448
0.003439
0.001933
0.024078
0.000605
-0.001339
-0.005787
0.014671
-0.011879
0.000285
-0.000710
-0.020355
-0.000669
0.003119
0.012756
0.004585
-0.006763
0.012825
0.001661
0.041351
-0.020569
-0.005314
-0.007111
-0.008682
0.024902
-0.002373
-0.000987
-0.000180
0.000739
0.006687
-0.000713
-0.002077
0.000001
-0.017105
0.003176
0.020157
0.000355
0.016083
-0.003145
0.010857
0.000085
0.017471
0.000530
-0.001740
0.001636
-0.003611
-0.006775
-0.021240
-0.001470
-0.025894
-0.000451
-0.015930
0.018448
-0.002634
-0.001827
-0.000204
-0.003929
-0.002663
-0.004772
0.005260
-0.001762
-0.013901
0.009125
-0.001122
-0.009933
-0.000911
0.006737
0.000578
-0.000887
-0.001806
0.003481
0.000758
0.002111
0.000358
0.003588
-0.009903
-0.008690
-0.000344
0.007477
-0.014900
0.002571
-0.002548
0.003902
-0.002670
0.027740
-0.004662
0.012230
-0.017822
-0.000791
-0.002169
0.009361
0.003420
-0.021255
-0.000058
-0.004059
0.014206
0.018463
-0.002300
-0.004253
-0.005325
-0.006920
0.008453
-0.005302
0.002144
-0.002052
0.000064
-0.001785
-0.018967
-0.022125
0.000934
-0.004742
-0.001221
-0.003586
-0.013626
-0.013565
0.001234
0.005077
-0.010094
-0.000923
-0.029373
0.004723
-0.000581
-0.000129
0.002665
0.002684
0.038849
0.004162
-0.008698
0.001519
0.003845
0.001349
-0.009323
0.010574
-0.008728
-0.000100
-0.000938
0.030060
0.001722
0.015488
-0.000236
-0.003012
-0.001502
0.000843
-0.006123
-0.030869
0.001166
0.017242
0.000772
0.000639
0.001871
-0.001081
-0.000090
-0.002815
-0.003557
0.000287
-0.002253
0.002750
0.005337
-0.001054
-0.003101
-0.000782
-0.006462
-0.000043
-0.031082
-0.007038
-0.005112
0.000053
-0.023392
0.001534
0.005337
-0.002071
-0.017990
0.016449
-0.000151
0.021606
-0.021149
0.019547
-0.000314
-0.007881
-0.005642
-0.011726
0.012497
0.004833
0.014221
-0.003279
-0.002108
-0.008545
-0.028793
-0.009117
0.001061
0.007072
0.003340
-0.035706
-0.004276
0.004723
0.004761
0.000318
-0.003862
-0.003077
0.000339
-0.001023
-0.015388
-0.005302
0.029663
-0.004379
0.000178
-0.032074
0.000863
-0.011566
-0.001117
-0.007259
-0.003611
-0.001133
-0.000836
-0.004757
0.004578
-0.000039
0.001486
-0.003141
-0.024460
-0.007812
0.000047
0.002344
-0.004681
0.000641
-0.015495
-0.000490
0.007103
-0.003073
0.001098
-0.002462
-0.000203
-0.002678
-0.008865
-0.000063
0.001925
-0.005547
0.001796
0.001524
-0.015121
0.014008
-0.003124
0.000464
0.006088
-0.000402
0.003199
-0.001280
0.006763
-0.001674
-0.000626
-0.001519
-0.000998
0.000309
0.001256
-0.018143
-0.003532
-0.008598
-0.002514
-0.003250
-0.007278
0.001910
-0.000916
0.007740
-0.003998
-0.002954
-0.001909
-0.000266
-0.003218
-0.000678
0.030701
0.002157
0.006840
0.024124
-0.024048
-0.007511
-0.027267
-0.033691
-0.003759
0.018036
0.009872
-0.002068
0.002028
0.000303
0.000341
0.001066
0.016068
-0.003319
-0.009018
0.000033
0.010231
0.004707
0.007305
-0.001968
-0.024811
-0.008316
0.005180
0.000307
0.008568
-0.002993
0.000270
0.000359
0.004322
-0.004940
-0.024750
-0.002867
-0.042511
0.000221
-0.034943
-0.004173
-0.002640
-0.002266
-0.000424
-0.007313
0.000060
0.002529
-0.022308
-0.001181
-0.006390
-0.005970
0.002281
-0.004475
-0.001538
0.016907
-0.001411
0.000710
0.001014
0.008621
-0.000560
-0.002947
-0.001830
-0.001587
-0.021088
-0.012405
-0.001737
0.003366
0.013062
-0.004631
-0.012390
-0.003063
-0.000942
0.025574
-0.000542
-0.001457
-0.002035
0.001299
-0.007874
-0.002041
-0.003384
0.020508
-0.000830
0.009819
-0.001638
0.014648
0.000057
0.006367
-0.000304
0.003187
-0.006462
-0.005486
0.000781
-0.011665
0.004314
-0.000822
0.011169
-0.015106
-0.001978
-0.010017
-0.003021
-0.002684
0.018814
-0.011429
0.001688
-0.000892
-0.000680
0.002848
0.004730
0.003574
0.001263
-0.000364
0.005257
0.000853
-0.017380
-0.001643
-0.021255
0.010582
0.002666
-0.017624
0.000028
-0.006504
-0.003408
0.002810
0.000378
0.008385
-0.016922
-0.006828
0.003721
-0.001605
0.003654
0.000175
0.019974
-0.034668
-0.002640
-0.012749
-0.001972
0.000159
0.010269
-0.001348
0.002193
-0.019562
0.005684
-0.000843
-0.001336
-0.000068
0.007759
0.005913
0.001076
-0.004276
0.008400
0.000030
0.028214
-0.001930
0.012207
-0.000010
0.012505
-0.003618
-0.000898
0.004585
-0.060577
0.007500
-0.000033
-0.005585
0.005001
-0.008957
-0.003139
-0.002031
-0.004616
0.006104
-0.006317
-0.013832
0.000468
0.007782
0.007156
-0.001346
0.026901
0.004330
-0.000191
-0.007351
0.001794
0.011070
-0.001180
-0.009636
-0.002535
0.001868
0.001338
0.001157
0.000280
0.000414
-0.008163
0.001423
-0.008690
-0.002758
0.000087
-0.017792
0.002209
0.017166
-0.003502
0.000217
-0.000062
0.000638
-0.006626
0.001968
0.000807
-0.007881
0.002796
0.008690
-0.000395
-0.007820
-0.000940
-0.032654
-0.005039
0.015495
0.004509
-0.003174
0.000735
-0.003769
0.002663
-0.003828
-0.000313
0.001227
-0.004345
-0.006428
0.001589
0.005993
0.002739
-0.002172
-0.010155
0.006496
0.003542
0.001207
-0.013947
0.001831
0.001524
0.008644
-0.005409
-0.000640
-0.000258
0.000251
-0.001807
-0.000583
0.002647
-0.014366
0.000759
0.025085
0.002710
0.001957
-0.014748
-0.002094
0.002098
0.002987
0.000093
-0.010017
-0.001844
0.000332
0.022964
0.000496
0.033844
-0.004688
0.013626
0.009377
0.039734
-0.013275
-0.023621
-0.036194
-0.003468
-0.001024
0.002739
-0.028214
0.001165
0.001536
0.000339
0.003658
0.004528
0.002003
-0.004814
0.000059
-0.008240
0.003616
0.014893
0.000590
0.018677
-0.013306
-0.002647
0.000239
-0.020813
-0.007385
-0.001028
0.002216
0.006268
0.000793
-0.008560
0.004669
0.003454
-0.000562
-0.009590
0.000807
0.002224
0.000980
-0.000161
0.006832
0.005550
0.000776
-0.001366
-0.000564
0.008301
0.004574
-0.001215
0.012299
-0.010178
0.015099
0.004936
-0.000688
0.000146
-0.003849
-0.006916
-0.000218
0.000293
-0.002558
0.001548
0.008492
0.001072
-0.000605
0.005268
-0.007450
0.004715
-0.000429
-0.003206
0.000105
-0.000779
0.005222
-0.014740
-0.000608
0.008972
0.010666
-0.013565
0.011681
-0.000323
0.014168
0.003836
0.017181
0.020035
-0.008636
0.002275
-0.026001
0.007011
-0.021133
0.000217
0.010857
0.004501
0.000061
0.008385
0.001398
-0.001838
0.007236
-0.002302
-0.001279
0.008644
-0.007446
-0.000052
0.002733
0.014931
-0.000088
-0.010277
-0.004707
-0.001143
0.001032
0.002665
0.005947
0.005344
-0.002630
0.003469
-0.001742
0.003258
-0.006130
0.006195
-0.008545
0.003445
-0.002047
-0.001255
0.009453
-0.002539
-0.013924
0.000479
0.000390
-0.001461
-0.000791
0.017929
0.011208
0.003593
0.005356
-0.000590
0.000578
0.002392
0.001212
-0.001863
0.008911
-0.015625
-0.001116
-0.000296
-0.002987
-0.009186
-0.002911
-0.002796
-0.016113
0.004303
0.000004
-0.013275
-0.000308
-0.019562
-0.000052
0.022003
0.003654
0.002926
0.001644
0.015297
-0.003139
0.000815
-0.010399
0.002632
-0.009232
-0.004505
-0.000318
-0.005741
-0.014374
0.006447
0.016556
-0.014702
-0.006886
0.006008
0.000475
0.001095
0.005512
-0.002350
0.003645
0.000188
-0.009552
-0.001409
-0.002651
0.019287
0.000324
-0.002001
0.001927
0.000546
-0.001255
0.007652
0.000467
-0.013985
-0.013466
0.000857
-0.006615
-0.000823
0.016922
0.003296
-0.000019
-0.004951
-0.000199
0.014191
-0.000769
0.000821
0.001965
-0.000485
-0.004280
-0.001479
-0.018402
0.000135
0.003214
0.010567
-0.020477
-0.002083
-0.012711
0.000343
-0.013054
0.000723
0.007435
-0.000512
-0.010742
0.009827
0.006508
0.006397
-0.005444
-0.001816
-0.000260
-0.002304
-0.003399
-0.013260
-0.000462
-0.011986
-0.002272
0.003790
0.007771
0.000724
-0.004444
0.000152
-0.001710
-0.001568
0.000934
-0.002983
-0.004871
0.000397
0.000742
0.005932
0.010376
0.006317
0.000167
-0.006550
0.010246
-0.013153
-0.001034
-0.003176
0.000632
0.016464
0.001358
0.021027
-0.005150
0.004814
-0.020203
0.036621
0.003767
0.012207
0.028152
-0.004215
-0.009277
-0.002901
0.020370
-0.006905
0.003014
-0.000089
-0.003036
-0.008667
-0.005917
0.009018
0.000008
-0.025955
0.001598
0.014565
-0.000306
0.022079
0.008347
0.000793
-0.003359
0.000489
0.004688
0.000994
-0.002243
-0.003727
-0.010162
0.012634
0.003633
0.019165
-0.000922
-0.036377
-0.019226
0.005959
0.000518
-0.000145
0.003353
-0.008926
0.006275
0.030212
-0.000699
0.002617
0.000514
0.008858
0.001995
-0.009651
0.004852
0.004299
0.002678
-0.001319
-0.013268
0.001749
-0.003197
-0.000207
0.001308
-0.017014
0.004017
0.000774
-0.000595
-0.005573
-0.001243
0.000210
0.000115
-0.000585
-0.010590
-0.011574
0.010918
-0.001158
-0.000515
0.008537
-0.000675
0.000158
0.025146
0.000359
-0.002733
-0.008621
0.005978
0.000194
-0.032043
0.001598
0.000887
-0.012321
0.009834
0.000507
-0.004025
-0.013908
-0.000676
-0.013077
-0.021866
-0.000941
0.022781
0.000975
-0.002323
0.009033
0.013885
-0.000160
-0.000430
-0.011429
-0.001473
0.021927
0.004723
0.000178
-0.000127
0.000800
-0.002241
0.011017
0.000550
-0.018524
0.007740
0.015144
-0.009712
0.017380
0.029724
-0.030014
-0.002939
0.003784
0.001264
-0.013100
0.017578
0.001633
0.003242
-0.002892
-0.000526
0.008644
-0.014732
-0.002724
-0.003922
0.004536
-0.000064
0.009964
0.000510
0.000012
-0.004658
0.013268
0.000594
-0.003391
-0.002911
0.004230
-0.003937
-0.003918
-0.022690
-0.005520
-0.000006
0.015991
-0.000243
0.018463
0.000174
0.026810
0.001371
0.002012
-0.006245
-0.025360
0.003782
0.000778
0.002020
-0.005672
0.008423
-0.002172
-0.006329
-0.001301
0.000018
0.011894
0.006912
0.005558
0.015434
0.000758
0.004673
0.001352
0.000206
0.000565
0.006424
0.001886
0.000903
0.004955
-0.008720
-0.007950
0.002356
-0.005169
-0.000180
-0.000181
-0.001278
0.008415
-0.001889
0.007439
0.009865
0.001205
0.013123
0.001350
0.033966
0.000754
0.003902
0.002962
-0.004139
-0.001672
0.000137
0.005672
-0.003483
-0.002785
0.000590
0.013954
0.015411
-0.000301
-0.013618
0.012711
0.005806
-0.006886
0.009972
0.015472
-0.012794
0.000916
-0.007996
0.001853
0.008728
0.001201
0.017181
-0.001618
0.008118
0.012077
0.001461
0.003056
-0.023712
0.020218
-0.000440
0.005173
0.000496
-0.004292
0.000255
-0.002197
-0.000486
0.000824
0.002560
-0.004570
-0.001174
0.001824
-0.010239
-0.005722
0.003845
-0.004436
0.005386
-0.005669
-0.000560
-0.002331
0.009178
0.004230
-0.003862
-0.000846
0.001510
-0.022354
0.001194
-0.017807
-0.004936
0.009903
-0.007233
0.026154
0.006985
0.008018
0.007126
-0.003067
0.005081
0.015625
-0.006134
0.003155
-0.001050
0.000723
0.000989
-0.009102
-0.011971
0.006393
0.000040
-0.003164
-0.013191
-0.013962
0.006912
-0.001090
-0.000027
0.002131
0.001047
0.001235
0.013092
-0.000466
0.005890
-0.003826
0.025558
0.008858
0.007305
0.004036
0.000883
0.033173
-0.003304
0.001959
-0.000432
-0.000134
0.001534
0.001493
0.002111
-0.001327
-0.000341
0.002134
0.001275
0.004765
-0.010284
0.001440
0.002308
-0.001086
0.001884
-0.001972
0.000722
0.000510
0.001812
0.000587
0.000906
0.004894
0.015259
0.001053
0.002726
-0.001440
0.003296
-0.000807
-0.002028
-0.004475
0.023849
0.007435
-0.001265
0.023758
0.000471
0.020264
0.006615
-0.040375
-0.028305
-0.000034
-0.013817
-0.003750
0.000257
-0.008820
0.002439
0.003481
-0.014275
-0.003855
0.021271
0.001210
0.005348
-0.005711
-0.000082
0.000575
-0.010010
0.002666
0.002600
-0.000083
-0.002876
-0.008827
0.000536
0.000926
0.000043
0.001907
0.001493
0.007469
-0.003279
0.000911
-0.000501
0.003281
-0.005760
0.004177
-0.000330
-0.008720
0.002981
0.009712
-0.001019
-0.011688
-0.001398
-0.000687
0.001100
-0.003181
-0.019623
-0.002682
-0.003006
0.000044
0.001443
-0.003368
0.000885
0.002981
-0.013405
0.004536
0.001980
0.004112
0.000753
0.014641
0.000561
0.002062
0.003893
0.024704
-0.000175
0.001490
-0.001289
0.003681
-0.002089
-0.003336
-0.013535
-0.010536
0.000056
0.015213
0.000391
0.002363
-0.000019
-0.002172
-0.006886
-0.001388
-0.005669
0.025162
-0.008041
0.000774
0.025757
-0.017761
0.014038
-0.002720
-0.004261
-0.004322
-0.017899
-0.008125
-0.002737
0.011322
-0.009308
-0.000879
0.000985
-0.016602
0.007828
-0.004478
-0.006516
-0.000844
0.016113
0.003084
0.001007
-0.005825
0.000574
-0.004234
-0.000762
-0.000148
0.001046
-0.007782
-0.006310
-0.004147
0.016388
0.002481
0.004150
0.003027
0.001278
-0.003710
0.002592
-0.002243
0.005203
0.014099
0.001336
-0.002506
0.008545
-0.000687
0.005890
0.008644
0.001626
0.000536
-0.011589
0.006893
-0.001615
-0.012054
-0.011490
0.001021
-0.010353
-0.001840
0.002411
-0.002951
-0.001955
0.001338
-0.009605
0.002987
0.003199
-0.002966
0.001669
-0.020096
0.000046
-0.010124
0.002949
-0.003555
0.000765
0.001495
0.001887
-0.005260
0.007809
-0.000732
0.001950
-0.002644
0.000362
-0.001502
0.004894
-0.003050
0.000162
0.001166
-0.000994
0.012550
0.000067
-0.005856
0.016235
-0.006054
0.014160
0.003067
-0.001040
-0.000639
0.000323
-0.003632
-0.005150
0.014977
-0.008453
0.020294
0.024200
-0.013565
0.002260
-0.005264
0.008331
-0.005440
0.004444
0.000892
0.002274
0.000052
0.005905
0.028931
0.009827
0.005146
-0.000008
0.008629
-0.009094
0.009956
0.003609
0.000053
0.013466
-0.000547
0.001063
0.004791
0.002291
-0.000004
0.006363
0.004612
0.003803
-0.021606
-0.000351
0.000710
-0.000613
-0.005531
0.001459
-0.005386
0.000065
-0.000174
-0.012489
0.000524
0.004837
-0.031647
-0.001741
-0.002661
-0.020340
0.008675
0.006462
0.001701
0.014374
0.000650
-0.001348
0.000615
0.003664
0.000608
0.001704
0.001106
-0.003271
0.003061
-0.004143
0.000927
0.000196
0.008217
-0.000266
0.006397
-0.001138
-0.000943
0.005730
-0.013054
-0.000978
0.033447
-0.001506
0.006290
0.002081
-0.009407
-0.032898
0.000187
0.010658
0.011696
-0.002466
-0.001747
0.032440
0.003733
0.000314
-0.008308
0.006947
-0.000069
-0.000129
0.006378
0.000745
0.011086
0.035980
0.001475
0.011101
-0.000902
-0.001773
-0.015778
0.031036
0.000430
0.006046
-0.008354
-0.001130
0.009872
0.005260
0.000845
0.000993
-0.002283
-0.000740
0.012672
0.003765
-0.008682
0.003740
-0.000719
0.000320
0.004044
0.011543
0.020721
0.001965
-0.004963
-0.000630
-0.005322
-0.035583
-0.004047
0.001465
0.001484
-0.001246
-0.036774
-0.006096
-0.007004
-0.010147
0.001928
0.000875
0.011299
-0.000741
0.000456
0.002121
-0.009186
-0.000460
0.000188
-0.000914
0.004719
-0.005451
-0.000408
0.005543
0.012314
-0.000002
-0.039825
0.002546
0.011658
0.000067
0.019165
-0.003359
-0.015991
0.003424
0.026642
-0.007114
-0.000724
0.001383
-0.035400
-0.008118
-0.002325
-0.000576
-0.004425
-0.002903
-0.008347
0.006058
0.023865
0.017227
-0.000536
-0.004147
-0.022003
0.005001
0.000046
0.007759
-0.000804
0.002937
0.004326
-0.002363
0.010048
-0.000986
0.004925
-0.001821
-0.000733
0.001501
-0.006554
-0.000303
-0.010757
0.029160
0.001608
-0.015656
-0.000864
-0.006744
0.005001
0.001893
0.004154
-0.001092
0.007519
-0.009201
-0.003153
0.005489
0.000636
-0.024338
-0.003149
-0.001675
-0.000946
-0.003378
-0.013481
-0.009895
0.004292
-0.004402
0.006973
0.002977
0.000440
0.005726
0.000026
-0.000518
0.000601
0.006542
-0.002592
0.001902
0.003756
0.002041
0.001544
0.003925
0.003571
0.001495
0.011696
0.001096
0.005291
0.009941
-0.004818
0.002436
-0.000032
-0.000537
-0.003309
-0.000473
-0.000028
0.039795
-0.000554
0.011726
-0.008545
-0.019058
-0.014740
-0.000426
0.001234
0.005138
0.003164
-0.005928
-0.001817
-0.000890
0.003513
0.000371
0.021210
0.002377
0.007286
-0.030243
-0.009148
0.005348
-0.024490
-0.003496
0.002123
0.016785
-0.008942
-0.002710
-0.002186
0.002369
-0.000311
-0.005737
0.002623
-0.003588
-0.007660
-0.000058
0.022964
0.000790
0.011238
-0.004063
0.025742
0.010765
-0.001485
0.001319
0.009842
-0.007927
0.000019
-0.000506
0.006386
0.009056
0.012230
0.005783
-0.034027
0.000385
0.018005
0.005875
0.005070
0.001576
0.000002
-0.007404
0.003632
-0.001822
0.020233
0.001191
0.001384
-0.000253
-0.006088
-0.002712
-0.004543
0.002968
-0.003216
-0.002602
-0.002268
-0.005894
-0.005562
-0.005566
-0.001804
-0.000042
-0.008743
-0.001127
0.000675
0.004639
0.002693
0.001789
-0.006840
0.002213
-0.000014
-0.018234
-0.001509
0.002510
0.007671
0.000403
-0.007076
0.000587
-0.004333
0.005043
0.001027
-0.002949
-0.003933
-0.001940
-0.004620
-0.002493
0.003286
-0.010750
0.009743
0.007256
-0.000566
0.004345
0.004215
0.000160
-0.001603
-0.002544
-0.002174
0.005775
-0.000386
-0.003702
-0.001465
0.002235
-0.000502
-0.004166
-0.015274
0.000075
-0.027374
-0.001805
-0.000812
-0.000006
0.006165
0.001458
-0.019501
-0.002768
0.001940
0.003660
-0.023483
0.016968
-0.002962
0.021683
-0.012741
0.001637
0.001450
0.013557
-0.008583
-0.012657
-0.001508
0.001185
0.000557
-0.000056
0.010406
-0.005310
0.010384
-0.012222
0.002535
0.001429
-0.006687
0.000518
0.002956
0.022659
0.000684
0.000502
0.000469
-0.001849
0.001075
0.001375
0.000395
-0.000907
-0.005802
0.000013
-0.034637
0.002628
0.009186
0.000049
0.010727
0.002808
-0.005459
-0.004765
0.029037
-0.020813
0.000724
-0.002674
-0.000318
0.013626
0.007618
-0.001185
-0.028381
0.010529
0.007973
0.006100
-0.002769
-0.015236
0.006741
0.002274
-0.008354
0.008156
0.001850
0.012314
0.001405
0.001063
-0.000479
0.008659
-0.010078
0.000862
0.002350
0.000424
-0.000787
0.001140
0.020584
0.000949
-0.026917
-0.024399
0.000069
0.020828
0.004101
0.001553
0.002157
0.003901
-0.005619
0.000139
-0.005779
0.001749
-0.001065
0.005875
-0.002480
-0.005188
-0.000366
0.002066
-0.000106
0.015526
-0.007248
-0.012901
-0.002628
-0.016342
0.011986
-0.003952
-0.001241
0.000162
-0.001680
-0.006306
-0.003227
0.005905
-0.002262
0.008797
-0.001595
-0.001158
-0.012245
-0.021423
0.005260
-0.001748
-0.003555
0.001135
0.004066
0.003693
0.002634
-0.007355
0.000126
0.002485
0.001283
0.000811
-0.002865
0.001412
0.008224
-0.014984
0.004810
-0.013756
0.016846
0.002731
-0.002367
0.011353
0.005352
0.004498
0.000938
-0.000907
0.015251
0.000052
0.021683
0.005943
-0.014015
-0.017639
0.000948
-0.011818
-0.029770
0.030746
0.000338
-0.020844
-0.012032
0.017273
-0.000256
-0.000095
-0.000458
-0.003653
-0.004986
-0.006287
0.005558
-0.000061
0.024796
0.006100
0.000285
-0.007149
0.006424
-0.016281
-0.000010
-0.000592
-0.008102
-0.009216
0.000098
0.005501
-0.001401
-0.003513
-0.013931
0.004631
-0.024582
-0.000149
0.014206
-0.004723
0.003395
0.001013
-0.000065
0.009911
0.004345
-0.002245
0.005215
-0.000607
-0.015167
0.007076
0.004295
-0.012665
-0.005241
0.013664
-0.001018
-0.000206
-0.000533
-0.011253
-0.003847
-0.000161
-0.001691
0.005581
-0.007175
-0.002222
-0.000519
0.005558
-0.000109
0.006428
-0.006313
0.004280
0.001672
-0.013077
0.003130
-0.007343
0.008591
0.001782
0.002399
-0.002321
-0.008507
-0.016235
-0.000075
0.000959
-0.001060
-0.003876
-0.008911
0.035004
0.006649
-0.002256
-0.000359
-0.006351
0.001036
-0.006660
-0.014404
0.001179
0.006683
-0.000715
-0.006439
-0.011589
-0.003010
-0.003111
0.009552
0.014893
-0.000388
0.002501
0.002785
-0.003006
0.038239
-0.005722
0.000291
-0.000650
-0.000714
0.003420
0.019089
0.008392
-0.013992
-0.012634
-0.010368
-0.010040
-0.000731
-0.017151
-0.024155
-0.002865
-0.004215
0.010315
0.004097
0.003674
-0.001248
0.001147
-0.000736
-0.000809
0.026825
-0.030441
0.002134
-0.008995
-0.003286
0.001249
-0.017685
-0.002146
-0.002731
-0.009636
0.006233
0.000623
0.000523
-0.003498
-0.008514
0.000100
0.001158
-0.000949
0.002516
-0.000049
-0.011055
0.004932
-0.012222
0.000079
0.018723
-0.002150
-0.003578
-0.006645
-0.043213
0.002199
0.000159
-0.004604
0.014542
-0.003412
-0.000267
0.000537
0.020050
0.001763
-0.012856
-0.001361
0.006416
0.007050
-0.000766
-0.006367
-0.016983
-0.005836
-0.003355
-0.008339
0.000751
-0.005993
0.007797
-0.001776
0.011375
0.001101
-0.002977
0.000557
0.000998
0.000417
-0.001966
0.003855
-0.023056
0.007172
-0.001003
0.017426
0.000398
-0.036102
0.006367
-0.001590
-0.000634
0.006256
0.005611
-0.004265
-0.000460
-0.006718
0.001760
0.007866
-0.014992
0.014748
0.000285
0.002207
0.001365
0.005203
-0.009682
-0.013702
0.002327
-0.009415
-0.000094
0.006641
0.000547
0.007202
0.014694
0.003519
-0.005924
0.008087
-0.002283
0.000311
-0.004177
-0.004665
0.023254
-0.002682
-0.010948
0.000761
-0.005150
-0.000005
0.004082
0.004169
-0.000617
-0.003601
0.004879
-0.000228
0.004311
-0.008018
-0.004601
-0.031647
0.001175
-0.005360
-0.023010
-0.001784
0.002537
-0.016464
0.001610
0.010895
-0.001526
0.000222
-0.004349
0.000071
0.002701
0.006340
0.006676
0.008095
0.011734
0.012718
0.032501
0.004414
0.003080
0.014885
0.000893
0.002434
-0.006607
-0.001728
-0.000389
-0.006069
-0.001926
-0.001313
-0.005356
0.000040
0.018814
0.014366
-0.007095
-0.005032
0.019577
0.001307
-0.005932
-0.000922
0.009224
0.003918
-0.002058
0.001348
0.004517
-0.004196
0.005356
0.000753
0.000204
0.000543
0.021973
-0.024933
-0.001704
0.005024
0.000143
0.003412
-0.014343
0.001200
-0.014000
-0.000272
-0.009995
-0.005211
-0.001443
0.000302
-0.005009
0.003525
-0.003304
-0.001419
-0.002106
-0.003180
0.000583
0.000673
0.000773
-0.004677
0.015358
-0.015114
0.000751
0.003214
-0.014191
-0.006081
-0.005844
-0.004463
0.003983
0.015114
-0.002096
-0.011978
-0.015038
-0.000638
-0.011711
0.001898
0.042999
-0.006790
-0.000957
0.001234
0.010223
-0.013931
0.005905
-0.008057
-0.004971
0.010048
-0.000701
-0.010208
0.001019
-0.003937
-0.001904
0.000050
-0.012970
0.000697
0.005135
-0.002613
-0.002604
0.001493
-0.006805
-0.010078
-0.001060
-0.000387
0.008293
0.000121
0.008682
0.004879
0.000035
0.000653
0.001842
-0.003498
-0.000524
-0.000212
-0.009094
0.003241
-0.003033
-0.010773
-0.013283
0.014786
0.013618
0.003899
0.000624
0.010559
0.000346
0.009827
-0.001600
0.001953
0.001269
-0.000551
-0.007843
0.045349
0.003778
0.007835
0.005386
-0.000507
0.011368
0.000323
0.000028
-0.005455
0.011955
-0.000734
0.001394
0.002567
-0.000378
-0.005249
-0.000011
-0.008728
-0.013054
-0.000041
0.030075
-0.010376
0.001565
-0.000051
-0.011894
0.002686
0.004982
0.007687
-0.082275
-0.015533
-0.001921
-0.022324
-0.008797
-0.016434
-0.001491
0.001089
0.007294
0.004940
-0.003990
0.007545
-0.009979
0.015610
-0.004967
0.005192
-0.006466
-0.002352
-0.000591
-0.003922
-0.000635
0.024948
0.001993
-0.009216
0.005875
0.000216
-0.000658
0.000323
0.000854
-0.002583
-0.018524
-0.007465
-0.016342
0.004299
0.000536
-0.007309
-0.000556
-0.008743
0.004055
0.003147
0.001715
0.012276
0.004677
-0.002426
0.008438
-0.002308
0.004364
0.013802
-0.014389
-0.013763
-0.000752
-0.000661
0.008888
0.001617
-0.010422
-0.013840
0.018188
0.014641
0.001107
-0.005688
0.000824
-0.006966
-0.000720
-0.016006
0.000588
-0.005032
0.001987
-0.000667
-0.002569
-0.013008
-0.009644
-0.002430
0.014664
0.000637
-0.001906
0.007874
-0.005146
0.002245
-0.000480
-0.002489
-0.000632
0.000106
0.002039
0.042816
0.004822
-0.002701
-0.003748
0.010223
0.007088
0.000506
0.003807
0.009583
-0.008568
-0.003805
-0.000151
-0.000637
0.001709
-0.000633
0.006607
0.001401
0.004078
0.047760
0.000205
0.018616
-0.022110
-0.007179
-0.000797
-0.021606
0.002697
0.015823
-0.000244
-0.005077
0.000817
-0.012337
-0.002970
-0.004803
0.007587
-0.000060
-0.001723
0.003067
0.002781
-0.002323
-0.011337
-0.000198
0.005383
0.000925
0.030746
0.019196
-0.000764
0.006077
-0.005981
0.012215
-0.010559
0.007751
-0.005341
0.000011
-0.007904
-0.004776
-0.002085
-0.002707
-0.000162
-0.006344
0.001541
0.015587
-0.003389
-0.000196
0.002182
0.009239
0.000241
0.011848
0.001943
0.002415
0.005550
0.000182
-0.005398
0.002825
0.001143
0.000052
-0.002993
0.000829
0.012634
-0.004730
-0.000539
0.003187
-0.010307
0.006428
0.005001
-0.001335
0.001035
-0.026459
0.000276
-0.002411
0.011597
0.000427
0.000588
-0.003855
0.006962
-0.011444
0.000307
0.003040
-0.012482
0.019501
-0.009842
0.003113
-0.005360
-0.006592
-0.005970
-0.001757
0.000419
-0.003521
0.003784
0.000183
-0.014084
0.005051
-0.000273
-0.008720
0.000028
-0.003408
-0.008446
-0.007919
-0.000522
0.001775
-0.000166
-0.001278
-0.004974
-0.000251
0.000208
-0.000317
-0.003447
0.003405
0.030350
-0.004738
-0.002867
0.004414
-0.030289
0.002771
-0.015175
0.020325
-0.002380
-0.002031
-0.003534
0.009018
0.009636
0.008614
-0.002987
-0.004189
-0.001029
-0.000580
-0.009338
-0.029297
0.000337
-0.002504
-0.002813
0.000040
-0.001122
0.000189
-0.001876
0.005501
0.003998
-0.000148
0.000656
-0.002205
0.011299
-0.000958
-0.000693
-0.028870
0.016968
0.000010
0.011520
0.002523
0.009521
-0.000105
0.006111
-0.002703
-0.000408
0.000412
0.027802
-0.009087
0.001238
-0.011620
-0.025543
-0.018173
0.001159
0.004799
0.005547
0.016586
-0.006397
-0.006054
0.014969
-0.006073
0.000401
0.005417
0.000625
-0.005951
-0.001175
0.002935
0.001019
-0.013687
0.002056
-0.003014
0.000670
0.000324
-0.005878
0.000198
-0.001118
0.000784
0.004333
-0.000761
-0.017380
-0.006641
-0.001872
0.002853
-0.000694
-0.024796
0.002804
-0.004333
-0.002085
0.000452
0.005268
-0.002705
0.015251
-0.004627
-0.005989
0.010521
-0.004879
0.005119
0.000009
0.007050
0.003536
-0.001770
-0.014381
0.042206
0.001006
0.005566
-0.000221
0.010239
0.001476
0.003273
-0.012978
0.007736
0.004566
-0.001995
0.001251
-0.000816
-0.000415
0.016617
0.019150
-0.001241
0.005051
-0.000429
0.000283
-0.002522
-0.000946
-0.004215
-0.000973
-0.000378
-0.001746
-0.001126
-0.001132
-0.000754
-0.004890
0.010246
0.001176
0.005100
-0.007660
-0.000843
-0.004242
-0.002844
0.009026
0.003115
-0.004166
0.000037
-0.018250
0.000181
0.013313
-0.007874
0.000142
0.019180
0.041840
0.026031
-0.009201
-0.010139
0.007336
0.007168
0.002283
-0.000105
0.005642
0.003826
0.000722
0.011993
-0.005100
0.001156
-0.017502
0.000024
-0.002087
0.001616
0.002607
0.001883
-0.000777
-0.006805
-0.004997
-0.000119
0.010132
0.007046
-0.000501
-0.006577
0.006485
-0.002102
0.006020
-0.002146
0.000835
0.000047
-0.004475
-0.020416
0.005817
0.000943
0.000170
0.004982
0.008575
-0.005928
0.012939
-0.002588
0.007236
0.001816
0.007229
-0.005241
0.011711
-0.014076
0.004845
0.001150
-0.004150
0.005135
0.002298
0.000797
-0.000142
-0.000174
-0.031586
0.016312
-0.000159
-0.003960
-0.008018
0.002859
-0.002457
0.003502
-0.000011
0.006519
0.002497
0.009827
0.001970
0.001650
-0.005650
0.004841
-0.004486
0.007359
-0.000354
-0.002609
0.002266
-0.000607
-0.000698
0.009323
-0.000159
-0.012177
-0.003204
0.006004
-0.000210
-0.001832
-0.008842
0.000878
0.003777
-0.028427
0.004593
0.002502
-0.005028
-0.002567
-0.035278
0.024826
-0.000964
0.001719
-0.020081
-0.001354
0.020157
0.014427
-0.001092
-0.001026
0.001538
0.001496
-0.001910
0.002094
0.005451
0.001566
-0.004990
-0.006912
0.008095
0.001646
-0.015450
-0.004196
0.009956
-0.003407
0.004940
0.029266
-0.000343
0.000242
0.002375
-0.000508
0.003386
-0.033264
0.000250
-0.003197
0.001420
0.001063
0.001072
-0.000603
0.001737
-0.010399
-0.004833
0.000156
-0.001445
0.000775
-0.013336
-0.004444
0.000066
0.014488
0.001069
-0.000029
-0.016327
0.007591
0.003986
-0.000123
0.001397
0.000525
-0.001476
0.004192
0.033203
-0.005531
-0.001020
0.020432
-0.025604
0.010048
0.006989
-0.001685
-0.031616
0.001686
0.002546
0.000556
-0.011757
-0.010521
-0.002151
0.005123
0.000612
0.007988
0.003126
0.001862
0.000605
0.004662
-0.006252
-0.000682
0.009613
-0.000758
0.008133
-0.000752
0.000459
0.000774
-0.001804
0.003107
0.014091
-0.009010
0.001110
-0.004051
-0.004723
0.007210
-0.002422
-0.002493
0.008438
0.000800
-0.001812
-0.003466
0.004730
0.010620
0.003050
-0.007538
0.017548
0.001178
0.000618
-0.012672
0.014641
-0.006969
-0.022629
0.011864
0.002548
0.010635
-0.000074
-0.000211
-0.000953
-0.016739
0.008591
-0.000337
-0.003506
0.001307
-0.001316
0.000345
-0.002005
0.000278
0.015320
-0.001750
-0.012817
-0.000825
-0.006737
-0.000503
0.001225
0.002354
0.000325
-0.003983
0.001146
0.000924
-0.001077
-0.010468
-0.003456
-0.012558
0.002741
0.001312
0.014557
0.001173
0.010330
-0.008003
0.006420
-0.028824
-0.001080
-0.000156
-0.001420
-0.000330
0.033966
0.000460
0.007690
0.011299
-0.015182
-0.009216
0.005375
0.013321
0.003910
0.006550
-0.004944
0.016678
-0.007416
-0.002747
0.000451
-0.006409
0.004177
-0.003492
0.002888
0.000001
-0.030792
0.000989
0.010574
-0.000539
0.000961
-0.000858
-0.003613
-0.000586
-0.003302
0.008278
-0.000334
0.001629
0.013306
0.003820
0.013794
-0.000099
0.045593
-0.001143
0.029434
0.003611
-0.011917
0.001129
0.000377
-0.000320
-0.000841
-0.001035
0.000685
-0.000073
-0.018097
-0.002268
-0.005619
0.013092
-0.003742
0.001953
0.000019
0.002132
-0.001344
0.000896
0.002077
0.003098
0.002913
0.000028
0.002649
0.014572
0.001170
0.001673
0.013222
0.000743
0.016937
-0.000949
-0.005024
0.000521
0.016968
-0.006676
-0.005280
0.001458
-0.009087
0.002886
-0.014587
0.009109
-0.000571
0.015007
-0.009865
-0.013184
0.006474
0.024185
0.000319
0.001654
0.008636
0.013039
0.000390
0.006733
0.009247
0.000163
0.005482
-0.004620
-0.003729
0.012878
0.001725
-0.004852
-0.020523
-0.010727
0.000451
-0.001581
-0.010437
-0.000688
-0.021683
-0.002996
0.000001
-0.000624
0.003304
-0.003004
0.013145
0.006344
-0.008102
-0.002340
0.012642
-0.002968
-0.006840
-0.035645
0.008858
0.003214
0.001578
-0.000262
0.001671
-0.011475
0.003103
-0.002388
-0.002098
0.000472
0.016113
-0.013321
0.002716
0.000332
0.002420
0.000524
-0.001375
-0.000865
0.000978
0.002182
-0.001868
-0.001508
-0.005596
0.001810
-0.007496
-0.001924
-0.001415
0.002287
0.000829
-0.000069
-0.025009
-0.000495
-0.006664
0.000052
0.018829
0.000864
-0.003279
-0.002573
0.070129
-0.002148
-0.000373
-0.027878
-0.012459
0.018829
0.000832
0.002266
0.017349
0.016907
-0.005894
0.005741
-0.004971
0.026596
-0.001740
0.018921
-0.013451
0.001466
-0.000620
-0.014671
0.000709
-0.003195
0.001329
0.000153
0.001945
0.000244
-0.001504
-0.002085
-0.000643
0.000557
0.009705
0.001132
0.046356
-0.019958
-0.001673
-0.002108
0.001678
-0.017349
-0.016083
-0.003983
-0.000510
-0.000381
-0.002909
0.002514
-0.003147
0.001132
0.016342
0.013008
0.006985
-0.004002
0.000160
-0.003511
0.002880
-0.021851
-0.009506
-0.001546
0.016647
0.013359
0.000396
0.017090
-0.000308
-0.010170
-0.003056
0.012856
-0.006233
-0.014175
-0.000272
0.001385
0.009354
-0.008911
0.007435
-0.000871
-0.013367
0.000020
-0.003897
-0.000588
-0.003059
-0.007359
0.000198
-0.002403
-0.002424
0.001968
0.000542
-0.012924
0.002996
0.003260
-0.004490
0.004494
0.001101
0.000544
-0.001913
-0.008705
0.001808
-0.008675
-0.001802
-0.000485
0.008720
-0.000135
0.014214
0.001910
-0.011848
-0.017258
-0.010513
0.019867
-0.002216
0.021164
-0.000707
-0.001506
-0.004246
0.005745
-0.002142
-0.003368
0.000484
0.004902
-0.019409
0.005440
-0.005592
0.000113
0.002949
0.009521
0.002163
0.003553
-0.010941
-0.006561
0.005592
0.000604
-0.000672
0.001600
0.000166
-0.001459
0.000513
0.005993
0.007919
-0.002375
0.020828
0.000038
0.012810
-0.003849
0.010132
-0.002113
0.000162
-0.006023
0.001169
0.019562
0.013847
-0.000162
0.006672
0.011192
-0.003410
-0.000690
0.006294
-0.006004
0.000337
0.000943
0.001710
-0.009964
-0.000919
0.001247
-0.001000
-0.003300
0.011665
0.009384
0.002056
0.002075
-0.016083
0.001517
-0.016861
0.003263
-0.002581
0.026291
0.009644
0.006737
-0.014252
0.000806
-0.003077
-0.001937
0.009193
-0.023392
0.000061
0.004730
0.001546
0.021591
0.003365
0.015198
-0.001738
0.002890
-0.003561
-0.006939
-0.000295
-0.005707
-0.000234
0.000645
0.001019
0.006596
-0.006580
0.002785
-0.000243
-0.000839
0.031235
-0.015854
0.000409
-0.003206
-0.009491
0.001832
0.022675
-0.006428
-0.000157
0.000296
0.009094
0.000701
-0.007927
-0.000511
0.004257
-0.000985
-0.006245
-0.000118
0.016815
0.024963
0.001898
-0.005978
-0.000249
0.010345
0.004440
-0.015129
0.000673
0.002199
0.003107
-0.000484
0.002234
-0.018753
0.007282
-0.012703
0.002781
0.000863
-0.003258
-0.000179
0.003576
-0.005104
-0.000208
0.000829
0.001804
-0.002119
-0.011124
0.001853
-0.000081
0.006126
-0.005615
-0.000019
0.011459
0.002302
0.008400
-0.000172
-0.006382
0.000508
0.000874
0.006348
0.016907
-0.006519
0.000123
-0.026718
0.024811
-0.001804
-0.000349
0.000377
0.023163
0.004368
0.012413
-0.010925
0.001496
0.009773
-0.000715
0.010254
0.007389
-0.006325
0.000206
0.008171
0.001172
-0.010323
0.005890
-0.004627
-0.000206
-0.001664
0.000169
-0.003632
0.000752
0.001260
-0.016205
-0.000286
-0.000324
-0.007133
0.000026
0.001539
-0.005001
-0.012024
-0.001062
-0.003199
0.003895
0.002380
-0.001953
0.002697
0.003069
-0.001450
-0.003466
-0.026794
0.012245
-0.014709
0.000725
-0.009254
-0.001091
0.007263
-0.014313
-0.002283
0.007378
-0.008438
-0.002405
-0.002142
0.000904
-0.006031
-0.007828
0.004959
0.001279
-0.000560
-0.000416
-0.001692
-0.015900
-0.001020
0.000512
0.002195
0.003925
-0.000461
0.001385
0.006138
0.002657
-0.002413
0.000379
0.009254
-0.003729
0.000580
0.000783
-0.035583
-0.005527
-0.001822
-0.007267
0.010086
-0.001365
0.001431
-0.000617
-0.023438
-0.011749
0.008659
-0.001758
-0.001425
-0.021271
-0.001083
0.009880
0.010757
-0.006962
0.019714
0.007343
0.011391
-0.012428
-0.029144
-0.008232
-0.009819
-0.021500
-0.014313
-0.003759
0.003092
-0.000346
0.006481
-0.011993
0.003403
0.012230
0.000018
0.024246
0.001881
-0.012749
0.006435
0.017303
-0.001406
0.003094
0.000213
0.024048
-0.001782
-0.000997
0.002953
-0.015869
-0.003967
-0.005989
-0.000896
-0.031464
-0.000369
0.002964
-0.011208
-0.005291
0.000040
0.000265
0.006294
0.005913
-0.004345
0.035522
0.000139
0.001290
-0.002327
0.002886
-0.005325
-0.000865
-0.008522
-0.000205
-0.002172
-0.001329
0.001944
0.003233
-0.001089
0.000813
-0.001062
0.013069
-0.013992
0.001453
-0.000373
0.010635
0.003971
0.005684
-0.006931
0.002239
0.003277
-0.007576
-0.011749
-0.010979
0.000284
-0.006786
0.001759
0.007698
-0.011391
-0.000209
-0.003387
-0.001106
-0.016769
-0.000250
0.003647
0.001221
-0.007881
0.002884
-0.020142
-0.000287
0.010384
-0.003473
0.000380
0.004963
-0.018066
-0.006283
-0.016022
0.002533
-0.000775
0.003401
-0.008514
-0.000109
0.004990
0.004360
0.002581
0.028580
-0.008453
-0.000196
0.000198
0.007267
0.004807
0.003733
0.003229
-0.009094
0.002831
-0.009232
-0.008942
0.018570
-0.004604
0.010262
-0.007355
-0.000249
0.010345
0.004440
-0.015129
0.000673
0.002199
0.003107
-0.000484
0.002234
-0.018753
0.007282
-0.012703
0.002781
0.000863
-0.003258
-0.000179
0.003576
-0.005104
-0.000208
0.000829
0.001804
-0.002119
-0.011124
0.001853
-0.000081
0.006126
-0.005615
-0.000019
0.011459
0.002302
0.008400
-0.000172
-0.006382
0.000508
0.000874
0.006348
0.016907
-0.006519
0.000123
-0.026718
0.024811
-0.001804
-0.000349
0.000377
0.023163
0.004368
0.012413
-0.010925
0.001496
0.009773
-0.000715
0.010254
0.007389
-0.006325
0.000206
0.008171
0.001172
-0.010323
0.005890
-0.004627
-0.000206
-0.001664
0.000169
-0.003632
0.000752
0.001260
-0.016205
-0.000286
-0.000324
-0.007133
0.000026
0.001539
-0.005001
-0.012024
-0.001062
-0.003199
0.003895
0.002380
-0.001953
0.002697
0.003069
-0.001450
-0.003466
-0.026794
0.012245
-0.014709
0.000725
-0.009254
-0.001091
0.007263
-0.014313
-0.002283
0.007378
-0.008438
-0.002405
-0.002142
0.000904
-0.006031
-0.007828
0.004959
0.001279
-0.000560
-0.000416
-0.001692
-0.015900
-0.001020
0.000512
0.002195
0.003925
-0.000461
0.001385
0.006138
0.002657
-0.002413
0.000379
0.009254
-0.003729
0.000580
0.000783
-0.035583
-0.005527
-0.001822
-0.007267
0.010086
-0.001365
0.001431
-0.000617
-0.023438
-0.011749
0.008659
-0.001758
-0.001425
-0.021271
-0.001083
0.009880
0.010757
-0.006962
0.019714
0.007343
0.011391
-0.012428
-0.029144
-0.008232
-0.009819
-0.021500
-0.014313
-0.003759
0.003092
-0.000346
0.006481
-0.011993
0.003403
0.012230
0.000018
0.024246
0.001881
-0.012749
0.006435
0.017303
-0.001406
0.003094
0.000213
0.024048
-0.001782
-0.000997
0.002953
-0.015869
-0.003967
-0.005989
-0.000896
-0.031464
-0.000369
0.002964
-0.011208
-0.005291
0.000040
0.000265
0.006294
0.005913
-0.004345
0.035522
0.000139
0.001290
-0.002327
0.002886
-0.005325
-0.000865
-0.008522
-0.000205
-0.002172
-0.001329
0.001944
0.003233
-0.001089
0.000813
-0.001062
0.013069
-0.013992
0.001453
-0.000373
0.010635
0.003971
0.005684
-0.006931
0.002239
0.003277
-0.007576
-0.011749
-0.010979
0.000284
-0.006786
0.001759
0.007698
-0.011391
-0.000209
-0.003387
-0.001106
-0.016769
-0.000250
0.003647
0.001221
-0.007881
0.002884
-0.020142
-0.000287
0.010384
-0.003473
0.000380
0.004963
-0.018066
-0.006283
-0.016022
0.002533
-0.000775
0.003401
-0.008514
-0.000109
0.004990
0.004360
0.002581
0.028580
-0.008453
-0.000196
0.000198
0.007267
0.004807
0.003733
0.003229
-0.009094
0.002831
-0.009232
-0.008942
0.018570
-0.004604
0.010262
-0.007355
-0.000219
-0.001999
-0.021027
0.001370
0.000030
0.003485
0.000995
0.000822
-0.014488
0.037415
0.003733
-0.009720
-0.002382
-0.000075
-0.007771
0.000409
0.001258
-0.004795
-0.012077
-0.001035
-0.001098
-0.001086
-0.009384
0.002115
0.002111
-0.009972
-0.008507
-0.000037
0.002985
0.016708
-0.000798
-0.000179
-0.006374
0.000061
0.005978
0.003134
-0.042755
0.017639
0.000674
0.006531
-0.001743
0.005718
0.003839
-0.002865
-0.018478
0.005924
0.002871
-0.005413
-0.025528
-0.020554
0.006763
-0.005322
-0.009644
0.000058
-0.002039
0.008369
-0.002489
0.000432
-0.001508
0.009178
0.000750
0.000127
0.001035
0.002340
0.001637
0.001686
0.010956
0.008247
0.004055
-0.009125
0.001856
0.021515
0.003574
0.002254
0.003742
-0.004257
-0.000557
0.001925
-0.004642
0.007652
0.004971
0.004414
0.005821
0.015747
0.001509
0.001146
0.000257
-0.003868
-0.004093
-0.011406
0.020294
-0.017380
0.013351
-0.001337
0.000069
0.005573
-0.000895
0.002628
0.010765
0.000469
0.002861
0.005093
-0.000479
-0.000702
0.000233
0.001165
0.009880
0.003782
0.004936
-0.001045
-0.002668
-0.006287
0.008263
-0.008133
-0.000204
-0.001385
0.001427
-0.000913
0.000986
0.000973
0.007416
-0.001358
0.006897
0.012451
-0.010826
0.000598
-0.000937
0.006481
0.007229
0.005550
-0.000127
-0.000106
0.003658
-0.000675
0.006577
-0.010582
0.007481
-0.000012
0.010979
-0.001613
-0.009758
0.006996
-0.008774
0.005459
-0.005577
0.000978
-0.002968
-0.001575
0.000540
0.000289
-0.005043
0.004105
0.000273
-0.000008
-0.029861
0.002539
-0.011696
0.001263
0.008522
0.001712
0.003395
0.000833
0.020752
0.024506
-0.000338
-0.000689
-0.001908
-0.001974
-0.032440
0.002792
-0.000213
0.000967
-0.026276
-0.003462
-0.011154
-0.001535
0.000153
0.006081
-0.001862
-0.009888
0.045166
-0.002373
-0.000407
0.002005
0.003147
0.005604
0.003086
-0.002863
-0.000617
0.000466
-0.002245
0.005432
0.000473
-0.002329
0.001502
-0.005497
-0.008446
0.002102
-0.000257
-0.002110
-0.003031
0.004784
0.005222
-0.003675
-0.002857
-0.022537
-0.006989
0.000715
-0.002783
0.001695
-0.021545
-0.003624
-0.019073
-0.014816
0.001096
0.000548
-0.020096
-0.002831
-0.016510
-0.009033
0.002197
0.002811
-0.001853
-0.001658
-0.002674
-0.003975
0.002804
-0.001764
0.003544
0.004887
-0.002748
0.002907
0.003695
0.001544
0.017151
-0.007519
0.000815
0.003401
0.014236
0.003071
-0.008224
0.000378
-0.000067
0.000906
0.000071
-0.003075
-0.035553
0.001727
-0.000971
0.000044
-0.020370
-0.004425
0.008827
-0.012695
0.005840
0.000712
-0.003181
-0.019623
-0.002682
-0.003006
0.000044
0.001443
-0.003368
0.000885
0.002981
-0.013405
0.004536
0.001980
0.004112
0.000753
0.014641
0.000561
0.002062
0.003893
0.024704
-0.000175
0.001490
-0.001289
0.003681
-0.002089
-0.003336
-0.013535
-0.010536
0.000056
0.015213
0.000391
0.002363
-0.000019
-0.002172
-0.006886
-0.001388
-0.005669
0.025162
-0.008041
0.000774
0.025757
-0.017761
0.014038
-0.002720
-0.004261
-0.004322
-0.017899
-0.008125
-0.002737
0.011322
-0.009308
-0.000879
0.000985
-0.016602
0.007828
-0.004478
-0.006516
-0.000844
0.016113
0.003084
0.001007
-0.005825
0.000574
-0.004234
-0.000762
-0.000148
0.001046
-0.007782
-0.006310
-0.004147
0.016388
0.002481
0.004150
0.003027
0.001278
-0.003710
0.002592
-0.002243
0.005203
0.014099
0.001336
-0.002506
0.008545
-0.000687
0.005890
0.008644
0.001626
0.000536
-0.011589
0.006893
-0.001615
-0.012054
-0.011490
0.001021
-0.010353
-0.001840
0.002411
-0.002951
-0.001955
0.001338
-0.009605
0.002987
0.003199
-0.002966
0.001669
-0.020096
0.000046
-0.010124
0.002949
-0.003555
0.000765
0.001495
0.001887
-0.005260
0.007809
-0.000732
0.001950
-0.002644
0.000362
-0.001502
0.004894
-0.003050
0.000162
0.001166
-0.000994
0.012550
0.000067
-0.005856
0.016235
-0.006054
0.014160
0.003067
-0.001040
-0.000639
0.000323
-0.003632
-0.005150
0.014977
-0.008453
0.020294
0.024200
-0.013565
0.002260
-0.005264
0.008331
-0.005440
0.004444
0.000892
0.002274
0.000052
0.005905
0.028931
0.009827
0.005146
-0.000008
0.008629
-0.009094
0.009956
0.003609
0.000053
0.013466
-0.000547
0.001063
0.004791
0.002291
-0.000004
0.006363
0.004612
0.003803
-0.021606
-0.000351
0.000710
-0.000613
-0.005531
0.001459
-0.005386
0.000065
-0.000174
-0.012489
0.000524
0.004837
-0.031647
-0.001741
-0.002661
-0.020340
0.008675
0.006462
0.001701
0.014374
0.000650
-0.001348
0.000615
0.003664
0.000608
0.001704
0.001106
-0.003271
0.003061
-0.004143
0.000927
0.000196
0.008217
-0.000266
0.006397
-0.001138
-0.000943
0.005730
-0.013054
-0.000978
0.033447
-0.001506
0.006290
0.002081
-0.009407
-0.032898
0.000187
0.010658
0.011696
-0.002466
-0.001747
0.032440
0.003733
0.000314
-0.008308
0.006947
-0.000069
-0.000129
0.006378
0.000745
0.011086
0.035980
0.001475
0.011101
-0.000902
-0.001773
-0.015778
0.031036
0.000430
0.006046
-0.008354
-0.001130
0.009872
0.005260
0.000845
0.000993
-0.002283
-0.000740
0.012672
0.003765
-0.008682
0.003740
-0.000719
0.000320
0.004044
0.011543
0.020721
0.001965
-0.001255
0.009453
-0.002539
-0.013924
0.000479
0.000390
-0.001461
-0.000791
0.017929
0.011208
0.003593
0.005356
-0.000590
0.000578
0.002392
0.001212
-0.001863
0.008911
-0.015625
-0.001116
-0.000296
-0.002987
-0.009186
-0.002911
-0.002796
-0.016113
0.004303
0.000004
-0.013275
-0.000308
-0.019562
-0.000052
0.022003
0.003654
0.002926
0.001644
0.015297
-0.003139
0.000815
-0.010399
0.002632
-0.009232
-0.004505
-0.000318
-0.005741
-0.014374
0.006447
0.016556
-0.014702
-0.006886
0.006008
0.000475
0.001095
0.005512
-0.002350
0.003645
0.000188
-0.009552
-0.001409
-0.002651
0.019287
0.000324
-0.002001
0.001927
0.000546
-0.001255
0.007652
0.000467
-0.013985
-0.013466
0.000857
-0.006615
-0.000823
0.016922
0.003296
-0.000019
-0.004951
-0.000199
0.014191
-0.000769
0.000821
0.001965
-0.000485
-0.004280
-0.001479
-0.018402
0.000135
0.003214
0.010567
-0.020477
-0.002083
-0.012711
0.000343
-0.013054
0.000723
0.007435
-0.000512
-0.010742
0.009827
0.006508
0.006397
-0.005444
-0.001816
-0.000260
-0.002304
-0.003399
-0.013260
-0.000462
-0.011986
-0.002272
0.003790
0.007771
0.000724
-0.004444
0.000152
-0.001710
-0.001568
0.000934
-0.002983
-0.004871
0.000397
0.000742
0.005932
0.010376
0.006317
0.000167
-0.006550
0.010246
-0.013153
-0.001034
-0.003176
0.000632
0.016464
0.001358
0.021027
-0.005150
0.004814
-0.020203
0.036621
0.003767
0.012207
0.028152
-0.004215
-0.009277
-0.002901
0.020370
-0.006905
0.003014
-0.000089
-0.003036
-0.008667
-0.005917
0.009018
0.000008
-0.025955
0.001598
0.014565
-0.000306
0.022079
0.008347
0.000793
-0.003359
0.000489
0.004688
0.000994
-0.002243
-0.003727
-0.010162
0.012634
0.003633
0.019165
-0.000922
-0.036377
-0.019226
0.005959
0.000518
-0.000145
0.003353
-0.008926
0.006275
0.030212
-0.000699
0.002617
0.000514
0.008858
0.001995
-0.009651
0.004852
0.004299
0.002678
-0.001319
-0.013268
0.001749
-0.003197
-0.000207
0.001308
-0.017014
0.004017
0.000774
-0.000595
-0.005573
-0.001243
0.000210
0.000115
-0.000585
-0.010590
-0.011574
0.010918
-0.001158
-0.000515
0.008537
-0.000675
0.000158
0.025146
0.000359
-0.002733
-0.008621
0.005978
0.000194
-0.032043
0.001598
0.000887
-0.012321
0.009834
0.000507
-0.004025
-0.013908
-0.000676
-0.013077
-0.021866
-0.000941
0.022781
0.000975
-0.002323
0.009033
0.013885
-0.000160
-0.000430
-0.011429
-0.001473
0.021927
0.004723
0.000178
-0.000127
0.000800
-0.002241
0.011017
0.000550
-0.018524
0.007740
0.015144
-0.009712
0.017380
0.029724
-0.030014
-0.002939
0.000750
-0.006851
0.005455
0.005058
-0.001363
-0.001541
-0.005428
-0.001141
0.008369
-0.019424
0.002272
-0.002474
0.004692
0.000012
-0.003380
0.002066
0.001095
-0.006714
0.004425
-0.000508
0.000596
0.000792
-0.006115
-0.001690
-0.000444
-0.010597
0.015381
0.000023
-0.035767
0.010422
0.004025
0.000074
-0.002182
0.001149
-0.000945
-0.008232
-0.024902
0.011749
0.000475
-0.003664
-0.016708
-0.013023
-0.000893
-0.006039
0.000017
0.013298
0.001896
-0.012360
-0.027893
-0.004765
0.009773
-0.006329
-0.002653
0.006378
0.003529
0.006416
-0.000590
0.001824
-0.003529
0.001647
0.008286
-0.001809
-0.001227
0.003191
0.000089
0.001938
-0.001991
-0.007980
-0.019104
-0.007957
0.002155
0.018936
-0.006622
-0.012100
-0.002401
0.004700
-0.001621
-0.008171
-0.013420
-0.002308
-0.004951
-0.005306
0.000394
-0.003241
-0.004002
-0.001701
0.000063
-0.017776
0.008240
-0.001648
0.020935
-0.001446
-0.002560
-0.008339
-0.000040
0.009384
0.000091
-0.004990
0.012962
-0.010651
-0.000741
0.005505
0.001276
-0.000589
0.015793
-0.017990
-0.017487
0.000202
0.006908
0.000899
0.000663
0.008858
0.010033
-0.008064
-0.000520
-0.004616
-0.001521
-0.001775
-0.001125
-0.033356
-0.010765
-0.016876
-0.009430
-0.024261
0.013443
0.000167
-0.000556
-0.000819
-0.002048
-0.005787
-0.002012
-0.000367
0.007874
0.001023
0.006668
-0.009064
-0.009674
0.051575
-0.005585
0.004017
0.020660
0.036713
-0.003542
-0.015976
-0.010582
0.008179
-0.003027
-0.000996
-0.000035
-0.010338
-0.009720
0.005009
0.010452
0.000038
-0.005688
-0.009300
-0.021515
-0.006638
0.025879
-0.002844
-0.002699
-0.001742
0.016144
-0.008514
-0.000585
0.000060
0.001840
0.004890
-0.003298
-0.002150
-0.011047
0.000038
0.015152
-0.004017
-0.011436
-0.000458
-0.000149
0.010040
-0.010139
0.008202
-0.032227
-0.000728
0.006615
0.000257
0.002607
-0.002220
0.001049
0.005077
0.001827
-0.000495
-0.002384
-0.003012
0.002895
0.002579
-0.002998
-0.000075
-0.003910
-0.003675
-0.000927
0.001908
0.003275
-0.008957
-0.002342
0.002146
-0.001762
0.005753
0.004520
0.005867
-0.002110
0.000254
0.023605
-0.006435
0.021042
-0.005245
0.000230
-0.001182
-0.005970
0.008018
0.012833
-0.000359
0.007198
0.005177
-0.002344
0.007778
-0.000418
-0.001777
0.000162
0.000964
-0.009552
0.000093
-0.001050
0.002712
-0.000740
-0.002436
0.024460
0.015030
0.000945
-0.000432
-0.008308
0.002365
0.033508
0.001306
-0.000424
-0.000118
-0.018326
-0.003302
0.001221
-0.009842
0.001997
0.005852
0.009270
-0.006828
-0.000280
-0.009560
-0.004700
-0.005386
0.000182
0.011269
0.000682
0.022186
-0.003628
-0.001072
-0.001314
-0.002384
0.012856
-0.024109
-0.008240
-0.007767
0.000704
0.000375
0.007820
-0.001328
-0.000762
-0.001106
0.020676
0.000432
-0.001171
0.000200
0.002153
-0.001320
0.004719
-0.009300
-0.006535
-0.000032
0.006805
0.008202
-0.005703
-0.000045
0.010162
0.001876
-0.008430
-0.009537
0.024933
-0.007393
-0.001151
-0.011719
0.010109
0.012199
-0.000287
0.001878
0.028717
-0.006374
0.005909
0.017700
0.008682
0.000452
0.000170
0.002167
-0.008408
-0.004074
-0.000870
-0.003456
-0.000111
0.003120
0.003023
-0.007656
-0.008568
-0.000299
-0.000429
0.001377
0.000451
-0.000296
-0.006645
0.000593
0.011551
0.020645
-0.001035
0.007702
-0.000473
-0.012497
0.011665
-0.004356
-0.002108
-0.002756
0.007252
-0.009583
0.004612
0.004360
-0.005749
-0.007965
-0.005730
0.004833
0.000247
0.003994
0.009476
0.008118
0.012398
0.007435
0.002171
-0.013374
-0.000565
0.007240
-0.001073
-0.006222
0.007320
-0.004333
0.004608
-0.003511
0.005905
0.000081
-0.020264
0.001630
-0.006977
0.001152
0.011139
0.003574
0.000698
0.008560
-0.000705
0.007851
-0.000260
0.004543
0.001667
0.001032
0.000871
-0.026474
-0.005596
-0.010933
-0.005562
-0.005054
-0.009674
0.000717
0.004395
0.000874
0.002581
-0.011047
-0.000431
0.000800
-0.000101
0.000084
0.037811
-0.003538
-0.012505
0.014595
-0.015251
-0.030380
0.015701
-0.034729
0.006157
0.004704
-0.000368
-0.011871
0.001869
0.000754
-0.001671
0.004776
0.001573
0.002554
-0.010567
-0.000004
0.017395
0.000886
-0.004795
-0.005772
0.020920
-0.004391
0.004501
0.000912
0.005657
-0.004875
0.000987
0.003685
-0.000615
-0.007912
0.010216
-0.000368
0.036713
-0.000469
0.004276
0.018768
-0.000388
-0.001620
0.000044
0.005676
0.004768
0.007576
0.005703
0.001325
-0.009521
-0.014168
0.004471
-0.016632
0.005783
-0.003826
0.001086
0.000983
-0.000048
-0.004807
-0.000968
-0.000183
-0.001208
0.000895
0.002628
0.008362
-0.001673
0.001291
0.016998
0.003654
-0.004959
0.003649
-0.006760
0.005421
-0.007053
-0.001648
0.016312
-0.000407
-0.025986
-0.002565
-0.004009
-0.011627
-0.000379
-0.007168
-0.008202
-0.013557
0.005215
0.021301
0.000865
0.015610
0.001865
0.000195
-0.001543
0.004993
0.007004
0.001846
0.000153
-0.044922
-0.003077
0.014473
-0.002028
-0.005165
-0.000986
0.004810
0.000356
-0.003883
0.011360
-0.000298
-0.020859
-0.016876
0.000259
0.000925
-0.000751
-0.001191
-0.006401
0.000490
0.004715
0.007347
-0.018402
0.001830
-0.003330
-0.020401
0.003336
-0.000699
0.000911
-0.007881
-0.010941
-0.028854
0.000223
0.002600
-0.002813
0.000862
-0.025970
0.010437
0.001036
0.017822
0.003302
-0.000030
-0.009789
-0.000460
-0.002119
0.001904
0.012886
0.000433
-0.000031
-0.004681
0.003061
-0.000412
0.000180
-0.003714
0.001216
0.000085
0.008987
0.015556
-0.014954
-0.000041
0.007904
0.001053
-0.004875
0.008690
0.029297
-0.002674
-0.000032
0.022583
-0.032959
-0.009987
0.001079
-0.004356
0.014259
0.001593
-0.000738
-0.001824
0.003941
-0.011108
0.011490
0.004932
0.009605
0.006401
-0.002813
0.003502
-0.000705
0.004646
-0.005535
0.001863
-0.007370
-0.000284
-0.001918
0.000625
0.000457
-0.002029
-0.022705
0.006191
-0.004101
-0.007919
0.000184
-0.009369
0.000710
0.024246
0.001219
0.002619
-0.007858
0.004070
-0.016525
0.006657
0.000841
0.004864
-0.002254
-0.008858
0.012405
-0.002308
-0.000023
0.005318
0.001677
0.012367
-0.007725
0.017822
-0.000221
-0.007580
-0.000821
-0.014992
0.002102
0.001719
-0.011086
-0.001901
-0.005463
-0.006496
0.005455
-0.000743
0.003277
0.006775
-0.006496
0.001300
0.013184
0.001307
-0.005398
-0.002384
0.002453
0.006516
0.000289
-0.005241
0.003809
-0.000374
0.001193
-0.031769
-0.003378
0.004444
-0.001925
-0.012428
-0.004059
0.000193
-0.007030
-0.009743
-0.007351
0.017044
0.003090
-0.000036
-0.017029
-0.000754
0.010818
0.004940
0.005478
0.000938
0.009659
-0.004379
-0.002781
-0.014664
-0.005077
-0.004154
0.002451
0.016525
-0.001516
0.003370
0.000203
0.006882
0.001323
-0.008514
-0.016922
0.000002
-0.002602
-0.018875
0.000674
-0.003296
0.009834
-0.004745
-0.005779
0.000256
0.014832
-0.000286
-0.000139
0.014885
-0.011742
0.004341
-0.006313
-0.005074
0.012413
-0.000462
-0.012787
0.001568
-0.001034
0.000054
0.000157
-0.005260
-0.011841
0.003424
0.017868
0.000229
0.029999
0.003325
-0.000552
0.008972
-0.002901
0.010155
-0.000296
-0.001989
0.000148
-0.009583
0.003736
0.001547
0.000157
-0.002836
0.006916
-0.019424
-0.000976
0.002592
-0.014732
-0.003321
0.007397
0.000298
0.003462
-0.006027
0.012833
0.008904
0.015236
-0.001035
0.003883
0.004768
-0.005306
-0.022614
-0.001310
0.008583
0.007797
-0.007973
0.002470
0.025620
0.002945
0.014603
0.003860
0.000546
0.000404
-0.009583
-0.000007
0.000956
-0.006180
0.002048
-0.000566
-0.001862
0.001599
0.007118
-0.001579
0.006771
0.000061
-0.003250
-0.013420
-0.001517
0.007778
-0.001776
0.000502
0.000387
0.005508
0.002241
-0.033020
0.001966
-0.001687
0.005974
-0.013046
-0.014717
-0.003607
0.014038
-0.028549
0.002213
