
Data:
0.205137
-0.184752
-0.403071
-0.078056
0.648733
-0.027010
0.205699
-0.102516
-0.167474
0.167281
-0.264188
-1.020036
0.247878
-0.024294
0.219544
-0.147873
0.322580
-0.271617
-0.387151
0.160043
-0.746744
0.039857
0.035642
-0.122785
-0.577476
-0.236991
-0.286971
-0.113791
-0.210802
-0.009894
0.297238
0.074718
0.269684
-0.142163
0.316263
0.228983
-0.302642
0.708642
-0.029434
0.550816
-0.338957
0.283903
0.027878
-0.596271
0.341299
0.268819
-0.378151
0.614819
0.148725
0.095474
0.281405
0.412912
0.037295
-0.479268
0.190768
-0.365151
-0.702435
-0.497549
-0.043508
0.088309
0.810970
0.077874
-0.593041
0.314565
0.052590
0.509545
-0.056602
-0.311084
0.296692
-0.028894
-0.214470
0.831819
-0.259153
0.284183
-0.314273
-0.218784
0.085572
-0.122451
0.206509
-0.000998
-0.222679
-0.151630
-0.085574
-0.193334
0.247461
-0.001631
0.229678
0.003402
0.747392
0.009676
-0.241329
-0.319336
-0.170703
0.558688
-0.733994
-0.098957
0.480082
-0.231960
-0.109306
1.279590
0.409611
-0.128982
0.747239
0.573482
0.116812
-0.244787
-0.177811
0.351223
0.262164
0.138061
-0.001958
0.256349
0.614100
0.659325
0.253332
-0.270987
0.224098
-0.951104
0.576001
0.027379
-0.100249
-0.524094
0.009350
-0.313004
-0.178470
0.278162
-0.273719
-0.241923
0.562498
0.079657
-0.356996
0.587805
-0.392189
-0.815808
-0.238359
-0.291238
0.316124
0.466996
-0.601754
0.254199
-0.129497
-0.418906
-0.013086
0.207533
0.461259
-0.291053
-0.584432
-0.458263
-0.072214
0.064814
-0.423349
-0.504103
-0.297789
0.347703
-0.003586
-0.000691
-0.123948
-0.146298
0.209097
0.084886
-0.070710
-0.109939
0.137885
0.056587
-0.794221
-0.033887
0.005447
-0.332722
0.400690
0.851652
-0.094417
0.441942
-0.225435
0.789141
-0.345424
0.132104
-0.223338
0.767099
-0.072097
0.403919
-0.040876
-0.283528
0.454852
0.062272
-0.290409
0.231017
0.346475
0.003582
0.010053
0.104841
0.169705
-0.878623
-0.262325
-0.039156
0.527852
0.184642
0.527068
0.356235
-0.324283
-0.154854
-0.565467
0.178837
-0.049591
-0.325073
-0.892880
0.712677
0.468358
0.286848
0.172812
-0.734023
-0.446788
-0.230226
0.301762
-0.602298
-0.134832
0.326581
-0.315799
0.180992
0.144133
-0.553811
0.736191
-0.473093
-0.381638
0.817743
-0.293431
0.279101
-0.225415
0.330067
-0.476387
0.210060
0.133122
0.064888
0.101308
0.262908
-0.702172
-0.275276
-0.206648
-0.890212
-0.009939
0.379771
-0.246650
-0.645456
-0.340734
-1.051238
-0.106546
0.263131
-0.280219
-0.333412
-0.595833
0.445360
0.206010
0.645525
-0.518254
-0.362646
0.483218
0.419091
-0.526358
0.522996
-0.429516
0.431284
-0.179673
-0.553892
-0.670510
-0.094313
0.209308
-0.193970
0.145372
-1.155110
0.123398
-0.753156
0.374705
0.285723
0.586060
0.529318
-0.037658
0.429689
-0.449464
0.180764
-0.508492
0.130653
0.341311
0.329737
0.322603
-0.726400
0.442298
-0.415784
0.296262
-0.815619
0.042854
0.297743
0.354775
-0.576001
0.177689
-0.522059
-0.444177
-0.297508
-0.383774
0.052879
0.486551
-0.037729
-0.197504
-0.108041
-0.900290
0.257713
-0.407380
0.538521
0.037142
-0.509457
0.273174
-0.360480
1.184861
-0.079991
-0.620679
-0.219510
-0.319357
-0.109152
0.422750
0.011456
0.148228
-0.003581
0.597661
0.929658
-1.189968
0.197691
-0.180232
0.567927
-0.104424
0.368308
0.533434
0.701073
-0.106355
0.595949
-0.406655
1.114142
0.542865
0.286083
0.543934
0.035737
-1.227334
0.218226
0.183257
-0.315132
0.069380
0.510337
0.235016
0.028581
-0.284078
-0.041858
0.052245
-0.069832
-0.220484
-0.253038
0.195291
-0.358087
-0.018287
-0.359518
0.602191
-0.208963
0.342260
0.427121
-0.744959
-0.324803
0.389261
-0.203616
-0.486722
0.252508
0.547112
-0.191683
-0.073847
-0.043711
-0.195423
-0.221961
-0.474279
-1.330244
0.501983
-0.116398
0.052867
-0.471963
-0.630528
-0.268059
-0.179394
0.353261
0.760026
0.441730
0.173470
0.241341
0.329754
-0.772262
-0.589603
-1.030995
-0.376065
0.567302
0.765864
-0.125936
-0.563059
0.542149
0.448685
0.848117
0.226750
-0.073648
0.088252
-0.207590
-0.534172
-0.189617
0.318497
0.408286
0.493878
-1.031904
-0.197305
0.356371
-0.037260
0.349683
-0.007062
0.009749
0.076594
0.042621
-0.118218
0.853988
0.331182
-1.033886
-0.079383
-0.109619
0.033975
0.609381
0.942425
-0.085319
-0.115337
0.028702
-0.315670
0.608768
0.018784
-0.656057
0.285348
-0.525021
-0.053917
-0.467594
0.010627
-0.665663
0.151706
0.166871
0.027506
0.397511
-0.130284
0.143719
0.191014
0.307305
0.220990
-0.820300
-0.558193
0.600958
0.189656
0.191820
-0.056493
-0.929884
-0.738381
-0.497504
0.479043
0.320029
0.167566
0.319971
0.038507
-0.294817
-0.526137
0.124114
-0.122167
-0.090466
-0.046774
-0.161495
-1.033399
-0.261446
0.334469
0.258958
0.221879
0.237344
0.001907
-0.009288
-0.031892
0.166762
-1.349705
0.259220
0.914294
-0.060563
0.380950
-0.482385
-0.180770
-0.550056
0.255805
0.230166
-0.827826
0.861515
-0.055593
-0.137077
-0.292540
-0.764762
-0.070971
1.226103
-0.714994
-0.160272
-1.123474
0.683067
-0.922283
0.028370
0.139323
1.154156
0.522780
-0.134011
0.063889
0.592574
-0.886131
-0.626990
-0.138673
0.282424
0.660810
0.394641
0.102808
0.001316
0.667365
-0.049794
0.313908
0.194851
-0.662611
0.367289
-0.283224
-0.234912
-0.001321
-0.137793
-0.414110
0.917553
0.135740
0.005746
-0.041669
-0.525236
0.947838
-0.859046
0.300482
0.045375
0.195304
-1.204444
0.630868
0.234064
-0.382108
-0.259004
0.810886
-0.628462
-0.114102
0.066113
-0.314042
-0.088403
0.628017
0.160512
0.537573
-0.027423
0.521043
0.213568
-0.621472
0.486883
0.555280
-0.553970
0.297737
-0.841140
-0.094886
0.243020
0.120276
0.173719
0.490905
-0.240261
-0.555449
-0.422834
-0.852178
-0.311602
-0.210109
-0.491373
-0.278490
-0.060056
0.000830
-0.611608
0.251963
-0.120876
-0.521680
0.371024
0.389237
0.261119
-0.451425
-0.364648
0.914146
0.196605
0.371421
-0.035689
-0.315864
0.034385
-0.164539
0.842083
0.147121
0.559423
-0.608324
0.444878
-0.535803
0.569546
0.109781
0.047691
-0.484631
-0.338161
-0.405313
0.423485
0.369866
0.094429
0.035880
0.401183
-0.535709
0.608815
-0.065013
0.193027
-0.166703
0.284205
0.032237
-0.365128
0.053247
-0.080346
0.149938
-0.383335
0.390202
0.178058
0.665984
0.799569
0.351418
0.068419
-0.215351
-0.768170
-0.031916
1.104207
0.246068
-0.213154
0.016257
-0.934230
0.519110
0.081093
-0.364680
0.018162
-0.101821
0.019288
-0.089417
-0.112311
-0.480920
0.183907
0.470853
-0.165329
0.311098
-0.009210
0.327058
0.156028
-0.329294
0.372895
-0.037262
0.549760
-0.014578
-0.378210
-1.323803
-0.387660
-0.057985
-0.158353
-0.041459
-0.221553
0.094330
0.723527
0.237009
-0.738130
0.183023
0.564272
-0.006974
0.864424
0.350893
-0.259178
-0.272401
-0.031631
-0.097328
-0.442343
0.350143
-0.360623
-0.297032
-0.656299
0.228923
0.625748
-0.380587
0.021714
-0.175412
-0.679158
-0.432720
0.172104
0.178202
-0.421266
0.238361
0.058587
0.449910
-0.246074
-0.744041
0.277425
0.036742
0.841059
-0.504339
0.450843
-0.215491
-0.070944
0.036217
-0.509211
-1.370300
-0.272914
-0.193071
-1.077695
-0.514634
-0.910854
-0.168172
0.262784
0.363516
0.205792
0.696151
0.578747
-0.783762
0.073388
-0.706235
-0.170408
-0.093233
0.022342
-0.274768
0.536326
0.232621
0.360035
-0.558863
-0.293020
-0.204724
-0.106088
0.116613
0.603253
-0.773018
-0.340071
-0.311413
-0.097899
-0.132245
0.277591
0.204554
0.275948
0.360530
0.022521
0.429458
0.058653
0.948546
-0.111128
0.509581
0.337674
-0.132278
0.496883
0.599298
0.094382
0.029316
-0.151876
0.379152
0.539546
0.005487
-0.045016
-0.030908
0.642055
-0.801413
1.156827
-0.745316
0.221275
-0.064973
0.782640
-0.099698
-0.476662
-0.347871
0.081335
0.628834
0.496524
-0.344618
0.508870
-0.731601
-0.487792
-0.651447
-0.044624
-0.594366
0.811859
-0.602453
-0.042963
-1.183444
-0.452100
-0.937474
0.271345
0.826321
0.933020
-0.162063
0.331343
0.998622
-0.731627
-0.626587
0.184545
-0.229078
0.096963
0.394449
0.229762
-0.607923
0.132246
-0.183910
-0.498154
0.545480
0.086665
0.189068
0.088937
-0.367449
-0.755867
0.408514
-0.106432
-0.251224
0.125525
0.213351
-0.673935
0.119689
0.438550
0.554509
-0.013862
-0.200761
0.443993
-0.343454
0.237772
-0.029871
-0.499597
-0.223237
0.434000
-0.407719
-0.744079
0.411377
-0.007293
0.254095
0.194173
0.116414
-0.083870
0.206448
0.325594
0.019420
-0.047794
-0.781943
-0.209755
0.146169
-0.805811
-0.483245
-0.957980
0.290450
-1.438556
-0.075487
-0.022795
0.125562
-0.444426
0.470296
-0.209498
-0.267865
0.659408
0.140486
-0.097118
-0.232436
-0.569735
-0.003451
-0.714359
0.572688
0.135544
-0.779270
-0.308056
0.267228
-0.283269
-0.006436
0.215743
0.122456
0.083341
0.623047
-0.481754
-0.251074
0.476836
0.264009
-0.464989
0.093265
-0.203415
0.670004
-0.808877
-0.141526
-0.133194
0.686581
-0.680414
-0.012802
-0.048543
-0.302076
0.505006
-0.094598
0.282010
-0.371104
0.253317
0.386273
0.719236
-0.227022
0.197156
1.524695
0.943375
0.601750
0.454097
-0.003834
0.350814
-0.352559
-0.369980
0.599770
-0.274568
-0.079588
-0.673512
-0.705592
-1.075648
0.390813
0.814512
-0.194619
0.291233
0.035790
0.444424
-0.064774
1.135500
0.030209
0.586271
-0.223129
-0.613712
-0.121116
-0.203899
0.384556
-1.122768
-0.141724
-0.748463
-0.337232
-0.457494
0.324921
0.170251
-0.032089
0.321753
0.275638
0.698508
-0.605669
-0.255226
-0.027982
-1.028606
-0.261564
-0.696912
-0.196623
-0.059299
0.203209
-0.360592
0.489289
-0.521889
-0.166680
0.746679
0.029424
-0.031245
0.191603
0.127024
0.131988
-0.153547
0.280027
0.088768
0.570249
0.050663
0.281142
-0.139241
-0.271853
0.222790
0.120300
0.149819
0.196274
-0.305350
-0.589842
0.455673
-0.137701
-0.069216
0.327511
-0.387477
0.307451
0.189966
-0.285380
-0.684929
0.363190
0.097129
-0.058767
0.057680
-0.726279
0.071200
0.191560
0.457564
-0.040895
0.126660
0.356796
-0.123916
-0.013968
0.150571
-0.159597
-0.498743
1.273629
0.082223
-0.723636
0.144133
0.154804
0.371075
-0.290514
-0.690673
0.060541
0.203294
-0.232152
-0.279233
0.208817
-0.187072
-0.073745
0.363691
-0.066613
0.563659
0.329375
-0.339520
0.169531
0.124903
0.347738
0.229954
0.072212
0.425739
-0.592724
-0.352903
-0.256129
-0.004998
-0.759632
-0.251629
-0.248348
0.717474
0.142536
0.440266
0.434704
-0.538351
0.235860
0.536021
-0.780281
0.290463
-0.289739
-0.773858
0.207205
0.084493
0.870522
-0.153966
0.091943
0.196218
0.501356
-0.321467
0.666728
-0.526276
0.191659
-0.282219
-0.418594
0.304685
-0.024194
-0.122611
-0.367054
0.100486
0.931599
-0.652893
0.798495
-0.040535
-0.696466
-0.901536
0.404807
-0.069084
0.388682
-0.068207
0.639656
0.338040
-0.129407
-0.764945
0.098216
-0.222930
-0.073686
-0.695459
-0.494683
-0.271030
-0.343673
0.583410
0.350422
0.029623
-0.542041
0.788016
0.474621
0.518715
0.184942
-0.330160
-0.089032
-0.152485
0.093702
-1.082384
0.412788
-0.042260
-0.087560
0.024511
0.294000
-0.305056
-0.200198
0.747656
0.271873
-0.613844
0.463400
-0.053860
-0.675883
0.056454
-0.279911
0.594923
-0.342848
0.349715
-0.595359
0.126117
-0.563312
0.127857
0.091606
0.506058
0.127350
0.669648
-0.964179
0.073351
-0.619420
0.035660
0.095054
-0.023229
-0.626188
0.430123
0.018328
0.382684
-0.313709
0.447904
-0.325590
-0.207764
0.463238
0.592483
-0.318402
-0.041884
-0.001703
0.423747
0.127705
-0.349249
0.086770
0.506871
-0.528761
-0.562797
-0.224600
-0.294412
-0.631134
-0.737060
-0.279097
0.258529
0.297865
-0.190915
-0.381361
0.270382
0.276485
0.571352
0.618242
-0.485985
0.096619
-0.203097
-0.183036
-0.069611
0.198907
-0.192223
-0.172543
0.169399
-0.091186
0.376565
-0.017943
0.722758
0.233113
-0.516771
-0.172536
0.444577
-0.221659
0.169838
0.302685
-0.419649
-0.086936
-0.487838
0.250815
-0.590844
0.830125
-0.014010
0.055012
-0.948853
-0.624745
-0.675333
0.505795
0.487787
-0.833467
0.065107
-0.307127
0.130420
-0.082937
0.171807
-0.483474
-0.766627
-0.784344
0.175587
-0.103394
0.803308
0.017497
0.656873
-0.650545
0.080485
0.550832
0.234664
-0.378458
-0.587450
0.014105
-0.044172
-0.222941
0.105282
-0.140475
-0.334529
-0.345621
0.706916
0.392310
-0.181691
-0.304061
-0.632271
-0.340455
0.052164
-0.252957
0.153004
-0.255198
0.102377
-0.042405
0.701233
-0.082770
-0.652287
-0.482078
-0.005972
0.933509
-0.114581
-0.180528
-0.366405
0.136281
-0.093212
0.440394
-0.480216
0.570953
0.475947
0.223537
-0.192845
-0.150265
-0.022490
0.737976
-0.307520
0.630434
-0.164980
0.115933
0.783058
-1.166201
0.564414
-0.508200
-0.329524
0.543855
-0.109490
-0.386541
0.136586
0.533805
0.794163
-0.151188
0.554592
0.597490
0.023674
0.623040
0.226601
-0.192785
0.209300
-0.402173
-0.540971
-0.001994
-0.251196
0.522816
-0.487737
-0.879954
-0.622341
0.212732
0.031365
0.635043
0.262076
0.306558
0.615773
0.143513
0.506339
0.153933
0.402084
-0.144496
0.191954
0.228693
0.131043
0.101283
-0.611161
0.452109
-0.379604
-0.216823
-0.014680
0.535776
0.868067
0.413888
0.001840
-0.177341
-0.218344
-0.436371
-0.304898
0.636987
0.480578
0.322508
-0.521968
-0.263319
0.346464
-0.821470
-0.581044
0.150157
0.106030
-0.435007
0.057610
-0.237750
0.850750
-0.592001
0.174075
0.446909
0.259075
-0.102889
-0.114392
-0.044556
0.039121
0.792402
0.210617
0.068339
0.110388
0.106016
-0.370473
0.486122
0.309576
0.511572
-0.483472
0.308679
0.472360
-0.000431
-0.340380
0.164638
-0.049325
0.732861
0.486445
0.598823
-0.635723
0.118049
-0.080495
0.494035
-0.630567
-0.114400
0.122495
-0.375249
-0.404600
0.486282
0.082229
0.294852
0.401157
0.489276
-0.536280
0.378103
0.368719
0.168494
-0.216646
-0.088149
0.303340
0.205527
0.185890
-0.009132
-0.540878
-0.201191
0.415756
-0.134292
0.194583
0.633729
0.180487
-0.173678
0.414298
0.388965
-0.088842
0.414542
0.368022
0.260466
-0.138994
-0.352642
-0.087133
0.039531
0.092093
-0.558808
-0.466428
-0.160856
0.157817
0.173456
0.229322
0.340957
0.239681
-0.135527
-0.084773
0.514639
-0.047597
0.002296
-0.349740
0.309241
0.262017
-0.377562
-0.281317
0.079518
-0.384864
-0.504853
-0.348249
-0.282781
0.517782
-0.111121
0.184112
-0.382451
0.258514
-0.386500
-0.004239
0.066271
-0.447189
-0.529410
-0.540576
0.111180
-0.051451
0.558537
0.042333
-0.051229
-0.093380
-0.309838
-0.638618
-0.039055
-0.319337
-0.568874
0.116206
0.156086
-0.415897
0.218969
0.659115
-0.235732
-0.366699
0.389718
-0.293981
-0.942065
0.128736
0.362624
0.622935
-0.541773
0.201188
0.059423
-0.859976
0.060511
0.534683
0.261812
-0.036647
0.877965
-0.375943
0.703150
0.420203
-0.621739
0.071831
0.234888
0.179988
0.441245
-0.419668
0.289344
0.427370
0.403029
0.282513
0.055501
-0.347330
0.116226
-0.163866
-0.305971
0.713226
-0.141988
-0.051729
-0.224530
-0.072665
-0.208985
0.571660
-0.309569
-0.218885
-0.153643
0.311509
0.176777
-0.046348
-0.706571
0.018596
-0.117972
-0.865526
0.161834
-0.557097
-0.202857
0.102883
-0.297046
-0.111526
-0.070597
-0.247106
-0.066168
1.208236
0.084312
0.674581
0.670041
-0.167583
-0.200725
-0.475468
0.384861
-0.115551
-0.166878
-0.224891
0.143238
0.147125
-0.237954
-0.538308
-0.354698
-0.063110
0.166223
-0.373222
-0.298877
0.330427
-0.477253
-0.076901
0.063336
-0.156835
0.520115
0.302230
-0.257482
0.297734
0.112816
0.233341
-0.117163
0.637653
-0.398810
0.143620
-0.311762
-0.339608
1.094034
-0.312963
-0.493844
-0.094258
-0.211728
-0.378158
-0.371661
-0.194695
0.355378
0.626473
-0.467990
-0.007621
0.109105
0.226843
-0.253845
0.227242
-0.286333
-0.542279
-0.353375
0.063861
0.187228
1.176398
-0.835734
0.853306
0.833555
-0.089512
0.427971
0.612060
-0.235511
0.619772
-0.007283
0.087282
0.370438
0.336396
0.033300
-0.341964
-1.102758
-0.746733
0.514018
0.032417
-0.090302
0.147769
0.540524
-0.515772
0.137593
0.224634
-0.683179
0.560011
-0.521156
-0.126860
0.505745
-0.185508
-0.528757
-0.224741
-0.027670
0.430066
0.131393
0.601614
0.025682
-0.058455
0.269063
0.016482
-0.201406
0.143938
-0.524597
0.313634
0.582720
0.404338
-0.189746
-0.554224
-0.135553
-0.205332
-0.757605
0.141729
-0.002083
0.385342
-0.413900
0.700846
-0.888975
0.411322
-0.126888
-0.563353
0.569794
-0.441017
1.384750
-0.062581
-1.042086
0.630347
0.654890
-0.219921
0.066948
-0.512318
0.418986
-0.320070
0.049312
-0.625239
0.054124
0.026433
-0.230270
-0.116078
-0.290159
0.157777
-0.208507
-0.010321
-0.131924
-0.368077
0.038177
-0.317271
0.282702
0.168152
-0.202277
-0.446014
0.397015
0.098664
-0.326224
-0.048781
0.064650
0.446186
-0.078917
0.373459
-0.351866
0.441140
-1.003201
0.160935
0.485637
0.354650
-0.104886
-0.374671
0.444175
0.190810
-0.320083
0.071761
0.585631
0.142728
0.445433
0.011138
0.180542
0.110902
-0.036429
0.203672
-0.377647
-0.605175
-0.410353
0.322832
0.144817
0.300004
-0.558295
0.264796
-0.748217
-0.014576
0.053451
-0.922542
-0.243251
0.325313
0.783679
-0.097971
0.136542
0.364962
-0.277286
0.708022
0.365831
-0.936133
0.439614
0.263829
0.429473
0.599410
0.143379
0.439991
-0.037056
-0.027540
0.396410
-0.310312
-0.538636
0.454940
0.217872
-0.429634
0.507638
-0.132537
0.680123
-0.895597
-0.486416
0.083436
0.424547
0.778624
-0.873219
-0.007903
-0.080362
0.501986
-0.195778
0.127933
0.221593
-0.493673
-0.273832
-0.375065
0.024624
-0.307822
-0.394670
-0.249130
0.345494
-0.028437
0.226781
0.385767
0.343839
-0.427418
-0.307122
0.343188
-0.001412
1.155190
0.135480
-0.121323
0.030675
0.101505
-0.458354
0.419869
-0.092069
-0.013939
0.434717
-0.527227
-0.544248
0.283956
-0.276858
0.100165
0.100213
0.048253
0.316106
0.033953
-0.339204
-0.528530
0.184060
-0.075861
-0.277197
-0.011657
0.844564
0.053786
-0.503992
-0.039153
-1.056332
-0.652128
-0.023172
0.560563
0.446090
0.092543
-0.186716
0.641745
-0.498168
0.693385
0.949048
-0.570724
-0.133681
0.231332
-0.856996
-0.265929
0.132987
0.115446
0.448040
-0.153807
-0.590975
0.719839
-0.433753
0.266687
-0.057136
0.499788
0.423906
-0.077556
0.579553
-0.128831
-0.262166
-0.481965
0.466406
-0.232575
0.068100
-0.435262
-0.490880
0.125288
-0.089269
0.537775
0.275882
-0.441161
-0.728167
0.311902
0.047747
0.074378
0.164248
-0.381587
0.749082
0.181052
0.211286
1.054643
-0.140162
0.201506
-0.122060
0.132257
0.677563
-0.250435
0.340567
-0.428175
-0.377819
0.079798
0.067817
-0.468033
0.338354
0.063364
-0.279348
-0.494642
0.387862
-0.206848
-0.028789
0.868248
-0.517551
-0.411060
-0.329607
0.904660
-0.595958
-0.840515
-0.741913
0.091760
0.779626
-0.284541
0.145875
-0.290553
-0.298766
-0.464364
-0.890038
-0.742109
0.174410
0.726645
-0.036006
-0.404534
-1.216316
0.274322
-0.488401
0.782507
-0.363473
-0.049212
0.642796
-0.466253
-0.748931
0.140774
0.146951
-0.455689
0.384307
0.289712
-0.365764
0.510181
0.608247
0.803609
1.085472
0.021824
0.257421
-0.483964
0.330150
0.083693
0.037377
-0.172645
0.024889
0.393484
-0.286057
-0.039450
-0.385091
0.198765
-0.200513
0.464824
0.563927
0.580741
0.127101
0.196825
0.051667
-0.272352
0.488203
-0.613400
-0.637003
-0.278318
1.538875
-0.024355
0.853133
-0.934076
-0.062782
0.614393
-0.229712
0.166813
-0.032912
0.243948
-0.584428
-0.191751
0.332944
-0.270420
-0.237940
-0.097423
0.485922
0.149167
0.122694
-0.517681
-0.198816
0.261543
0.450705
0.112619
0.204104
0.099544
-0.992396
-0.208656
-0.542990
0.288470
-0.241343
0.240038
0.023052
-0.552376
0.122375
-0.352085
0.253308
-0.046889
-0.114473
0.927699
-0.245145
0.347316
0.117105
0.558285
0.795609
-1.026358
0.522690
0.450221
-0.002417
0.093877
0.765886
-0.064452
0.006914
-0.348202
-0.052998
-0.346444
-0.203102
-0.583778
0.584756
0.028299
-0.634384
0.117238
-0.080793
0.054955
0.108369
-0.227126
-0.392962
-0.207523
0.572522
0.543081
0.426019
-0.063876
0.270883
0.089752
-0.558406
-0.433363
-0.163797
0.481941
0.499386
-0.977789
-1.196374
-0.575080
0.386731
-0.413453
0.821782
-0.312437
-1.251894
-0.486880
-0.545806
-0.595674
-0.227644
-0.359420
-0.004572
0.571735
-0.049168
-0.002587
-0.019770
0.491425
0.453193
-0.464400
-0.392586
-0.272323
-0.257801
-0.381295
0.400093
-0.188213
1.230220
-0.467842
1.277623
-0.347085
0.567914
0.632455
0.437106
0.126705
-0.274168
-0.196943
-0.093413
-0.025262
0.319858
0.369407
-0.058781
0.821441
0.292322
0.623900
1.219982
-0.019099
0.869999
-0.036809
0.427138
0.074903
0.189727
-0.300438
-0.353764
0.282799
1.386860
-0.796275
0.343903
0.143923
0.022658
0.755041
-0.157588
-0.026521
0.296143
0.255419
-0.295133
-0.084249
-0.241114
-0.538108
-0.332507
1.021797
-0.577226
-0.128259
-0.378779
-0.005116
-0.821160
0.305494
-0.274735
-0.461374
-0.513899
-0.866033
-0.068009
-0.399495
0.289652
0.453357
-0.010602
-0.185737
0.217493
-0.496693
-0.468974
0.506590
0.468349
0.053128
0.469081
0.111393
-0.201741
-0.345241
-0.100462
-0.408710
0.895616
0.490623
-0.235198
-0.355177
0.241790
0.613747
1.003464
-0.044036
0.008790
-0.566280
-0.477211
-0.370731
-0.571194
0.344818
-0.054588
-0.567682
0.126282
0.353973
-0.181987
0.057845
0.424063
-0.514418
0.095635
0.077415
-0.433767
0.406605
1.070055
0.018652
0.289064
0.215734
-0.661748
-0.021997
0.031120
-0.437389
0.900351
-0.284692
1.114952
-0.579892
0.272834
-0.533912
-0.529573
-0.278439
-0.291839
-0.136858
0.032544
0.550027
0.274732
-0.581274
0.031918
-0.304048
0.252672
-0.356056
-1.305826
-0.843674
0.231494
0.068322
0.499042
0.184642
0.907696
0.330589
-0.390716
-0.715288
0.078146
-0.051111
0.558018
0.316726
-0.220052
-0.363620
0.159028
0.273157
0.332521
-0.009924
-0.435015
-0.299910
-0.378230
0.551565
-0.228539
0.489743
-0.063355
0.320015
0.704402
1.025055
0.368570
0.234405
-0.965525
-0.201587
-0.225802
0.197308
0.124087
0.250655
0.210278
-0.286181
0.097732
0.167484
0.300207
0.554298
-1.033101
-0.177337
0.387872
-0.483079
-0.005458
-0.923713
-0.126205
-0.197737
0.053878
-0.177136
0.545685
0.770680
-0.141318
0.714033
-0.484956
-0.294544
-0.214728
0.173788
-0.051557
-0.355057
0.146334
-0.728150
-0.076197
-0.839150
-0.363356
-0.127497
-0.314692
-0.446503
0.277580
0.456691
0.527722
-0.273652
-0.024105
-0.123739
0.476421
-0.049231
0.387656
0.475496
0.543789
0.488685
0.631245
-0.347071
0.486433
0.401941
-0.187048
0.562537
0.151931
0.350213
1.003297
0.564449
-0.308131
-0.166005
0.085652
0.187861
-0.132482
0.432335
1.551057
-0.307527
-0.216595
-0.056609
0.061691
0.907644
-0.133787
-0.006073
0.303562
-0.007131
-0.285155
0.126794
0.604636
-0.159948
0.476599
0.560183
0.473638
0.544604
-0.403713
0.187015
0.190902
-0.049608
-0.525867
-0.284527
-0.280876
-0.563463
-0.362114
-0.087350
-0.357838
-0.190850
0.456020
-0.483978
-0.164093
0.527230
-0.454754
-0.231099
0.271241
-0.294218
-0.423541
-0.696177
-0.807347
0.785043
-0.416069
-0.020978
0.325853
0.184243
-0.557542
-0.008743
0.808844
-0.023731
-0.590142
-0.062087
0.297761
-0.630714
0.198789
-0.381506
0.148966
0.168025
0.961172
-0.464465
0.088074
-0.102999
-0.398810
1.009638
0.611847
0.454398
0.181494
-0.256602
-0.087611
-0.354870
0.562338
1.136282
-0.016131
-0.324903
0.184372
0.030051
-0.190451
0.825323
0.113403
-0.048554
0.513192
0.001487
-0.205228
-0.619821
-1.007499
0.467403
0.576341
-0.177615
-0.480720
-0.477401
1.148033
-0.647165
0.576289
-0.487769
-0.333018
-0.463348
0.099318
-0.003440
-0.592961
0.263626
0.637973
-0.006743
0.256797
0.004461
-0.219559
0.354547
0.251824
-0.246696
0.508326
-0.114885
-0.101208
-0.507601
-0.087187
0.491979
0.635671
-0.342663
0.552377
-0.060471
-0.661475
-0.174151
0.318162
-0.444727
0.303764
-0.010251
0.104146
-0.502590
-0.183230
0.017414
-0.063535
0.160189
-0.166623
0.422519
0.468111
0.063861
0.072460
-0.231873
-0.148796
-0.444602
0.320957
0.119943
-0.176387
-0.452890
0.130197
0.086659
-0.710432
0.278315
0.021573
-0.217670
0.689653
-0.244400
0.241085
-0.086204
0.087689
0.483174
0.199792
0.501226
-0.475394
-0.056032
0.311063
0.095018
-0.783232
0.041283
-0.262878
0.343879
0.425941
-0.245480
0.248305
-0.014698
1.471717
-0.308966
-0.392859
-0.194796
0.809434
-0.180740
0.110330
-0.143278
-0.006795
0.290886
-0.531071
-0.890156
-0.217324
-0.004053
-0.584241
-0.460685
0.092401
0.107586
0.837988
-0.461812
-0.033514
-0.036702
1.040216
0.281441
0.179970
-0.507929
0.019584
0.482970
0.492193
-0.316718
0.226925
-0.471408
-0.331033
0.441732
0.853363
-0.229018
0.410346
0.396611
-0.165990
0.105146
-0.082104
-0.006624
1.043636
-0.378009
0.049859
0.104209
-0.602698
-0.222190
0.353204
-1.307499
-0.642484
0.598456
-0.364204
0.062202
-0.385707
0.022226
0.297651
0.421464
-0.596417
0.463030
-0.006676
0.164866
-0.233241
-0.038746
-0.732379
0.035439
0.150687
0.105982
0.366260
0.015968
-0.060624
0.213256
0.517803
0.555253
-0.027664
1.144756
0.393734
0.089231
-0.044849
-0.702982
0.605872
0.043288
0.285550
0.425999
-0.315663
-0.082882
0.187367
-0.275521
-0.508663
0.228731
0.322442
-0.997123
0.674310
-0.358644
-0.084771
0.480364
0.614282
0.728053
-0.144484
0.258792
0.638663
0.289857
-0.004396
-0.334927
-0.441169
0.391044
0.800098
0.192736
0.082570
-0.776523
-0.412361
-0.138170
-0.347688
-0.310461
-0.570232
-0.205934
0.026000
0.130976
0.279506
0.250297
-0.693935
-0.266572
-0.318489
0.108201
0.316755
1.121587
0.244072
0.145690
0.819637
0.017972
-0.348919
0.130561
-0.310102
-0.038202
0.241969
-0.619625
-0.195499
0.333242
-0.442788
0.026701
-0.010395
0.015412
0.651902
-0.286888
-0.177865
0.308254
-0.072025
-0.249555
-0.072773
0.663080
-0.594420
0.014327
1.000647
0.901651
-0.783397
0.343674
-0.352510
0.435249
-0.286525
0.126467
0.027865
-0.275737
0.222464
0.238461
-0.345217
0.642151
-0.348336
0.221159
0.351559
-0.461173
0.323703
-0.016002
-0.071513
-0.322683
0.069777
-0.617618
-0.305072
-0.462262
-0.021934
-0.274566
0.051091
-0.305529
-0.270205
-0.249777
-0.245195
-0.181537
0.118262
0.103185
-0.414985
0.232113
0.992274
-0.405630
-0.120554
0.148924
-0.393564
-0.125835
0.068068
-0.611261
0.145330
-0.538452
0.617216
-0.458794
-0.699213
0.195642
0.059722
-0.076409
0.117234
0.379712
-0.122916
-0.902797
-0.255749
0.377273
0.358683
0.439687
-0.112550
0.181644
-0.146804
0.549842
0.428187
-0.165904
-0.033808
0.253643
-0.339236
0.163863
-0.078149
-0.595675
-0.370296
0.193698
-0.063711
-0.131461
0.209629
-0.110972
-0.442738
0.147783
-0.722028
0.123932
0.245464
-1.008119
0.094793
0.433306
0.159769
0.315729
-0.020431
0.144666
0.464843
-0.106990
0.161780
0.497432
-1.115007
0.323731
-0.581903
0.056152
-0.758212
0.250406
0.255205
0.330450
0.549866
0.044152
-0.006235
0.106814
0.357599
0.362347
0.524942
-0.043051
0.497763
0.397281
-0.561797
0.269694
-0.377507
0.164082
-0.716862
-0.075638
-0.104071
0.154681
0.440739
0.377978
0.136497
0.416681
-0.281535
0.563335
0.034937
0.051046
0.168797
0.686404
0.047020
0.416703
-0.329412
-0.017775
-0.608459
-0.274335
0.230103
-0.229029
0.306101
0.195361
0.003750
0.550696
-0.556937
-0.071346
-0.089497
-0.676646
-0.127153
0.588230
0.439506
0.346277
-0.223882
-0.435853
-0.610989
-0.357006
1.343576
-0.003842
-0.030476
-0.305940
0.338710
-0.542674
-0.302655
0.110359
-0.575079
-0.266435
0.294644
-0.056812
-0.520824
-0.198336
-0.131076
0.110280
0.487460
-0.273712
0.391684
-0.688209
0.268688
0.427096
0.616402
-0.054886
-0.608012
0.555761
0.281626
0.403759
-0.238185
0.435234
0.995825
-0.159920
0.087973
0.014272
-0.185663
-0.777134
0.482543
-0.247672
0.011348
0.096432
0.821642
-0.341420
-0.015141
0.078806
-0.153000
-0.162798
-0.245343
0.100679
-0.037219
0.176929
0.162353
-0.042240
-0.127045
-0.184035
-0.463722
0.683380
-0.276491
0.065933
-0.598806
-0.010438
0.467764
-0.753655
-0.696677
0.070802
0.625581
-0.477329
-0.470242
0.370732
0.271532
0.007064
0.212253
-0.034728
-0.028379
0.618645
0.183095
0.038989
-0.323457
0.178149
0.343934
0.074111
0.047384
-0.220000
0.341344
0.151969
0.319927
0.255627
-1.041975
0.013941
0.353679
-0.859303
0.062393
-0.441919
-0.615491
-0.000035
-0.005473
-0.302391
0.334435
0.336944
0.430163
0.203738
0.133331
0.027664
-0.211056
0.204814
0.449126
-0.086962
-0.317195
0.875348
-0.076610
-0.153530
0.423230
-0.044141
-0.369740
-0.956022
0.076923
-0.051359
0.910513
-0.385501
-0.303133
-0.480663
-0.941586
0.468580
-0.205590
0.119077
-0.469985
-0.062897
0.403499
0.608038
-0.351517
-0.123702
0.412310
0.508284
-0.117448
0.504194
0.317944
-0.103985
-0.373740
-0.474080
0.696764
-0.562419
-0.807408
-0.757841
0.005127
0.040886
-0.842141
0.339433
0.165008
-0.577501
0.231714
-0.548725
0.193953
-0.299352
-0.382472
0.124127
-0.115119
-0.034879
-0.247660
0.197762
0.556894
-0.509532
-0.540859
0.015716
0.380369
0.367638
-0.159579
-0.130416
-0.080700
0.872324
-0.016337
-0.021888
0.668207
-0.066878
0.602876
-0.118254
-0.110197
-0.133174
-0.572071
0.829257
0.426621
0.267087
0.636202
-0.165113
-0.119647
1.087936
-0.043487
-0.305539
0.143613
-0.368599
0.243258
-0.161327
-0.266413
-0.005306
-0.349172
-0.202311
-0.013045
0.309147
0.196332
-0.484071
-0.269486
0.204781
-0.245840
-0.186633
-0.122786
-0.057496
-0.015983
-0.006467
0.496083
0.394092
-0.625329
0.435907
0.217113
0.142995
0.070628
0.902004
0.582379
-0.036630
-0.106567
0.850113
1.091355
-0.327636
-0.807582
-0.278672
0.333623
-0.374281
-0.332675
-0.501129
-0.690226
-0.614198
-0.759587
-0.238115
-0.665518
-0.097732
-0.868441
-0.297476
0.279654
-0.258047
0.160913
-0.849903
0.081892
0.102421
0.535432
-0.016694
0.173523
-0.110069
0.539293
-0.203729
-0.516721
-0.084890
0.421917
0.154655
0.556108
-0.288574
-0.440269
0.062086
-0.020768
0.296280
-0.495131
0.204745
-0.295697
0.611838
0.171684
0.630582
0.578536
-0.394037
0.304560
-0.057184
0.083594
-0.034127
0.246124
-0.581652
0.225642
0.147667
-0.348919
0.235363
0.818354
0.460225
-0.137083
0.584952
-0.274546
0.606099
0.586106
0.435519
0.472923
0.119547
-0.544150
-0.334305
-0.507923
0.283084
0.039555
-0.074974
-0.018972
0.076978
0.144015
-0.318401
0.134266
0.283908
-0.371857
0.246726
-0.560965
0.258549
0.153905
0.097855
-0.281466
0.323716
-1.134563
-0.049642
-0.384025
-0.336334
0.601231
-0.284190
0.044740
0.745954
0.742445
-0.017227
0.475887
0.166181
-0.385609
-0.218077
-0.772102
-0.089837
0.013544
-0.666650
0.113299
0.090056
0.956105
0.075403
-0.098863
0.484817
0.458162
0.118504
-0.040258
-0.075092
-0.236338
0.584459
-0.300122
0.024668
0.069566
0.630055
0.723659
0.182158
-0.328877
-0.327140
-0.033456
0.124608
-0.561695
-0.276124
-0.284381
-0.679368
-0.277627
-0.328457
-0.124725
-0.303122
0.353285
0.302729
-0.033437
0.449028
-0.270550
0.244325
0.573529
0.577881
-0.569636
-0.153047
-0.172349
0.569980
0.331648
0.502384
0.156923
-0.661516
-0.362601
-0.287048
-0.192797
0.322507
0.298909
-0.047973
-0.467833
0.042759
0.296468
-0.579128
-0.135758
0.197617
0.219896
-0.342475
0.640481
-0.640930
0.436351
-0.878340
-1.012493
-0.656039
0.130185
0.479094
0.104474
0.204356
-0.010438
-0.637569
-0.782612
-0.019499
0.476605
0.563821
-0.068443
0.306386
0.208809
0.301275
0.576488
-0.376627
-0.648077
-0.193812
-0.622961
-0.300007
-0.325994
-0.216449
0.490477
-0.858736
-0.954932
-0.369791
0.439485
0.035173
-0.417878
0.032956
-0.118530
0.326734
-0.397402
0.034348
0.062571
-0.355080
0.215703
1.238871
-0.320226
-0.155242
-0.676381
0.701522
-0.649272
-0.368227
-0.536169
0.234962
-0.502782
0.388543
0.577077
0.347263
-0.329372
0.240502
-0.512309
-0.608552
-0.223605
-0.531188
-0.021764
0.558647
0.264050
-0.574777
0.076941
0.102177
-0.567021
-0.428434
0.567838
0.093310
-0.002103
-0.492374
0.519845
-0.375331
0.133709
0.259497
0.009503
-0.201218
-0.075881
-0.063794
0.358907
0.004746
-0.172379
-0.227004
0.298366
0.080199
-0.447664
0.404558
-0.567326
-0.372913
0.446030
-0.508049
-0.509371
-0.956101
0.333699
0.343699
-0.099777
0.418928
0.365797
0.092485
-0.081597
0.353126
0.601534
-0.222482
-0.049850
-0.684949
-0.017534
0.012392
0.068878
0.153450
0.074211
0.518775
0.550732
0.692263
0.382445
-0.565114
-0.296059
0.221034
-0.727082
0.338063
-0.134068
0.257065
-0.156514
0.077406
0.355389
0.280538
0.334301
-0.342751
-0.314589
-0.323250
-0.217667
-0.100424
-0.209827
0.490712
-0.484995
-0.228540
0.090023
-0.107860
0.002935
-0.033041
0.308953
0.520998
0.357880
-0.664627
-0.152276
0.550602
-0.179764
0.164259
-0.316152
-0.317233
-0.007510
-0.219276
0.689286
-0.111561
-0.078849
0.794968
-0.006934
-0.167550
-0.568435
-0.120903
-0.177404
-0.015850
0.614610
-0.517974
-0.864148
0.199271
0.444306
-0.132789
-0.531556
-0.569772
0.141926
0.351114
0.166641
0.172970
0.462437
0.766556
0.030891
0.088925
0.365123
-0.854271
1.358698
-0.367725
0.186175
-0.060261
0.260304
0.318522
-0.118654
0.074548
0.330106
-0.251431
0.389089
-0.077785
-0.821776
0.399509
0.546646
0.124645
0.524901
-0.149690
0.701669
0.313199
-0.015250
-0.267628
0.573996
0.060006
-0.470875
0.416199
-0.235785
0.033826
-0.352871
-0.627431
1.217145
0.277041
-0.848959
-0.137138
0.588994
-0.114628
-0.105875
-0.849431
0.169875
0.556914
-0.432375
0.523937
1.393423
0.226816
0.542344
-0.659928
-0.429886
0.848544
0.104738
-0.444365
1.135811
-0.515082
-0.103799
-0.421359
0.009536
-0.508320
0.380248
-0.151557
-0.058560
0.321160
0.479166
-0.355381
-0.180779
-0.198275
-0.210529
-0.142214
0.325526
-0.305075
-0.212581
-0.010019
-0.014046
1.326817
0.108543
0.034112
0.023934
-0.124000
0.399778
0.265226
-0.235349
-0.452885
0.035153
0.866723
-0.313145
-0.138271
-0.078370
0.607695
0.041737
0.130953
0.128877
0.186190
-0.766582
0.348675
0.222582
-0.005948
0.167816
-0.093204
-0.362729
-0.224080
-1.181837
0.381110
-0.070788
-0.070395
-0.131971
-0.465619
-0.774903
0.566691
0.015535
-0.166457
-0.403929
0.514330
0.196865
0.099860
-0.688848
-0.237237
0.002881
-0.041030
-0.158812
0.298135
-0.270358
-0.923097
-0.866605
-0.111031
-0.746204
-0.360250
-0.256260
0.199350
-1.042891
0.617553
0.059132
1.013190
0.129983
-0.254968
-0.048518
-0.007353
0.969683
-0.717699
-0.448592
0.596335
0.217400
-0.816816
0.092405
-0.685090
0.175427
0.963062
-0.820686
-0.081078
0.507503
-0.404247
0.537129
0.748275
0.008421
0.433199
-0.566637
0.025845
0.335732
0.630470
0.337832
-0.342813
0.149876
0.056840
0.096892
0.308667
1.149943
-0.232895
-0.475994
0.547870
-0.473071
-0.220526
-0.347057
0.037013
0.030413
0.254588
-0.402456
0.619671
0.651327
-0.134272
-0.389000
-0.308817
-0.418518
-0.273352
-0.031903
0.119994
0.339903
-0.873435
0.008683
0.610320
0.127260
0.074819
-0.418042
-0.387631
0.036722
-0.505950
0.302595
0.828873
-0.469618
-0.090028
0.018611
-0.316503
-0.417969
0.347905
-0.405635
0.571783
-0.584527
-0.317662
0.317659
0.266971
-0.210376
0.782557
-0.336457
0.631347
-0.299509
-0.235448
0.691836
-0.091013
0.120143
-0.579494
-0.214651
0.035674
-0.557485
0.012198
0.835196
0.071848
1.030103
-0.497370
0.428415
-0.196319
0.447470
-1.017437
0.215389
-0.501980
-0.025884
0.290407
0.143969
-0.439208
-0.330949
-0.715776
-0.174744
-0.689407
-0.345245
-0.540355
-0.833171
-0.153110
0.091122
0.428153
-0.175521
0.149420
0.469828
-0.348575
-0.276240
0.322444
-0.688902
-0.514960
0.321247
-0.143670
-0.810595
0.226313
-0.106199
-0.705263
-0.364020
-0.358859
0.043227
0.116176
-0.290845
-0.462742
0.534469
0.388514
-0.011723
0.658456
-0.306932
0.331382
0.487343
-0.040490
-0.671134
0.256604
0.006632
-0.075051
-0.212794
-1.728621
0.578710
0.844838
-0.479652
-0.131702
0.563603
0.059343
-0.126402
-0.481044
0.180426
0.076722
-0.035193
-0.751738
1.099692
-0.185297
0.245228
0.965762
-0.830859
0.752938
0.397356
0.609237
0.258130
-0.067935
0.081073
-0.527631
-0.528800
0.654167
-0.417701
-0.442417
0.040511
-0.090037
-0.283059
-0.077915
-0.363869
-0.111830
-0.468422
0.305585
-0.149988
0.852161
0.995698
0.374491
0.181687
-0.038083
-0.113942
-0.229932
0.141453
0.193277
0.894689
0.000772
-0.350581
0.494831
0.200996
-0.104335
-0.065949
-0.554458
0.340218
0.330157
-0.169162
-0.388110
0.796426
0.423897
-0.075947
0.251652
0.546252
0.077614
-1.411105
-0.493042
0.352664
0.775446
-0.770038
-0.102547
0.189892
-0.097931
0.654293
-0.437929
-0.576567
0.104978
-0.335129
-0.194943
0.313245
0.063827
-0.263204
0.441588
-0.529572
-0.172268
-0.447041
-0.533426
-0.470823
0.416302
0.011520
-0.266649
0.255086
-0.388033
-0.127288
-1.088552
0.233242
0.772770
0.463996
-0.391999
-0.497496
0.436716
0.414756
0.820156
0.224614
1.080109
-0.240435
-0.343897
0.452586
0.619186
-0.114984
0.097222
0.220024
-0.007262
-0.138783
-0.403007
-0.460799
-0.456326
0.175621
-0.332840
0.540762
-0.054534
-0.378762
-0.177161
0.206427
0.324935
-0.632927
-0.640108
0.372802
0.252621
-0.231447
-0.847455
-0.367845
0.887296
0.094276
0.202233
0.053191
-0.082510
-0.688019
0.536266
0.078803
-0.637492
0.052679
0.724451
-0.339856
0.223426
-0.398350
0.769832
0.684107
0.154860
-0.031498
-0.057528
-0.710575
-0.084989
1.063423
-0.923450
-0.322271
-0.496081
0.591281
0.536626
0.982729
0.117061
0.111805
0.039112
-0.316087
0.620995
-0.011688
0.040550
0.081544
0.995851
-0.610388
-0.355000
0.287920
-0.258445
0.065528
-0.450877
0.228028
-0.242231
-0.235680
0.727151
0.296575
0.107898
0.641465
-0.126821
-0.126231
0.164452
0.334395
-0.422262
-0.474185
-0.295805
-0.567013
-0.134121
-0.339084
-0.227047
0.325028
-0.676434
0.562981
-0.166764
-0.614584
-0.149412
-0.056744
0.329561
-0.543491
0.460421
0.506381
-0.279704
-0.031356
0.336408
0.277991
0.021733
-0.117577
0.097782
-0.059068
0.399890
0.084886
-0.499931
-0.558571
-0.627200
0.102931
-0.476937
0.006798
0.578627
-0.392713
-0.136638
-0.088836
0.317844
0.264667
0.588741
-0.346387
0.448469
0.114505
-0.676747
0.503179
-0.156537
0.134563
0.240285
0.200097
0.582082
-0.095748
-1.031370
0.086061
0.219190
-0.167574
0.118065
0.161978
-0.210480
0.147625
0.358997
-0.532273
0.848357
0.370096
-0.447181
0.460627
0.262094
-0.388548
0.218317
-0.404534
-0.113026
-0.608244
0.339636
-0.630820
0.043648
0.346187
-0.305116
0.258554
-0.248041
0.170665
0.682205
0.793749
-0.377498
0.728062
-0.531380
0.412290
0.290512
-0.057748
-0.409286
-0.423304
0.237105
0.190088
-0.997649
0.231786
0.525544
0.210154
0.052702
0.618877
0.346090
0.337391
-0.180621
-0.172717
-0.522207
0.086781
0.405942
0.429280
0.449938
-0.056392
1.159477
0.019041
-0.497735
0.555081
0.388139
-0.592090
-0.063224
-0.199065
0.001010
-0.392866
0.212769
0.233705
-0.291928
-0.060375
-0.048321
-0.202743
0.693022
-0.540369
-0.172432
-0.396396
0.518944
-0.140386
0.154965
0.053521
-0.325721
-0.178049
-0.374479
0.923328
0.053348
-0.523279
0.252525
0.274117
-0.364694
0.630966
0.241875
-0.204491
0.255297
-0.225659
0.350199
0.267354
0.697420
0.046217
0.409231
0.012788
-0.062450
-0.118265
0.335763
0.192689
0.547812
0.021528
-0.231119
-0.165753
0.689713
-0.034874
0.041392
-0.081053
-0.209200
-0.306009
-0.139627
0.240396
0.237663
0.124357
0.543681
-0.696988
0.199407
-0.444247
-0.583688
-0.367428
-0.305975
0.036126
0.197510
-0.085314
0.598054
0.796939
0.143547
0.161522
0.198796
-0.426095
-0.048548
-0.117534
0.193675
-0.078523
-0.907195
-0.585349
0.161111
-0.359910
-0.216516
0.623107
-0.455388
-0.131927
0.234617
0.265869
-0.527844
-0.031528
-0.057617
0.173107
-0.339033
-0.185670
-0.727901
-0.035892
-0.430533
-0.144760
0.302260
0.653644
0.676713
-0.257522
0.315195
-0.259612
0.184542
-0.801179
0.136168
-0.562868
-0.478840
0.007589
-0.012831
-0.257372
-0.387304
-0.380896
0.763442
0.472801
-0.348563
-0.326757
-0.114620
0.828397
-0.395645
0.174522
0.762990
-0.243356
-0.422699
-0.162349
-0.517890
0.402183
-0.587201
-0.356685
-0.036641
0.272762
0.520806
-0.051230
-0.362632
-0.277321
-0.241549
0.500590
0.091260
-0.182471
0.000374
-0.219199
-0.146644
-0.428161
-0.291325
-0.122638
0.312026
-0.150775
0.253009
0.306140
-0.180305
0.194043
0.306988
0.306019
0.308147
-0.699980
0.753080
0.532210
0.484005
-0.050238
-0.449797
-0.136073
0.629750
0.225521
0.347703
0.812153
0.126135
0.145628
0.805299
0.193617
-0.050915
-0.153142
0.017972
0.409209
0.254549
-0.183686
0.105874
-0.588492
0.455748
0.137797
0.455731
-0.755531
0.122143
-0.105832
-0.310517
-0.261957
0.168765
0.057295
0.846348
-0.004802
-0.329748
-0.776523
0.196853
-0.633645
0.435459
-0.099678
0.095228
0.037008
-0.152044
-0.512071
-0.513718
0.193296
0.415614
-0.644345
-0.292909
-0.518620
0.674985
-0.068820
-0.425476
-0.458620
-1.005240
0.255796
-0.755871
-0.054528
-0.312472
0.249793
0.451907
-0.126838
-0.270815
-0.038935
0.504584
-0.011497
0.496255
0.246804
0.350361
-0.616102
0.042305
0.331641
0.167340
0.065084
0.429222
0.506100
-0.269330
-0.298211
-0.050672
-0.445359
-0.250203
0.294360
0.278028
-0.172923
0.520283
0.155954
-0.093132
-0.265108
-0.151831
0.202210
0.373175
0.471293
0.122999
0.102392
-0.348190
0.052284
0.045820
-0.598352
1.279825
-0.240251
0.016362
0.234491
-0.105603
0.382466
-0.286968
-0.844525
0.298269
0.530551
-0.238081
-0.463552
-0.403797
-0.065272
-0.297611
-0.475262
0.471264
-0.265625
-0.242101
-0.029161
-0.523356
-0.305966
0.000918
0.405906
0.312670
0.311201
-0.365942
0.175994
-0.697807
-0.137746
0.136720
-0.086922
-0.264882
0.012579
-0.718109
0.206050
-0.550949
0.309000
0.201278
-0.040404
0.160673
-0.589502
-0.386540
-0.170150
-0.760081
-0.154848
0.156367
0.354572
0.740353
-0.678401
-0.596266
-1.003850
-0.658928
0.044252
0.853351
-0.349123
-0.117889
0.017547
0.352963
0.702988
-1.005402
0.062945
0.128767
-0.204261
-1.043437
0.235209
0.492014
0.074068
0.392424
0.272378
0.474910
0.551441
0.452420
0.353698
-0.261110
0.327865
0.134559
-0.399555
0.214370
-0.438549
0.202795
-0.685194
0.059640
-1.123787
-0.209633
-0.037548
0.250755
-0.536298
0.549255
-0.054525
-0.813795
0.818286
-1.037481
-0.052371
-0.248926
0.984941
-0.513758
0.461090
0.086843
0.696624
0.556537
0.163797
-0.771736
-0.400745
-0.703762
-0.141033
0.183839
-0.759430
0.530161
0.310101
-0.374467
0.366507
-0.120440
-0.164273
-0.032840
0.651832
-0.180242
0.504076
0.357546
-0.581113
0.350485
-0.666040
-0.739080
0.253215
-0.624618
0.712260
-0.054813
0.266609
-0.559812
-0.021827
0.085424
-0.494367
0.349772
0.142603
-0.519833
-0.786467
-0.270056
0.472091
0.043042
-0.792511
0.207887
-0.374341
0.468212
-0.468740
-0.047618
-0.484723
-0.087958
0.354406
-0.350603
-0.799935
0.532202
0.192939
0.100600
0.022975
-0.780932
0.047614
0.001220
0.042978
0.106011
0.274780
-0.174431
-0.118118
-0.241348
-0.412741
0.197864
0.115796
-0.514429
0.496345
0.374398
0.541550
0.513483
-0.780109
0.230263
0.848724
-0.205340
-0.644343
-0.004887
-0.079299
0.257049
-0.057656
-0.181087
0.233482
-0.006712
0.276854
-0.238035
0.405653
-0.748485
-0.241403
0.431558
0.043703
0.385578
-0.053961
-0.013717
-0.173415
-0.361730
0.172950
-0.315490
0.365548
0.294401
-0.513044
0.975968
-0.272098
-0.336362
-0.372480
-0.320855
0.229128
0.109606
0.377113
-0.758002
-0.100100
-0.417226
-0.489186
0.102787
-0.333514
0.073504
0.025962
0.339252
0.435684
0.577376
0.515297
-0.475626
0.510165
0.304944
-0.063292
-0.286322
0.559317
-0.117035
-0.191437
-0.072457
-0.816520
-0.190753
0.264746
-0.140177
-0.386277
-0.755006
-0.378476
0.355468
0.079547
0.177617
0.056343
-0.006625
-0.121829
-0.042211
-0.128607
0.079456
-0.219988
0.050920
-0.279471
-0.080992
-0.458619
-0.034281
0.578138
-0.315509
0.189322
0.270746
0.518877
-0.050338
0.112059
-0.508130
-0.515917
-0.347406
-0.153784
0.606433
-0.278717
-0.027465
0.147317
-0.221632
0.350614
-0.083953
0.251498
-0.653504
-0.037715
-0.150203
-0.858610
0.890848
-0.037721
-0.442384
0.767962
-0.617833
0.338740
-0.480967
-0.049466
0.347750
-0.444334
0.280992
0.490736
-0.167059
-0.905376
-0.110383
-0.487217
0.323083
-0.165429
0.293746
0.449746
0.104559
-0.595182
-0.189400
-0.063882
0.090423
-0.269129
-0.575155
0.353201
-0.604495
-0.820738
-0.155205
-0.452274
-0.337127
0.859649
0.036111
0.072869
-0.474176
-0.406477
-0.257891
0.390966
-0.377895
-0.173628
0.259276
0.254417
-0.476593
0.066552
-0.432143
0.262214
-0.334567
0.050609
-0.854577
0.550953
-0.137330
0.464402
0.579494
-0.485613
-0.337957
0.744675
-0.376749
-0.071269
-0.204220
0.025374
-0.241028
-0.400254
0.512331
-0.014052
0.333141
-0.104263
0.469592
-0.042475
-0.757441
0.066260
-0.365892
-0.205841
0.147926
-0.160968
-0.415709
0.207938
0.099574
-0.524751
-0.491648
-0.037896
0.431362
-0.341071
-0.132617
-0.394760
0.064599
-0.156165
0.746788
-0.039466
0.349842
-0.620954
-1.097404
-0.311929
0.069029
0.210021
0.451676
1.016280
0.696938
0.021037
-0.156535
0.048793
0.157614
0.271367
-0.514502
-0.256573
0.018341
-0.426673
-0.592250
-0.147336
0.462147
-0.236145
-0.081954
0.473606
1.040378
0.013387
-0.104097
0.526206
-0.036869
0.009469
-0.125962
0.124968
0.997604
-0.321667
-0.602641
-0.168041
-0.591550
0.467712
0.024418
-0.347657
-0.359497
0.100524
0.050556
-0.102369
-0.299840
0.229648
0.049281
0.397499
-0.264500
0.418257
-0.167425
0.090582
0.248733
0.054556
-0.193917
-0.032119
-0.337822
0.223756
-0.298549
-0.455725
0.412912
-0.418983
-0.094169
-0.005981
-0.219130
0.100023
-0.078847
-0.168941
-0.071404
-0.112518
0.502944
0.654132
0.705911
-0.034890
1.229221
0.502487
0.001421
0.928411
0.445523
-0.186907
0.234162
0.168940
-0.401889
0.765160
0.188310
0.159317
-0.460929
0.144434
0.156405
0.025022
-0.430175
0.571942
-0.077249
0.638488
0.033972
-0.340949
-0.157810
-0.134022
-0.037100
0.442730
0.571147
0.497949
0.010809
0.766847
-0.282604
-0.442942
-0.929031
0.295748
-0.707804
0.214256
0.337118
-0.381923
-0.178167
-0.786286
-0.487375
-0.513683
-0.847616
0.398103
0.224964
-0.328269
-0.074186
-0.757146
0.348358
0.053359
-0.446880
0.511184
0.181280
0.368078
0.134499
0.389869
-0.424074
-0.339988
-0.034671
0.270727
0.533302
-0.408127
0.007443
-0.259933
0.233553
0.175493
0.080421
-0.097566
-0.392656
0.203183
-0.938621
0.194945
-0.025094
-0.609006
-0.151842
-1.001230
0.119817
-0.455757
0.488387
0.879193
-0.120709
0.449345
-0.260939
1.013973
0.454224
0.406546
-0.384146
-0.440604
0.766923
-0.418869
-0.039523
-0.146305
0.029499
0.052979
-1.102151
0.320072
0.000687
-0.510917
-0.751128
0.323951
-0.002098
0.451446
0.230846
-0.297556
0.653814
-0.568921
-0.249230
-0.228985
0.423793
1.051701
0.352111
-0.183884
0.375944
0.290252
-0.466048
-0.299347
0.048678
0.641279
0.411257
0.026161
-0.022052
0.349983
-0.111463
0.747375
-0.152499
0.334128
0.248528
0.657690
0.499836
-0.700920
-0.527904
0.158084
-0.140096
-0.026036
-0.731473
0.215727
-0.409521
-0.378569
-0.661158
-0.490272
0.377484
-1.341193
-0.668210
0.095421
-0.179424
0.248752
-0.010007
-1.295164
1.015510
0.303180
0.077194
-0.065014
-0.004328
-0.112480
0.627655
0.227429
-0.194734
-0.316993
0.358439
-0.004896
0.205413
-0.511002
0.095577
-0.575951
-0.332166
0.426378
0.034302
0.075443
-0.079598
-0.346791
-0.303207
0.599214
-0.320372
-0.273117
-0.004861
0.443664
0.156349
-0.248329
-0.244395
-0.102451
-0.485637
-0.233405
0.487388
0.102382
0.027762
0.681399
-0.409214
-0.803279
0.041672
0.547929
0.892108
0.737302
-0.372254
0.128659
0.036904
-0.743484
-0.628492
-0.122987
0.533840
-0.073512
0.258379
-0.154251
-0.489800
-0.224674
0.626292
-0.772615
0.006517
0.253667
-0.057758
-0.464204
-0.458867
-0.767392
-0.043629
0.412076
-0.114557
0.325718
-0.230293
0.507658
0.593004
0.202025
-0.717747
0.129711
-0.894050
-0.780797
0.508406
-0.276725
-0.145332
-0.729783
-0.120644
0.031593
-0.187800
-0.251194
-0.036143
-0.499034
-0.497409
0.335221
-0.205014
-0.708768
0.368054
-0.496519
0.027497
0.328619
0.110160
-0.449073
-0.242143
0.322609
-0.466383
-0.279799
-0.369740
-0.115525
-0.207510
-0.412125
-0.161238
0.214808
-0.213915
-0.065632
-0.238683
0.176020
0.171485
0.177278
-0.336148
0.129459
0.067026
0.510937
-0.174358
0.031284
-0.529341
-0.010842
-0.535105
-0.290216
-0.374496
-1.118209
-0.487801
-0.617755
-0.084705
-0.556940
0.127126
0.518439
-0.100903
0.570914
-0.204906
1.074840
-0.343860
-0.182860
0.024485
-0.442580
0.733602
-0.144522
0.505839
-0.230355
0.140408
0.096000
0.072412
0.041927
0.328665
0.126132
0.176826
0.270627
-0.198512
-0.399658
0.359459
0.002097
-0.215974
-0.295151
0.326922
0.044962
-0.511078
-0.457293
-0.508529
0.229805
0.314695
0.150490
-0.149957
-0.164733
-0.284880
-0.182383
-0.403401
-0.198527
0.750290
-0.072617
-0.004080
-0.338387
0.269612
0.121104
-0.001609
0.129007
-0.076459
-0.038666
0.358367
0.293835
0.042452
-0.198802
0.129346
-0.113407
-0.003071
-0.838630
0.225390
-0.759193
-0.192427
-0.111660
-0.153339
-0.059323
-0.131219
0.156776
0.150970
-0.856450
0.019176
0.047407
-0.893498
-0.262507
-0.561798
-0.298676
-0.587722
0.550919
-0.137429
0.378097
-0.159038
0.479476
-0.036842
0.186434
-0.055214
0.442893
0.525228
-0.453326
-0.179230
-0.444074
0.686223
0.047859
0.614270
0.555086
0.471154
0.676749
0.474627
0.186594
0.830093
-0.077149
-0.095936
-0.126185
0.120499
-0.016150
0.207876
-0.345509
-0.394658
-0.392039
-0.236722
-0.078087
-0.102685
-0.508929
-0.194317
0.038673
0.443738
-0.626099
0.391418
0.052231
0.346555
-0.041285
-0.275916
-0.237016
0.021325
0.043465
-0.927159
-0.031806
-0.375141
-0.249216
0.005925
1.024823
-0.758310
-0.683914
0.284072
0.081321
-0.585768
0.666216
-0.430072
-0.254304
0.152063
-0.135965
-0.053257
0.432316
-0.089521
-0.055818
-0.451324
-0.319530
-0.424902
0.068383
0.050452
-0.657953
-0.398728
-0.077843
-0.092126
-0.110172
-0.188251
-0.130326
-0.490447
0.193702
0.184810
0.089473
0.114247
-0.169219
0.070469
0.148025
0.414752
-0.271133
-0.037395
0.597258
-0.568862
-0.143121
-0.085757
-0.288561
-0.031664
0.058685
-0.166979
-0.374488
-0.144950
0.063588
0.489557
-0.796096
-0.267912
0.154920
-0.369652
0.407900
0.043989
-0.445874
-0.040039
-0.112398
0.248818
0.160067
0.415847
0.041030
-0.332994
0.318972
0.130772
0.119296
-0.418211
-0.391441
0.278167
-0.583291
0.387785
0.592126
-0.384490
-0.303807
0.301783
0.529529
-0.214094
-0.614699
0.150999
0.346679
0.037806
-0.396501
1.180965
-0.472090
0.061056
0.218344
-0.251338
-0.426611
0.696778
0.129142
0.627553
0.050975
-0.711768
-0.051840
-0.044064
0.098189
0.609176
-0.404931
0.366565
0.510923
0.348648
0.483673
-0.202683
-0.686240
0.468493
-0.249642
-0.341937
0.011970
0.343784
-0.057497
-0.177785
-0.389336
0.379840
0.353813
0.233728
0.196784
0.396812
-0.229144
0.153382
-0.227522
-0.066547
-0.376858
-0.051935
-0.078759
-0.001176
-0.540524
-0.109823
0.370339
0.192448
-0.105179
-0.005718
-0.328699
-0.042050
0.075290
-0.199539
0.585569
-0.318389
0.321849
-0.123126
-0.012358
0.019046
0.016611
-0.325547
0.404931
-0.196312
-0.117321
-0.504500
-0.041008
-0.348202
-0.482801
-0.023003
-0.105531
-0.479046
-0.377438
0.662773
0.154605
-0.029208
0.469732
-0.295497
0.033697
0.070283
-0.117612
0.631425
-0.003292
-0.022334
-0.205288
0.062728
-0.407043
0.018337
0.012630
-0.193047
-0.592568
0.809490
-0.136050
-0.451254
-0.493412
0.077349
-0.199124
0.680225
0.139645
0.039526
-0.061728
-0.325422
0.362764
-0.148490
0.670188
0.289900
-0.145880
-0.053522
-0.090794
0.608558
0.027141
0.124329
0.183318
-0.238557
0.192991
0.350582
-1.232716
-0.044599
-0.718157
0.240962
0.099273
0.236049
-0.179114
-0.142211
-0.279504
-0.104375
0.170580
-0.146524
0.850869
0.184483
-0.959102
-0.047130
0.058019
-0.033040
0.110928
0.452822
-0.475428
0.572533
-0.141032
0.114835
0.733655
0.166431
0.525997
-0.571025
0.042049
0.059514
0.265831
-0.248690
0.881972
0.162154
-0.695327
-0.556535
0.394267
0.034170
-0.138879
0.351792
0.152210
0.979710
-0.206085
-0.254729
0.276909
-0.328275
0.291576
-0.520637
-0.391285
0.441332
-0.360092
-0.371930
0.948490
-0.133967
-0.126809
-0.063625
0.224799
-0.629636
0.273674
0.323485
0.540735
-0.681900
-0.183171
0.572137
-1.098502
-0.366086
0.610778
-1.098497
0.517669
-0.622058
0.514029
-0.014104
0.198267
-0.091532
0.208705
-0.341787
0.123929
-0.340063
-0.364647
-0.125243
-0.518285
-0.475370
-0.117273
-0.424915
0.419214
0.260034
0.108145
-0.315822
0.588645
-0.043624
0.145849
0.295297
-0.220348
-0.220081
-0.000577
0.316092
-0.120790
-1.098359
0.087942
-0.375464
0.494299
0.085567
-0.025407
0.292292
-0.309544
0.543599
0.570326
-0.099714
0.422069
-0.075925
0.106222
-0.280393
0.622695
-0.396954
-0.314547
1.120868
0.205554
-0.045211
0.162834
-0.006124
0.005653
0.063469
-0.182033
0.763395
-0.144300
0.486189
0.227835
-0.111449
-0.334555
-0.008342
-0.009868
-0.169592
0.240181
-0.221979
-0.352797
0.478530
0.640432
0.174279
-0.001744
-0.157296
0.190838
-1.097082
-0.389567
0.826256
-0.649103
0.042924
0.038053
0.025059
-0.378350
-0.922028
0.337485
0.060993
0.424216
-0.092160
-0.004351
-0.164278
0.058545
-0.621675
0.020797
-0.005660
0.157625
-0.430273
0.057856
0.533700
1.064307
-0.209106
-0.288622
0.740520
0.424822
-0.649523
-0.256114
0.200577
-0.065817
-0.429111
0.221185
0.047587
-0.293693
0.580892
-0.459359
-0.143350
-0.457841
-1.308631
-0.407463
0.034091
0.911909
0.019672
-0.317136
0.107003
0.248025
-0.186702
0.208687
0.398576
0.645580
-0.348620
0.571610
-0.508529
-0.124857
0.475496
-0.833306
-0.988004
-1.041093
-0.322971
-0.440795
-0.288869
0.595997
0.005156
-0.416158
0.002524
0.516207
-0.235239
-0.050531
0.398946
-0.456218
0.104860
0.027650
-0.266242
0.283086
0.099594
0.041037
-0.112524
-0.153744
0.759892
0.046975
-0.252194
0.067298
0.198146
-0.391697
0.049809
0.088171
0.271927
0.855189
0.085590
-0.644057
-0.210790
0.075482
0.157180
-0.203344
0.019424
-0.389523
-0.781897
-1.255893
0.415986
0.389356
-0.357977
1.189134
0.298394
0.314660
0.807126
-0.270972
-0.145872
0.778981
0.071603
0.383650
-0.338796
0.190353
0.278368
-0.626521
-0.317151
-0.040765
-1.138574
0.342577
0.010382
-1.690677
-0.828275
-0.814794
-0.858842
0.150515
0.089140
0.766766
1.016676
-0.032922
-0.065411
-0.150986
0.045537
-0.131875
-0.228827
-0.349592
0.399039
0.379715
0.584190
-1.271727
0.096989
-0.111159
-0.065869
-0.282122
0.165597
-0.368780
0.199862
-0.249848
0.256758
-0.194421
0.157035
-0.197108
0.963997
0.041021
0.859996
-0.462621
-0.599864
-0.128981
0.000962
0.512085
-0.128154
-0.235195
-0.010771
-0.114537
0.102363
0.369693
-0.515915
0.143744
0.766224
-0.919983
-0.093395
-0.543275
0.070479
-0.082196
-0.530705
0.017992
0.000954
-1.106525
0.305601
0.728848
0.505315
-0.101996
-0.082128
0.362348
-0.385717
-0.926998
0.437748
-0.561035
-0.624851
0.315086
-0.129517
-0.218202
-0.214222
-0.167382
-0.318737
0.156883
-0.362893
0.242578
-0.808936
-0.521151
0.887588
-0.185602
-0.052963
-0.723680
-0.434176
0.641327
0.730539
0.154752
0.536986
0.561326
-0.287353
0.534760
-0.074999
-0.096562
0.299020
0.098685
0.139014
0.842637
0.440926
-0.748871
-0.055052
0.717009
-0.376013
-0.027097
0.207113
0.037043
0.055451
-0.359014
-0.401961
-0.203622
-0.453617
0.431632
0.529323
0.105903
0.188501
0.369422
-0.357648
-0.102077
-0.157381
0.058425
0.038947
0.624542
0.377895
0.398906
-0.848477
-1.148057
-0.938680
0.190975
0.123998
-0.436062
-1.157715
0.393449
0.281740
-0.614641
0.039575
0.718409
-0.044255
0.083453
-0.205441
-0.458330
-0.094189
-0.226809
-0.757482
1.055245
-0.534003
-0.404656
0.430797
0.356557
-0.636855
0.776201
-0.199593
0.132770
0.212793
-0.469135
0.528466
-1.094119
0.928326
0.636841
0.346418
-0.026805
0.013519
-0.381287
-0.013180
0.492801
0.983472
-0.173728
0.221302
0.084233
0.078815
0.702993
-0.467390
0.084155
-0.304417
0.343232
0.090313
0.547100
-0.603042
0.056985
-0.292242
-0.334047
0.090614
-0.307905
0.320800
0.272613
0.934645
0.521081
-0.027592
0.024099
-0.022961
-0.428036
0.885483
-0.326970
0.322277
0.416305
0.433229
-0.188815
-0.779270
0.023077
0.177768
-0.261268
-0.116487
0.116840
0.145316
0.089617
0.185180
0.368935
-0.264215
-0.411722
0.055805
-0.086010
0.133979
-0.302768
0.790575
-0.168842
0.350107
-0.001566
0.446863
-0.311479
-0.101835
0.223559
0.121428
-0.270550
0.244325
0.573529
0.577881
-0.569636
-0.153047
-0.172349
0.569980
0.331648
0.502384
0.156923
-0.661516
-0.362601
-0.287048
-0.192797
0.322507
0.298909
-0.047973
-0.467833
0.042759
0.296468
-0.579128
-0.135758
0.197617
0.219896
-0.342475
0.640481
-0.640930
0.436351
-0.878340
-1.012493
-0.656039
0.130185
0.479094
0.104474
0.204356
-0.010438
-0.637569
-0.782612
-0.019499
0.476605
0.563821
-0.068443
0.306386
0.208809
0.301275
0.576488
-0.376627
-0.648077
-0.193812
-0.622961
-0.300007
-0.325994
-0.216449
0.490477
-0.858736
-0.954932
-0.369791
0.439485
0.035173
-0.417878
0.032956
-0.118530
0.326734
-0.397402
0.034348
0.062571
-0.355080
0.215703
1.238871
-0.320226
-0.155242
-0.676381
0.701522
-0.649272
-0.368227
-0.536169
0.234962
-0.502782
0.388543
0.577077
0.347263
-0.329372
0.240502
-0.512309
-0.608552
-0.223605
-0.531188
-0.021764
0.558647
0.264050
-0.574777
0.076941
0.102177
-0.567021
-0.428434
0.567838
0.093310
-0.002103
-0.492374
0.519845
-0.375331
0.133709
0.259497
0.009503
-0.201218
-0.075881
-0.063794
0.358907
0.004746
-0.172379
-0.227004
0.298366
0.080199
-0.447664
0.404558
-0.567326
-0.372913
0.446029
-0.508049
-0.509371
-0.956101
0.333699
0.343699
-0.099777
0.418928
0.365797
0.092485
-0.081597
0.353126
0.601534
-0.222482
-0.049850
-0.684949
-0.017534
0.012392
0.068878
0.153450
0.074211
0.518775
0.550732
0.692263
0.382445
-0.565114
-0.296059
0.221034
-0.727082
0.338063
-0.134068
0.257065
-0.156514
0.077406
0.355389
0.280538
0.334301
-0.342751
-0.314589
-0.323250
-0.217667
-0.100424
-0.209827
0.490712
-0.484995
-0.228540
0.090023
-0.107860
0.002935
-0.033041
0.308953
0.520998
0.357880
-0.664627
-0.152276
0.550602
-0.179764
0.164259
-0.316152
-0.317233
-0.007510
-0.219276
0.689286
-0.111561
-0.078849
0.794968
-0.006934
-0.167550
-0.568435
-0.120903
-0.177404
-0.015850
0.614610
-0.517974
-0.864148
0.199271
0.444306
-0.132789
-0.531556
-0.569772
0.141926
0.351114
0.166641
0.172970
0.462437
0.766556
0.030891
0.088925
0.365123
-0.854271
1.358698
-0.367725
0.186175
-0.060261
0.260304
0.318522
-0.118654
0.074548
0.330106
-0.251431
0.389089
-0.077785
-0.821776
0.399509
0.546646
0.124645
0.524901
-0.149690
0.701669
0.313199
-0.015250
-0.267628
0.573996
0.060006
-0.470875
0.416199
-0.235785
0.033826
-0.352871
-0.627431
1.217145
0.277041
-0.848959
-0.137138
0.588994
-0.114628
-0.105875
-0.849431
0.169875
0.556914
-0.432375
0.523937
1.393423
0.226816
0.542344
-0.659928
-0.429886
0.848544
-0.350918
0.404303
0.872763
0.081591
-0.306837
0.345550
0.584841
0.493598
0.692704
0.191011
-0.234706
-0.104999
-0.872277
0.759497
0.137458
0.066800
-0.011181
-0.046411
-0.131339
0.019268
-0.376235
-0.056723
0.176300
-0.948431
-0.823043
0.277252
0.394401
-0.041857
0.136458
0.295707
-0.090929
0.411049
-0.264917
-0.280030
-0.837108
-0.199265
0.083387
0.823824
0.350261
0.016666
0.292967
0.106416
0.490788
-0.010387
0.162312
0.159590
-0.472684
-0.251520
-0.056701
-0.631711
0.304907
-0.021297
0.156072
0.147199
-0.588978
-0.121234
-0.870828
0.454650
-0.120179
0.357218
0.964422
-0.147778
0.397288
-0.348044
0.015146
-0.811479
-0.889255
0.189081
0.463110
-0.011243
0.561535
0.024438
0.781264
-0.181589
-0.498761
-0.352050
-0.988496
-0.633665
0.236219
-0.513799
-0.290674
-0.156791
-0.040633
-0.023283
-0.605865
0.369433
1.036422
-0.463678
0.214465
0.198897
0.070392
0.345481
0.801723
-0.023143
-0.948412
0.512238
0.079476
0.825429
-0.270600
0.271451
0.405837
-0.087979
-0.788419
0.040370
0.427060
-0.552081
-0.612795
-0.382300
0.115509
-0.160043
-0.616973
0.101748
-0.568861
-0.066312
-0.715102
-0.079059
0.263559
0.100092
-0.116015
-0.045290
0.148500
0.416351
-0.008579
0.036741
0.499075
0.100062
-0.827596
0.687488
0.514303
-0.081900
-0.178526
0.926429
-0.454919
0.148802
0.437524
0.290937
-0.290818
0.158013
0.363304
0.686863
-0.343425
-0.378280
-0.341826
0.663965
-0.605429
0.356157
0.445254
0.116568
-0.191203
0.543003
-0.272922
0.143506
-0.128569
-0.011665
0.279883
-0.611091
0.194343
-0.120413
0.333264
-0.083484
-0.021603
-0.748287
-0.282450
0.288401
-0.145261
0.111137
0.170467
0.869679
0.052026
0.268694
0.846726
-0.272715
0.454521
-1.017507
-0.048564
0.378988
-0.260468
0.406234
0.235623
0.324586
-0.582775
0.197329
0.058246
-0.572232
0.449053
0.285196
0.466255
0.597384
0.795907
-0.410152
0.490289
0.515763
0.648767
-0.184285
0.646789
-0.113056
0.798506
0.211890
-0.072506
0.033890
-0.655878
-0.615216
0.492108
0.487421
-0.040450
0.305179
-0.054361
-0.307497
0.058111
-0.208146
0.481778
0.355798
0.327812
0.447682
-0.042419
0.415625
0.227003
0.364741
0.154308
0.049785
0.195515
-0.780566
0.393213
0.176995
-0.339591
-0.288758
0.460218
0.505025
0.121915
0.318500
0.243187
-0.260500
0.227136
0.124088
-0.150475
0.303104
0.308046
0.306333
-0.280852
-1.004480
1.153115
0.056962
0.250771
-0.521471
0.079292
-1.032888
0.574172
0.435104
-0.383988
-0.464847
0.394691
0.170263
0.483376
-0.270547
0.022052
-0.548189
-0.816716
-0.008269
-0.814052
-0.787610
-0.212796
-0.090691
-0.443316
-0.068510
0.014666
-0.708525
0.339910
0.598720
-0.205924
0.234351
0.253359
-0.096780
-0.546709
0.287961
0.128862
-0.559569
0.120697
-0.393427
-0.143389
-0.473431
-0.154225
0.180571
-0.295450
-0.660192
-0.497558
0.525937
-0.622508
-0.330962
0.429869
-0.196441
-1.003577
0.031549
0.431109
-0.097058
-1.097231
-0.033872
0.670047
0.306003
-0.564434
0.489429
-0.877721
-0.286773
0.171538
0.068659
0.581332
-0.169504
0.227051
0.331730
0.221262
-0.317514
0.103412
0.258772
0.438418
0.381265
0.911318
-0.197001
0.177409
0.445632
0.798740
-0.158907
0.149826
-0.359201
0.663300
-0.294716
0.256355
-0.485088
-0.652041
0.285451
-0.416736
0.712525
0.963871
0.349925
0.786990
-0.424003
0.822054
-0.081060
0.137938
-0.577692
-0.348920
-0.095652
-0.089969
-0.632737
0.621995
0.060845
0.303171
-0.367768
-0.231396
0.238332
-0.520453
-0.151837
0.339484
0.273290
-0.127547
0.490658
-0.120019
-0.294658
0.330528
-0.910393
-0.645631
-0.511411
0.402314
0.384431
0.163777
0.443784
0.058529
0.114046
0.416738
0.930783
0.614820
-0.078948
-0.324436
0.487844
0.435479
0.115905
0.128206
-0.287910
-0.075752
-0.399994
-0.207830
1.324598
-0.332241
-0.591443
0.581562
-0.401417
-0.061053
1.182180
-0.058550
0.868440
0.302034
-0.124538
-0.158833
0.239742
-0.646843
-0.374930
0.570080
-0.340336
0.370112
0.540725
0.677842
-0.181601
0.682767
0.081495
0.700084
-0.311533
0.345364
0.204379
-0.373477
0.107498
-0.449965
0.647212
1.207811
0.336463
0.151265
0.239848
0.880896
-0.485435
0.366192
0.025714
0.455681
0.135508
-0.033513
-0.196644
-0.019459
-0.331116
0.418003
0.484632
0.292173
0.356378
-0.076673
0.189536
-0.233842
0.620930
0.165942
-0.378347
0.225776
0.003844
0.083244
-0.737604
0.703838
0.147163
-0.720106
0.721738
0.332415
0.277773
-0.580660
-0.446371
-0.055940
-0.140176
-0.039141
-0.050181
0.607380
-0.727213
0.838669
0.964878
-0.725421
-0.200137
0.198002
0.262441
-0.103371
0.326907
-0.488792
-0.097810
0.361825
0.205032
0.320365
1.337919
-0.497221
0.476297
-0.240865
0.843266
0.591291
0.753198
-0.204758
-0.130799
0.334599
-0.063117
0.217152
-0.314025
-0.412114
-1.002145
0.515678
0.413797
-0.012921
0.403363
0.108279
0.257966
0.148716
0.264370
-0.471092
0.078155
0.115283
-0.355372
0.919325
0.280084
-0.571115
-0.188646
0.460771
0.700201
0.231043
-0.413858
-0.201332
-0.238658
-0.206324
-0.696007
0.575667
0.351558
-1.063181
-0.768924
-0.799281
-0.221371
0.351287
-0.102983
0.288129
0.609274
0.373490
1.374084
0.521629
-0.084277
0.449279
0.094554
0.036715
-0.227897
0.217942
-0.516023
-0.711434
0.204390
0.560572
-0.819774
0.204052
0.777061
0.988909
0.246752
0.091187
-0.574544
-0.084618
0.365797
0.702706
-0.066057
0.359338
0.234988
-0.421388
0.110506
-0.095473
-0.123292
-0.239464
-0.561826
0.920332
-0.048610
-0.811218
0.188129
0.623438
0.555303
-0.272592
-0.000162
-0.145489
-0.253835
-0.502175
-0.232856
-0.642013
-0.325997
-0.410763
-0.342630
-0.501463
-0.282138
-0.231661
0.067696
-0.045795
-0.288130
0.466924
0.420144
-0.043996
1.039787
0.989690
-0.046263
-0.734684
-0.011841
0.404514
0.868007
-0.172886
0.534901
-0.367787
-0.522607
0.233388
-0.296291
0.169917
-0.090105
-0.156971
0.456507
0.071029
0.321809
0.576590
-0.525055
-0.543843
-0.278367
0.001673
0.010446
0.122562
-0.046574
-0.208326
0.784930
0.137012
0.290795
0.448965
0.285649
-0.515377
0.163480
-0.623907
0.020053
0.176376
0.332546
-0.544201
0.520123
-0.220648
0.467635
0.302722
0.120007
0.400097
-0.613138
-0.412449
-0.234432
0.159568
0.492484
-0.074369
0.031050
-0.485849
0.498713
0.637391
0.717934
0.412257
-0.273405
-0.448643
-0.176044
-0.834910
0.019488
0.437086
-0.131324
0.014512
0.191924
-0.378620
0.742785
-0.479761
0.651270
-0.189528
-0.261579
-0.509541
0.476357
-0.041305
0.205621
-0.195253
0.339136
0.316593
0.023218
-0.440396
0.730150
-0.556611
0.292515
0.585494
-0.280894
-1.053184
-0.251476
-0.632787
-0.473564
-0.106512
-0.491803
-0.329271
0.381661
-0.994349
-0.133417
0.692163
0.136329
0.161191
0.365078
0.316912
-0.250213
-0.071181
0.460527
-0.516593
0.386873
0.323892
-0.136628
-0.674192
-0.556661
-0.686122
-0.608384
0.279293
0.933386
0.111282
-0.576499
-0.564273
0.546816
0.127484
0.184624
0.126930
0.090198
0.517440
-0.115280
-0.312140
0.254023
0.906836
-0.322364
-0.622771
1.208055
-0.476207
-0.481014
-0.253635
0.643882
-0.733143
0.806374
0.729844
-0.367072
-0.041765
-0.205953
-0.520585
-0.148406
-0.092239
0.121863
-0.433949
-0.008270
-0.178959
-0.164407
-0.500024
-0.236144
-0.624230
-0.227578
-0.616474
-0.203700
0.072651
-0.497929
0.554044
-0.098161
0.315453
-0.350214
0.545117
0.007789
0.041288
0.191036
-0.007152
0.570728
-0.475172
0.202070
0.351626
-0.018454
-0.703848
-0.470676
0.486650
0.321506
0.131576
-0.137061
-0.006483
-0.097533
-0.110784
-0.197904
0.313464
-0.451569
-1.790960
-0.282839
-0.064400
-0.068310
-0.519697
-0.153296
0.040923
-0.333813
0.121650
0.173713
-0.159330
-0.085922
-0.925302
-0.113883
0.229796
0.324983
-0.531691
-0.314264
-0.799280
-0.070431
0.189152
-0.251204
-0.758658
-0.009248
-0.531589
-0.087892
0.141229
-0.283197
0.059807
0.467641
0.738624
0.121852
-0.822144
-0.159824
0.665990
0.374222
-0.374981
0.716534
-0.013791
0.321358
-0.166621
0.016709
0.487786
0.337930
0.655100
0.211836
-0.792332
0.474395
0.490021
0.032573
0.114140
-0.545738
-0.553985
0.278571
0.377008
0.681152
0.306819
0.439398
0.155213
-0.220196
0.407887
-0.587064
0.318762
-0.221052
-0.152436
-1.093632
-0.491113
-0.384182
-0.365576
-0.677761
0.034085
-0.031933
-0.089507
0.070732
-0.013486
0.236128
-0.220694
0.151735
0.799250
0.767497
0.391602
-0.414386
0.090618
0.494559
-0.373837
0.012586
0.671076
-0.248977
0.087647
-0.038318
0.692391
0.768396
0.044890
0.309449
0.513159
0.303681
-0.064328
0.475566
-0.404859
0.007371
0.277989
-0.039723
-0.388351
0.558050
0.529462
-0.022798
-0.818593
0.494626
0.454708
-0.193616
0.745718
0.067944
-0.036259
0.591111
0.126798
-0.504946
-0.087564
-0.013415
0.011848
0.211246
-0.229027
-0.599615
-1.228146
-0.216675
0.332509
0.375937
-0.207566
-0.089424
-0.174520
0.207266
0.244096
0.229923
0.207213
-0.256788
-0.228255
0.150455
0.202183
-0.527059
0.138363
-0.759563
-0.589773
-0.036388
-0.819545
-0.186417
-0.072905
-0.067288
0.058412
0.294653
-0.565705
0.470712
-0.180591
-0.697264
-0.439365
-0.733582
-0.273666
0.340091
0.000635
-0.066186
0.071750
-0.027578
0.102849
-0.077179
-0.527233
0.913009
0.083027
0.088176
-0.262294
-0.622468
0.264116
0.098470
-0.005135
-0.219465
-0.444628
-0.181190
-0.798111
0.714232
0.882655
-0.253818
-0.287190
0.331606
0.241202
-0.144087
0.016493
0.707872
0.349608
0.138930
-0.598379
0.190139
0.041655
-0.096898
-0.339216
-0.740542
0.239875
-0.069670
0.220721
0.301375
0.403977
0.000298
0.523894
0.330602
-0.208352
0.287304
-0.365997
-0.702805
-0.481086
0.365665
0.522929
-0.643286
-0.318202
-0.566452
-1.144766
-0.201454
-0.038991
-0.014588
0.363002
-0.232291
-0.240459
0.179903
0.086443
0.444425
0.235330
0.447735
0.372061
0.349838
-0.059797
-0.013893
0.009668
-0.105612
-0.284629
-0.349760
-0.567735
-0.829768
-0.645939
0.197479
0.246639
0.441755
-0.274317
0.039542
0.401063
0.300849
-0.537734
1.019690
-0.384721
-0.072964
-0.628018
0.074147
0.017457
0.579586
0.154693
-0.369359
0.104083
-0.169629
0.035738
0.554575
-0.875851
-0.353843
0.109686
0.423766
0.240129
0.322034
0.422394
0.220463
-0.744906
0.414357
0.043091
-0.473545
-0.746285
0.181069
0.284733
0.478041
-0.296297
-0.604984
0.295021
-0.209387
-0.027511
0.451147
-0.210400
0.337649
0.730115
0.508417
0.037244
-0.733553
0.529628
0.288944
-0.229062
-0.728365
0.124893
0.311884
-0.569135
-0.463554
0.308198
-0.513495
-0.456706
0.238117
0.109307
0.057237
0.530570
-0.596061
-0.179010
0.078752
-0.515942
-0.684598
-0.823826
0.406400
0.366900
0.016365
-0.326970
0.068343
-0.997503
-0.172228
-0.364493
0.292541
0.724503
-0.163930
0.128694
0.320216
-0.007181
0.156204
-0.188379
0.547400
-0.289229
0.423776
-0.243544
-0.476314
0.850703
0.197817
-0.016535
-0.742039
-0.267451
0.425699
-0.024929
0.025826
-0.281198
-0.019559
0.152157
-0.331569
-0.198670
-0.254117
0.902434
1.326312
0.827196
-0.091167
0.249386
0.444505
0.109224
-0.231074
-0.647474
0.391442
-0.697904
-0.331756
0.578789
0.021195
0.249589
-0.691516
0.136304
0.376545
-0.205647
-0.737867
0.010211
0.030017
0.550002
-0.238440
0.468507
0.484235
0.108334
0.827144
0.354680
0.279904
0.257234
0.339949
0.904792
-0.166085
0.298907
0.116954
-0.045369
-0.203075
-0.413479
0.017337
0.054238
-1.091440
-0.696127
-0.264673
-0.142102
-0.437944
-0.087267
0.315498
0.525011
-0.319311
-0.658687
0.827182
0.200892
0.452066
0.738563
0.218738
-1.169160
0.414326
0.299236
0.121635
0.332033
-0.091334
0.084456
0.921342
0.780567
0.138999
0.056667
0.501957
-0.718380
0.722045
0.020011
-0.156540
0.170169
0.654754
-0.261616
0.094276
-0.802627
0.278023
-0.082150
0.088361
0.477626
-0.547295
-0.712118
-1.211148
0.530426
0.342273
-0.013069
0.385352
0.525404
0.340907
0.631726
-0.068627
0.441663
0.150900
-0.124283
-0.518641
0.101233
-0.226066
-0.560092
0.124524
0.090438
0.434868
0.193639
0.277772
1.050042
-0.019561
0.023613
0.371301
-0.104099
-0.407566
-0.176252
-0.506441
0.684771
-0.245830
-0.190755
-0.114600
-0.024170
0.261209
0.082527
-0.307558
0.084897
0.043866
0.328269
-0.206305
0.546892
0.191071
-0.070528
0.230623
0.403382
-0.223308
-0.372145
0.171635
0.338027
0.290667
0.557299
-0.161145
0.328371
0.438639
-0.561722
0.663825
0.396796
0.337171
-0.187177
-1.207573
0.012182
0.372770
0.722398
0.668683
-0.215170
-0.410927
-0.032413
-0.586142
-0.197656
0.251170
0.538293
0.106802
0.139086
0.598859
0.081288
-0.309248
-0.009733
0.243857
0.109493
0.370320
-0.833365
-1.025608
-0.412615
0.306955
-0.331124
0.053241
-0.141004
0.094269
0.074421
-0.499404
0.145606
-0.218722
-0.414341
-0.238402
0.294422
1.210210
-0.528181
-0.042864
0.078423
0.140525
0.606013
0.298267
0.413214
-0.152486
-0.475366
0.832981
0.180858
0.085673
0.081270
-0.175777
0.469021
-0.447454
-0.224918
0.468279
-0.390984
-0.338684
0.376000
0.061262
0.497602
0.828526
0.251968
0.241697
-0.406934
-0.215399
0.051197
-0.639033
-0.658082
-0.285795
-0.233940
-0.094600
-0.284663
-0.836367
-0.073230
0.414848
0.074042
-0.177667
-0.602361
0.903811
0.215228
1.216965
-0.124393
0.223891
-0.320924
-0.407647
-1.190170
-0.135202
0.038962
-0.773069
0.126837
0.201563
0.055081
-0.180714
-0.612722
0.450695
-0.226195
-0.725761
0.058963
0.585209
-0.022754
0.180134
-0.118343
0.297321
-0.441856
0.087771
-1.011607
0.237261
-0.051672
-0.092379
-0.004698
0.535227
-0.017151
0.499180
0.373417
-0.082934
-0.025443
-0.114580
-0.298419
0.028320
-0.176077
-0.373750
-0.435179
0.877587
-0.704488
-0.395114
-0.147968
0.025461
-0.623214
0.067765
0.015189
-0.583904
0.161598
-0.482280
0.043708
0.395063
0.387555
0.152785
0.037235
0.020987
1.079510
-0.060253
0.417557
-0.420961
0.469479
-0.498344
0.707849
0.146580
0.165736
0.155244
-0.198879
-0.770918
0.747601
-0.254254
1.199368
0.127389
-0.531372
0.101491
-0.190994
-0.619855
-0.572147
0.890828
-0.110748
0.246528
0.045155
-0.035708
0.559252
-0.997617
0.442787
-0.096474
-0.208280
-0.333833
0.286682
-0.326178
-1.108156
0.043667
-0.347119
-0.191296
-0.404290
-0.611476
-0.270078
0.072553
0.355352
0.920614
0.742726
0.227926
0.710822
-0.074603
1.119759
-0.404676
-0.524887
0.267486
-1.036902
0.325703
0.016484
1.144736
-0.259240
-0.416013
-0.069692
-0.293717
-0.063340
0.442682
-0.782121
0.374509
0.197150
0.532155
-0.177378
1.061891
-0.270624
-0.836903
0.346347
0.212848
0.072819
-0.032270
0.392227
-0.074160
-1.030013
0.724947
0.255277
-0.549892
0.576430
0.028769
-0.221870
0.667702
0.393445
-0.270899
0.765046
-0.133501
0.378103
-0.447724
0.397003
0.173128
-0.371889
-0.470605
-0.288971
0.391430
0.049230
-0.375694
-0.373568
0.153493
0.288384
0.270113
-0.185384
-0.031004
-0.162064
0.169561
0.659095
-0.471073
0.296084
-0.507799
-0.582296
-0.118816
-0.304522
0.776234
0.115709
-0.803107
-0.351118
0.386239
-0.901083
-0.231891
0.374053
0.385975
-0.089722
0.042237
-0.532609
0.868020
0.281753
0.319346
-0.558147
-0.486639
0.371833
-0.260958
-0.295784
-0.053432
0.535044
-0.735781
-0.390877
0.541846
-0.317924
0.439841
-0.468985
-0.316585
-0.028220
0.048595
-0.050145
0.105723
0.240571
-0.285061
-0.314348
0.140435
0.291561
0.318068
-0.861575
1.507128
-0.426058
-0.647539
-0.479485
-0.180670
-0.044245
-0.152009
-0.188185
-0.497889
0.237936
0.238337
-0.070663
0.630220
-0.212057
0.241019
0.007391
0.019135
-0.149318
0.051348
0.183584
-0.120541
-0.129771
-0.162373
-0.378585
0.278470
0.257406
-0.215340
-0.055210
-0.127827
0.203807
-0.581273
-0.469134
0.246840
0.088242
0.423373
-0.054200
-0.363108
-0.527990
-0.275077
0.758012
-0.355769
0.594097
-0.515232
0.979867
0.171437
-0.488604
-0.753281
-0.241047
0.129623
0.074925
0.356047
0.081298
-0.668429
-0.315877
0.145437
0.301858
-0.169892
-0.833011
0.053584
0.320263
0.046886
-0.066617
-0.564013
0.176072
-0.704055
-0.204341
-0.536563
-0.327397
0.067881
-0.672639
-0.289931
-0.559191
-0.130546
-0.025723
0.683977
0.864353
0.510457
-0.144228
0.584391
-0.348796
-0.006810
1.006375
0.335746
0.063036
0.676410
-0.216594
-0.123534
-0.127559
-0.231871
0.198172
-0.198728
0.078647
-0.176519
0.222351
0.629439
-0.382903
0.036087
-0.068346
-0.408241
0.314090
0.198495
-0.618601
-0.484716
0.275346
0.148039
0.503982
0.123357
0.167833
0.164074
0.142977
0.680035
0.002512
0.180871
0.468152
-0.226557
0.722008
-0.279215
-0.094251
0.779349
0.672452
0.447652
-0.096813
0.095397
0.422121
-0.234037
-0.223056
0.400890
-0.347077
-0.071728
-0.360297
-0.353691
0.485746
0.082755
-0.001771
0.553111
-0.618685
0.183765
-0.360485
0.795020
-0.479133
-0.197294
0.145330
0.500419
-0.072273
-0.095005
0.390649
-0.257089
-0.012841
-0.395618
0.804109
1.163387
0.185149
0.017588
0.463293
0.053490
-0.358399
-0.051990
0.229084
-0.341167
0.425781
-0.448743
0.229529
0.106637
-0.037494
0.259393
-0.172391
-0.330684
0.572767
-0.327177
0.202583
0.356432
0.192804
0.270714
0.112036
0.825333
0.574350
-0.322073
-0.289522
-0.157570
-0.588692
0.233312
0.625886
0.321406
-0.496302
-0.298528
-0.026221
-0.027797
0.597973
0.058105
0.111204
-0.312467
0.188734
-0.148358
-0.300085
0.747315
0.461869
0.086271
-0.197720
0.565190
-0.078298
-0.023197
-0.002297
-0.001236
-0.524262
-0.024674
-0.671095
-0.226989
-0.210600
-0.269512
0.169866
-0.193507
-0.202395
0.205455
0.274347
-0.205841
0.088872
0.670690
-0.099765
-0.370429
-0.068746
-0.758545
-0.549915
-0.549301
0.010811
-0.262611
0.379189
0.357656
0.286583
-0.056609
-0.286010
0.155412
-0.305278
0.699439
0.380201
-0.138560
-0.280721
0.372999
0.150273
0.070979
-0.340163
-0.352901
0.044265
0.230717
-0.185635
-0.834508
0.312747
0.040281
0.042614
0.127698
0.112690
0.071679
-1.042876
0.211980
-0.038523
0.173039
-0.301452
0.005050
0.154650
0.177763
0.069538
0.397149
0.554875
-0.106391
-0.709006
0.031660
-0.475366
0.832981
0.180858
0.085673
0.081270
-0.175777
0.469021
-0.447454
-0.224918
0.468279
-0.390984
-0.338684
0.376000
0.061262
0.497602
0.828526
0.251968
0.241697
-0.406934
-0.215399
0.051197
-0.639033
-0.658082
-0.285795
-0.233940
-0.094600
-0.284663
-0.836367
-0.073230
0.414848
0.074042
-0.177667
-0.602361
0.903811
0.215228
1.216965
-0.124393
0.223891
-0.320924
-0.407647
-1.190170
-0.135202
0.038962
-0.773069
0.126837
0.201563
0.055081
-0.180714
-0.612722
0.450695
-0.226195
-0.725761
0.058963
0.585209
-0.022754
0.180134
-0.118343
0.297321
-0.441857
0.087771
-1.011607
0.237261
-0.051672
-0.092379
-0.004698
0.535227
-0.017151
0.499180
0.373417
-0.082934
-0.025443
-0.114580
-0.298419
0.028320
-0.176077
-0.373750
-0.435179
0.877587
-0.704488
-0.395114
-0.147968
0.025461
-0.623214
0.067765
0.015189
-0.583904
0.161598
-0.482280
0.043708
0.395063
0.387555
0.152785
0.037235
0.020987
1.079510
-0.060253
0.417557
-0.420961
0.469479
-0.498344
0.707849
0.146580
0.165736
0.155243
-0.198879
-0.770918
0.747601
-0.254254
1.199368
0.127389
-0.531372
0.101491
-0.190994
-0.619855
-0.572147
0.890828
-0.110748
0.246528
0.045155
-0.035708
0.559252
-0.997617
0.442787
-0.096474
-0.208280
-0.333833
0.286682
-0.326178
-1.108156
0.043667
-0.347119
-0.191296
-0.404290
-0.611476
-0.270078
0.072553
0.355352
0.920614
0.742726
0.227926
0.710822
-0.074603
1.119759
-0.404676
-0.524887
0.267486
-1.036902
0.325703
0.016484
1.144736
-0.259240
-0.416013
-0.069692
-0.293717
-0.063340
0.442682
-0.782121
0.374509
0.197150
0.532155
-0.177378
1.061891
-0.270624
-0.836903
0.346347
0.212848
0.072819
-0.032270
0.392227
-0.074160
-1.030013
0.724947
0.255277
-0.549892
0.576430
0.028769
-0.221870
0.667702
0.393445
-0.270899
0.765046
-0.133501
0.378103
-0.447724
0.397003
0.173128
-0.371889
-0.470605
-0.288970
0.391430
0.049230
-0.375694
-0.373568
0.153493
0.288384
0.270113
-0.185384
-0.031004
-0.162064
0.169561
0.659095
-0.471073
0.296084
-0.507799
-0.582296
-0.118816
-0.304522
0.776234
0.115709
-0.803107
-0.351118
0.386239
-0.901083
-0.231891
0.374053
0.385975
-0.089722
0.042236
-0.532609
0.868020
0.281753
0.319346
-0.558147
-0.486639
0.371833
-0.260959
-0.295784
-0.053432
0.535044
-0.735781
-0.390878
0.541846
-0.317924
0.439841
-0.468985
-0.316585
-0.028220
0.048595
-0.050145
0.105723
0.240571
-0.285061
-0.314348
0.140435
0.291561
0.318068
-0.861575
1.507128
-0.426058
-0.647539
-0.479485
-0.180670
-0.044245
-0.152009
-0.188185
-0.497889
-0.742765
-0.199159
-0.333257
-0.271327
-0.643620
-0.062950
-0.311966
-0.416170
-0.341607
-0.058748
-0.056840
0.201534
0.162074
-0.243623
0.172761
0.085622
0.440139
-0.340123
0.677442
0.382602
-0.247544
0.467902
-0.023382
0.442378
-0.470457
0.155859
0.182473
-0.200908
-0.304968
0.011241
0.827865
-0.798136
0.776231
0.541162
-0.428619
-0.398181
0.510648
-0.831362
0.354738
-0.628920
0.343333
0.217109
0.077489
-0.113511
0.345608
0.093300
0.715108
-0.381885
-0.472155
-0.083944
0.049046
-0.095239
0.267136
-0.080016
0.330674
0.302080
0.047730
0.174020
0.272932
0.229117
-0.071889
0.147365
0.600060
0.058472
-0.365396
-0.451332
-0.417793
0.609150
-0.226259
-0.471915
0.175514
-0.168240
0.181710
-0.065406
-0.092942
0.301441
-0.291179
0.177865
-0.050671
-0.142268
0.327673
0.372527
0.094422
0.506445
-0.143905
0.421120
0.484973
-0.448299
-0.188369
-0.438358
0.652866
-0.259311
0.319009
-0.191171
-0.189592
-0.269947
0.171319
-0.879978
0.288491
-1.135221
-0.344613
0.201108
-0.541313
0.296164
-0.129245
-0.441617
0.172767
-0.243203
-0.449690
0.167512
0.294055
0.279271
0.098911
-0.425425
0.087508
-0.230773
0.103240
0.230025
0.344007
0.062482
0.759892
0.544525
0.377733
0.153401
-0.106228
-0.316152
0.016716
-0.502669
0.310681
0.554852
-0.944300
0.034296
-0.040666
0.074360
-0.082765
-0.202509
0.840532
-0.319384
-0.405390
0.557264
-0.498682
-0.148494
0.072441
0.674658
0.128258
-0.407915
0.007657
0.276828
0.029739
-0.257571
0.228083
0.141490
-0.158561
0.185234
0.245170
0.726872
0.115136
-0.317188
0.268520
-0.186979
-0.528440
-0.024538
0.613730
0.264155
-0.054240
-0.176933
-0.106542
-0.041459
0.258202
-0.253753
0.423442
-0.447269
0.049325
0.436688
-0.243812
0.579624
0.499938
-0.158981
0.180903
0.202325
0.132751
-0.403300
-0.169453
-0.400290
-0.353452
0.401777
-0.509651
-0.068224
0.376897
-0.706657
-0.078572
0.543578
0.978694
0.067230
0.173408
-0.409516
0.222048
0.023550
0.500506
0.114143
-0.722773
-0.342064
0.615555
0.175072
0.439487
0.262527
-0.473923
0.175711
-0.261179
-0.222542
-0.416814
-0.508282
-0.115401
-0.015235
-0.542482
0.112003
0.676180
0.305862
-0.220673
-0.022319
-0.013383
0.139893
0.051361
-0.510243
-0.002542
-0.055571
0.623305
1.083753
-0.901784
-0.513042
0.131932
-0.112780
-0.423673
0.191757
0.184500
0.142592
0.529172
0.146723
0.193920
-0.303055
-0.237348
0.008516
-0.561739
0.004823
-0.200916
-0.068096
0.378629
-0.319365
0.606230
-0.068533
0.481664
-0.209577
0.166295
-0.053487
-0.445366
0.563102
0.168062
0.799651
0.713858
0.212095
-0.603963
0.118180
-0.514734
-0.214162
-0.063704
-0.143219
0.965244
-0.099964
0.372207
-0.003114
-0.069415
-0.732610
0.247388
0.131260
0.342690
0.569339
0.126101
-0.123384
0.337366
0.934047
-0.035870
0.551268
-0.045674
-0.078830
0.259679
-0.471230
-0.109170
0.237411
0.359020
-0.192924
-0.338689
0.174193
0.460828
-0.720314
-0.501033
0.198382
0.907147
0.159019
-0.139787
0.732540
-0.326499
0.458042
-0.096909
0.018850
-0.227087
-0.324143
0.054814
-0.432748
-0.093526
-0.761638
0.391274
0.553844
0.206908
-0.212699
0.483768
-0.318446
-0.724144
0.322956
0.300761
0.480088
0.326437
-0.825068
0.290845
0.178210
0.210806
-0.097729
-0.266130
-0.194972
0.166663
-0.034165
0.804738
-0.002796
0.230241
-0.188152
0.656881
-0.396168
0.388445
-0.087153
0.104622
0.306044
-0.108889
0.242048
-0.389263
0.190742
-0.581912
-0.054465
0.173142
-0.151716
0.461661
0.658647
-0.517877
-0.266892
0.030888
-0.139763
0.130549
-0.298867
-0.120748
-0.980999
-0.756541
-0.003662
-0.410942
-0.263220
0.169923
-0.243947
0.109580
-0.022770
0.080624
0.095039
-0.226412
0.086525
-0.134445
0.234979
0.341030
-0.437083
0.194370
-0.403370
-0.297805
0.246276
0.060119
0.909184
0.549395
-0.299654
-0.245112
-0.163299
-0.169783
0.194648
0.282972
0.094224
0.183851
0.772007
0.331497
0.250129
1.110206
-0.370865
0.069446
0.025762
-0.045212
0.222264
0.066169
-0.376124
0.301713
-0.054815
-0.027299
0.675942
-0.035565
-0.207834
0.696467
0.422163
-0.070539
0.732799
1.235942
-0.305461
0.021114
-0.060072
-0.148614
-0.084558
-0.138628
-0.223421
0.513642
0.167704
0.231284
-0.889997
0.061926
0.264577
-0.136383
0.563026
0.914206
-0.530424
-0.668330
-0.003297
-0.353211
0.974012
0.040889
-0.456143
0.776658
-0.846572
-0.617927
0.224262
-0.471425
0.461329
0.034846
-0.403148
-0.817373
-0.006723
-1.090374
-0.286467
-0.127485
-0.008217
0.347593
0.534353
-0.476470
-0.299393
-0.025457
0.393210
0.807976
-0.037003
-0.229964
0.218507
-0.078572
0.042308
0.766043
-0.061513
0.375295
-0.121140
-0.098830
0.755833
-0.212057
-0.250408
0.154289
-0.070278
-0.433539
0.365816
0.130856
0.314617
0.285835
0.415981
0.005454
0.190630
0.479143
0.128241
0.167310
0.745796
0.530017
0.188593
-0.229780
0.572042
0.051523
-0.471271
-0.775457
-0.028851
-0.381966
-0.386598
0.020705
-0.042964
0.548722
0.107152
-0.971813
0.440564
-0.471664
-0.548421
-0.351160
-0.050332
-0.244934
-0.574545
0.657948
0.615460
0.734007
-0.583172
0.116681
-0.706899
-0.493197
0.401831
-0.152020
-0.723940
0.549975
0.186770
0.239834
0.317309
-0.049147
0.332761
-0.482881
0.026674
0.436081
0.697845
0.849095
-0.256359
-0.019717
-0.473104
-0.580256
-0.332110
-0.086892
0.371872
0.654974
-0.783055
-0.080559
-0.416587
-0.056258
0.038034
-0.456079
-0.267939
-0.095052
-0.386704
0.370072
0.688636
-0.502906
0.005043
0.294520
0.607708
1.040411
0.258406
-0.686710
-0.018824
0.647809
0.210529
0.439278
0.357419
0.229997
0.072348
0.170274
0.350197
-0.031662
0.375856
0.261675
0.720617
-0.490409
-0.379310
0.065944
0.109300
0.543333
0.465611
0.008192
-2.052509
-1.119922
-0.222689
0.743219
-0.356267
-0.227100
-0.459291
0.663966
-0.255829
0.079151
-0.279887
1.128514
-0.121004
0.560732
0.857149
0.639266
0.202983
0.790786
-0.647838
0.233191
0.167120
0.773945
-1.142558
-0.262422
0.165273
-0.809744
0.432260
0.294142
-0.124884
0.387583
0.132708
-1.003275
0.535184
0.570864
-0.286258
-0.508765
0.276083
-0.058565
-0.070338
0.285876
-0.726095
-0.170095
-0.909142
-0.113314
-1.064277
-0.300245
-0.241491
0.545700
0.311093
0.431052
-0.393173
0.304229
0.447904
-0.140263
0.171485
-0.619351
-0.127399
1.018222
0.342857
0.425089
0.058787
-0.329960
0.064260
-0.741919
0.766468
-0.495225
-0.179223
0.111795
-0.668338
0.917992
0.519011
-0.322407
0.172957
-0.084584
0.164923
-0.172014
0.198468
0.187857
-0.110026
-0.475368
-0.503365
-0.133343
-0.339828
0.134119
-0.062361
0.115925
0.418169
-0.398707
0.528547
0.327217
-0.077051
-0.208691
0.211136
0.131056
1.090235
0.633452
-0.012091
-0.083877
-0.170558
0.586482
0.117326
0.128584
0.100051
0.457535
0.084053
0.265305
-0.605642
-0.053994
-0.661398
0.850007
0.351792
0.322268
0.008292
-0.304139
-0.847094
-0.553356
0.300094
0.592754
-0.076035
0.240427
-0.796654
-0.500000
-0.271946
0.542873
0.651297
-0.615799
0.225657
-0.510796
0.317346
-0.011369
-0.493666
-0.195105
0.315161
-0.188319
0.043613
0.546235
-0.040063
0.422059
0.927430
0.327371
-0.236492
-0.509303
0.416815
0.395329
0.059305
-0.826651
0.338674
-0.320083
-0.122001
-0.804176
-0.045279
-0.471395
0.089825
0.956982
1.284460
0.354584
-0.237095
-0.903405
-0.318368
0.956864
0.792775
-0.118843
-0.120126
0.846029
-0.749221
0.809553
0.008183
-0.489601
-0.358129
-0.099492
-0.487296
0.033662
-0.639231
-0.380577
-0.495493
-0.006184
-0.006997
0.104780
0.057524
0.772867
0.483102
-0.041176
-0.062936
0.808059
0.254845
-0.177778
0.473553
0.003234
0.520365
0.147357
0.605233
0.024836
0.231827
-0.543000
0.117187
0.421962
-0.498612
-0.494251
-0.122249
0.095556
0.572609
-0.158439
0.416887
-0.415338
-0.417082
0.134760
-0.247021
0.136170
-0.227848
-0.006965
0.276405
-0.333279
0.576119
-0.244083
0.629399
-0.024108
-0.287750
0.146592
-0.354933
-0.812364
-0.590543
1.038786
0.065964
-0.070060
-0.208025
0.733289
0.225548
-0.692142
-0.384547
-0.406229
0.373270
-0.228290
0.300500
0.047977
0.149511
-0.478883
-0.595367
0.443649
0.662091
-0.323717
-0.252655
0.111738
0.155904
-0.768630
0.116147
-0.342836
-0.094928
-0.569350
-0.176768
0.455289
0.128052
0.480061
-0.341712
0.248907
-0.246344
-0.260541
0.057124
0.692187
0.037132
0.321202
-0.563670
0.209505
0.025620
0.370187
-0.735129
-0.215291
-0.358327
0.226382
-0.018255
-0.270105
0.421164
-0.225595
0.446455
0.189642
0.004644
-0.126658
0.552771
-0.119850
-0.167529
-0.478976
-0.346423
0.302514
-0.765495
-0.024085
0.033229
0.181317
-0.784465
-0.608137
-0.488056
-0.004763
-0.323438
-0.285483
0.264627
-0.203922
-0.132225
0.529603
-0.155052
0.335462
-0.716390
0.023558
-0.633876
0.117183
0.170029
0.226131
0.794079
0.086617
-0.201697
0.262818
-0.056408
0.115806
-0.011215
0.421521
0.572814
-0.880556
0.690207
-0.296642
-0.485628
0.646486
-0.215256
0.551344
-0.562845
-0.135113
-0.049613
0.818206
-0.241176
0.046676
-0.179005
0.130402
0.203046
0.609300
-0.153031
-0.782538
0.305818
-0.345729
0.514966
-0.113978
0.341983
0.989015
0.408803
-0.590835
-0.678618
-1.028655
0.452976
0.385471
-0.383746
-0.242129
-0.229749
-0.455629
-1.196510
0.010210
0.013000
-0.690326
-0.438268
0.710220
-0.081807
0.248721
-0.011909
0.404735
-0.371815
-0.663413
-0.289173
-0.474452
0.161942
0.174691
0.314906
0.090497
-1.147092
0.045648
0.567675
-0.230471
0.265224
0.188693
-0.538411
0.528946
0.377004
-0.212261
-0.277879
0.015066
0.244426
0.190494
0.190335
0.097747
0.261938
0.443131
-0.489067
0.923578
0.653260
0.061624
-0.050162
0.567438
0.144897
-0.312819
0.288769
0.603864
0.176200
-0.429639
0.268048
0.328274
-0.668096
-0.237633
-0.916231
0.143322
-0.086252
-0.016494
0.045590
0.123771
0.184373
0.051101
-0.754939
-0.280619
0.116709
-0.039376
0.721813
0.150804
-0.200778
0.383709
-0.337591
-0.472327
0.440947
-0.643523
-0.484872
-0.184519
-0.013339
-0.255192
-0.197072
0.612699
-0.434275
0.536097
-0.111976
0.281744
0.458867
0.362564
0.019526
-0.603227
-0.106669
-0.040561
0.026194
0.545768
0.714162
0.140747
-0.220894
-0.229898
-0.902851
-0.053763
0.427272
0.062739
-0.598607
0.203240
-0.432329
0.066058
0.543809
-0.523811
-0.356311
-0.816716
-0.008269
-0.814052
-0.787610
-0.212796
-0.090691
-0.443316
-0.068510
0.014666
-0.708525
0.339910
0.598720
-0.205924
0.234351
0.253359
-0.096780
-0.546709
0.287961
0.128862
-0.559569
0.120697
-0.393427
-0.143389
-0.473431
-0.154225
0.180571
-0.295450
-0.660192
-0.497558
0.525937
-0.622508
-0.330962
0.429869
-0.196441
-1.003577
0.031549
0.431109
-0.097058
-1.097231
-0.033872
0.670047
0.306003
-0.564434
0.489429
-0.877721
-0.286773
0.171538
0.068659
0.581332
-0.169504
0.227051
0.331730
0.221262
-0.317514
0.103412
0.258772
0.438418
0.381265
0.911318
-0.197001
0.177409
0.445632
0.798740
-0.158907
0.149826
-0.359201
0.663300
-0.294716
0.256355
-0.485088
-0.652041
0.285451
-0.416736
0.712525
0.963871
0.349925
0.786990
-0.424003
0.822054
-0.081060
0.137938
-0.577692
-0.348920
-0.095652
-0.089969
-0.632737
0.621995
0.060845
0.303171
-0.367768
-0.231396
0.238332
-0.520453
-0.151837
0.339484
0.273290
-0.127547
0.490658
-0.120019
-0.294658
0.330528
-0.910393
-0.645630
-0.511411
0.402314
0.384431
0.163777
0.443784
0.058529
0.114046
0.416738
0.930783
0.614820
-0.078948
-0.324436
0.487844
0.435479
0.115905
0.128206
-0.287910
-0.075752
-0.399994
-0.207830
1.324598
-0.332241
-0.591443
0.581562
-0.401417
-0.061053
1.182180
-0.058550
0.868440
0.302034
-0.124538
-0.158833
0.239742
-0.646843
-0.374930
0.570080
-0.340336
0.370112
0.540725
0.677842
-0.181601
0.682767
0.081495
0.700084
-0.311532
0.345364
0.204379
-0.373477
0.107498
-0.449965
0.647212
1.207811
0.336463
0.151265
0.239848
0.880896
-0.485435
0.366192
0.025714
0.455681
0.135508
-0.033513
-0.196644
-0.019459
-0.331116
0.418003
0.484632
0.292173
0.356378
-0.076673
0.189536
-0.233842
0.620930
0.165942
-0.378347
0.225776
0.003844
0.083244
-0.737604
0.703838
0.147163
-0.720106
0.721738
0.332415
0.277773
-0.580660
-0.446371
-0.055940
-0.140176
-0.039141
-0.050181
0.607380
-0.727213
0.838669
0.964878
-0.725421
-0.200137
0.198002
0.262441
-0.103371
0.326907
-0.488792
-0.097810
0.361825
0.205032
0.320365
1.337919
-0.497221
0.476297
-0.240865
0.843266
0.591291
0.753198
-0.204758
-0.130799
0.334599
-0.063117
0.217152
-0.314025
-0.412114
-1.002145
0.515678
0.413797
-0.012921
0.403363
0.108279
0.257966
0.148716
0.264370
-0.471092
0.078155
0.115283
-0.355372
0.919325
0.280084
-0.571115
-0.188646
0.460771
0.700201
0.231043
-0.413858
-0.201332
-0.238658
-0.206324
-0.696007
0.575667
0.351558
-1.063181
-0.768924
-0.799281
-0.221371
0.351287
-0.102983
-0.347871
0.081335
0.628834
0.496524
-0.344618
0.508870
-0.731601
-0.487792
-0.651447
-0.044624
-0.594366
0.811859
-0.602453
-0.042962
-1.183444
-0.452100
-0.937474
0.271345
0.826321
0.933020
-0.162063
0.331343
0.998622
-0.731627
-0.626587
0.184545
-0.229078
0.096963
0.394449
0.229762
-0.607923
0.132246
-0.183910
-0.498154
0.545480
0.086665
0.189068
0.088937
-0.367449
-0.755867
0.408514
-0.106431
-0.251224
0.125525
0.213351
-0.673935
0.119689
0.438550
0.554509
-0.013862
-0.200761
0.443993
-0.343454
0.237772
-0.029871
-0.499597
-0.223237
0.434000
-0.407719
-0.744079
0.411377
-0.007293
0.254095
0.194173
0.116414
-0.083870
0.206448
0.325594
0.019420
-0.047794
-0.781943
-0.209755
0.146169
-0.805811
-0.483245
-0.957980
0.290450
-1.438556
-0.075487
-0.022795
0.125562
-0.444426
0.470296
-0.209498
-0.267865
0.659408
0.140486
-0.097118
-0.232436
-0.569735
-0.003451
-0.714359
0.572688
0.135544
-0.779270
-0.308056
0.267228
-0.283269
-0.006436
0.215743
0.122456
0.083341
0.623047
-0.481754
-0.251074
0.476836
0.264009
-0.464989
0.093265
-0.203415
0.670004
-0.808877
-0.141526
-0.133194
0.686581
-0.680414
-0.012802
-0.048543
-0.302076
0.505006
-0.094598
0.282010
-0.371104
0.253317
0.386273
0.719236
-0.227022
0.197155
1.524695
0.943375
0.601750
0.454097
-0.003834
0.350814
-0.352559
-0.369980
0.599770
-0.274568
-0.079588
-0.673512
-0.705592
-1.075648
0.390813
0.814512
-0.194619
0.291233
0.035790
0.444424
-0.064774
1.135500
0.030209
0.586271
-0.223129
-0.613712
-0.121116
-0.203899
0.384556
-1.122768
-0.141724
-0.748463
-0.337232
-0.457494
0.324921
0.170251
-0.032089
0.321753
0.275638
0.698508
-0.605669
-0.255226
-0.027982
-1.028606
-0.261564
-0.696912
-0.196623
-0.059299
0.203209
-0.360592
0.489288
-0.521889
-0.166680
0.746679
0.029424
-0.031245
0.191603
0.127024
0.131988
-0.153547
0.280027
0.088768
0.570249
0.050663
0.281142
-0.139241
-0.271853
0.222790
0.120300
0.149819
0.196274
-0.305350
-0.589842
0.455673
-0.137701
-0.069216
0.327511
-0.387477
0.307451
0.189966
-0.285380
-0.684929
0.363190
0.097129
-0.058767
0.057680
-0.726279
0.071200
0.191560
0.457564
-0.040895
0.126660
0.356796
-0.123916
-0.013968
0.150571
-0.159597
-0.498743
1.273629
0.082223
-0.723636
0.144133
0.154804
0.371075
-0.290514
-0.690673
0.060541
0.203294
-0.232152
-0.279233
0.208817
-0.187072
-0.073745
0.363691
-0.066613
0.563659
0.329375
-0.339520
0.169531
0.124903
0.347738
0.229954
0.072212
0.425739
-0.592724
-0.352904
-0.256129
-0.004998
-0.195621
-0.210517
0.128418
-0.841618
-0.477964
-0.123024
-0.020195
-0.510960
0.230198
0.460186
-0.586484
0.659456
0.020440
0.012402
0.865689
0.357155
-0.261010
-0.344546
0.032234
0.289426
0.809491
-0.093283
-0.120552
0.233831
0.144680
-0.493418
-0.088628
-0.779405
-0.794272
1.027314
-0.125329
0.554266
-0.762036
0.340603
-0.540953
0.352605
-0.324896
-0.015770
-0.225136
0.235089
-0.046616
-0.238341
-0.206611
-0.075809
0.896600
0.451705
-0.119168
-0.217143
0.094976
-0.173380
0.170977
0.473786
-0.240155
0.023288
-0.454941
-0.387742
-0.558704
-0.075485
0.625209
0.024127
-0.382927
-0.070097
-0.877925
0.388634
0.306449
0.308341
0.098980
-0.326933
-0.069635
-0.311409
0.428263
-0.755220
-0.634708
0.045774
0.072174
-0.829237
0.198120
0.011808
0.141076
0.076650
-0.540912
0.168585
-0.474118
-0.324164
-0.337658
0.356259
-0.193746
0.723527
-0.378937
0.255227
0.189165
-0.179738
0.450681
-0.000999
-0.104524
0.230112
-0.055903
0.266065
0.139440
0.130117
0.224412
0.115666
0.254739
-1.085772
-0.133695
-0.471070
0.528278
0.240567
0.203459
0.742969
-0.312622
-0.621374
0.838448
-0.775803
-0.019647
-0.516051
-0.041459
0.705249
-0.428945
-0.357973
0.190029
-0.262251
-0.007187
-0.735960
0.799990
-0.543087
-0.556491
-0.473886
-0.983800
-0.047425
0.241696
0.046576
-0.060365
-0.304425
-0.186098
-0.237343
-0.469248
0.360169
0.094387
-0.930566
-0.242277
-0.337442
0.292240
-0.427205
0.110092
0.561005
-0.461743
0.100539
0.158644
-0.453189
-0.327843
0.087296
-0.009310
-0.422098
0.124959
-0.384610
0.112927
0.487134
-0.618305
0.001326
-0.171395
-0.053829
-0.380599
-0.094378
-0.306119
-0.049504
-0.093772
-0.281749
0.542325
-1.033330
-0.733478
0.268963
-0.014982
0.340105
0.115270
-0.060475
-0.505366
0.578257
-0.298664
0.010019
0.401931
0.604652
0.309142
0.175176
0.381395
-0.181924
0.374896
-0.557682
-0.439108
-0.487675
-0.346174
-0.283604
-1.252864
-0.249120
-0.043070
-0.107086
-0.791117
0.576964
0.827350
0.784754
-0.080225
0.146185
-0.989040
0.234949
0.529272
-0.239579
0.242909
0.481308
0.122512
-0.785833
-0.432720
-0.292418
-0.418235
0.145900
-0.547247
0.017984
0.300162
0.298224
0.394226
0.955653
0.360455
0.343637
-0.209902
-0.567001
-0.269504
-0.399608
-0.801391
-0.378804
-0.071552
0.185039
0.103178
0.405662
0.266438
-0.295180
0.472986
0.207584
-0.109595
0.491320
-0.362248
0.224700
0.305546
0.602379
-0.251179
0.765703
0.126346
0.249887
0.276893
0.367081
-0.338790
0.489823
-0.080204
-0.278675
-1.017999
0.894179
0.418662
-0.588539
-0.257908
0.401011
0.768095
-0.348665
0.465566
-0.515610
0.472975
0.508630
-0.414885
-0.380948
0.540736
-0.070134
-0.648724
0.360960
0.050139
0.669869
0.106873
0.314488
-0.016126
-0.503795
-0.573924
0.407489
-0.379931
-0.242000
0.000109
0.768287
0.332130
-0.250752
0.629745
0.065140
0.063566
0.402671
-0.383999
0.482560
-0.061936
0.063808
0.423803
0.530203
-0.344932
-0.086363
-0.619923
0.268932
0.387070
-0.566838
-0.507307
0.235554
-0.424975
-0.829332
-0.260332
-0.125636
0.409554
-0.172553
0.164762
0.188823
-0.053397
-0.183876
-0.123807
-0.243359
-0.360871
0.076317
0.303805
0.053152
0.274873
-0.035511
-0.022215
0.144006
-0.645109
0.270516
-0.189234
0.255213
0.242022
0.587100
0.591273
0.233375
0.124254
0.833782
-0.668156
0.112334
0.212920
0.020257
-0.076066
-0.460533
-0.093503
0.371122
0.221387
-0.197635
0.091626
-1.030087
-0.557586
-0.232241
0.612407
0.205829
-0.170917
0.307806
0.101416
-0.236848
0.156874
0.760484
0.354152
0.096588
0.488139
0.075206
-0.484881
-0.048450
0.197000
-0.391362
-0.288084
-0.218473
-0.208293
-0.220815
-0.297568
-0.349157
-0.560608
0.568434
-0.147485
-0.017162
0.339412
0.349660
-0.815712
0.468617
0.183913
0.369593
0.049794
0.108962
1.011978
-0.045861
-0.501131
-0.194499
-0.084362
0.129487
-0.564306
-0.051682
0.055742
0.368954
0.271540
0.134293
0.191637
0.030251
0.422510
0.153897
0.351960
-0.208918
-0.080850
0.031806
0.169650
0.204583
0.427162
0.160990
0.373439
0.611046
-0.109719
0.272015
-0.305290
-0.632648
0.108696
0.362351
-1.012326
-0.093163
0.259346
-0.031219
1.049464
0.938486
-0.589407
0.296567
0.855107
0.346770
0.718917
0.315019
0.128071
-0.002207
-0.040424
-0.068208
0.301230
-0.709337
-0.392865
-0.502409
-0.183809
0.252147
0.065814
0.201896
-0.036251
-0.097629
0.438725
-0.679417
0.093405
0.268347
-0.285717
0.266024
-0.258184
-0.301709
0.026612
-0.425980
-0.005889
1.038160
0.522879
-0.074871
0.331750
-0.257471
0.407336
-0.217133
0.197948
-0.488388
-0.017695
-0.548952
-0.531290
0.013257
-0.054040
-0.099351
-0.046311
-0.098418
0.375122
0.091319
-0.712672
0.181476
0.240998
-0.161469
-0.165238
-0.076090
-0.178448
0.432974
0.156229
-0.608448
-0.302127
0.137069
-0.877876
0.040047
-0.116151
0.103604
-0.140420
0.264540
-0.540213
0.240890
0.655510
0.223144
0.414740
0.382531
-0.150443
0.249164
-0.091533
0.067423
-0.674807
0.174813
0.229860
-0.726349
0.676391
0.107117
0.358927
0.251073
0.184410
0.531869
-0.684850
-0.166148
0.399573
-0.009984
-0.325363
0.011493
-0.311762
-0.339608
1.094034
-0.312963
-0.493844
-0.094258
-0.211728
-0.378158
-0.371661
-0.194695
0.355378
0.626473
-0.467990
-0.007621
0.109105
0.226843
-0.253845
0.227242
-0.286333
-0.542279
-0.353375
0.063861
0.187228
1.176398
-0.835734
0.853306
0.833555
-0.089512
0.427971
0.612060
-0.235511
0.619772
-0.007283
0.087282
0.370438
0.336396
0.033300
-0.341964
-1.102758
-0.746733
0.514018
0.032417
-0.090302
0.147769
0.540524
-0.515772
0.137593
0.224634
-0.683179
0.560011
-0.521156
-0.126860
0.505745
-0.185508
-0.528757
-0.224741
-0.027670
0.430066
0.131393
0.601614
0.025682
-0.058455
0.269063
0.016482
-0.201406
0.143938
-0.524597
0.313634
0.582721
0.404338
-0.189746
-0.554224
-0.135553
-0.205332
-0.757605
0.141729
-0.002083
0.385342
-0.413900
0.700846
-0.888975
0.411322
-0.126888
-0.563353
0.569794
-0.441017
1.384750
-0.062581
-1.042086
0.630347
0.654890
-0.219921
0.066948
-0.512318
0.418986
-0.320070
0.049312
-0.625239
0.054124
0.026433
-0.230270
-0.116078
-0.290159
0.157777
-0.208507
-0.010321
-0.131924
-0.368077
0.038177
-0.317271
0.282702
0.168152
-0.202277
-0.446014
0.397015
0.098664
-0.326224
-0.048781
0.064650
0.446186
-0.078917
0.373459
-0.351866
0.441140
-1.003201
0.160935
0.485637
0.354649
-0.104886
-0.374671
0.444175
0.190810
-0.320083
0.071761
0.585631
0.142728
0.445433
0.011138
0.180542
0.110902
-0.036429
0.203672
-0.377647
-0.605175
-0.410353
0.322832
0.144817
0.300004
-0.558295
0.264796
-0.748217
-0.014576
0.053451
-0.922542
-0.243251
0.325313
0.783679
-0.097971
0.136542
0.364962
-0.277286
0.708022
0.365831
-0.936133
0.439614
0.263829
0.429473
0.599410
0.143379
0.439991
-0.037056
-0.027540
0.396410
-0.310312
-0.538636
0.454940
0.217872
-0.429634
0.507638
-0.132537
0.680123
-0.895597
-0.486416
0.083436
0.424547
0.778624
-0.873219
-0.007903
-0.080362
0.501986
-0.195778
0.127933
0.221593
-0.493673
-0.273832
-0.375065
0.024624
-0.307822
-0.394670
-0.249130
0.345494
-0.028437
0.226781
0.385767
0.343839
-0.427418
-0.307122
0.343188
-0.001412
1.155190
0.135480
-0.121323
0.030675
0.101505
-0.458354
0.419869
-0.092069
-0.013939
0.434717
-0.527227
-0.544248
0.283956
-0.276858
0.100165
0.100213
0.048253
0.316106
0.033953
-0.339204
-0.528530
0.184060
-0.075861
-0.277197
-0.011657
0.844564
0.053786
-0.503992
-0.039153
-1.056332
-0.652128
-0.023172
0.560563
0.446090
0.092543
-0.186716
0.641745
-0.498168
0.693385
0.949048
-0.570723
-0.133681
0.231332
-0.856996
-0.265929
0.132987
0.115446
0.237936
0.238337
-0.070663
0.630220
-0.212057
0.241019
0.007391
0.019135
-0.149318
0.051348
0.183584
-0.120541
-0.129771
-0.162373
-0.378585
0.278470
0.257406
-0.215340
-0.055210
-0.127827
0.203807
-0.581273
-0.469134
0.246840
0.088242
0.423373
-0.054200
-0.363108
-0.527990
-0.275077
0.758012
-0.355769
0.594097
-0.515232
0.979867
0.171437
-0.488604
-0.753281
-0.241046
0.129623
0.074925
0.356047
0.081299
-0.668429
-0.315877
0.145437
0.301858
-0.169892
-0.833011
0.053584
0.320263
0.046886
-0.066617
-0.564013
0.176072
-0.704055
-0.204341
-0.536563
-0.327397
0.067881
-0.672639
-0.289931
-0.559191
-0.130546
-0.025723
0.683977
0.864353
0.510457
-0.144228
0.584391
-0.348796
-0.006810
1.006375
0.335746
0.063036
0.676410
-0.216594
-0.123534
-0.127559
-0.231871
0.198172
-0.198728
0.078647
-0.176518
0.222351
0.629439
-0.382903
0.036087
-0.068346
-0.408241
0.314090
0.198495
-0.618601
-0.484716
0.275346
0.148039
0.503982
0.123357
0.167833
0.164074
0.142977
0.680035
0.002512
0.180871
0.468152
-0.226557
0.722008
-0.279215
-0.094251
0.779349
0.672452
0.447652
-0.096813
0.095397
0.422121
-0.234037
-0.223056
0.400890
-0.347077
-0.071728
-0.360297
-0.353691
0.485746
0.082755
-0.001770
0.553111
-0.618685
0.183765
-0.360485
0.795020
-0.479133
-0.197294
0.145330
0.500419
-0.072273
-0.095005
0.390649
-0.257090
-0.012841
-0.395618
0.804109
1.163387
0.185149
0.017588
0.463293
0.053490
-0.358399
-0.051990
0.229084
-0.341167
0.425781
-0.448743
0.229529
0.106637
-0.037494
0.259393
-0.172391
-0.330684
0.572767
-0.327177
0.202583
0.356432
0.192804
0.270714
0.112036
0.825333
0.574350
-0.322073
-0.289522
-0.157570
-0.588692
0.233312
0.625886
0.321406
-0.496302
-0.298528
-0.026221
-0.027797
0.597973
0.058105
0.111204
-0.312467
0.188734
-0.148358
-0.300085
0.747314
0.461869
0.086271
-0.197720
0.565190
-0.078298
-0.023197
-0.002297
-0.001236
-0.524262
-0.024674
-0.671095
-0.226989
-0.210600
-0.269512
0.169866
-0.193507
-0.202395
0.205455
0.274347
-0.205841
0.088872
0.670690
-0.099765
-0.370429
-0.068746
-0.758545
-0.549915
-0.549301
0.010811
-0.262611
0.379189
0.357656
0.286583
-0.056609
-0.286010
0.155412
-0.305278
0.699439
0.380201
-0.138560
-0.280721
0.372999
0.150273
0.070979
-0.340163
-0.352901
0.044265
0.230717
-0.185635
-0.834508
0.312747
0.040281
0.042614
0.127698
0.112690
0.071679
-1.042876
0.211980
-0.038523
0.173039
-0.301452
0.005050
0.154650
0.177763
0.069538
0.397149
0.554875
-0.106391
-0.709006
0.031660
-0.011199
0.536335
-0.708941
0.094715
-0.118090
-0.506752
0.321772
0.324260
-0.391481
0.396862
-0.170584
0.177733
0.215312
-0.302584
0.471509
0.109103
0.072071
-0.313700
0.353838
0.230001
0.384108
-0.481533
0.157388
0.139710
0.261502
-0.422972
1.079920
0.312648
-0.230555
-0.062927
0.587036
-1.047286
0.291942
0.068946
0.060136
-0.540022
0.050463
-0.051108
0.078931
0.272579
-0.425682
0.091850
0.215194
-0.182471
0.118660
-0.327204
-0.059104
-0.775163
-0.152168
-0.399905
0.347308
-0.260936
-0.490462
0.262724
0.579484
0.072060
0.289229
0.069951
-0.121018
0.001038
0.600855
0.329536
-0.102776
-0.271642
-0.393673
0.348600
-0.270008
-0.919235
-0.421036
-0.637055
0.021644
-0.034006
-0.312263
-0.085176
-0.359189
0.766912
-0.163208
-0.319361
-0.230166
0.052209
-0.002569
0.166278
0.340067
0.297454
0.323699
-0.176563
0.327534
0.430465
0.897983
-0.049204
0.067091
-0.539965
0.289579
-0.093406
-0.556985
-0.027367
0.818070
-0.484877
-0.200516
0.318359
0.087825
1.202717
0.351790
0.511682
0.386372
-0.313519
0.533458
-0.143784
-0.405572
-0.020046
0.040798
-0.015557
-0.359000
0.343030
-0.347740
0.127076
-0.166256
-0.430215
0.083413
0.032290
-0.617792
-0.819828
0.419478
-0.883239
0.266366
-0.046847
0.129136
0.227927
-0.010827
-0.319856
-0.703990
0.186018
-0.553167
0.515131
-0.528396
-0.012589
0.432495
0.432696
-0.696450
-0.107601
-0.055073
0.070092
0.678729
-0.330726
0.007440
0.273378
0.071927
-0.984756
0.023372
0.141377
0.299712
-0.518336
0.051079
-0.098423
-0.743865
0.461682
-0.231705
-0.578939
0.138067
0.001691
0.129147
-0.387552
0.734062
0.898365
-0.393218
0.755292
-0.338225
-0.253846
-1.122339
0.127155
-0.677807
-0.322499
-0.013817
0.768827
-0.517375
-0.626280
-0.065168
0.689612
-0.592167
0.463053
0.039172
0.201426
0.181593
0.276693
-0.507879
-0.281716
0.454913
-0.506449
-0.049557
-0.170984
0.315028
-0.064342
-0.668568
-0.140616
0.496174
-0.204872
0.052669
-0.523453
0.601927
-0.803110
-0.775909
0.530879
0.208641
0.024822
-0.623607
-0.233971
-0.133082
0.161502
0.096620
-0.738864
-0.367749
-0.091827
-0.669818
0.169885
0.476752
-0.566372
0.252358
0.518644
0.560185
0.188189
0.120046
0.162238
-0.200703
-0.170084
-0.213287
-0.696890
0.310708
-0.056436
-0.138031
0.354800
-1.004310
-0.016285
0.409508
-0.235392
-0.113456
-0.362554
-0.030398
-0.233966
0.487114
-0.136367
0.057497
-0.420960
-0.589133
0.139938
0.387832
0.504235
-0.085445
-0.047751
0.143909
-0.330776
0.453890
0.819673
0.488708
-0.505889
-0.795847
-0.043513
0.339429
0.261903
-0.209475
0.347389
0.731708
-0.312838
0.883200
0.305581
-0.164534
-0.029902
-0.206143
-0.861841
0.115386
0.743509
-0.301340
0.289608
-0.342663
0.739026
0.071588
0.390018
-0.150182
-0.377682
-0.467652
-0.699560
0.108318
-0.595290
-0.310729
0.473339
0.462669
0.742363
-0.209222
0.610663
0.818460
-0.425903
0.797616
0.042467
-0.426955
0.790088
0.454077
0.370865
0.352378
-0.159219
-0.274927
0.446009
0.733032
-0.487747
-0.452509
-0.170783
-0.271896
0.004823
-0.190123
-0.498420
-0.448277
0.511423
0.709731
-0.388975
-0.487521
-0.192730
-0.160316
-0.578682
1.071772
-0.277015
0.083563
-0.664993
1.020147
0.105849
-0.132815
0.073688
0.286752
-0.706307
0.255420
0.287916
0.321204
-0.594859
0.134075
0.221194
-0.017780
0.089187
-0.419761
-0.881246
0.340011
0.916270
0.032100
0.287192
-0.030743
0.473230
-0.167626
0.031913
-0.209439
-0.248052
0.410631
-0.536063
-0.391315
0.487863
-0.246027
0.227050
-0.289935
-0.098737
0.282385
0.305631
0.197894
0.448825
0.588440
0.709533
0.011982
0.516482
-0.616356
0.899624
-0.264907
-0.143957
-0.149279
0.082679
-0.533905
0.180089
0.617392
0.236301
0.861106
-0.430020
-0.428996
-0.504033
-0.006354
-0.825334
0.783373
-0.282259
0.663569
-0.143291
0.126656
0.840902
-0.019509
-0.187706
0.614837
-0.136633
-0.229756
0.085648
-0.167200
-0.034981
0.272189
0.571931
-0.215347
0.123989
-0.407659
-0.441612
-0.576228
-0.348660
-0.316220
-0.088183
-0.278984
-0.061817
-0.150075
-0.377068
0.206029
-1.062839
-0.067334
-0.231194
0.096403
-0.220772
-0.274721
-0.585311
0.408704
-0.094593
0.606221
-0.139651
0.290330
0.086518
-0.808901
0.240214
0.015541
-0.070509
-0.431305
0.137128
0.113198
0.207367
-0.893898
0.386636
-0.101934
-0.392528
-0.867273
1.013953
0.516514
-0.143832
-0.543426
0.392053
-0.062052
-0.248694
0.172516
0.090750
0.751622
-0.191132
-0.066676
-0.031474
-0.321903
-0.003467
0.647625
-0.214056
-0.182132
0.022303
0.051060
-0.066760
0.185207
0.117197
-0.324998
0.049087
0.221331
-0.723473
0.108179
-0.690798
-0.112826
-0.073083
0.500490
-0.956672
-0.355488
-0.219929
-0.016075
-0.563195
1.034134
0.005499
0.199471
-0.099152
0.676753
-0.369277
-0.054372
0.618737
-0.211001
-0.154972
-0.443577
0.603105
-0.203593
0.233496
-0.382424
0.803630
0.488733
-0.396078
0.454718
-0.227238
-0.201578
-0.186460
-0.269429
-0.194018
-0.140081
0.088194
-0.003212
-1.035570
0.464185
-0.670520
-0.456595
-0.028338
-0.310316
-0.363490
0.033200
0.747222
-0.388308
-0.154700
-0.116352
-0.472414
-0.322749
-0.061450
0.176639
-0.417640
0.463573
0.401322
-0.404396
0.517110
-0.488295
0.732444
-0.214968
0.505381
-0.608310
-0.905391
0.188744
0.405734
-0.418104
0.585924
-0.278004
-0.440454
0.286058
0.439982
0.044603
-0.559865
-0.207784
-0.255740
-0.553914
-0.275727
-0.037649
0.420770
-0.729404
0.674962
0.940593
0.298706
-0.058383
0.401171
0.382178
0.313248
-0.148353
0.060239
0.437072
0.443478
-0.259116
0.117730
0.190140
-0.220949
0.139879
-0.146730
0.084278
0.439313
-0.102794
0.160438
-0.829391
-0.370966
0.212536
-0.438044
-0.893911
-0.028768
-0.420178
0.398674
-0.160290
-0.636690
0.168690
-0.304953
-0.469504
0.588469
0.357911
0.359159
0.033064
0.431006
0.507033
-0.247316
0.939512
0.350750
0.140251
-0.193800
-0.844831
0.133280
-0.168618
-0.115587
-0.375034
0.474451
0.533602
0.169508
0.090488
0.525599
-0.317617
-0.205480
0.434120
-0.527896
-0.408988
0.042282
0.820643
-0.610763
0.631915
0.335287
-0.341045
0.207597
0.488003
0.403925
-0.179948
-0.133805
-0.061410
0.174765
0.296503
0.451338
-0.844014
0.459661
0.370729
1.303043
0.270953
-0.295126
0.126708
0.142027
0.238689
0.571230
-0.259477
-0.576571
-0.580019
0.564955
0.033746
0.365047
-0.318377
-1.225685
0.132665
-0.236609
-0.008610
0.534177
-0.220368
0.317678
-0.738218
-0.125488
0.504744
-0.004520
0.192345
0.386859
-0.240025
0.320700
0.520757
-0.276885
0.879294
0.457829
-0.656103
0.609379
0.210230
0.082952
-0.298402
0.625216
-0.288127
0.368748
0.176502
-0.584932
-0.374820
-0.653322
-0.253235
0.129089
-0.459174
1.002290
-0.325786
0.333063
-0.155841
0.584965
-0.551317
0.577311
0.094214
-0.422512
0.345268
0.122438
0.032695
0.585384
-0.443100
-0.061190
0.507934
0.245817
0.206143
0.140596
0.117368
-0.221259
-0.700111
0.074681
0.176383
-0.224183
0.225560
0.392989
0.446192
-0.208804
-0.704526
0.075613
-0.335545
0.033336
-0.235869
-0.285443
0.401217
0.573701
-1.089598
-0.349005
-0.905552
0.343002
-0.475834
-0.026225
0.124287
-0.704335
-0.116256
-0.831239
0.374870
0.117138
0.312924
-0.774559
-0.181588
-0.039242
-0.273910
-0.549866
1.023777
-0.756411
0.350242
-0.126920
-0.439165
0.375221
0.582110
0.277401
-0.336342
-0.121758
-0.039866
0.308405
0.192182
0.003801
0.186114
-1.003869
0.075351
0.627155
-0.094868
0.529430
0.685988
-0.383015
0.394362
0.313575
0.112425
0.085125
-0.356067
-0.027291
0.147811
-0.469030
0.192254
-0.208087
0.973483
-0.110715
0.422464
-0.487730
0.222180
0.681138
-0.645976
-0.585365
0.651505
0.044759
0.974347
0.117887
1.013212
-0.124202
-0.407043
0.018337
0.012630
-0.193047
-0.592568
0.809490
-0.136050
-0.451254
-0.493412
0.077349
-0.199124
0.680225
0.139645
0.039526
-0.061728
-0.325422
0.362764
-0.148490
0.670188
0.289900
-0.145880
-0.053522
-0.090794
0.608558
0.027141
0.124329
0.183318
-0.238557
0.192991
0.350582
-1.232716
-0.044599
-0.718157
0.240962
0.099273
0.236049
-0.179114
-0.142211
-0.279504
-0.104375
0.170580
-0.146524
0.850868
0.184483
-0.959102
-0.047130
0.058019
-0.033040
0.110928
0.452822
-0.475428
0.572533
-0.141032
0.114835
0.733655
0.166431
0.525997
-0.571025
0.042049
0.059515
0.265831
-0.248690
0.881972
0.162154
-0.695327
-0.556535
0.394267
0.034170
-0.138879
0.351792
0.152210
0.979710
-0.206085
-0.254729
0.276909
-0.328275
0.291576
-0.520637
-0.391285
0.441332
-0.360092
-0.371930
0.948490
-0.133967
-0.126809
-0.063625
0.224799
-0.629636
0.273674
0.323485
0.540735
-0.681900
-0.183171
0.572137
-1.098502
-0.366086
0.610778
-1.098497
0.517669
-0.622058
0.514029
-0.014104
0.198267
-0.091532
0.208705
-0.341787
0.123929
-0.340063
-0.364647
-0.125243
-0.518284
-0.475370
-0.117273
-0.424915
0.419214
0.260033
0.108145
-0.315822
0.588645
-0.043624
0.145849
0.295297
-0.220348
-0.220081
-0.000577
0.316092
-0.120790
-1.098359
0.087942
-0.375464
0.494299
0.085567
-0.025407
0.292292
-0.309544
0.543599
0.570326
-0.099714
0.422069
-0.075925
0.106222
-0.280393
0.622695
-0.396954
-0.314547
1.120868
0.205554
-0.045211
0.162834
-0.006124
0.005653
0.063470
-0.182033
0.763395
-0.144300
0.486189
0.227835
-0.111449
-0.334555
-0.008342
-0.009868
-0.169592
0.240181
-0.221979
-0.352797
0.478530
0.640432
0.174279
-0.001744
-0.157296
0.190838
-1.097082
-0.389567
0.826255
-0.649103
0.042924
0.038053
0.025059
-0.378350
-0.922028
0.337485
0.060993
0.424216
-0.092160
-0.004351
-0.164278
0.058545
-0.621675
0.020797
-0.005660
0.157625
-0.430273
0.057856
0.533700
1.064307
-0.209106
-0.288622
0.740520
0.424822
-0.649523
-0.256114
0.200577
-0.065817
-0.429111
0.221185
0.047587
-0.293693
0.580892
-0.459359
-0.143350
-0.457841
-1.308630
-0.407463
0.034091
0.911909
0.019672
-0.317136
0.107003
0.248025
-0.186702
0.208687
0.398576
0.645580
-0.348620
0.571610
-0.508529
-0.124857
0.475496
-0.833306
-0.988004
-1.041093
-0.322971
-0.440795
-0.288869
0.595997
0.005156
-0.416158
0.002524
0.516207
-0.235239
-0.050531
0.398946
-0.456218
0.104860
0.027650
-0.266242
0.283087
0.099594
0.041037
-0.112524
-0.153744
0.759892
0.046975
-0.252194
0.067298
0.198146
-0.350918
0.404303
0.872763
0.081591
-0.306837
0.345550
0.584841
0.493598
0.692704
0.191011
-0.234706
-0.104999
-0.872277
0.759497
0.137458
0.066800
-0.011181
-0.046411
-0.131339
0.019268
-0.376235
-0.056723
0.176300
-0.948431
-0.823043
0.277252
0.394401
-0.041857
0.136458
0.295707
-0.090929
0.411049
-0.264917
-0.280030
-0.837108
-0.199265
0.083387
0.823824
0.350261
0.016666
0.292967
0.106416
0.490788
-0.010387
0.162312
0.159590
-0.472684
-0.251520
-0.056701
-0.631711
0.304907
-0.021297
0.156072
0.147199
-0.588978
-0.121234
-0.870828
0.454650
-0.120179
0.357218
0.964422
-0.147778
0.397288
-0.348044
0.015146
-0.811479
-0.889255
0.189081
0.463110
-0.011243
0.561535
0.024438
0.781264
-0.181589
-0.498761
-0.352050
-0.988496
-0.633665
0.236219
-0.513799
-0.290674
-0.156791
-0.040632
-0.023283
-0.605865
0.369433
1.036422
-0.463678
0.214465
0.198897
0.070392
0.345481
0.801723
-0.023143
-0.948412
0.512238
0.079476
0.825429
-0.270600
0.271451
0.405837
-0.087979
-0.788419
0.040370
0.427060
-0.552081
-0.612795
-0.382300
0.115509
-0.160043
-0.616973
0.101748
-0.568861
-0.066312
-0.715102
-0.079059
0.263559
0.100092
-0.116015
-0.045290
0.148500
0.416351
-0.008579
0.036741
0.499075
0.100062
-0.827596
0.687488
0.514303
-0.081900
-0.178526
0.926429
-0.454919
0.148802
0.437524
0.290937
-0.290818
0.158013
0.363304
0.686863
-0.343425
-0.378280
-0.341826
0.663965
-0.605429
0.356157
0.445254
0.116568
-0.191203
0.543003
-0.272922
0.143506
-0.128569
-0.011665
0.279883
-0.611091
0.194343
-0.120413
0.333264
-0.083484
-0.021603
-0.748287
-0.282450
0.288401
-0.145261
0.111137
0.170467
0.869679
0.052026
0.268694
0.846726
-0.272715
0.454521
-1.017507
-0.048564
0.378988
-0.260468
0.406234
0.235623
0.324586
-0.582775
0.197329
0.058246
-0.572232
0.449053
0.285196
0.466255
0.597384
0.795907
-0.410152
0.490289
0.515763
0.648767
-0.184285
0.646789
-0.113056
0.798506
0.211890
-0.072506
0.033890
-0.655878
-0.615215
0.492108
0.487421
-0.040450
0.305179
-0.054361
-0.307497
0.058111
-0.208146
0.481778
0.355798
0.327812
0.447682
-0.042419
0.415625
0.227003
0.364741
0.154308
0.049785
0.195515
-0.780566
0.393213
0.176995
-0.339591
-0.288758
0.460218
0.505025
0.121915
0.318500
0.243187
-0.260500
0.227136
0.124088
-0.150475
0.303104
0.308046
0.306333
-0.280852
-1.004480
1.153115
0.056962
0.250771
-0.521471
0.079292
-1.032888
0.574172
0.435104
-0.383988
-0.464847
0.394691
0.170263
0.483376
-0.270547
0.022052
-0.548189
-0.198527
0.750290
-0.072617
-0.004080
-0.338387
0.269612
0.121104
-0.001609
0.129007
-0.076459
-0.038666
0.358367
0.293835
0.042452
-0.198802
0.129346
-0.113407
-0.003071
-0.838630
0.225390
-0.759193
-0.192427
-0.111660
-0.153339
-0.059323
-0.131219
0.156776
0.150970
-0.856450
0.019176
0.047407
-0.893498
-0.262507
-0.561798
-0.298676
-0.587722
0.550919
-0.137429
0.378097
-0.159038
0.479476
-0.036842
0.186434
-0.055214
0.442893
0.525228
-0.453326
-0.179230
-0.444074
0.686223
0.047859
0.614270
0.555086
0.471154
0.676749
0.474627
0.186594
0.830093
-0.077149
-0.095936
-0.126185
0.120499
-0.016150
0.207876
-0.345509
-0.394658
-0.392039
-0.236722
-0.078087
-0.102685
-0.508929
-0.194317
0.038673
0.443738
-0.626099
0.391418
0.052231
0.346555
-0.041285
-0.275916
-0.237016
0.021325
0.043465
-0.927159
-0.031806
-0.375141
-0.249216
0.005925
1.024823
-0.758310
-0.683914
0.284072
0.081321
-0.585768
0.666216
-0.430072
-0.254304
0.152063
-0.135965
-0.053257
0.432316
-0.089521
-0.055818
-0.451324
-0.319530
-0.424902
0.068383
0.050452
-0.657953
-0.398728
-0.077843
-0.092126
-0.110172
-0.188251
-0.130326
-0.490447
0.193702
0.184810
0.089473
0.114247
-0.169219
0.070469
0.148025
0.414752
-0.271133
-0.037395
0.597258
-0.568862
-0.143121
-0.085757
-0.288561
-0.031664
0.058685
-0.166979
-0.374488
-0.144950
0.063588
0.489557
-0.796096
-0.267912
0.154920
-0.369652
0.407900
0.043989
-0.445874
-0.040039
-0.112398
0.248818
0.160067
0.415847
0.041030
-0.332994
0.318972
0.130772
0.119296
-0.418211
-0.391441
0.278167
-0.583291
0.387785
0.592126
-0.384490
-0.303807
0.301783
0.529529
-0.214094
-0.614699
0.150999
0.346679
0.037806
-0.396501
1.180965
-0.472090
0.061056
0.218344
-0.251338
-0.426611
0.696778
0.129142
0.627553
0.050975
-0.711768
-0.051840
-0.044064
0.098189
0.609176
-0.404931
0.366565
0.510923
0.348648
0.483673
-0.202683
-0.686240
0.468493
-0.249642
-0.341937
0.011970
0.343784
-0.057497
-0.177785
-0.389336
0.379840
0.353812
0.233728
0.196784
0.396812
-0.229144
0.153382
-0.227522
-0.066547
-0.376858
-0.051935
-0.078759
-0.001176
-0.540524
-0.109823
0.370339
0.192448
-0.105179
-0.005718
-0.328699
-0.042050
0.075290
-0.199539
0.585569
-0.318389
0.321849
-0.123126
-0.012358
0.019046
0.016611
-0.325547
0.404931
-0.196312
-0.117321
-0.504500
-0.041008
-0.348202
-0.482801
-0.023003
-0.105531
-0.479046
-0.377438
0.662773
0.154605
-0.029208
0.469732
-0.295497
0.033697
0.070283
-0.117612
0.631425
-0.003292
-0.022334
-0.205288
0.062728
-0.816716
-0.008269
-0.814052
-0.787610
-0.212796
-0.090691
-0.443316
-0.068510
0.014666
-0.708525
0.339910
0.598720
-0.205924
0.234351
0.253359
-0.096780
-0.546709
0.287961
0.128862
-0.559569
0.120697
-0.393427
-0.143389
-0.473431
-0.154225
0.180571
-0.295450
-0.660192
-0.497558
0.525937
-0.622508
-0.330962
0.429869
-0.196441
-1.003577
0.031549
0.431109
-0.097058
-1.097231
-0.033872
0.670047
0.306003
-0.564434
0.489429
-0.877721
-0.286773
0.171538
0.068659
0.581332
-0.169504
0.227050
0.331730
0.221262
-0.317514
0.103412
0.258772
0.438418
0.381265
0.911318
-0.197001
0.177409
0.445632
0.798740
-0.158907
0.149826
-0.359201
0.663300
-0.294716
0.256355
-0.485088
-0.652041
0.285451
-0.416736
0.712525
0.963871
0.349925
0.786990
-0.424003
0.822054
-0.081060
0.137938
-0.577692
-0.348920
-0.095652
-0.089969
-0.632737
0.621995
0.060845
0.303171
-0.367768
-0.231396
0.238332
-0.520453
-0.151837
0.339484
0.273290
-0.127547
0.490658
-0.120019
-0.294658
0.330528
-0.910393
-0.645630
-0.511411
0.402314
0.384431
0.163777
0.443784
0.058529
0.114046
0.416738
0.930783
0.614820
-0.078948
-0.324436
0.487844
0.435479
0.115905
0.128206
-0.287910
-0.075752
-0.399994
-0.207830
1.324598
-0.332241
-0.591443
0.581562
-0.401417
-0.061053
1.182180
-0.058550
0.868440
0.302034
-0.124538
-0.158833
0.239742
-0.646843
-0.374930
0.570080
-0.340336
0.370112
0.540725
0.677842
-0.181601
0.682767
0.081495
0.700084
-0.311532
0.345364
0.204379
-0.373477
0.107498
-0.449965
0.647211
1.207811
0.336463
0.151265
0.239848
0.880896
-0.485435
0.366192
0.025714
0.455681
0.135508
-0.033513
-0.196644
-0.019459
-0.331116
0.418003
0.484632
0.292173
0.356378
-0.076673
0.189536
-0.233842
0.620930
0.165942
-0.378347
0.225776
0.003844
0.083244
-0.737604
0.703838
0.147163
-0.720106
0.721738
0.332415
0.277773
-0.580660
-0.446371
-0.055940
-0.140176
-0.039141
-0.050181
0.607380
-0.727213
0.838669
0.964878
-0.725421
-0.200137
0.198002
0.262441
-0.103371
0.326907
-0.488792
-0.097810
0.361825
0.205032
0.320365
1.337919
-0.497221
0.476297
-0.240865
0.843266
0.591291
0.753198
-0.204758
-0.130799
0.334599
-0.063117
0.217152
-0.314025
-0.412114
-1.002145
0.515678
0.413797
-0.012921
0.403363
0.108279
0.257966
0.148716
0.264370
-0.471092
0.078155
0.115283
-0.355372
0.919325
0.280084
-0.571115
-0.188646
0.460771
0.700201
0.231043
-0.413858
-0.201333
-0.238658
-0.206324
-0.696007
0.575667
0.351558
-1.063181
-0.768924
-0.799281
-0.221371
0.351287
-0.102983
0.039178
0.529127
-0.050996
-0.511269
-0.493158
0.844853
-0.902848
0.337739
-0.356556
-0.166624
-0.281794
0.653865
0.506743
0.146405
0.061290
-0.638002
0.199900
-0.354916
-0.198718
0.479088
-0.419298
-0.228513
-0.469587
-0.066244
0.015632
0.096461
-0.048769
-0.651929
-0.492777
0.063499
-0.133845
0.399941
-0.430566
-0.776251
-0.448449
0.306762
0.604182
-0.157496
-0.021055
0.258206
-0.109815
0.035998
-0.161259
0.002563
-0.330971
-1.342956
-0.373002
0.023011
0.270609
0.263935
0.455424
-0.183492
0.012617
0.061893
-1.040447
-0.165603
-0.262821
0.198124
-0.236426
-0.687904
0.432828
0.321868
0.224624
0.256586
0.186234
0.011087
-0.085111
-0.118726
-0.321616
0.158851
-0.061246
0.079786
0.061020
-0.199086
-0.371202
0.187049
-0.023664
-0.100105
0.619204
0.344456
0.074659
-1.084979
0.386929
-0.681797
0.484176
-0.207836
0.077926
0.167349
0.146159
0.171855
0.333935
-0.183156
0.353189
0.352142
-0.149168
0.115959
-0.023520
0.226170
0.170209
0.210826
0.603101
-0.246884
-0.190314
-0.377669
-0.429287
0.046198
0.158171
-0.138952
0.234730
-0.137989
-0.746895
-0.561308
-0.127709
1.070778
-1.040456
-0.340760
-0.850091
0.109561
0.153463
-0.118615
0.605203
-0.061532
-0.084256
0.294910
0.017314
0.235938
-0.020555
0.016999
-0.427798
0.056065
0.014324
0.837237
0.019552
0.391222
-0.295263
0.508918
0.863918
0.488009
-0.410104
0.182076
0.215837
0.196082
0.744574
0.215913
-0.586931
0.874349
-0.410686
-0.586064
-0.026726
-0.171759
-0.040336
-0.455802
-0.399310
0.089441
-1.083359
0.088393
0.096278
0.232790
0.560905
-0.604903
-0.491875
-0.229421
-0.039454
-0.510418
0.181025
0.276185
-0.105077
0.008580
-0.471595
0.280299
-0.034916
-0.068609
-0.286783
0.397233
-0.146337
-0.846886
-0.113015
-0.353339
0.376226
-0.142341
-0.083399
0.423671
0.749502
-0.264393
-0.564811
0.163689
-0.065621
0.609593
0.129585
-0.421312
-0.154797
-0.463476
-0.859293
0.117774
0.679300
-0.121915
0.905588
0.364982
0.581946
-0.452414
-0.750980
-0.078420
-0.066022
-0.238521
-0.241523
-0.068387
-0.158436
0.197128
-0.806404
0.194631
0.740775
0.154639
0.693299
0.061514
-0.178074
0.267120
0.195754
0.228778
-0.248886
0.422658
-0.168368
-0.404247
0.389033
0.032885
0.401726
-0.473467
0.219103
-0.175045
-0.440709
0.126650
0.665426
0.259584
-0.277071
-0.099112
-0.439296
0.013569
-0.302460
0.194590
0.617596
-0.588944
0.302711
0.104165
-0.484980
0.006751
0.259121
0.126888
0.515748
0.384182
-0.367550
-0.335694
0.140183
0.521300
0.778895
-0.076686
0.081892
-0.296158
1.000647
0.901651
-0.783397
0.343674
-0.352510
0.435249
-0.286525
0.126467
0.027865
-0.275737
0.222464
0.238461
-0.345217
0.642151
-0.348336
0.221159
0.351559
-0.461173
0.323703
-0.016002
-0.071513
-0.322683
0.069777
-0.617618
-0.305072
-0.462262
-0.021934
-0.274566
0.051091
-0.305529
-0.270205
-0.249777
-0.245195
-0.181537
0.118262
0.103185
-0.414985
0.232113
0.992274
-0.405630
-0.120554
0.148924
-0.393564
-0.125835
0.068068
-0.611261
0.145330
-0.538452
0.617216
-0.458794
-0.699213
0.195642
0.059722
-0.076409
0.117234
0.379712
-0.122916
-0.902797
-0.255749
0.377273
0.358683
0.439687
-0.112550
0.181644
-0.146804
0.549842
0.428187
-0.165904
-0.033808
0.253643
-0.339236
0.163863
-0.078149
-0.595675
-0.370296
0.193698
-0.063711
-0.131461
0.209629
-0.110972
-0.442738
0.147783
-0.722028
0.123932
0.245464
-1.008119
0.094793
0.433306
0.159769
0.315729
-0.020431
0.144666
0.464843
-0.106990
0.161780
0.497432
-1.115007
0.323731
-0.581903
0.056152
-0.758212
0.250406
0.255205
0.330450
0.549866
0.044152
-0.006235
0.106814
0.357599
0.362347
0.524942
-0.043051
0.497763
0.397281
-0.561797
0.269694
-0.377507
0.164082
-0.716862
-0.075638
-0.104071
0.154681
0.440739
0.377978
0.136497
0.416681
-0.281535
0.563335
0.034937
0.051046
0.168797
0.686404
0.047020
0.416703
-0.329412
-0.017775
-0.608459
-0.274335
0.230103
-0.229029
0.306101
0.195361
0.003750
0.550696
-0.556937
-0.071346
-0.089497
-0.676646
-0.127153
0.588230
0.439506
0.346277
-0.223882
-0.435853
-0.610989
-0.357006
1.343576
-0.003842
-0.030476
-0.305940
0.338710
-0.542674
-0.302655
0.110359
-0.575079
-0.266435
0.294644
-0.056812
-0.520825
-0.198336
-0.131076
0.110280
0.487460
-0.273713
0.391684
-0.688209
0.268688
0.427096
0.616402
-0.054886
-0.608012
0.555761
0.281626
0.403759
-0.238185
0.435234
0.995825
-0.159920
0.087973
0.014272
-0.185663
-0.777134
0.482543
-0.247672
0.011348
0.096432
0.821642
-0.341420
-0.015141
0.078806
-0.153000
-0.162798
-0.245343
0.100679
-0.037219
0.176929
0.162353
-0.042240
-0.127046
-0.184036
-0.463722
0.683380
-0.276491
0.065933
-0.598806
-0.010438
0.467764
-0.753655
-0.696677
0.070802
0.625581
-0.477329
-0.470242
0.370732
0.271532
0.007064
0.212253
-0.034728
-0.028379
0.618645
0.183095
0.038989
-0.323457
0.178149
0.343934
0.074111
0.047384
-0.220000
0.341344
0.151969
0.319927
0.255627
-1.041975
0.013941
0.353679
-0.859303
0.062393
-0.441919
-0.615491
-0.000035
-0.005473
-0.302391
0.334435
0.336944
0.430163
0.203738
0.391150
0.010775
-0.239494
0.472117
-0.125297
-0.751681
-0.193005
-0.258181
0.188138
-0.439682
-0.420853
0.380464
0.082729
-0.398713
0.068513
0.718254
-0.187176
-0.219783
0.350273
0.754362
-0.470684
-0.220594
-0.544081
-0.143330
0.189959
-0.077211
0.271123
0.309069
-0.555678
-0.035717
-0.082907
0.118383
0.531932
0.125804
0.368739
-0.075216
-0.533294
0.430574
0.355233
-0.111058
-0.116688
0.467214
-0.742905
0.324507
0.072146
0.072773
-0.135749
-0.146640
-0.033095
-0.232663
-0.589481
-0.071850
-0.361840
-0.168762
0.120714
-0.945069
-0.058795
0.889469
-0.449049
0.091675
-0.438339
-0.866930
0.207681
-0.399280
-0.297997
0.818086
0.665899
-0.121209
-0.126481
-0.081972
-0.680648
-0.097106
-0.381130
0.627203
-0.833377
-0.601780
0.870220
0.216592
-0.403556
0.052770
-0.602568
0.312889
-0.632036
-0.400430
1.101538
-0.347890
0.051694
0.255170
0.092731
0.143418
-0.425701
-0.284066
-0.165153
-0.518323
-0.297760
-0.228340
-0.136057
-0.255256
-0.334230
-0.059882
0.084138
0.153417
0.154231
-0.108667
-0.080905
0.086288
-0.155306
0.633553
0.356785
0.329473
0.463998
0.154583
-0.101787
-0.219136
0.654123
-0.098109
-1.073374
-0.819387
-0.353296
-0.444288
0.092265
-0.553422
0.271559
-1.131902
-0.177278
-0.026751
-0.285717
0.236927
-0.267864
-0.129345
-0.285398
-0.671629
-0.277540
-0.144370
-0.797759
-0.118529
0.510474
0.032145
-0.174048
-0.014920
-0.279271
0.509367
-0.609184
-0.487232
0.314935
0.225423
-0.689813
-0.214108
-0.818598
1.015658
-0.044901
-0.006638
-0.124034
0.358510
-0.367215
-0.251412
-0.392307
-0.088297
0.119364
0.120273
-0.025926
0.727718
0.221588
0.311270
-0.303310
0.146683
0.097515
-0.239586
0.118353
0.736855
0.031646
1.039182
-0.302112
0.773226
-0.130453
-0.956063
0.376830
0.707667
0.503264
0.286163
-0.051045
0.214473
-0.237709
-0.224680
0.141080
-0.043165
0.817623
0.212417
-0.254822
1.007235
-0.013247
-0.221598
-0.397170
-0.697861
-0.465821
-0.351645
0.110233
0.295387
-0.817641
0.695444
-0.213888
0.542012
0.090145
-0.647220
0.376583
-0.093696
0.063333
-0.469802
-0.377035
-0.417925
-0.102978
-0.647044
-0.335807
-1.301266
-0.121282
0.377621
0.444606
0.136969
-0.280062
-0.794910
-0.900114
0.880645
0.359827
-0.293599
0.213852
-0.135568
-0.443824
-0.312774
0.246420
-0.621199
-0.153233
0.543780
0.497652
0.997966
-0.747706
-0.028124
0.146514
-0.421653
-0.181064
0.244399
-0.143932
-0.282903
-0.072790
0.482059
0.091279
0.693956
0.052577
0.701708
0.331400
-0.016063
-0.365553
0.153855
-0.456994
0.126347
-0.424600
0.689646
0.133331
0.027664
-0.211056
0.204814
0.449125
-0.086962
-0.317195
0.875348
-0.076610
-0.153530
0.423230
-0.044141
-0.369740
-0.956022
0.076923
-0.051359
0.910513
-0.385501
-0.303133
-0.480663
-0.941586
0.468580
-0.205590
0.119077
-0.469984
-0.062897
0.403499
0.608038
-0.351517
-0.123702
0.412310
0.508284
-0.117448
0.504194
0.317944
-0.103985
-0.373740
-0.474080
0.696764
-0.562419
-0.807408
-0.757841
0.005127
0.040886
-0.842141
0.339432
0.165008
-0.577501
0.231714
-0.548725
0.193953
-0.299352
-0.382472
0.124127
-0.115119
-0.034879
-0.247660
0.197762
0.556894
-0.509532
-0.540859
0.015716
0.380369
0.367638
-0.159579
-0.130416
-0.080700
0.872324
-0.016337
-0.021888
0.668207
-0.066878
0.602876
-0.118254
-0.110197
-0.133174
-0.572071
0.829257
0.426621
0.267087
0.636202
-0.165113
-0.119647
1.087935
-0.043487
-0.305539
0.143613
-0.368599
0.243258
-0.161327
-0.266413
-0.005306
-0.349172
-0.202311
-0.013045
0.309147
0.196332
-0.484071
-0.269486
0.204781
-0.245840
-0.186633
-0.122786
-0.057496
-0.015983
-0.006467
0.496083
0.394092
-0.625329
0.435907
0.217113
0.142995
0.070628
0.902004
0.582379
-0.036630
-0.106567
0.850113
1.091355
-0.327636
-0.807582
-0.278672
0.333623
-0.374281
-0.332675
-0.501129
-0.690226
-0.614198
-0.759587
-0.238115
-0.665518
-0.097732
-0.868441
-0.297476
0.279654
-0.258047
0.160913
-0.849903
0.081892
0.102421
0.535432
-0.016694
0.173523
-0.110069
0.539293
-0.203729
-0.516720
-0.084890
0.421917
0.154655
0.556108
-0.288574
-0.440270
0.062086
-0.020768
0.296280
-0.495131
0.204745
-0.295697
0.611838
0.171684
0.630582
0.578536
-0.394037
0.304560
-0.057184
0.083594
-0.034127
0.246124
-0.581652
0.225642
0.147667
-0.348919
0.235363
0.818354
0.460225
-0.137083
0.584952
-0.274546
0.606099
0.586106
0.435519
0.472923
0.119547
-0.544150
-0.334305
-0.507923
0.283084
0.039555
-0.074974
-0.018972
0.076979
0.144015
-0.318401
0.134266
0.283908
-0.371857
0.246726
-0.560965
0.258549
0.153905
0.097855
-0.281466
0.323716
-1.134563
-0.049642
-0.384025
-0.336334
0.601231
-0.284190
0.044740
0.745954
0.742445
-0.017227
0.475887
0.166181
-0.385609
-0.218077
-0.772102
-0.089837
0.013544
-0.666650
0.113299
0.090056
0.956105
0.075403
-0.098863
0.484817
0.458162
0.118504
-0.040259
-0.075092
-0.236338
0.584459
-0.300122
0.024668
0.069566
0.630055
0.723659
0.182158
-0.328877
-0.327140
-0.033456
0.124608
-0.561695
-0.276124
-0.284381
-0.679368
-0.277627
-0.328457
-0.124725
-0.303122
0.353285
0.302729
-0.033438
0.449028
0.279303
-0.557570
0.923607
0.014503
-0.795707
0.122896
0.262155
0.330629
0.209875
0.306021
-0.268768
0.604456
-0.078637
0.347995
0.421547
-0.141898
-0.366379
-0.204653
0.105038
0.256848
0.567456
-0.333348
0.018856
0.032416
0.666625
0.366323
0.300012
0.191747
0.791227
0.449464
-0.382604
0.151007
-0.142494
-0.287077
-0.217318
0.906360
0.401349
-0.002581
0.175916
0.834454
0.184383
-0.241261
-0.153630
0.200529
-0.259839
0.202781
0.082035
0.668283
0.124127
0.003553
-0.436452
-0.024920
-1.051213
0.375590
-0.797046
0.352033
0.703970
0.231798
0.156890
-0.332149
0.170070
0.644830
-0.585629
-0.343150
0.586927
-0.584473
-0.122491
-0.296995
-0.021145
-0.725019
0.750054
-0.838083
0.343109
0.226862
0.038451
0.261879
0.060474
-0.595438
0.077164
-0.032878
0.518777
0.309347
0.450219
-0.027514
-0.292263
-0.075523
-0.002220
0.106985
-0.728987
-0.250463
0.087142
-0.624193
0.394298
-0.252196
-0.251118
0.489224
-0.490901
-0.102803
-0.774447
0.149728
0.444789
0.202156
0.272000
-0.448753
-0.069353
0.024327
0.706620
-0.423953
0.428615
-0.489157
-0.067116
0.123268
0.350718
0.016039
0.303061
-0.397086
0.343996
0.069934
-1.118484
0.312440
-0.996984
0.538534
-0.641019
0.054699
-0.288296
0.103212
0.574372
-0.046870
0.231138
0.305537
0.173229
0.315919
-0.039964
0.779616
-0.266320
0.410005
0.174803
-0.238629
0.318375
-0.998976
0.014316
0.605596
0.781053
-0.679738
0.400903
0.141469
0.248616
0.259618
0.201945
-0.357583
0.302801
0.786505
0.324681
-0.356271
-0.267257
0.118937
0.304345
-0.744799
-0.580572
0.007553
-0.337639
-0.193605
-0.508629
0.274794
-0.225068
0.012450
0.261191
0.113956
-0.161351
-0.353488
-0.006293
0.114690
0.373191
0.339853
-0.138225
-0.329791
-0.187310
-0.289256
0.320490
-0.287916
-0.106356
0.288805
0.357854
0.166999
-0.560882
-0.264101
0.205431
-0.280788
0.031312
-0.281307
0.282677
0.347452
-0.326134
0.488338
-0.434183
0.729464
-0.229359
1.039360
0.785674
-0.278488
-0.405187
-0.561405
-0.387764
0.060882
0.557865
-0.012377
0.351644
0.947059
-0.518403
-0.211476
-0.205101
-0.240452
0.220666
0.501948
-0.157159
-0.604966
0.701996
-0.131349
0.436930
0.243499
-0.094242
0.565316
0.225981
-1.054230
-0.661250
-0.828933
0.015763
-0.249072
-0.088324
0.102278
0.257629
-0.648611
0.331893
-0.731890
0.605244
0.128412
-0.312423
0.227858
-0.080307
-0.436161
0.569071
0.557577
0.190609
0.096785
0.655960
0.293812
-0.325288
0.119212
0.019015
-0.418088
-0.263898
-0.530102
-0.504197
-0.534848
0.486138
-0.734053
0.071517
0.165402
-0.301243
-0.017250
0.189043
0.663053
-0.280605
-0.195139
0.514415
-0.100648
0.018329
0.192110
0.152064
0.194310
0.045940
-0.637369
-0.259948
0.487568
0.400945
0.029330
-0.175022
0.542762
0.734425
0.050121
-0.497153
-0.019681
0.006084
0.166280
-0.159994
0.503900
0.274356
0.016847
0.324988
-0.382500
-0.135049
-0.261760
0.052584
0.503501
0.319625
-0.041263
0.010084
0.199857
-0.225384
-0.323952
0.223876
0.639224
0.608313
-0.023079
0.295011
-0.000329
0.541814
0.361244
0.096379
-0.131560
-0.086692
0.138096
0.012873
-0.133500
0.106156
-0.045641
-0.079649
-0.216687
-0.067701
-0.567936
0.375564
-0.017458
-0.088031
-0.074468
-0.016151
-0.000275
0.136337
0.666751
0.032024
0.107958
0.313269
0.319514
-0.505663
-0.321783
0.625550
-0.522162
-0.369296
-0.384710
0.077344
0.279060
-0.072856
0.177341
-0.205748
0.119426
0.162469
-0.867691
-0.379876
1.045532
-0.281141
-0.243900
-0.379956
-0.243038
-0.340879
-0.002952
-0.437070
0.547124
-0.039665
-0.266482
-0.300056
-0.399368
-0.497670
-0.021052
0.044920
-0.002236
-0.868708
-0.012193
0.397880
0.412174
-0.024872
-0.155419
0.245777
0.271706
-0.022544
0.481949
0.004761
0.724823
0.024096
0.317880
-0.125362
-0.634592
-0.491357
0.404619
-0.168317
0.029967
0.583350
0.506403
-0.417593
0.549563
-0.227086
0.129559
0.146837
0.028313
0.104423
-0.044650
-0.268613
-0.896816
0.211024
0.525168
-0.398109
-0.024048
-0.248937
-1.031555
0.444212
-0.215206
0.190329
-0.356752
0.365832
-0.145338
0.758567
0.344411
0.675701
0.079898
0.110597
0.101771
0.222839
-0.450113
-0.302100
-0.506638
0.213960
0.738112
0.493018
-0.553895
0.184900
0.303554
0.186627
0.320304
-0.128137
0.575998
0.130487
-0.558629
0.435865
0.194617
-0.461399
-0.035284
-0.177428
0.459098
-0.076971
-0.162703
-0.506945
-0.053327
0.016949
0.952563
-0.214812
0.132785
-0.181544
-0.268400
0.348193
-0.448994
0.209766
0.294993
-0.554891
-0.395345
0.001261
-0.247294
-0.670414
0.330695
-0.441541
0.564719
-0.133134
0.216931
0.529503
-0.001881
-0.242244
-0.725216
-0.002713
0.175182
-0.398687
-0.203609
0.484106
-0.192097
-0.573669
-0.124872
0.260037
-0.293918
0.058935
-0.442125
-0.082665
0.007332
-0.311281
0.450447
0.642613
0.204862
0.447822
-0.145974
-0.679345
0.236607
-0.166523
-0.121123
0.600748
-0.133628
-0.328000
-0.474467
0.420961
0.342326
-0.372646
0.009270
0.239045
0.215752
-0.197642
-0.010267
0.010906
-0.312042
0.387803
-0.293675
0.592204
0.133027
0.368337
-0.409111
-0.144054
0.233997
0.311260
-0.068756
0.575672
-0.294398
0.187002
0.983179
-0.034211
-0.661079
-0.291490
-0.289520
-0.172864
0.460350
-0.358039
-0.367206
0.145493
-0.779080
-0.229077
-0.582185
-0.155235
0.733395
0.002308
-0.553404
-0.583849
0.096278
0.165553
-0.280881
0.452845
-0.091074
0.062003
-0.048412
-0.335602
0.292239
0.119482
-0.368284
0.555512
0.019475
0.416348
0.642957
-0.339884
-0.019709
-0.137514
0.601211
0.691659
-0.022468
-0.756290
0.417497
0.420513
-0.362198
0.386822
0.002082
-0.145153
0.000808
-0.155324
0.054203
-0.620277
0.397869
-0.019464
-0.041697
-0.009664
0.418381
-0.384608
0.442574
0.474159
0.402402
0.541304
0.161340
-0.299118
-0.338841
-0.432995
0.097032
-0.156516
0.285830
0.183577
0.382755
0.557325
-0.875579
-0.136596
-0.584004
-0.042745
0.560101
-0.154842
0.079771
0.511159
-0.893944
-0.332311
0.038254
0.004924
-0.171899
0.188730
0.326639
-0.365293
-0.206734
0.372101
0.218023
-0.251441
-0.302250
-0.537962
0.103942
0.066729
0.136457
-0.050254
0.496985
-0.368215
0.648806
0.256569
0.294578
-0.422556
0.509414
-0.236198
0.191583
-0.333416
-0.455694
0.370945
0.567106
0.395280
-0.404888
0.393999
-0.010721
0.543503
-0.468024
1.096417
-0.329331
-0.414872
-0.637107
0.246871
-0.179091
-0.215641
-0.018067
-0.277052
0.562122
-0.007984
-0.033981
0.406599
0.299218
0.134718
0.016686
-0.235222
-0.255524
0.988205
-0.250156
-0.157540
-0.255688
-0.140828
-0.152913
-0.334847
-0.011532
-0.027022
-0.257487
-0.544551
-0.385484
-0.115033
0.234969
0.156549
-0.920986
-0.074319
0.899045
0.332065
0.078609
0.834017
0.091346
0.832527
-0.306458
-0.488951
-0.287427
0.343368
0.013839
-0.072148
-0.063826
-0.280231
0.265610
-0.732437
0.343391
-0.356646
-0.188999
0.085025
0.314553
-0.313098
0.273556
-0.649666
0.073665
0.759396
-0.460203
0.154759
0.368904
0.181820
-0.244595
-0.058737
0.428491
-0.398930
-0.613609
-0.461527
0.086112
-0.283519
0.091481
-0.035878
-0.183887
-0.400196
-0.131117
-1.126909
-0.148183
-0.441502
0.600313
0.321443
-0.319434
1.014843
-0.428038
0.173875
0.126647
0.096473
-0.017374
-0.375396
0.256904
-0.137661
-0.213231
0.083391
-0.183996
-0.268250
0.252055
0.771244
-0.009622
0.777389
-0.699873
-0.163050
0.189789
-0.130476
0.116333
-0.209990
-0.048230
-0.073324
0.898351
0.140501
-0.212391
0.572037
0.139948
0.114484
-0.116660
-0.811660
-0.162651
-0.032156
0.245660
0.152022
0.287450
0.052188
-0.202889
0.787556
0.003003
0.065250
0.245877
-0.932702
0.197669
0.406815
0.028935
-0.289138
0.435416
-0.139316
-1.009957
0.405116
0.100340
-0.370668
0.465083
0.148800
-0.135724
0.416232
-0.544573
0.537874
-0.059870
-0.031292
0.027279
-0.181459
-0.016014
0.088124
0.271002
-0.913083
0.185273
-0.277221
-0.071898
0.096110
0.571979
-0.129510
0.150194
-0.282629
-0.496747
-0.038983
-0.459606
-0.675051
0.035594
0.284427
0.412660
-0.096366
-0.047574
0.010404
0.595056
0.289108
0.143238
0.118069
0.605513
-0.027666
-0.367755
0.097594
0.062315
-0.459644
0.062348
0.235114
0.474374
0.033088
-0.048216
-0.092650
-0.328394
0.139953
-0.304208
0.313385
0.384320
-1.058741
-0.314355
0.281680
0.562252
-0.243416
0.071077
0.186131
0.144151
0.930107
-0.002783
0.808281
-0.680787
0.185272
0.024652
-0.412580
-0.771751
0.000653
0.216692
-0.267614
-0.377053
-0.293589
0.739125
0.586018
-0.452018
-0.259201
0.026901
0.039643
-0.185599
-0.779942
0.153440
-0.386131
-0.565787
-0.376387
0.244405
-0.337938
-0.887702
-0.622821
0.030095
-0.370738
-0.056879
-0.128403
-0.119601
0.933130
0.073153
0.266792
-0.213776
-0.042290
0.507855
-0.046513
-0.049942
0.666462
0.229827
-0.044854
-0.087951
0.172193
-0.178881
-0.150261
0.242722
0.330226
-0.212644
1.153737
-0.212021
0.367224
0.204924
0.033566
-0.128196
0.529689
-0.448978
-0.061189
0.897450
0.661579
-0.591531
0.500803
-0.192511
0.838191
0.508345
0.200734
0.580153
0.186617
0.411789
-0.586637
-0.653396
0.011219
-0.023282
0.018748
0.176441
-0.414353
-0.490126
-0.800433
0.268668
0.059576
-0.492773
0.073076
-0.255447
0.343294
-0.049907
-0.950254
0.272197
-0.157807
0.636706
0.912197
0.493019
0.036233
0.216976
-0.163940
0.111881
-0.095635
-0.033132
0.525763
0.055945
-0.886312
-0.197052
-0.098256
0.541340
0.133014
-0.460658
0.741052
-0.066057
0.145338
0.067605
-0.418278
-0.268560
0.050772
-0.019084
-0.427494
0.048493
-0.438128
0.160748
0.135572
-0.214315
0.237768
-0.372146
1.052564
0.712851
-0.358875
0.724802
-0.171039
-0.374804
-0.206994
-0.565183
0.129168
0.245800
0.103864
0.701817
-0.097829
0.832648
-0.209670
-0.161121
0.136080
-0.317463
-0.314735
-0.609858
0.642149
-0.909008
-0.284377
-0.469039
-0.180706
0.015452
0.189394
-0.095423
0.239363
0.543845
0.406840
-0.139121
-0.391296
0.630121
0.345927
-0.427105
-0.167243
0.147837
-0.012088
0.083102
0.575744
0.601497
0.851473
0.178358
0.354256
0.234623
0.112965
0.327319
0.449147
-1.045041
0.308889
0.551103
0.372620
0.359465
0.699684
-0.411275
0.637679
-0.482651
0.101825
-0.027446
-0.307651
0.049699
-0.027551
0.139066
-0.584351
0.885539
-0.221665
-0.746166
0.246212
-0.593495
0.339429
0.261903
-0.209475
0.347389
0.731708
-0.312838
0.883200
0.305581
-0.164534
-0.029902
-0.206143
-0.861841
0.115386
0.743509
-0.301340
0.289608
-0.342663
0.739026
0.071588
0.390018
-0.150182
-0.377682
-0.467652
-0.699560
0.108318
-0.595290
-0.310729
0.473339
0.462669
0.742363
-0.209222
0.610663
0.818460
-0.425903
0.797616
0.042467
-0.426955
0.790088
0.454077
0.370865
0.352378
-0.159219
-0.274927
0.446009
0.733032
-0.487747
-0.452509
-0.170783
-0.271896
0.004823
-0.190123
-0.498420
-0.448277
0.511423
0.709731
-0.388975
-0.487521
-0.192730
-0.160316
-0.578682
1.071772
-0.277015
0.083563
-0.664993
1.020147
0.105849
-0.132815
0.073688
0.286752
-0.706307
0.255420
0.287917
0.321204
-0.594860
0.134075
0.221194
-0.017780
0.089187
-0.419761
-0.881246
0.340011
0.916270
0.032100
0.287192
-0.030743
0.473230
-0.167626
0.031913
-0.209439
-0.248052
0.410631
-0.536063
-0.391315
0.487863
-0.246027
0.227050
-0.289935
-0.098737
0.282385
0.305631
0.197894
0.448825
0.588440
0.709533
0.011982
0.516482
-0.616356
0.899624
-0.264907
-0.143957
-0.149279
0.082679
-0.533905
0.180089
0.617392
0.236301
0.861106
-0.430020
-0.428996
-0.504033
-0.006354
-0.825334
0.783373
-0.282259
0.663569
-0.143291
0.126656
0.840902
-0.019509
-0.187706
0.614837
-0.136633
-0.229756
0.085648
-0.167200
-0.034981
0.272189
0.571931
-0.215347
0.123989
-0.407659
-0.441612
-0.576228
-0.348660
-0.316220
-0.088183
-0.278984
-0.061817
-0.150075
-0.377068
0.206029
-1.062839
-0.067334
-0.231194
0.096403
-0.220772
-0.274721
-0.585311
0.408704
-0.094593
0.606221
-0.139651
0.290330
0.086518
-0.808901
0.240214
0.015541
-0.070509
-0.431305
0.137128
0.113198
0.207367
-0.893898
0.386636
-0.101934
-0.392528
-0.867273
1.013953
0.516514
-0.143832
-0.543426
0.392053
-0.062052
-0.248694
0.172516
0.090750
0.751622
-0.191132
-0.066676
-0.031474
-0.321903
-0.003467
0.647625
-0.214056
-0.182132
0.022303
0.051060
-0.066760
0.185207
0.117197
-0.324998
0.049087
0.221332
-0.723473
0.108180
-0.690798
-0.112826
-0.073083
0.500490
-0.956672
-0.355488
-0.219929
-0.016076
-0.563195
1.034134
0.005499
0.199471
-0.099152
0.676753
-0.369277
-0.054372
0.618737
-0.211001
-0.154972
-0.443577
0.603105
-0.203593
0.233496
-0.382424
0.803630
0.488733
-0.396078
0.454718
-0.227238
-0.201578
-0.186460
-0.269429
-0.194018
-0.140081
0.088193
-0.003212
-1.035570
0.464185
-0.670520
-0.456595
-0.028338
-0.310316
-0.363490
0.033200
0.747222
-0.388308
-0.154700
-0.116352
-0.472414
-0.322749
-0.061450
0.339429
0.261903
-0.209475
0.347389
0.731708
-0.312839
0.883200
0.305581
-0.164534
-0.029902
-0.206143
-0.861841
0.115386
0.743509
-0.301340
0.289608
-0.342663
0.739026
0.071588
0.390018
-0.150182
-0.377682
-0.467652
-0.699560
0.108318
-0.595290
-0.310729
0.473339
0.462669
0.742363
-0.209222
0.610663
0.818460
-0.425903
0.797616
0.042467
-0.426955
0.790088
0.454077
0.370865
0.352378
-0.159219
-0.274927
0.446009
0.733032
-0.487747
-0.452509
-0.170783
-0.271896
0.004823
-0.190123
-0.498420
-0.448277
0.511423
0.709731
-0.388975
-0.487521
-0.192730
-0.160316
-0.578682
1.071772
-0.277015
0.083563
-0.664993
1.020147
0.105849
-0.132815
0.073688
0.286752
-0.706307
0.255420
0.287917
0.321204
-0.594859
0.134075
0.221194
-0.017780
0.089187
-0.419761
-0.881245
0.340011
0.916270
0.032100
0.287192
-0.030743
0.473230
-0.167626
0.031913
-0.209439
-0.248052
0.410631
-0.536063
-0.391315
0.487863
-0.246027
0.227050
-0.289935
-0.098737
0.282385
0.305631
0.197894
0.448825
0.588440
0.709533
0.011982
0.516482
-0.616356
0.899624
-0.264907
-0.143957
-0.149279
0.082679
-0.533905
0.180089
0.617392
0.236301
0.861106
-0.430020
-0.428996
-0.504033
-0.006354
-0.825334
0.783373
-0.282259
0.663569
-0.143291
0.126656
0.840902
-0.019509
-0.187706
0.614837
-0.136633
-0.229756
0.085648
-0.167200
-0.034981
0.272189
0.571931
-0.215347
0.123989
-0.407659
-0.441612
-0.576228
-0.348660
-0.316220
-0.088183
-0.278984
-0.061817
-0.150075
-0.377068
0.206029
-1.062839
-0.067334
-0.231194
0.096403
-0.220772
-0.274721
-0.585311
0.408704
-0.094593
0.606221
-0.139651
0.290330
0.086518
-0.808901
0.240214
0.015541
-0.070509
-0.431305
0.137128
0.113198
0.207367
-0.893898
0.386636
-0.101934
-0.392528
-0.867273
1.013953
0.516514
-0.143832
-0.543426
0.392053
-0.062052
-0.248694
0.172516
0.090750
0.751622
-0.191132
-0.066676
-0.031474
-0.321903
-0.003467
0.647625
-0.214056
-0.182132
0.022303
0.051060
-0.066760
0.185207
0.117197
-0.324998
0.049087
0.221332
-0.723473
0.108180
-0.690798
-0.112826
-0.073083
0.500490
-0.956672
-0.355487
-0.219929
-0.016075
-0.563195
1.034134
0.005499
0.199471
-0.099152
0.676753
-0.369277
-0.054372
0.618737
-0.211001
-0.154972
-0.443577
0.603105
-0.203593
0.233496
-0.382424
0.803630
0.488733
-0.396078
0.454718
-0.227238
-0.201578
-0.186460
-0.269429
-0.194018
-0.140081
0.088193
-0.003212
-1.035570
0.464185
-0.670520
-0.456595
-0.028338
-0.310316
-0.363490
0.033200
0.747222
-0.388308
-0.154700
-0.116352
-0.472414
-0.322749
-0.061450
0.163461
0.043573
0.515287
-0.211800
0.817116
-0.336457
0.232926
0.002849
-0.620693
-0.662390
0.585238
-0.181560
0.029619
-0.178579
-0.271369
-0.220220
-0.308124
0.676864
0.248392
0.205607
-0.157147
-0.811524
-0.182684
0.725929
0.020628
0.162002
0.744148
-0.007116
-0.739854
0.205154
0.584517
0.303339
-0.095601
-0.766489
-0.029130
0.610175
-0.271007
0.004993
0.669445
0.627748
0.641387
0.331983
-0.296055
0.120153
0.619170
0.771871
0.265355
-0.528341
-0.308745
0.099133
0.021965
0.276427
0.250708
0.538890
0.815521
0.360404
-0.203418
-0.249908
-0.143621
0.333702
-0.290351
-0.291930
-0.578318
-0.041403
-0.356429
0.910589
0.145242
0.062954
-0.018682
0.474694
-0.689422
0.001917
0.336519
-0.179699
0.560482
0.527316
0.278004
0.031466
-0.414213
-0.446719
-0.397390
0.020048
0.084213
-0.534346
0.109211
0.269218
-0.635419
0.283330
-0.666078
0.029778
0.120321
0.629611
-0.042287
-0.525920
0.429021
-0.217232
0.162801
-0.238847
0.208549
0.421205
-0.778360
0.279821
-0.006053
0.366854
-0.538455
0.497565
-0.486171
-0.447560
-0.641483
-0.428942
-0.154018
0.308810
-0.441227
-0.809844
-0.420378
0.030636
0.323445
0.057157
-0.727160
0.796687
-0.142730
0.291987
0.105356
0.054315
-0.047750
0.158507
-0.312712
0.049209
-0.379466
-0.231839
0.441378
-0.041982
-0.005789
0.605140
-0.020303
-0.097870
0.289294
0.950499
0.225590
-0.131163
0.220046
0.071545
-0.292560
-0.603975
0.039698
-0.507195
0.216034
0.133061
-0.408558
-0.060461
-0.146757
0.531809
0.565777
-0.057658
0.393748
-0.258661
-0.581786
0.240030
-0.619455
0.037325
-0.540585
-0.092697
-0.627206
-0.634864
0.787484
0.057871
0.136176
0.492677
-0.284653
0.192552
0.432851
0.481680
-0.124010
0.103099
0.792504
0.425111
-1.100443
-0.347217
0.715689
0.377706
-0.146299
0.062127
-0.323336
-0.186299
-0.291560
0.011223
-0.652565
0.025325
-0.299458
0.373315
-0.093718
0.077840
0.156593
-0.362627
-0.052574
-0.163926
0.017122
-0.223732
-0.034474
0.269005
0.519888
-0.164575
0.144229
-0.932636
1.134882
-0.101739
0.053753
0.440165
-0.412895
0.453022
-0.266500
-0.331582
0.018915
-1.308734
-0.143610
-0.205185
0.002955
0.311413
0.515259
-0.447853
-0.724666
-0.324575
-0.406054
0.190807
-0.609858
0.905592
-0.510061
-0.494343
-0.573765
-0.299523
0.023920
-0.821170
-0.122336
-0.348514
-0.331193
-0.324424
0.350567
0.031912
-0.505559
-0.348066
-0.295872
-0.676198
-0.177461
-0.489836
-0.031391
-0.213036
-0.243608
-0.351921
-0.258792
0.563063
0.266669
0.282208
0.328263
0.530086
0.167236
0.192297
0.039178
0.529127
-0.050996
-0.511269
-0.493158
0.844853
-0.902848
0.337739
-0.356556
-0.166624
-0.281794
0.653865
0.506743
0.146405
0.061290
-0.638002
0.199900
-0.354916
-0.198718
0.479088
-0.419298
-0.228513
-0.469587
-0.066244
0.015632
0.096461
-0.048769
-0.651929
-0.492777
0.063499
-0.133845
0.399941
-0.430566
-0.776251
-0.448449
0.306762
0.604182
-0.157496
-0.021055
0.258206
-0.109815
0.035998
-0.161259
0.002563
-0.330971
-1.342956
-0.373002
0.023011
0.270609
0.263935
0.455424
-0.183492
0.012617
0.061893
-1.040447
-0.165603
-0.262821
0.198124
-0.236426
-0.687904
0.432828
0.321868
0.224624
0.256586
0.186234
0.011087
-0.085111
-0.118726
-0.321616
0.158851
-0.061246
0.079786
0.061020
-0.199086
-0.371202
0.187049
-0.023664
-0.100105
0.619204
0.344456
0.074659
-1.084979
0.386929
-0.681797
0.484176
-0.207836
0.077926
0.167349
0.146159
0.171855
0.333935
-0.183156
0.353189
0.352142
-0.149168
0.115959
-0.023520
0.226170
0.170209
0.210826
0.603101
-0.246884
-0.190314
-0.377669
-0.429287
0.046198
0.158171
-0.138952
0.234730
-0.137989
-0.746895
-0.561308
-0.127709
1.070778
-1.040456
-0.340760
-0.850091
0.109561
0.153463
-0.118615
0.605203
-0.061533
-0.084256
0.294910
0.017314
0.235938
-0.020555
0.016999
-0.427798
0.056065
0.014324
0.837237
0.019552
0.391222
-0.295263
0.508918
0.863918
0.488009
-0.410104
0.182076
0.215837
0.196082
0.744574
0.215913
-0.586931
0.874349
-0.410686
-0.586064
-0.026726
-0.171759
-0.040336
-0.455802
-0.399310
0.089441
-1.083359
0.088393
0.096278
0.232790
0.560905
-0.604903
-0.491875
-0.229421
-0.039454
-0.510418
0.181025
0.276185
-0.105077
0.008580
-0.471595
0.280299
-0.034916
-0.068609
-0.286783
0.397233
-0.146337
-0.846886
-0.113015
-0.353339
0.376226
-0.142341
-0.083399
0.423671
0.749502
-0.264393
-0.564811
0.163689
-0.065621
0.609593
0.129585
-0.421312
-0.154797
-0.463476
-0.859293
0.117774
0.679300
-0.121915
0.905588
0.364982
0.581946
-0.452414
-0.750980
-0.078420
-0.066022
-0.238521
-0.241523
-0.068387
-0.158436
0.197128
-0.806404
0.194631
0.740775
0.154639
0.693299
0.061514
-0.178074
0.267120
0.195754
0.228778
-0.248886
0.422658
-0.168368
-0.404247
0.389033
0.032885
0.401726
-0.473467
0.219103
-0.175045
-0.440709
0.126650
0.665426
0.259584
-0.277071
-0.099112
-0.439296
0.013569
-0.302460
0.194590
0.617596
-0.588944
0.302711
0.104165
-0.484980
0.006751
0.259121
0.126888
0.515748
0.384182
-0.367550
-0.335694
0.140183
0.521300
0.778895
-0.076686
0.081892
-0.296158
-0.198527
0.750290
-0.072617
-0.004080
-0.338387
0.269612
0.121104
-0.001609
0.129007
-0.076459
-0.038666
0.358367
0.293835
0.042452
-0.198802
0.129346
-0.113407
-0.003071
-0.838630
0.225389
-0.759193
-0.192427
-0.111660
-0.153339
-0.059323
-0.131219
0.156776
0.150970
-0.856450
0.019176
0.047407
-0.893498
-0.262507
-0.561798
-0.298676
-0.587722
0.550919
-0.137429
0.378097
-0.159038
0.479476
-0.036842
0.186434
-0.055214
0.442893
0.525228
-0.453326
-0.179230
-0.444074
0.686223
0.047859
0.614270
0.555086
0.471154
0.676749
0.474627
0.186594
0.830093
-0.077149
-0.095936
-0.126185
0.120499
-0.016150
0.207876
-0.345509
-0.394658
-0.392039
-0.236722
-0.078087
-0.102685
-0.508929
-0.194317
0.038673
0.443738
-0.626099
0.391418
0.052231
0.346555
-0.041285
-0.275916
-0.237016
0.021325
0.043465
-0.927159
-0.031806
-0.375141
-0.249216
0.005925
1.024823
-0.758310
-0.683914
0.284072
0.081321
-0.585768
0.666216
-0.430072
-0.254304
0.152063
-0.135965
-0.053257
0.432316
-0.089521
-0.055818
-0.451324
-0.319530
-0.424902
0.068383
0.050452
-0.657953
-0.398728
-0.077843
-0.092126
-0.110172
-0.188251
-0.130326
-0.490447
0.193702
0.184810
0.089473
0.114247
-0.169219
0.070469
0.148025
0.414752
-0.271133
-0.037395
0.597258
-0.568862
-0.143121
-0.085757
-0.288561
-0.031664
0.058685
-0.166979
-0.374488
-0.144950
0.063588
0.489557
-0.796096
-0.267912
0.154920
-0.369652
0.407900
0.043989
-0.445874
-0.040039
-0.112398
0.248818
0.160067
0.415847
0.041030
-0.332994
0.318972
0.130772
0.119296
-0.418211
-0.391441
0.278167
-0.583291
0.387785
0.592126
-0.384490
-0.303807
0.301783
0.529529
-0.214094
-0.614699
0.150999
0.346679
0.037806
-0.396501
1.180965
-0.472090
0.061056
0.218344
-0.251338
-0.426611
0.696778
0.129142
0.627553
0.050975
-0.711768
-0.051840
-0.044064
0.098189
0.609176
-0.404931
0.366565
0.510923
0.348648
0.483673
-0.202683
-0.686240
0.468493
-0.249642
-0.341937
0.011970
0.343784
-0.057497
-0.177785
-0.389336
0.379840
0.353812
0.233728
0.196784
0.396812
-0.229144
0.153382
-0.227522
-0.066547
-0.376858
-0.051935
-0.078759
-0.001176
-0.540524
-0.109823
0.370339
0.192448
-0.105179
-0.005718
-0.328699
-0.042050
0.075290
-0.199539
0.585569
-0.318389
0.321849
-0.123126
-0.012358
0.019046
0.016611
-0.325547
0.404931
-0.196312
-0.117321
-0.504500
-0.041008
-0.348202
-0.482801
-0.023003
-0.105531
-0.479046
-0.377438
0.662773
0.154605
-0.029208
0.469732
-0.295497
0.033697
0.070283
-0.117612
0.631425
-0.003292
-0.022334
-0.205288
0.062728
0.017975
0.225225
-0.455503
0.336060
0.758205
-0.418300
0.611206
0.695344
-0.099086
0.827101
-0.239688
1.225553
-0.564275
-0.143457
-0.000175
0.062841
0.357755
-0.164625
-0.435580
0.067168
-0.778547
-0.652514
-0.156271
-0.326037
-0.139903
0.350960
0.284124
-0.171197
0.335551
-0.029843
0.105737
-0.455711
0.938314
-0.318171
0.400299
-0.513765
-0.158903
-0.221799
-0.208966
-0.365420
0.623174
-0.024040
0.023227
-0.009265
-0.594568
0.613256
0.296737
-1.031492
-0.064453
-0.393640
0.356382
-0.288612
-0.030499
0.662364
0.236863
-1.261839
-0.536937
0.270291
-0.201593
0.019148
-0.196995
0.451089
0.641445
0.196888
-0.628196
-0.274642
0.412850
0.279012
-0.999944
0.824465
0.476902
-0.094850
0.123271
-0.172719
-0.004370
-0.529696
0.392858
0.390754
0.444714
-0.473231
0.131577
0.546945
0.083601
0.306829
-0.191749
-0.533701
0.350024
-0.766722
-0.553616
-0.822983
0.088656
0.343438
-0.647077
0.266483
-0.445550
-0.546978
-0.066371
-0.090920
0.353033
0.664850
0.482359
-0.096884
-0.639389
0.103734
0.004935
0.012662
0.101582
-1.005172
-0.960502
-0.023850
0.176431
0.054332
0.230564
0.328429
0.618876
-0.003524
0.135886
-0.066867
-0.209031
0.142089
-0.926181
0.656251
-0.212466
-0.558211
0.344365
0.010175
-0.630212
-0.296842
0.193038
0.840146
-0.425946
0.251417
0.043483
0.166794
-0.153370
-0.024909
-0.042284
0.160199
-0.955573
0.046145
-0.106406
-0.297421
-0.497796
0.229204
0.164904
0.068474
0.132747
0.487384
0.329055
1.119675
-0.074614
-0.475424
-1.036592
0.306633
0.291338
-0.441817
-1.163380
-0.165626
0.083476
0.112796
-0.342156
0.714223
0.223450
0.093339
0.110463
0.291962
-0.382559
-0.072547
1.159056
0.762997
-0.032705
-0.731925
-0.318343
0.743078
0.016919
0.773722
0.123229
-0.761266
0.424292
0.513752
-0.281483
-1.012019
0.253307
0.376490
0.017290
0.039983
-0.556710
-0.129078
-0.161440
-0.373943
-0.479239
-0.116143
0.196520
-0.106967
0.901111
-0.296331
-0.375216
-0.134782
0.293415
0.936835
0.245603
0.360677
0.169086
0.454971
-0.398837
0.058894
-0.178997
0.710908
0.441476
-0.054517
-0.375752
0.101523
0.254835
-0.043465
0.179828
0.223677
-0.293190
0.531873
-0.213008
-0.167368
-0.873447
-0.147415
-0.408514
-0.576556
0.141704
0.739892
-0.458415
-0.534837
0.126010
0.542060
-0.656156
-0.805418
-0.583390
0.437060
-0.333155
-0.390473
0.953246
0.010536
0.296771
0.394654
-1.252427
-0.575301
-0.300123
-0.685713
-0.355032
0.365072
0.359928
-0.638512
0.047068
0.299855
0.016332
-0.059792
-0.018509
-0.330399
-0.494531
1.164880
0.362384
0.019892
-0.995838
0.060870
0.475835
-0.608347
0.299038
0.393961
-0.103865
0.252836
0.533875
-0.094370
0.840344
0.280456
0.410111
0.207961
-0.116942
-0.148621
0.622813
-0.210466
0.230712
0.002768
-0.284947
-0.448319
0.320434
-0.143124
0.163495
-0.562938
0.197489
0.408430
-0.739217
-0.836566
0.319960
0.067201
-0.494684
-0.037685
-0.625333
0.299898
-0.252063
-0.447228
-0.729848
-0.588209
-0.356837
-0.217681
-0.471384
-0.185007
-0.571835
0.193328
-0.498217
-0.389476
0.046800
0.522233
-0.538683
0.374956
0.363246
0.253762
-0.076423
0.046196
-0.346841
-0.806998
0.658339
-0.713261
0.359267
0.633030
0.178301
-0.295782
-0.291817
-0.653997
-0.863917
-0.004460
0.485735
0.545133
0.455514
0.292153
0.105029
-0.431768
0.105517
0.054329
-0.085271
-0.012583
1.130561
0.393893
-0.566591
-0.099057
0.542271
-0.255623
-0.671971
-0.096024
-0.086878
0.050537
-0.205680
0.082020
-0.769688
-0.207179
-0.302375
-0.158671
-0.022701
-0.012701
-0.142879
-0.272320
0.137013
0.713757
0.384328
-0.638084
-0.101273
0.317069
-0.475286
0.512003
-0.315448
0.712587
-0.362923
-0.086456
-0.201621
0.352424
-0.405163
0.280750
-0.035068
-0.314205
0.066674
0.094526
-0.159502
0.034405
0.173454
-0.540260
-0.638265
-0.001419
0.285071
-0.272833
-0.438950
-0.444415
-0.465493
-0.321749
-0.091982
-0.168919
0.252230
-0.754879
0.045495
0.435994
-0.830181
-0.358216
0.151507
0.149022
0.106245
-1.004314
0.248627
0.046471
-0.187842
-0.041741
-0.199657
-0.576334
1.047551
-0.640759
0.129836
0.538406
0.270792
-0.381867
-0.321572
-0.124057
0.826418
-0.110949
-0.171511
0.215727
-0.047054
0.355975
-0.239964
-0.505195
0.610714
-0.161958
0.214974
-0.182398
-0.127852
0.840838
-0.476368
0.360153
0.005547
0.111639
0.187895
0.482911
0.681612
-0.176397
0.302959
0.025405
-0.688023
0.284345
-0.162720
0.228287
0.426439
-0.432605
0.054893
0.086357
-0.163625
-0.157121
0.542815
0.683015
-0.008450
-0.214956
-0.150386
-0.196157
0.267580
0.323717
0.485202
0.059304
-0.049107
-0.494187
-0.403529
0.212879
0.085400
-0.030739
-0.053392
0.138450
-0.515053
-0.839608
-0.606738
-0.056079
0.952965
0.081560
0.287452
-0.067834
0.084840
-0.461933
0.232225
0.202711
-0.292629
-0.393830
0.493407
0.146866
0.207527
0.148859
-0.009822
-0.151780
-0.229664
0.148075
-0.059693
0.079460
-0.453355
-0.071627
-0.403673
-0.308619
-0.589172
0.140489
0.044854
0.052002
-0.738510
-0.043739
-0.416591
1.104189
0.094365
-0.263096
0.146395
-0.106974
-0.768762
-0.306020
-0.195941
1.037482
0.058806
0.595830
-0.322917
0.191867
-0.649297
0.722196
-0.486254
0.250431
-0.302075
-0.026133
-0.248383
0.247189
-0.302939
0.308756
0.570427
0.800381
-0.117381
0.362001
0.082327
-0.139612
-0.287893
-0.233787
-0.764449
0.058706
-0.124096
-0.556593
-0.554309
-0.071287
0.777797
-0.058700
-0.604630
0.346970
0.023021
-0.637787
-0.036637
-0.173834
0.165410
0.084709
-0.057585
-0.218798
0.322477
-0.227959
-0.735658
0.009374
-0.258139
0.410909
-0.506811
-0.190592
0.626935
-0.700625
0.694364
-0.215122
0.671635
-0.627859
-0.711539
0.010842
1.146213
-0.024681
-0.600086
-0.556348
-0.532902
-0.444208
0.415813
0.228374
0.084902
-0.420392
-0.195615
0.813984
-0.130772
0.257619
-0.532447
0.962404
-0.051739
0.047968
0.047851
0.332490
0.511865
-0.075781
0.177642
-0.454075
-0.101062
-0.271876
0.214569
0.324448
-0.179642
-0.524345
0.056619
-0.092419
-0.090470
-0.534047
-0.310708
-0.415798
0.348368
0.840498
-0.088983
0.291735
0.146254
-0.292263
0.077643
-0.064317
-0.259941
0.418046
0.141932
-0.501796
-0.133498
0.158834
-0.074616
0.606292
-0.230190
-0.456127
-0.499912
0.406128
0.231178
-0.478641
-0.377468
-0.390750
-0.857801
-0.148764
0.531390
0.096033
-1.008755
-0.035288
-0.235633
0.283344
0.571656
0.151783
-0.406204
-0.274173
-0.297869
0.092791
0.325195
0.140847
-0.323899
0.204322
0.041356
-0.587193
-0.022641
0.073710
-0.084889
0.378111
-0.342254
-0.255212
0.030367
0.046989
0.100805
0.377000
-0.417685
-0.122610
-0.420422
0.062368
0.218323
0.552307
-0.034632
-0.148750
0.249641
-0.766047
-0.435091
0.559051
-0.038994
-0.113442
0.284643
-0.445673
-0.338962
0.133831
-0.048603
-0.590168
-0.072188
0.686988
-0.330697
-0.385483
0.118632
-0.550448
0.092054
0.242632
-0.383398
0.433441
0.346791
-0.336727
-0.636786
-0.272216
-0.325800
0.697582
0.496192
0.553849
0.585701
-0.252347
-0.922340
0.290681
-0.521492
0.018290
0.945670
0.338366
-0.214231
0.523823
0.742043
-0.773728
0.443571
-0.288425
0.348503
0.439555
-0.248397
0.866028
0.273679
0.026080
0.574842
-0.201519
0.208562
0.078685
-0.294733
-0.164061
0.153310
-0.356450
0.673785
0.176087
-0.378638
-1.092779
0.317032
0.075704
0.195528
0.224402
-0.017657
-0.274289
0.769681
-0.735400
-0.319154
0.293861
0.468440
-0.419791
0.137870
-0.577189
-0.082068
0.127126
-0.465823
0.598307
0.168596
0.162829
-0.281813
0.383408
-0.392281
-0.210699
0.064641
-0.138581
0.091942
-0.224353
-0.436252
0.525891
0.322798
-0.296039
0.060442
-0.936650
-0.444435
-0.246132
-0.169846
0.054750
-0.046483
0.272126
-0.057412
-0.137909
