
Data:
0.174608
0.471196
-0.747063
-0.751629
0.198365
-0.310251
-0.737562
1.484086
-1.313665
-1.098435
-1.003329
1.788936
0.160747
0.322063
0.624546
-1.077191
-0.567167
0.019236
0.217894
-0.984074
0.455891
-0.276005
0.570763
-0.732293
1.885419
0.838019
0.187024
-1.466128
0.704266
-1.014895
-0.245820
0.086295
0.992131
0.636853
0.648943
-1.444893
0.062386
0.353683
1.047178
-0.098786
-0.173792
-0.028765
-1.479731
-0.715665
-0.601278
1.202996
-0.147345
1.297169
0.912610
-2.220956
0.399732
-0.236737
0.773854
-0.012004
1.474577
-0.200687
0.748238
-0.144798
-1.094904
1.078815
0.322389
-1.031112
-0.537566
0.331762
-0.305898
0.143919
-0.698706
0.817783
-2.051986
-0.604458
1.160142
-0.367597
1.875460
0.430628
0.402620
0.150671
0.768769
-3.178642
-0.679451
-0.495721
-0.564540
-0.540822
-0.989281
-0.036951
-0.491050
-1.494846
-0.945430
-0.254544
0.526470
0.345987
1.425981
-0.204608
-0.311694
-0.370889
0.337839
1.272917
-0.616891
0.125610
0.007544
-0.655586
-0.285392
1.496215
-0.558967
-1.280649
-2.480608
-1.868009
0.485949
1.276498
-0.236519
-0.293172
1.742301
-0.552408
0.206309
-1.158931
0.331848
1.419448
0.145748
0.768044
0.032610
0.953443
-0.885288
-1.568539
0.122680
-0.745732
0.272198
0.147326
-0.671540
1.447904
-0.852315
-0.894793
0.051321
-2.127227
-0.424804
0.677119
-0.534876
0.664550
1.821740
-0.239581
-0.765764
0.237264
0.419195
-0.715864
-1.475877
-0.919514
-1.771323
-0.751098
-0.562880
-0.133068
-0.044428
-1.472035
0.754167
1.057501
-0.191899
-0.328007
-0.605388
-0.202780
1.414230
-0.841199
-0.364478
0.395558
-1.808893
-0.638003
0.353645
-0.678407
-0.454103
-0.680282
-0.098826
0.295186
-1.551185
0.222108
-0.151812
-1.346185
1.701080
1.424182
0.185352
-0.112783
0.336883
0.418054
1.753221
1.060245
-0.422200
0.164569
0.625432
0.737649
1.144244
0.311284
-0.948618
-0.293455
1.129697
0.960532
1.324300
-0.573422
-1.150445
-0.123058
0.288837
-0.906791
0.256017
2.935989
0.418563
-0.509885
-1.831928
0.310699
0.414963
-0.569123
-1.603694
1.460286
0.100278
0.237203
0.147487
0.184276
0.923761
0.865083
0.894458
0.081287
-1.475423
-0.042675
-0.294924
0.198186
-0.376424
0.922751
-0.097402
-1.462848
-0.377778
0.031775
0.251804
-0.135324
0.276341
-0.545905
-0.872824
-2.191283
0.312538
0.099236
-1.153306
0.825993
-1.982041
-0.376468
-1.282209
-0.671087
-0.131583
-1.713466
-0.724874
-0.671278
-0.306592
0.596841
-0.879091
-0.404174
1.416018
-0.961263
2.446366
0.769186
2.395218
0.064165
1.523408
-0.674981
0.399591
-1.169693
0.670064
0.666581
0.933702
-1.108549
0.112408
-0.527694
0.606467
1.004233
0.946976
-0.124209
-0.146441
1.682332
-0.919160
0.935729
0.710138
-0.349260
0.161984
0.164919
-0.934808
0.952633
1.472202
-0.602340
0.644623
-0.900686
1.313149
-1.101424
1.364982
0.870907
0.023160
-1.046764
0.842997
-0.005054
-0.028910
0.944477
-0.439688
-1.673971
-1.173912
-0.368268
0.052246
1.293863
0.925766
1.881364
-0.690187
0.349686
-0.207115
1.041764
-1.497224
0.544445
-0.011319
0.422464
0.628635
0.364170
-1.222894
-0.954515
0.739710
-1.356353
-0.504017
0.482166
-2.582358
-0.191937
0.695551
0.217905
-1.452035
-1.319668
-2.319438
1.742239
1.134347
-0.839426
0.374063
-0.834104
1.344574
2.152568
-0.164188
-0.611142
0.800413
-0.791440
1.005699
-1.669657
-0.564072
0.628389
0.669014
3.618715
-0.740219
0.835964
-0.076265
-0.065309
0.344065
1.666578
1.247312
1.323929
0.574073
-1.128095
-1.129215
-1.785043
0.901999
-1.090258
1.437590
-0.218424
-1.073223
-0.829776
0.373725
-0.838626
0.032455
0.686594
-0.175098
0.124175
0.894451
-0.090979
0.066835
-0.705081
1.926126
-0.993957
-0.810272
-0.846359
0.291464
-1.018996
-1.083899
-1.761546
0.560804
-0.253602
-0.162923
1.238360
0.189365
-0.460274
1.397534
0.017416
0.655963
-0.816799
0.067637
0.998107
0.717310
0.565555
0.928902
-0.456218
-0.122843
-0.306801
0.456915
0.670141
-0.721083
0.455341
-1.056898
1.046897
0.782220
-0.157426
-1.715405
0.347545
-0.386614
-1.296667
1.938991
0.229898
-0.857292
0.746145
0.713519
0.604188
-1.730283
0.126533
-1.886609
0.612433
1.278886
-1.144889
0.211649
-0.857558
-1.257023
0.357543
0.646328
0.127472
1.381650
0.382824
-0.752787
-1.204984
-0.994669
0.345366
0.682972
0.313713
-0.002737
0.530242
0.549126
0.401424
0.145261
0.751640
-0.884384
-0.651599
-1.195961
-0.777512
-0.235551
-1.523885
0.234460
-0.027207
0.052157
1.687184
-0.142889
-0.356881
0.776028
0.224596
0.414517
0.219483
-0.574784
-0.358710
-2.058279
-0.623853
-0.395621
0.593778
-1.092118
-2.088593
-0.739708
-0.305500
0.512169
-0.088991
0.870977
0.096350
1.278522
-0.424617
0.539512
-0.619612
-1.050402
-0.493594
-2.902573
0.626876
-1.322483
0.524176
0.480359
-0.063934
0.205676
-0.093674
-0.044607
0.640753
0.532523
-0.500655
1.004012
1.172090
1.601212
-0.292293
-0.088449
0.483601
0.416486
-0.307011
1.200904
1.136539
-0.360387
1.426356
0.933311
0.819425
0.737008
0.045619
-0.899743
0.604498
-0.813059
1.023420
-0.708865
0.513234
-0.316488
-0.208354
-1.416276
1.728055
-1.240256
0.415231
1.608368
-0.626553
-0.385815
-0.646699
1.046731
-0.444468
-1.017442
0.900124
0.038272
0.252047
0.273787
-0.834927
-0.398813
0.586865
-0.721030
1.748328
1.407472
-0.466100
0.132068
0.188352
0.699446
-0.171772
-0.401664
-0.799840
-0.998557
1.710452
-0.623156
-0.979673
-0.150966
-0.122507
-0.914057
0.375385
-0.730782
0.605172
0.870179
0.699904
-0.397290
-0.918722
1.296308
0.187345
0.584617
0.087132
-0.097685
0.591189
-1.300460
-0.631208
-0.522567
-1.148994
-0.510349
-1.702672
-0.171185
2.076159
0.369830
1.183927
-1.226970
0.120317
-0.614678
-1.706339
-0.927416
-1.656125
-0.385348
-0.739296
-0.282226
1.889454
0.213654
-0.872366
-1.271639
0.297985
-0.509998
0.619982
-0.218761
0.569566
-1.016369
-1.450945
0.186652
0.479578
-2.213350
0.396602
0.883177
0.393196
0.634925
-0.699644
0.463080
-0.465612
-0.626462
0.912727
1.060654
-0.894158
1.805857
-0.722893
-0.690948
-0.791401
0.057016
-2.072093
-0.694600
0.765646
-0.714154
-0.530080
-1.197293
1.578073
-0.564205
-0.275717
-1.177172
0.927666
0.188566
-0.186115
-0.087970
0.515893
-0.690136
0.980166
-0.337936
0.190023
0.142872
0.787691
-0.168257
-0.659549
0.514860
-0.628757
-0.168544
-0.427632
0.807591
-0.423284
-0.008302
-0.968866
0.266765
-0.170210
-0.622229
2.992170
-1.451805
1.990452
0.873862
0.134844
-1.251889
0.266428
-1.303049
0.041162
-1.099801
-2.097730
-0.240397
0.728721
-0.172867
1.948381
0.977596
-0.855069
-0.414986
-0.271324
1.063735
-0.583323
0.553668
0.003314
1.419556
-1.691740
0.226565
-0.304115
0.257507
0.722671
0.309381
-0.132994
1.220358
0.575032
0.069121
-0.766719
-0.908745
-0.643089
-0.416550
0.452205
0.089977
-0.555549
1.717752
-0.635727
0.292061
1.688754
1.442875
0.181811
-1.132343
-1.041552
-0.266753
1.490160
1.910568
-0.200348
-1.214377
0.499231
-0.936694
2.125740
0.883735
-0.368510
-2.113186
-0.459847
-0.474170
-1.333099
1.419359
0.018137
-0.306565
1.194662
-1.296864
1.234852
0.330959
-0.814450
-0.555189
0.895438
0.629607
-1.000155
-0.381383
-0.618377
0.506257
-0.377779
-0.167438
1.953431
1.386797
0.623633
0.969677
0.312192
-0.252244
-1.022136
-0.408715
-2.722245
-0.480168
0.110027
0.720699
-1.000044
0.371226
-1.454953
0.757136
1.787040
-0.683885
0.983282
-0.782048
-0.085223
1.285186
-0.200436
0.799024
0.292193
1.337341
1.310877
-2.429329
-0.414251
-0.584000
0.134068
-2.197677
-0.243254
0.627402
0.126693
0.212494
0.206971
-0.553909
1.397517
-0.650463
0.683443
0.037191
-0.166538
2.527293
-0.547472
-0.523609
0.034349
-0.697776
-0.756580
0.345356
0.160042
1.234672
0.462180
-0.286744
-0.834818
2.132093
-0.252352
0.131568
-0.100583
0.341527
-1.507837
-0.561266
0.202574
-0.572860
-0.829238
-0.851394
-0.110362
-1.592337
0.960345
1.499629
-0.843233
-0.454474
1.381716
1.108401
-0.336248
-1.353118
-1.387286
1.221000
0.315582
0.396111
-0.580877
-0.140044
0.258557
0.595214
0.134424
-0.885194
-0.475252
0.427471
1.452025
-0.184329
0.508881
-0.098450
0.756402
-1.018775
0.259255
0.477821
0.837414
-0.177958
0.170082
-1.577796
0.025648
-0.704174
1.877057
0.166777
-0.106528
0.284468
-2.132016
-0.477880
-1.048189
0.582291
-1.064124
-0.676947
2.221862
0.242700
0.225421
-0.350554
0.982482
1.376930
-0.048557
-0.330483
0.051780
0.730639
-1.121954
0.890786
0.986747
0.147181
-0.283039
-0.102273
-0.371346
-0.945826
1.718856
0.880552
-0.353853
-1.116781
0.352984
0.661594
0.120060
-0.532314
-0.995469
-0.570141
-0.871704
-0.591343
-1.809542
-0.452455
-0.654961
-0.657500
0.317499
-0.342933
-1.009201
-1.485923
-0.538682
0.153610
-1.157157
0.797168
0.616605
-0.813217
1.297258
-1.349488
0.344458
0.095852
-0.800650
0.982772
0.328810
-1.545271
-0.430690
-0.090911
0.996830
-1.136470
0.608847
-0.727671
-2.026124
-0.784158
-0.519460
1.078149
-1.651073
-1.866530
0.630477
-0.330541
0.168945
0.316038
0.214455
-0.383226
0.095725
-1.277602
-0.240444
1.315933
1.129142
-1.316910
1.604769
-0.095721
0.819937
0.579673
-0.868733
0.362087
0.439455
0.842665
-1.801401
-1.220435
0.609856
-0.303899
-1.106109
-1.284988
1.640905
0.079036
-0.421912
-1.767778
-1.355737
-0.247535
-0.969957
1.027246
-1.568681
0.721720
0.138860
0.543361
-0.243008
0.955629
-1.023237
0.598912
-0.773241
-0.985656
1.461212
-0.353666
0.765430
0.917457
-0.262559
-0.535054
0.266634
1.321848
0.363600
0.664795
-0.531197
-0.124999
1.085152
-0.277863
0.813994
-0.300312
-0.087904
-1.433050
-0.458114
-0.043520
-0.189852
0.122757
0.683501
0.245467
-0.713762
-0.792389
-0.284284
-2.210782
-1.678960
1.130579
0.185381
0.871897
-0.594445
1.061467
-1.294999
0.304359
-1.510890
0.092480
-1.534263
-0.822905
0.152770
-0.587438
-2.099174
1.611313
1.261397
-0.424684
-1.390256
-0.656767
0.937354
0.914845
-1.523634
0.795451
1.061701
0.234424
-0.770326
-1.056578
-0.981073
1.338868
1.274048
0.712853
-0.025253
-0.095153
-0.011513
0.249432
0.942627
-1.112654
-0.684506
-0.689528
-0.007045
1.034742
2.063371
2.039981
-0.825296
-1.676435
-2.293778
1.781775
0.429683
1.369303
2.582691
-0.315490
1.244304
-0.579471
-0.980796
0.528067
0.125630
-1.186521
0.377583
-0.040308
0.489146
-0.032193
-1.401661
-1.027207
-0.678005
-0.487631
-1.539981
1.206569
0.566852
0.443140
-0.268663
-0.427565
1.332187
0.392212
0.274511
-1.760948
-1.255116
-1.423972
0.622057
0.797768
-1.046754
-1.435115
-2.365315
-0.017102
0.932375
-0.606781
-1.311131
-0.764843
1.379947
-2.326709
-1.498824
-1.303168
-0.539151
-0.774485
-0.124254
-1.326390
-1.118021
0.686651
1.050117
0.666507
-0.535182
-0.139009
-0.036953
-0.382443
1.145708
0.751016
0.589389
0.971981
0.628669
0.000135
-0.373919
1.974715
0.295341
-0.830784
-0.171201
0.045695
-1.204683
0.706103
1.607295
2.388845
-0.451106
-0.724093
0.258688
1.086709
0.311050
0.461196
-0.405933
-0.491803
0.368305
1.155272
0.068571
-1.353634
-0.480938
0.593469
0.536338
0.737769
1.491245
-1.253818
-1.300913
-1.780771
-1.159014
-0.565569
-0.494211
1.534115
0.332767
-0.428092
-2.042939
-0.368403
-0.482233
0.422221
0.988004
1.691440
-1.112743
0.834411
0.439864
-0.425026
-1.548488
-0.357089
1.721181
0.892757
-1.047757
0.816241
-2.154576
0.162204
1.246152
-0.301581
0.475015
0.789812
0.524863
-1.048456
-0.166356
1.963632
0.715834
-1.282596
-1.477613
-0.093623
0.205028
-0.726440
0.689350
-0.580222
0.218941
-0.727219
-0.230749
0.029212
0.340619
-0.413302
0.171342
0.670325
-1.475824
1.212582
0.421898
1.484581
1.639958
0.520984
0.400606
-0.449411
-0.354523
-0.265505
1.417048
0.053953
0.290396
0.141247
0.027851
-1.210103
0.628012
-1.529844
1.451101
0.181000
0.057254
1.110672
-0.015801
-0.171983
-0.565192
-1.506315
0.510137
-0.286014
1.182165
0.045422
0.355721
0.738020
-0.479584
-1.288359
0.420465
0.900863
-1.095811
0.822863
-0.415150
0.466552
0.425592
-0.139818
0.519746
0.473586
-0.522793
-1.354581
2.911111
0.448459
0.095645
-0.340477
-0.875901
0.497751
0.713563
0.300246
0.735566
0.005756
0.593853
-0.688164
0.490571
1.265215
0.443193
-1.865372
-1.486899
1.073101
0.422278
0.587654
0.203690
0.209048
1.351867
0.920267
-1.132410
0.427559
-1.113145
-0.551960
-0.637294
-0.482920
-0.379878
2.444076
-0.535553
0.202481
-0.459450
-2.027812
-0.329814
0.008793
0.655029
-0.098167
-0.726743
-0.798477
-0.483152
-1.799242
-0.143793
-0.446637
-1.703887
-1.058917
0.048997
-0.076351
-2.602034
-0.189871
-1.851776
0.997652
-0.451126
0.567105
-0.516220
0.385568
0.032512
-0.212161
-0.836868
0.494704
0.931263
-0.085512
-0.394594
-0.333076
0.556770
-0.413912
-1.429538
1.315841
1.969891
-0.555250
0.762924
-0.296450
-0.561222
0.527501
-0.621152
1.527801
-0.174823
0.933562
-0.085155
-1.360509
-0.757549
1.857832
-1.906811
1.572576
0.807819
0.126318
0.293444
-0.283208
0.002163
0.722707
-1.947201
-0.740019
-0.464063
1.405135
1.980255
0.446484
-1.321261
0.255342
1.412934
1.065671
-1.291446
0.441231
0.041894
-0.635214
-1.687384
0.848085
-0.525305
0.457691
-0.245229
0.997471
-0.349874
-1.139813
-0.205224
1.054614
-1.516223
0.012627
0.486093
-1.177824
-0.391855
-0.470197
-2.361049
-1.303275
-1.221963
-0.026383
-1.201334
-0.343903
-1.476742
-1.880397
-1.084525
-0.440822
-1.429359
-1.354465
1.289081
0.720822
1.095126
1.015434
1.245235
-0.691610
1.155118
-0.618337
2.133846
1.353092
-0.813804
0.275218
0.551544
0.509097
0.935990
1.035569
0.604460
0.539992
-0.341668
0.449476
1.051135
-1.402820
0.844868
1.851616
1.840348
0.152780
-0.215947
1.123128
1.966395
0.674151
1.727388
0.560852
1.226661
1.279245
-0.861462
0.412992
0.456600
-0.942090
-0.373489
-2.957563
-0.010710
-0.040973
-1.933119
1.020563
-0.942315
-0.482941
0.189147
-1.049353
-0.916336
-1.572355
-1.488047
-2.133793
-0.774641
0.615752
-0.578674
-0.360204
1.154658
0.955823
0.401726
-1.315789
0.330717
-0.864421
0.699965
-1.280414
-1.270655
0.608052
0.081749
-0.427906
-0.779670
-0.626131
-0.168857
-0.203053
-1.425288
-0.043893
-0.582547
-1.369194
0.386796
0.962635
0.048302
-0.323526
1.782325
-1.121375
0.589166
0.525243
0.623352
-0.290910
-0.585897
-0.566108
-0.220644
-0.231425
1.222106
-0.014634
-0.722794
-0.419357
0.660077
1.925589
0.301378
-1.101946
0.048284
-1.336781
0.250858
0.597616
0.788494
-0.565804
-0.125016
1.666382
0.893867
-0.470417
-0.151680
0.094439
-0.398755
0.128506
-0.497508
-0.917182
0.892336
0.079205
-0.975582
0.648014
0.532797
0.602240
-0.515539
1.248120
-1.178628
0.514918
-0.421560
-0.045696
-0.131270
-1.749429
-0.211619
-0.545640
-0.908969
-1.097948
1.010751
0.644173
-0.643105
0.539425
-1.890884
-0.440009
0.549915
0.929682
-0.035575
-0.145178
0.504684
-0.785451
-0.214877
-0.609400
-1.576171
1.574370
1.250363
-1.143279
0.021757
-0.308324
-0.784923
-0.365941
0.107800
-1.148244
-0.469973
-0.293574
-0.149108
1.144332
0.115012
0.698557
0.468795
0.524794
0.712427
-0.656595
-0.818358
-0.170004
0.224663
1.162304
0.948570
-0.698641
-1.263941
-0.324274
-1.133109
-0.940120
-0.294363
-0.794327
1.005026
0.325247
-0.905525
-0.502629
0.731561
-0.965079
-0.025744
0.309802
-0.292412
-0.483310
0.260275
-1.407172
-0.666695
0.887440
0.188919
0.122011
0.495842
0.367963
-1.209880
0.504098
-0.564184
-0.607904
1.399572
-0.070191
0.913022
0.042546
-1.684332
-0.015844
0.547853
-1.552973
-0.364097
0.468410
-0.237663
-0.665376
-1.046284
1.609159
1.218447
-0.177325
0.188449
-0.368918
1.653130
-0.887987
0.957226
0.906177
-1.007141
0.714047
-1.698102
-0.510098
-1.447635
1.248167
-1.253111
0.046919
0.843411
-0.028081
-0.052062
0.435632
-0.194450
0.271637
0.070685
1.116600
-0.152434
-0.841932
0.601711
0.685169
-1.204428
-1.132213
-0.420504
0.798766
0.433761
-0.845606
-0.461240
0.472672
1.544410
-1.368296
-1.186265
-0.759255
0.188374
0.035201
0.089537
0.283405
0.093338
0.894029
1.617067
-0.648801
-0.128928
-0.531154
0.255916
-1.229546
1.414534
-0.383435
0.559734
-0.009922
-0.531929
1.301975
-0.646854
-0.346679
1.091532
-0.240740
-1.513867
-0.558617
0.689858
0.478272
1.037045
0.269787
-1.101247
0.344399
0.235141
0.298536
-1.120908
0.302030
-0.847460
0.495589
-0.652379
-0.227047
-0.092586
0.866571
-1.048968
-0.933920
0.018261
0.654815
0.627631
0.151194
-0.816583
0.931754
1.679096
0.131159
0.636339
-0.439447
1.506530
0.580733
-0.022569
-0.706993
-0.065689
0.222732
0.554613
-0.303064
-0.933916
-0.320341
-1.348541
-0.106960
0.432906
0.408793
-0.258806
0.860586
-1.006604
-0.921756
1.280494
-0.920532
1.163282
1.463370
-1.219411
-1.085214
0.694191
-0.224525
0.772601
2.332847
-0.494042
1.893281
3.699810
-0.720547
-0.546723
1.067323
-0.032660
-1.199353
0.876941
-0.562061
-0.446432
0.987351
-1.312886
0.291862
-0.964593
0.676868
1.264757
-1.841625
1.384373
0.932731
1.590762
0.066346
-0.608247
-0.189836
-0.522796
-2.286651
0.145272
0.407662
-1.005026
1.448658
0.013151
0.471787
2.024626
-0.220569
-0.416703
0.783064
-1.206876
-0.606652
-2.336745
1.364046
0.565330
-0.625337
1.323532
0.195686
0.272458
0.912502
-2.499778
1.133995
-1.041402
0.232166
-0.113214
-0.702446
1.927133
0.661475
0.841773
-0.695717
-1.616280
-1.524429
-0.463600
-0.941370
0.158307
-0.339158
0.656756
-0.235619
-1.788849
-2.033527
0.648702
-1.105396
0.175401
-0.846467
-0.086173
0.470664
-1.041029
0.162327
-2.345889
0.221434
0.052866
-0.975475
0.347345
0.157261
0.784069
0.213640
0.289225
0.902420
-1.415473
-0.325563
-0.337628
1.618130
0.806200
-0.163883
-0.373094
1.627571
0.963030
0.119222
0.191728
0.999784
0.794869
1.849445
-0.673357
-0.070465
0.137080
-1.809751
1.671425
0.120971
-0.457039
-0.542196
-0.534534
-0.620842
1.175771
-0.721839
-1.219669
-0.111130
-0.071375
0.819657
-0.526188
-0.632608
0.492085
-0.669967
0.294479
0.122068
-0.205932
-1.325580
-0.111871
0.412594
1.596811
-0.420511
-0.785122
0.506174
1.171341
0.445673
-1.761917
-0.270426
-2.540916
-0.139755
0.914218
0.019762
0.091859
0.934450
0.597722
0.275452
-0.672363
-0.267747
0.152209
0.758120
-1.349094
-0.876228
-0.406606
0.092221
-0.438516
1.051924
1.071141
-0.947038
0.152475
0.253169
0.211743
0.486547
1.095337
-0.366431
-0.243348
0.267919
-0.077157
-0.769041
1.796169
2.512320
0.129006
2.476436
-1.562998
-0.853261
-0.738101
1.622326
0.664982
-0.677197
0.841245
-0.768024
1.488104
0.040561
-0.224536
-0.079155
0.390593
-0.228024
0.952056
0.674379
0.751874
-0.131883
-0.879214
-0.081623
0.631065
0.373784
-1.308264
0.307948
0.130913
-0.696729
1.056279
0.501174
-1.511615
-0.149870
0.014554
1.737448
0.741719
0.601159
1.890181
0.694751
1.248232
-0.263545
-0.752056
-0.132557
-1.709531
-1.278897
1.792259
-0.790628
-0.343368
-0.513095
1.983434
-0.051255
1.059634
1.079271
-0.697173
0.309008
-0.806107
1.320643
-0.512830
0.944063
0.879780
-1.489776
0.906277
0.100495
-0.564316
-0.584843
-0.746737
-0.150188
-0.179675
-1.548704
-1.936961
-0.681932
1.482257
0.338883
1.740578
0.154933
-1.276043
-0.457353
0.741797
-0.730022
0.270753
-1.575013
1.370008
-1.218951
0.686742
-0.139994
0.569854
-0.827070
0.297073
1.203030
0.460604
-0.129911
-1.248765
-0.775961
1.925967
0.467046
1.230050
-1.479856
-1.268849
0.192415
0.052901
0.024224
-2.055839
1.367968
-0.787336
-0.699112
1.856296
1.435764
-0.407340
0.941705
-0.931220
-0.779524
1.059454
-0.249935
1.052022
0.172957
1.305148
-0.908228
0.921975
-0.399673
1.155698
-0.650275
-1.049197
-0.494673
1.289106
1.448804
1.582228
0.596580
0.174563
0.248702
-0.430784
-1.135855
-0.748871
-0.091607
1.169856
1.284793
-1.051600
2.204932
0.415770
-0.474192
-0.136758
-0.369998
0.141946
-0.169166
0.653070
-2.270549
0.509945
0.619978
0.048182
-0.012878
-1.454161
0.495228
0.623486
1.569566
1.995094
-0.132788
0.350782
0.550899
-0.482367
0.961467
0.169281
-0.364343
-1.264068
-0.025059
-0.307130
-1.141237
0.902715
0.276994
-0.414406
0.623319
0.749071
1.108656
-0.426586
-0.219972
1.304178
0.099067
-0.102502
0.395462
0.452669
-0.815734
-0.326120
-0.033319
0.330281
0.236704
-1.171175
1.069589
-1.023817
-0.393427
-0.641482
0.030596
0.760978
2.296540
-0.708530
-0.259437
1.482192
-0.613503
0.814930
-0.756529
-0.843517
-0.819849
0.922949
-0.258110
0.518603
-0.346638
1.902213
0.238801
-0.898030
0.480383
0.134774
-0.980426
0.684269
-0.589356
-0.577734
0.225089
2.466419
-0.339398
-0.591576
0.125416
0.837411
0.208922
0.806377
0.256622
-0.090634
1.538131
-0.687789
0.294753
-1.241663
1.366165
1.361419
-0.282289
-0.551956
1.121472
0.145255
-0.073158
0.753689
-0.301838
1.232838
0.299951
-0.279279
-0.734004
0.708291
-0.460583
-1.130599
-0.137552
-0.333936
0.154070
-0.546685
1.523910
0.801132
0.782262
-0.072528
-0.211759
-1.314809
1.067930
0.627530
-0.913398
-0.174748
0.660720
-1.072351
1.271716
-1.273806
-0.476238
0.082891
0.024360
-0.594872
0.904876
-0.764599
0.515892
-2.576075
1.146175
-0.592439
-0.415462
0.419031
-0.201533
0.236638
-1.035164
-0.898222
0.409298
-0.022510
-0.345774
0.071171
-0.801053
-2.455553
-0.291459
0.153798
-0.599492
-0.231685
-0.975372
-1.332218
0.553908
0.548858
-0.201396
-0.524135
-0.222892
0.324773
0.589593
-0.603082
0.703503
1.033001
-1.392541
-0.280590
0.555557
-0.251201
0.906591
-0.414246
1.494696
0.273912
-0.205854
0.181309
0.565606
-0.017968
-0.322165
1.170059
0.605320
1.242567
-0.144006
-0.456227
-0.354318
-0.141273
0.171450
-1.037343
-0.505971
1.258478
-1.373295
-0.596948
1.053895
0.460885
-1.847834
1.542402
0.433758
0.661675
-0.158588
-0.030790
1.046819
0.186084
0.214813
-1.341049
0.024990
-1.439841
0.010921
-0.039075
1.394936
-0.932816
0.109317
-0.637794
-0.242234
-1.006753
-1.777915
0.991853
-0.318336
0.546772
-1.663172
-2.179889
1.067688
1.255879
-1.056229
2.096452
1.091891
0.998751
-1.497801
0.411259
1.684415
-1.029083
0.591022
-0.991675
-0.762656
0.000169
-1.231036
0.559156
1.757985
1.002462
-0.218954
1.096340
0.203336
-0.080375
-0.138665
2.169248
-0.965820
0.421829
-0.321928
0.060633
0.967359
1.214603
-0.877258
-0.072812
-0.766559
-0.878580
0.081369
-2.654793
1.734982
-0.593721
-0.076110
-1.337041
0.187966
-0.098235
0.231780
1.179436
-0.232467
0.479321
2.493344
-0.500257
-0.724876
-0.141404
-0.011262
-1.020738
0.375749
-1.222625
-0.895543
0.221668
1.278293
-0.452173
-0.064958
-1.134758
-0.983255
-1.031206
0.181213
-0.267604
0.636898
-0.773675
-0.922590
-0.028173
-0.346729
0.244188
-0.134624
-1.123224
0.370471
0.048704
-0.603721
-0.825587
-1.782310
1.197593
-2.926476
2.000851
-1.066653
0.132875
-0.586471
0.584581
0.735671
-0.415544
2.275890
0.392854
0.836843
-0.961677
-0.231175
1.904966
-0.705704
0.354410
-1.632756
-0.077146
0.019377
-1.384217
-2.627603
0.280932
-1.679666
0.062705
0.421927
0.317966
-1.761537
-1.337489
0.163164
-1.176950
-1.033684
-0.119882
-0.904165
0.316363
0.183110
1.640321
0.130000
0.993824
0.005303
-1.380094
-0.836037
-0.906582
0.683195
0.066906
-0.085210
1.273576
1.760083
0.792180
-0.832480
2.038409
-0.064022
-0.664813
-0.158225
1.603635
-0.869804
0.733745
-0.408981
0.109014
0.316489
0.505185
1.473182
-0.394197
0.743062
-0.285485
0.272198
-0.089349
-2.019258
1.616759
0.023314
0.016513
1.009884
1.128403
-1.511074
-0.746977
-0.377798
-0.927283
-0.111841
-0.494071
-1.680989
-0.216501
-0.013486
-1.795221
2.520219
0.295726
-0.533535
0.004834
-0.880592
-2.119001
0.720970
-0.115073
0.484011
1.396930
-0.073533
-1.690510
0.718755
-1.273286
-0.691220
-0.785857
0.846695
-0.716144
0.277060
0.469462
-1.178228
1.185954
-0.223111
0.721592
-0.016364
1.377453
2.512852
0.263659
1.544922
-1.192095
-0.093760
0.075732
-0.436186
0.672912
-0.853766
0.146363
0.102034
-0.166717
0.498366
0.680789
1.469315
1.665606
0.226243
0.015678
1.744962
0.187101
1.814142
0.305029
1.475611
-0.570408
0.964070
-0.933831
0.306862
1.072378
1.020237
-0.987013
0.653963
0.514796
-2.000735
0.501872
1.819367
-1.075741
1.129263
0.340417
-0.168948
-0.898557
-0.524317
-0.217002
-0.043336
-0.449334
-0.789009
1.759559
-0.170961
1.371334
-0.505053
-0.000586
-0.283522
1.419845
-1.309434
-1.623698
0.531571
-2.126234
-0.469953
-1.543476
-0.244633
2.314611
-0.096228
0.022404
-0.481375
3.252951
0.285717
0.865872
-0.440185
0.159153
-0.831119
0.507120
0.299121
-0.610357
0.299574
-0.444604
0.156437
0.361902
-1.102142
-1.036311
-0.720097
1.098296
-0.379183
0.649566
1.131553
-0.372209
0.193732
-0.527649
0.426098
0.659185
0.540364
1.821275
1.740852
0.320052
-0.421522
-2.076393
0.334974
0.258507
0.654584
0.171966
-0.467890
0.681712
0.008806
0.038408
0.228772
-0.601562
0.427870
1.211407
-0.335064
0.533741
-0.387411
-0.687227
-0.736390
0.141587
-1.200064
-0.562135
0.007235
1.170421
-0.632864
-0.434707
-0.149757
1.722337
0.788740
2.067714
-0.451113
-0.888942
-0.247787
-0.389861
-0.596228
-0.355545
0.269902
-0.279870
0.981979
-0.685293
-0.036222
-0.971390
0.246639
0.572779
0.944217
-0.790170
-1.254441
0.382075
1.029923
-0.254258
1.023184
0.131921
-1.809759
0.531317
0.095008
-1.153721
0.177881
-1.575546
0.234853
0.022206
-0.700144
0.200333
0.748000
1.408309
-0.931185
0.879818
-0.471968
0.400383
0.067732
-0.448702
-0.032348
-0.631737
-1.349012
1.273012
1.497140
0.414130
-1.335490
0.344750
0.467239
-0.523448
1.030413
0.773828
-1.328527
1.394991
-0.598453
-2.487438
-0.545120
0.612380
0.604141
0.912930
-0.790359
1.227876
-0.816945
0.162599
0.094469
0.179362
-0.327018
0.359288
-0.835394
0.059924
-0.551978
2.143507
1.982287
0.505616
-0.426774
-1.284114
-2.522686
-0.250412
1.138030
0.745141
-0.618992
-1.148144
-1.345011
-0.481948
0.291498
-0.195936
0.660962
0.469585
0.094151
0.356981
-0.591327
1.944969
0.181288
-0.441882
-1.336453
-0.030187
1.378844
-0.399508
1.222837
0.783700
1.264404
-1.058311
2.914491
0.477334
-0.756330
0.569113
0.668697
0.091146
1.829697
0.590556
-0.647535
0.068663
-0.265504
0.211946
0.862015
-0.401142
-1.875566
-1.391830
-0.084090
-0.588455
-2.263324
-0.758091
0.011693
-0.637967
-0.644624
-0.218379
-1.131024
-0.562649
0.717301
-0.784016
-1.876841
0.817442
0.761795
-1.301326
-0.546324
0.055148
0.515524
2.946894
-1.455949
0.844644
0.311619
0.245284
-0.924842
0.418837
-1.047695
-0.180672
-1.104837
-2.207297
0.662118
1.013004
0.125537
2.218507
-0.284455
-0.194892
-2.066940
-0.254451
1.265893
0.631029
-0.293202
-0.231596
-0.712260
-0.314350
-0.321327
0.693577
0.015184
0.069524
0.067383
-0.824470
0.692228
0.221092
0.833813
-1.722832
-0.103710
0.316211
0.335934
0.580342
1.206088
0.776050
-1.443151
-1.291194
-1.019050
0.430127
-0.064906
-0.116070
1.436413
-0.658522
-0.011709
-1.577449
-0.089131
-0.969962
1.482762
-2.313156
1.092389
0.397131
-0.263242
-0.487638
0.536350
-0.574712
-0.916840
-1.185792
0.236008
0.517513
-1.189717
-0.363570
0.907587
-1.307807
0.502065
-0.295485
1.353834
-0.155706
-0.414309
1.330321
-0.900270
-0.187712
0.541123
0.883540
0.356020
0.893208
0.280726
-0.521707
0.789189
1.290547
1.454906
0.091073
-0.998389
0.832482
1.695047
-1.160284
-0.320589
0.879759
0.665026
-0.895669
-0.025020
-0.088238
0.947072
-0.793482
-0.847785
-1.214447
1.728041
0.572319
0.867135
0.635278
0.590318
-0.791735
-0.008699
-1.249227
0.459213
-0.211453
-1.094681
-0.678899
0.107308
-0.043740
1.294523
0.262012
0.853680
0.334479
1.141956
-1.941011
-0.861103
-0.851180
1.430043
2.246389
-0.804984
-0.013508
-0.511762
0.105414
0.519166
-1.525571
0.272858
0.465833
0.660442
0.603727
-0.003186
-1.033135
-0.190127
-0.306119
-0.575475
-0.313578
-0.465912
-0.104088
0.236929
0.232217
-1.480163
-0.353309
0.480161
-0.122988
0.553639
-0.102394
0.914962
1.247013
1.583910
-0.891597
0.663255
-0.600228
0.530887
-0.139367
0.136481
-0.165172
-0.533944
-0.475729
0.155266
1.268391
0.089033
-0.167270
-0.526315
-1.040239
1.778991
-0.034025
1.120381
-0.279736
-1.234113
0.010138
-0.611600
-0.333818
-1.226939
0.560375
-0.226272
-0.512195
1.915631
-1.791746
-0.296659
1.438789
1.001316
0.452396
-0.708972
-0.981024
0.424739
-0.221416
0.611033
0.396090
0.211822
-0.833887
1.839057
-1.250169
-0.346501
0.660860
1.055043
-1.638145
2.105587
-1.395094
-1.746792
0.889590
-0.448691
-0.635494
0.261649
1.366948
1.067330
-0.035769
-0.513884
0.075710
-0.272882
-0.906926
0.382845
-0.774343
-1.282715
0.929793
1.235238
-0.677103
0.652280
-0.926192
1.226841
-0.176002
-0.146860
-0.303570
-0.751777
0.248345
-0.074493
-0.064296
1.203472
-0.128714
1.328296
0.090008
-0.504267
-0.569647
-0.120079
-0.902966
-1.747926
0.884632
-0.857284
0.685775
0.601810
0.445176
-2.038588
-0.422718
0.811667
0.874901
1.133876
-0.250298
-1.036492
-0.360967
-0.163875
-0.702733
1.105497
0.724512
0.908143
-0.939939
-0.143566
1.313599
-1.177820
-0.352035
0.160047
1.034733
-0.824588
-1.023190
0.096638
-1.240141
0.347575
-0.716970
-1.354739
1.716899
0.621829
0.166280
-0.128093
-0.331823
0.660890
-0.720914
-0.237614
0.993784
0.068918
0.804406
0.316073
-0.965100
1.647233
-0.443537
1.583096
0.940361
-0.507108
-0.262229
0.280169
-0.375821
2.187446
-1.041048
-1.128800
0.538965
1.404675
0.000715
0.863117
0.736492
-1.254195
-0.778772
-2.116745
-0.316965
1.766688
0.317682
-0.739487
2.615919
-0.203918
-0.650574
1.706130
1.662333
-0.541128
1.562620
0.272758
1.056471
-0.770130
0.295630
-0.292350
0.099341
-0.151411
-0.969573
0.831965
0.349717
-0.644274
-0.702992
-1.797328
0.196551
-0.600930
1.179790
0.089908
0.168880
1.635882
-0.645025
0.444327
0.945728
-0.206049
-0.190961
0.552161
-0.898445
1.192389
1.656797
0.630750
1.030487
1.289416
-0.140970
-1.280994
-0.615162
0.623490
0.442650
2.688103
0.235567
0.669343
0.367635
-0.371306
-0.158101
-0.010368
0.806833
1.058165
-2.695139
-0.198396
-2.523994
-0.590936
0.575401
-1.812749
0.139183
0.757702
0.154815
-0.774531
-0.901688
0.306875
-0.029312
0.941115
0.397196
1.172902
-1.059047
-0.800539
-0.459555
-0.149828
-0.271862
0.344838
-1.519283
0.899310
1.413824
0.577494
-1.056873
-1.437363
-1.583417
0.564442
-1.218392
0.900026
0.855904
-0.264347
1.461101
1.128445
0.496261
-0.771168
-0.336204
-2.351715
-0.312620
1.380324
0.147795
-1.247590
-0.883261
-0.707417
-0.330924
-1.383609
-1.166073
-0.113899
1.254011
-1.192874
0.543693
-0.239982
-0.043175
1.104456
0.045228
1.262051
0.215088
1.048282
-0.511610
0.414072
0.753613
-1.113260
-0.096742
-0.966018
-0.054690
-0.355330
0.756090
0.053648
-1.040449
-0.182738
0.800793
-0.032955
0.042899
1.061321
-0.453717
0.247412
1.137829
-1.330193
0.981024
-1.070065
1.076868
2.358821
0.642785
-0.306391
1.076983
1.238743
0.670115
2.059730
1.298754
1.080264
-0.667506
0.381545
-0.978356
-0.694594
0.091088
2.197225
1.167702
-0.246557
0.415039
1.484985
-0.333518
0.795969
0.387813
-0.728780
-1.118649
0.620341
-2.004663
-0.223257
0.364731
-0.870529
0.971444
-0.806269
0.832105
-1.192008
1.256539
1.425121
-0.195273
-0.644037
1.200565
0.094598
0.701142
0.333807
0.845633
-0.274404
0.891132
-0.330293
0.730850
-0.944970
1.067692
0.653981
-0.382575
0.174854
-0.352702
-0.051568
0.445915
2.305011
-2.051553
0.066745
-1.033945
0.017801
-1.863055
0.820681
-0.916960
-0.069520
0.069846
-0.750223
0.669018
0.828463
1.253055
1.503552
-2.135002
0.287652
-0.617672
-1.995634
-0.491962
-0.901188
-1.662281
0.220070
-0.555081
-0.969661
-1.907984
-0.345787
-1.189141
0.263612
0.594723
-0.839038
1.597219
-0.939055
-1.676797
0.485626
-0.156140
0.067057
-0.881969
-0.343972
-0.572529
0.145921
1.451111
0.586170
0.428420
0.265156
-0.793838
0.327002
-0.337658
-0.089476
-1.359806
0.262476
0.723608
0.011330
-0.445190
-0.414783
0.431915
-2.832556
1.039104
0.423971
-0.076498
-1.518086
-1.303535
-0.015779
-0.373664
-0.403322
0.469921
1.066079
0.799373
-0.851655
-2.106318
-0.280448
0.927661
0.993790
-0.650229
-1.632468
-0.210858
0.739450
-0.970258
-0.263851
-1.280479
0.363542
0.348476
-0.033383
0.122768
1.101990
1.064652
-0.510108
0.537956
-0.233001
-0.786711
-0.871528
0.825373
-0.221382
-0.535425
1.228071
-0.444845
0.191263
-1.829636
1.241820
-1.224475
-0.096888
1.662835
-1.398980
0.377022
0.118411
-1.108291
0.101621
-0.521905
-1.069709
-0.172717
-0.215788
-0.172931
-1.311453
-0.621788
0.561062
-1.345451
-0.892907
-0.298589
-0.291512
-1.304508
0.698656
-1.262637
0.368867
0.987587
-1.118638
-1.164631
-0.340071
0.107729
-1.847051
0.728164
-0.296039
-0.574949
0.405118
1.065458
-0.423502
0.486559
3.355982
1.305241
-0.415843
1.252683
-0.388072
1.391838
0.031889
0.447268
-0.593899
-1.151620
-1.627404
-1.210510
0.847830
-0.610644
0.584105
-0.349516
-1.648213
-0.011094
-0.187657
0.182861
0.847671
-1.179383
-0.065515
0.555814
0.374526
-0.320979
-1.002561
0.138481
-0.867074
0.296918
-1.167356
0.577250
-0.696799
-0.415632
1.027580
1.711801
-0.040028
0.524137
0.417633
-0.020735
1.221138
0.444727
0.954581
-1.115363
0.943926
0.633635
0.574092
-0.205380
-0.028627
-0.890261
-0.376416
1.313654
0.061657
1.030083
-0.648467
0.823325
-0.074169
-0.607977
-2.134612
1.704818
-0.419114
-0.606608
0.085083
-1.382926
-0.125027
-0.443476
-0.015546
-0.169025
0.163538
-1.392828
-0.404528
-0.655523
-0.137958
0.374361
-1.010498
2.083357
-0.025542
-0.753648
-0.735507
0.693455
1.469614
0.020844
-0.153904
-0.829273
-0.145645
-0.270282
0.118884
-0.732268
0.068833
0.103193
0.982959
-1.251059
-1.527265
0.752841
-0.559379
0.022867
1.905523
0.781151
-1.474272
-1.755637
-0.510116
-0.969798
0.706013
1.661924
0.091893
0.728456
0.186218
-0.071816
1.588223
0.425568
0.905590
0.526294
0.048094
1.241813
-0.985086
0.027755
-0.052577
-1.232066
-1.428747
-0.557909
-0.015584
1.037779
-0.808756
-0.145342
0.218129
0.046975
0.295788
-0.151972
0.216036
1.003627
0.064718
0.224318
1.422419
-0.753936
-0.118933
-0.117503
-0.624124
-0.858057
0.249778
-0.071754
-1.568088
1.136589
-2.097082
-1.606887
0.723046
-0.678921
0.367711
0.246728
1.128135
-0.587581
-0.189538
0.067801
0.476785
-0.504293
-0.977820
1.277917
-0.281866
-0.679690
1.875701
-1.458646
0.710768
-0.883523
-0.287674
-1.151694
0.524919
0.732267
1.257056
-0.125576
-1.679044
0.884639
0.080257
0.790794
-0.897869
-0.218370
-2.276810
1.010372
-1.013944
0.256138
-0.246507
-0.885967
-1.351403
-0.151976
1.762151
1.574244
-0.464800
-1.468117
0.653996
0.314189
0.140150
-1.630538
1.612330
-1.991247
-1.231408
-1.082642
-0.379329
0.902831
-1.537726
0.311658
-0.835837
0.757093
-0.639602
0.008848
-0.120445
-0.903565
1.378364
-1.839300
-0.176028
0.136016
0.743320
-0.427189
0.853056
-0.795259
0.092011
0.974663
1.559232
-1.374348
-0.098112
0.973518
0.210099
-0.504568
2.372902
1.920130
-0.367743
-1.916736
-0.068911
-0.449156
-0.050947
-0.539777
-1.334015
0.191813
0.100013
1.945934
-0.624800
-0.315248
0.104072
0.216955
-0.801376
-0.880851
-0.245415
-0.004760
0.795739
-0.037791
0.894252
-0.775349
-0.314033
-0.691028
1.517653
0.314630
0.843553
0.856979
0.835356
-0.100779
0.283916
-0.172558
0.126148
0.036094
-1.320538
2.327041
0.290034
0.253896
0.577441
-0.534447
1.810194
-0.000452
-1.201368
0.718936
0.032241
0.274017
-1.527002
-0.342752
2.412083
-0.765713
-0.371084
-1.032186
-0.993977
-0.677778
1.179077
1.906526
1.955254
-0.840007
0.000281
0.732458
-0.784984
-1.141789
0.056059
-0.998943
-1.198636
1.045862
-0.810269
1.552948
1.556051
0.359186
0.367942
1.294656
-0.187705
0.906400
0.324026
0.183561
0.890193
0.497934
-1.016982
0.084021
0.150974
-0.679178
0.181576
-0.358293
0.528356
-0.699744
1.249424
-0.278465
1.356313
-0.121967
0.688075
2.232028
0.675768
-0.677760
-0.385665
-0.897336
1.419191
-1.703840
0.865754
-0.773012
-0.193438
-0.256924
0.703067
-0.790757
0.556198
-0.573264
0.207661
0.265682
-0.775287
0.874871
0.849002
0.540306
-0.758725
-0.950155
0.086874
1.364092
0.666537
0.049414
-0.829287
-0.829880
-0.166314
-0.787387
-0.251181
0.581142
0.113865
0.053656
-1.708277
-0.246346
0.348114
-0.345367
-0.129065
-0.630210
-0.647843
1.487885
-1.041565
-1.167455
-1.631742
0.556102
-1.240829
0.232649
1.788628
0.302174
-0.156115
0.267591
-0.198420
0.543510
-0.453442
-0.479352
-1.135701
1.530485
1.499467
2.680274
-0.375076
0.507197
0.894121
0.114931
-0.368285
0.990593
-0.803174
0.556784
0.346476
0.361589
0.120862
0.206569
1.201437
-1.707206
0.707244
1.626011
-1.297723
0.470253
1.975906
-0.943531
-1.247180
0.950197
-1.774303
0.360098
0.907140
1.271399
-0.810311
1.465301
0.727252
1.411898
-0.075394
-0.145548
1.137666
0.392319
0.850153
-0.938356
-0.871797
0.138074
0.130250
0.327106
0.894352
1.284676
1.362357
-0.165426
0.778010
-0.962936
-0.914616
-0.145375
-0.758882
-0.636312
-0.039089
1.357626
-1.952197
-0.396739
0.532294
0.317006
1.134035
-0.289083
-0.667564
0.329697
-1.610092
-0.576717
-0.714534
0.519004
0.282480
-0.730142
1.515413
-0.774096
1.316792
-1.026354
-0.902867
-0.944372
0.183020
-1.754278
0.865459
-1.016527
0.308049
0.322109
-0.423563
0.493480
-1.063629
-0.479410
-1.830449
1.526613
-2.272881
0.758377
0.118245
-0.742208
-0.425516
-1.108184
-0.377046
-0.523242
0.859521
-0.931355
-0.271637
-0.127634
0.024396
-1.357435
0.602475
-0.904184
0.172313
-0.083361
-0.374273
-0.029613
1.612479
0.160256
-0.270078
0.004277
1.236369
-0.010945
-0.997233
1.113351
0.292157
0.747414
-0.138498
-2.521765
0.178987
1.512164
-0.461538
-2.204635
0.261331
-1.124657
-0.887989
-1.754413
-2.253377
-0.059511
-0.883638
-1.573063
0.560364
-1.078035
0.328065
1.555606
0.139655
0.959025
-0.483418
-0.488352
0.086596
1.917863
0.847426
0.655518
-0.955191
0.587612
0.425634
-0.248544
-1.448914
0.044125
-0.503266
-1.029703
0.668189
-0.295740
1.712658
1.101846
-0.675311
1.302928
-1.319373
0.278511
2.226555
1.090958
-0.054668
1.087999
1.381769
-1.873768
1.763422
-1.694139
-0.258303
-0.944408
-0.641340
0.824777
-0.083161
-0.996388
0.065097
0.786161
1.790217
-0.188914
0.051521
0.853253
-0.990232
-0.435800
0.767930
-0.401512
-0.715824
-2.187923
1.386333
-0.077883
0.726384
-0.715888
0.509266
0.708730
-0.016233
-1.473638
-0.084005
0.716757
-0.467494
1.372614
-0.170944
0.213946
-0.104278
0.244716
-0.385942
-0.108718
0.802184
0.787542
1.406639
-0.681800
-0.169923
-0.415886
0.626674
0.395950
0.789348
0.652403
-0.814624
-1.608265
1.036788
-0.742085
0.651171
1.856638
0.668707
-1.067866
-0.412898
-0.295545
-0.314189
0.768833
-0.633647
-0.316712
1.240905
1.065027
0.377228
0.998351
1.203031
0.621039
1.460116
-1.910232
0.196667
0.318727
-0.063012
-0.764824
-1.150604
-0.863654
-0.954438
-0.105673
0.618444
0.419587
-0.365472
-1.660402
-0.128787
1.225823
0.721684
0.943021
0.097118
-1.038253
-0.114429
-0.708144
0.215707
-1.200701
-0.685600
-1.233208
0.184517
1.847955
0.270773
0.590387
-2.331597
0.122432
0.005007
0.972466
-0.879209
-0.793414
1.389813
-0.597977
-0.914525
-0.778718
0.993608
-0.320537
-1.664203
-0.011508
1.209581
-0.489656
1.397370
-0.439431
-0.289034
-0.471951
0.403698
-0.122577
1.114812
-0.092736
-0.811944
-0.772896
0.013841
-0.185605
-0.793722
1.719382
-0.074864
0.623047
-0.130100
-0.154466
-1.077570
-0.164828
2.242765
1.599819
0.327812
-0.421928
-1.540214
0.565072
-1.281903
3.091869
-0.235829
-0.025226
-0.871881
0.105272
0.786975
-0.592079
-1.992464
-0.559250
-0.892349
-1.366789
-1.916012
-0.407151
0.019755
0.320574
-1.142836
-0.555780
-0.531613
0.753958
-0.861136
-1.970296
1.165489
0.086252
-0.951593
-1.568671
1.062991
0.082584
1.283684
-0.400233
0.059064
1.053389
-0.734266
-1.074543
1.136539
-2.034855
-1.334913
0.690336
-0.568801
0.062982
-1.364287
-0.967423
0.570264
0.467651
-0.436688
1.971997
-0.178250
-0.382997
-0.738979
0.115140
0.096743
0.326629
-0.245547
-0.745096
0.400510
-1.140272
-0.608636
0.135620
-0.081688
-1.970248
0.392430
0.170103
0.926100
-0.686672
-0.514523
-0.504289
1.991133
2.204179
-1.298402
0.553073
1.457391
0.008485
0.227445
-0.760711
1.014603
-1.118093
0.927495
1.061557
-0.452152
0.087461
0.407674
2.265092
-0.410347
0.493842
0.448416
0.294128
0.963763
-0.260222
0.348232
-0.321346
-0.120465
-0.579515
-0.356094
0.275590
-0.833295
-0.123794
0.926625
0.338666
1.623133
0.185551
-1.431679
-0.327438
1.789925
0.734215
0.403455
2.300467
0.914520
0.512200
0.459393
-0.230195
0.507934
0.456249
0.565858
-0.975550
-0.754698
1.193218
1.390038
1.193600
0.783072
-0.329517
-1.003026
-1.094016
-0.071720
0.464744
0.528029
-2.120162
0.752666
-0.179822
1.230063
0.966506
-0.403839
-0.122881
0.157171
1.288559
2.694954
-0.339887
0.130052
1.893201
-0.996727
-1.063654
-0.358380
1.467936
0.235370
0.237204
-1.010179
0.283326
0.365362
-1.381020
0.069019
-1.335909
-0.956195
1.103400
-0.189269
-0.122926
0.901426
-0.393981
0.622616
0.290672
1.263371
0.198732
0.466726
0.171660
1.000915
-1.670343
-0.702299
-0.953245
0.254324
-0.927585
-0.219865
0.193090
-0.444390
0.829116
-2.061605
-2.376570
0.269558
-0.376157
-1.700364
0.682029
1.262304
-1.359229
0.364016
2.012971
0.122985
1.004211
0.571429
-0.025662
-0.112402
1.206183
-1.715924
1.229263
-1.539387
0.264091
0.254484
0.825472
0.794536
0.779555
-0.288860
0.488859
-0.801600
-0.987317
1.400280
1.898033
0.460006
1.513892
1.028297
0.710549
0.093713
0.361434
1.020794
-1.152200
-0.533414
-0.446209
1.122311
-0.624881
1.356480
2.670680
-0.392469
0.467434
-0.722103
-1.025353
1.216894
-0.050598
0.315475
0.344227
-0.638913
0.814892
-2.551139
-2.001719
-0.718451
0.916724
-0.825913
-1.297473
-0.676476
-0.875794
-1.399671
0.759918
-0.307819
1.126588
-0.572283
-0.812988
-0.207302
0.130498
-0.223433
0.164413
0.536793
-0.905266
0.986116
-1.198030
-0.051445
-0.821158
-1.346741
-0.441705
-0.643653
1.778044
0.921753
0.184428
0.348480
-0.106953
-0.278714
1.263695
1.120254
0.425136
1.603357
-0.631352
-0.132016
2.002661
-0.314778
0.015330
1.385612
-0.475193
-0.636196
0.568804
1.553846
0.215669
-0.429545
0.818919
-1.743522
0.416488
0.936112
-0.018806
0.479842
-1.299356
1.049941
1.032536
-0.031648
0.491345
0.741558
2.358095
0.086104
-1.537759
-0.886894
-0.626316
-0.037759
0.338795
1.305866
-0.902296
-0.512428
1.348468
1.604336
-0.018805
-0.379843
1.243670
-1.086429
-0.367180
0.170556
-0.595190
0.326313
0.250663
0.841421
-1.055021
0.556314
-0.642067
1.502339
0.910142
1.023820
0.482720
0.257782
0.020953
-0.297445
-1.266168
-0.905235
1.418572
-0.176133
-2.402157
-0.190566
0.720821
-0.209262
1.033779
-0.615661
0.438624
0.190415
0.146463
-0.966055
0.043849
-0.321843
1.275824
-0.631550
0.670853
0.475366
0.585030
1.544924
1.183405
-0.884805
0.657664
0.720425
-0.750295
-0.177434
-1.478122
-0.874084
0.261941
0.153925
0.785890
-0.406640
-0.740528
-0.089093
0.455363
-0.492260
0.795114
1.633468
1.700340
-0.225166
0.377054
0.002941
-2.363613
-0.281789
0.816884
0.452575
-0.882929
0.080589
0.754352
-0.341256
0.384728
-0.773790
-0.477874
-0.175834
0.229403
0.697959
-1.133715
1.916566
-0.222392
-0.266646
0.411720
-2.313628
-0.554974
1.151102
-0.261704
-0.779783
-0.083173
-0.660539
2.564938
-0.881962
0.864235
0.581982
-0.210125
0.908547
-0.030935
-0.600170
-0.959393
0.040510
0.473531
1.343719
1.699748
0.507157
-0.183708
-0.493488
2.057199
-0.454107
-0.310981
-0.110727
0.573176
0.482249
0.375368
-0.455309
0.856417
-0.286679
-1.553106
-0.215198
0.178487
-2.699041
0.609327
2.319782
0.358951
0.698942
1.201207
-0.946032
1.848633
-1.109590
0.476031
0.378019
0.090692
1.853742
1.977340
-0.775062
-0.470428
1.219881
2.196231
0.508080
1.502279
0.391087
0.199348
-0.169623
0.655519
-1.400691
0.114292
0.977773
-0.137947
-0.039488
-0.451346
-0.903427
-1.573531
-1.325081
0.191868
-0.142892
-1.041250
0.269667
0.000572
-0.074789
-0.850098
0.657047
-0.106888
1.064396
0.376176
0.458924
-0.104208
0.532285
-0.694720
-0.739230
-0.383565
1.150072
-0.595426
1.281794
-1.101674
-0.258908
0.186252
-0.376992
-0.907367
0.206901
1.323018
0.549529
-0.439270
-1.598337
0.065502
1.069547
-1.502879
-0.986611
0.244425
0.043251
0.026266
-0.164173
0.202985
-0.186686
-0.282914
-0.598002
1.151776
-0.495095
-0.943811
1.088347
1.021674
1.263544
-1.396895
-0.558619
1.055588
1.411564
0.434412
1.112573
0.763595
-0.138385
-0.650187
-0.724863
-1.315896
-0.459983
0.304277
-1.471512
0.428892
0.376192
1.062742
-0.957309
0.742788
0.425930
0.280599
-0.684040
-0.058093
2.242182
-0.445200
0.686024
1.090307
-0.468289
0.057029
0.066757
0.750741
1.273623
1.734783
2.629138
-1.352112
-0.485247
0.732160
-0.689530
-0.722961
0.934879
0.356799
-0.880157
-2.039773
-1.352463
-0.894086
-1.589885
2.265690
-1.293997
0.755893
-0.270655
1.196274
-0.341654
0.955277
-0.311965
0.968179
1.199448
-0.433210
-1.423348
0.458925
0.556257
0.908970
-0.657279
-0.633403
0.131217
-0.140092
0.340360
-0.330609
-0.809512
0.097162
0.418267
-0.387888
0.522183
1.416240
1.987121
0.125225
0.757106
-1.507973
-1.317258
0.128557
-1.530278
0.186240
1.057132
0.162277
0.336389
-1.058033
-1.008087
-0.519981
-0.574919
-1.758492
-1.290062
0.344003
-1.304022
0.674698
-0.076100
0.298973
0.802719
0.072501
-0.213477
-0.843924
1.148263
0.851990
1.575107
-1.001104
0.338687
-0.161243
1.059195
-0.002140
-1.002569
-1.155321
1.177369
-1.612446
-0.667079
-0.053115
0.309219
0.758895
1.353295
-0.842407
-1.180516
0.735680
0.238406
-1.183588
0.380486
1.008871
0.441007
0.377152
-0.457706
0.276254
-1.559348
-1.210815
-1.845448
1.512254
-0.425917
1.487874
0.059764
2.021966
0.111759
1.457247
0.333513
-1.187613
0.177803
0.109683
-1.248474
-1.389884
0.617578
-1.237172
0.524373
-0.529289
-0.612063
0.258421
0.873707
-0.869472
0.634888
-0.236141
-0.689324
-0.373734
-1.107019
-1.216987
-0.295043
0.963674
-0.274823
-1.170162
0.112230
-1.688189
-1.244130
0.509915
0.397875
0.009823
1.340131
-0.756879
-0.443426
-0.092119
1.200184
-1.941942
-0.763553
0.962518
0.457312
-0.366621
0.252007
1.456280
-0.130542
0.522909
0.297490
-0.008235
0.202706
0.124986
-0.446950
-0.089356
-0.777635
-1.073791
-0.244735
0.299897
0.708932
0.261256
-2.521723
2.261976
1.200227
-0.297503
-0.508077
-1.846332
-2.074382
-1.277051
0.049750
-0.312433
-1.000520
-0.051762
-0.383212
-0.082085
-1.311209
0.513060
0.240838
-0.872732
0.811604
-0.053940
-1.904786
0.728408
-1.083714
0.395910
0.524502
0.157354
0.149749
1.028832
0.714414
0.574726
0.644103
0.411599
-0.429575
-0.319288
-0.667912
0.082371
-0.807494
-0.791060
0.527175
0.282987
0.595964
0.183117
-0.600415
-0.256507
-0.542537
-0.255537
-1.473512
-0.183332
0.078003
0.275937
-0.140824
0.126404
0.560729
0.468133
-0.756241
-0.188694
1.910492
0.186188
-1.458144
-0.567793
-0.191598
-0.927230
0.305838
0.887037
0.148294
0.888019
1.709657
-1.489260
-0.379993
-1.899970
0.039808
-0.724531
0.070306
-1.261904
-0.989694
-1.891448
0.602185
-0.316092
0.128123
0.084474
1.031479
0.790786
0.130897
1.761334
0.173327
-0.376901
0.913220
-1.136686
0.368607
0.532979
1.865770
-0.389348
-0.323597
-0.366741
-2.007392
0.226186
0.497931
0.543269
-0.067970
0.705221
-1.596983
1.029098
0.126618
-0.607797
0.262836
0.569402
1.203388
0.505890
0.241341
-1.097242
1.766263
-1.054688
-0.432956
-0.571527
0.809669
-2.117357
0.879634
-0.320810
-1.492158
1.382940
-0.005146
-0.580356
-0.357973
-0.676505
0.687378
-0.220676
-1.313577
0.383586
1.054859
0.938581
-0.971550
0.039449
-1.715542
1.324848
-1.321636
0.371203
-1.001894
-1.565444
1.627086
1.128423
0.424493
0.279148
-0.107009
-2.366812
0.902002
1.106576
0.667320
1.518442
0.554140
-0.685679
1.331205
-0.543153
0.471853
0.664229
-1.487435
-0.485939
0.132820
-0.840155
0.083156
-1.779679
0.374626
0.008806
-1.700502
0.176126
0.610560
-0.508298
0.889275
0.755418
-1.207675
0.618727
-1.960877
-0.505050
-0.818189
0.420241
0.660230
-0.778086
0.140973
-0.705393
0.119371
-1.207569
0.128501
-0.093663
-0.490780
1.138673
-0.028364
-0.610689
-0.345888
-2.464398
0.222489
0.144213
-1.434884
0.622431
2.109461
-0.458802
0.077136
-0.152680
0.471089
-1.060600
1.170364
0.775439
-0.288166
1.001452
-0.419529
1.706763
-1.575048
-0.904420
-0.520200
0.109666
-1.304714
-0.116529
0.491722
1.140353
1.940877
-0.166229
0.481882
-1.782237
0.500548
-1.851967
0.439116
0.116657
0.652784
0.927813
-2.374829
-0.882265
-0.970283
0.259940
-0.555400
1.413207
0.327765
0.111350
-0.423369
1.329055
0.536546
2.123785
-0.211212
-0.899137
-0.263250
0.838323
-0.234758
0.134584
0.420409
-0.814894
1.230277
0.460245
-0.583489
-0.393121
0.189388
-0.758868
-0.284704
0.787748
-1.192400
-0.822883
1.124995
1.138109
-0.147761
1.166735
1.150834
1.037991
1.241740
1.284832
-0.466731
0.075209
0.459640
0.048427
-2.053704
-0.612484
1.451726
1.151412
-0.533509
0.229235
-0.434449
0.251214
-0.753008
-0.685401
-0.136024
0.671707
-1.255162
0.038083
-0.344565
1.049146
-0.665658
-1.096471
1.155510
0.556557
0.941843
0.067300
0.112582
-0.835360
-0.600364
-0.299816
0.150987
0.709610
0.368171
-0.631254
1.376829
0.257136
0.762075
-0.865756
-0.567478
1.086943
0.638317
-0.085201
0.670352
-1.361179
-0.775459
0.356830
0.296547
-0.615482
-0.609685
-0.004087
1.248823
-0.032869
-2.085953
-0.184592
-0.172410
0.362800
-0.095895
0.390093
-0.133604
-2.142528
0.294465
0.242085
-0.991780
1.304925
0.142260
-0.668535
-0.035042
1.378222
-0.528217
0.900648
-0.295734
1.439455
1.101765
-0.819972
-1.708647
-0.633286
-0.403066
0.219712
0.154547
-0.273907
-1.247360
-0.179390
-1.236523
-1.609120
-1.033551
-1.009480
0.153235
-0.784654
0.309872
-0.369898
0.680584
1.298125
-1.221689
0.193082
0.063837
-0.061298
-1.029030
1.259661
-0.468567
-0.155550
1.397551
-0.972349
-2.228385
-0.100194
-1.602219
0.841515
1.106116
1.898437
-1.178926
0.787846
0.599793
-0.873261
-2.010312
-0.208157
-0.675154
1.253331
0.821824
-0.734748
-0.292024
1.412115
1.708204
1.124072
0.101908
0.472937
-0.927471
-0.860624
-0.929526
-0.189574
-1.644756
0.184283
-1.294764
0.062676
1.453940
-0.899593
0.171398
-2.241385
0.033082
0.529795
-1.298368
-0.391854
-0.552698
0.890337
-0.875451
-0.763121
-0.974133
-1.371723
-1.751365
-2.078793
0.693678
-0.260318
0.601730
0.565462
-1.128258
0.727545
-1.634887
0.397983
0.202732
0.088879
-1.883059
-0.192825
1.813148
0.547190
-1.526718
1.998369
-0.500912
-1.917849
-0.449538
1.289879
-0.092428
0.424903
-0.996563
-0.375863
0.595579
0.195635
-0.564489
-0.323658
-0.020255
0.031319
-0.132112
-0.600061
-1.458418
-1.331074
0.086860
0.400683
0.562277
0.119480
-0.008665
1.157519
-0.517395
-0.327520
1.052192
0.378964
-0.023294
-1.316654
0.445022
-0.102872
-2.001724
-1.208407
-0.593524
0.556116
-1.752787
0.587439
1.113667
-1.418908
-0.231132
-1.875449
-0.392274
0.795970
-0.549826
-1.039252
-0.168158
-0.107418
1.331313
0.667747
-0.897874
0.731821
0.271144
0.202400
-0.079411
0.512879
0.692942
-0.111306
2.161811
-1.083221
-1.235231
1.025783
1.740053
1.972395
2.358763
-0.812155
-0.157881
-2.859309
0.178713
-0.933241
0.115457
-1.039721
0.432336
0.869096
-0.420245
-1.267859
-0.189289
-1.266086
-0.247915
-0.838255
-0.222749
-0.702784
-0.057269
0.259934
0.256075
-0.292341
-1.125820
-1.074072
-0.668999
0.375909
1.377051
0.062386
0.701281
-0.797546
1.076141
1.104671
-0.536499
0.618894
-1.543061
0.483347
-0.972928
-0.288969
0.510898
-1.316047
0.139306
1.424203
1.093197
-1.422042
-0.087572
0.942191
-0.338560
0.855997
-1.290530
-0.319991
-1.117924
0.265088
-0.330452
-1.212269
-2.962816
1.380675
0.271328
-0.581582
2.676172
2.652850
1.117939
1.124566
0.339681
0.252396
1.471442
1.382515
-0.351920
0.886059
-1.282931
0.965959
-1.421868
-0.442513
-0.161118
1.729604
-0.311242
0.420622
0.206616
-1.607453
0.910475
-0.187544
0.122974
-1.141721
-0.961826
-0.007216
0.293547
0.286281
-2.208987
-0.909126
0.103264
0.176565
0.439520
-0.040885
1.058659
-0.025772
-0.725531
0.324612
-0.801306
-0.298228
-0.117167
0.359061
-0.993799
0.008003
-0.514133
-0.644726
0.398760
-1.286510
1.015205
1.128392
-0.293941
0.180096
0.627559
-0.284434
-0.872644
0.166314
1.431228
-0.295727
-1.271920
-0.328482
0.433168
0.429267
0.514157
0.719146
-0.567664
0.710994
0.436164
-0.394329
0.539311
-1.779299
0.195381
-0.734648
-0.677422
-0.286484
-0.962985
-0.353876
-0.216219
-0.946322
-1.721970
-0.329756
0.852563
1.043089
1.320061
0.415070
1.508021
-1.500060
0.733021
1.429600
0.993611
-0.143382
-0.501730
0.113184
-0.389961
-0.166004
1.719632
-0.482475
0.928677
-0.747132
0.648296
0.542402
-0.649133
0.403126
-1.633974
0.896438
1.118207
0.204873
0.579020
-0.338286
-0.353034
0.062583
0.641068
0.433024
1.715509
0.602454
2.160008
0.328091
-1.683084
-0.451283
-0.307253
1.137170
1.758290
-1.233646
0.007612
0.293259
1.207788
0.672738
-0.495407
-1.033467
-0.485275
0.432476
0.289147
1.905170
0.501392
0.530298
0.385209
1.245777
0.143951
1.189218
-0.816232
-0.515468
-1.234717
1.160219
-1.335051
-1.107337
1.323231
-1.205499
1.197258
-0.836369
-0.212945
1.448565
-0.068319
0.177695
0.152686
-1.011225
-0.517987
0.361614
0.185045
0.943884
1.195832
1.176328
0.199920
0.927970
-0.006863
0.261371
-0.084700
-0.369580
-1.050319
0.673714
-0.913484
1.611834
0.543750
0.714106
-0.950952
-0.980758
-0.485958
0.824633
1.216930
0.919977
-1.145193
0.855430
1.771195
-0.222823
0.079220
-1.290864
-0.193582
0.554064
1.921065
0.580648
-0.521751
-0.195176
-1.093239
0.332982
2.479959
-1.481664
-0.217429
1.861281
0.002786
-0.431526
0.267889
0.775928
-0.341475
0.251460
-0.327878
0.201160
0.581472
-0.023002
0.320349
1.636880
-0.962367
1.347290
-0.367877
-1.809584
1.758891
0.231705
-1.967721
0.368649
-0.478339
-1.100326
0.388824
2.110835
0.764779
0.748565
-0.573967
1.083227
1.019454
-2.228339
0.793138
0.370653
-0.090545
-0.565633
0.920833
-0.204706
-1.663920
0.402142
-0.252172
-0.281536
-0.735968
0.035282
0.070163
-1.451987
-0.706544
-1.181397
0.102156
-0.495331
-0.356934
-1.461014
0.946548
-1.061259
0.405185
-0.716196
0.617247
0.835042
-0.387776
-0.650840
-0.623467
0.107690
1.375347
0.254702
0.556116
0.959484
-0.941092
0.022097
-0.262195
-0.245065
-0.035145
1.387103
0.053677
-0.258130
0.989739
0.357011
-0.380098
2.620863
-0.717798
-0.052543
1.059958
-1.661748
0.679776
1.110688
-0.020127
-1.067926
0.395918
0.744711
0.180682
-0.036960
0.114817
-0.010631
-0.578976
-0.749198
-0.258426
-1.206492
-0.840961
-0.417571
1.166924
-0.031179
1.155035
-0.004347
-0.377327
-0.229441
0.954827
-0.376764
-1.389029
-0.204753
0.321455
-0.201849
-0.770946
0.047450
2.357155
-0.100704
-0.116550
1.304736
1.151413
0.262010
0.382069
-0.356595
0.731528
-0.892158
0.486460
-0.033501
0.648879
-0.419778
-0.479519
1.470995
-0.640093
-1.586009
-0.731781
0.251017
0.563243
-1.858088
-0.089123
-0.933786
0.665109
2.579318
1.143127
0.542049
1.047295
-0.489906
0.409022
0.835237
0.483720
0.535146
-0.342663
3.366952
0.733835
-0.595958
-0.008126
1.999788
-0.333778
0.746873
-1.282876
-0.785963
0.147852
-0.561171
-0.434269
-0.069702
0.222420
0.499493
-1.169361
-1.473615
1.072126
0.000182
0.286927
-0.334679
0.244840
1.224143
1.071135
0.066420
-0.249228
0.482895
0.121203
-0.881473
0.319364
-0.190992
0.118702
0.670754
-0.939322
-1.642068
0.413053
0.864422
0.765967
0.103191
-1.076159
0.265843
-1.365776
-0.415957
-0.121149
0.082908
-0.550728
-1.076224
-0.437258
-1.038013
0.319327
-2.303979
-0.876527
1.231413
0.599640
2.243449
0.249363
-1.999117
-0.032977
1.064564
-0.592697
1.243244
2.047493
1.844056
0.873864
0.024152
-0.413139
0.308491
1.725790
-1.507769
-0.444392
1.344992
-0.195916
-0.915971
-0.000828
0.600617
0.716920
0.411979
1.942654
0.846808
-0.338474
-0.002504
-0.091190
-1.566830
-1.298035
0.038941
0.114700
-1.044018
-3.012659
2.021181
-1.452269
-0.067487
-0.648608
0.158423
0.268745
0.661329
-0.778766
-0.813327
-0.174467
-0.042159
-1.673078
0.405706
-0.066684
-1.030298
-1.143549
1.257753
-0.358496
-0.915447
0.496807
-0.082805
-1.310014
-0.276302
0.152411
0.487892
0.403529
1.034649
2.358824
0.642800
-0.306430
1.076972
1.238762
0.670124
2.059727
1.298743
1.080253
-0.667501
0.381539
-0.978344
-0.694591
0.091119
2.197231
1.167703
-0.246567
0.415050
1.485012
-0.333510
0.795937
0.387788
-0.728790
-1.118635
0.620345
-2.004665
-0.223253
0.364726
-0.870542
0.971445
-0.806249
0.832106
-1.192008
1.256516
1.425118
-0.195296
-0.644042
1.200573
0.094643
0.701151
0.333794
0.845646
-0.274387
0.891162
-0.330294
0.730854
-0.944950
1.067701
0.653948
-0.382563
0.174862
-0.352698
-0.051549
0.445910
2.305003
-2.051556
0.066745
-1.033953
0.017817
-1.863081
0.820673
-0.916958
-0.069525
0.069878
-0.750246
0.669012
0.828464
1.253068
1.503539
-2.134982
0.287632
-0.617693
-1.995648
-0.491974
-0.901169
-1.662284
0.220086
-0.555051
-0.969666
-1.907982
-0.345775
-1.189106
0.263621
0.594721
-0.839042
1.597239
-0.939061
-1.676791
0.485598
-0.156132
0.067053
-0.881962
-0.343981
-0.572540
0.145917
1.451126
0.586173
0.428427
0.265173
-0.793860
0.327020
-0.337645
-0.089449
-1.359808
0.262463
0.723606
0.011299
-0.445186
-0.414758
0.431924
-2.832550
1.039085
0.423955
-0.076525
-1.518108
-1.303508
-0.015797
-0.373669
-0.403275
0.469943
1.066081
0.799376
-0.851643
-2.106303
-0.280442
0.927662
0.993777
-0.650195
-1.632458
-0.210882
0.739417
-0.970253
-0.263838
-1.280461
0.363562
0.348483
-0.033387
0.122775
1.101954
1.064679
-0.510103
0.537973
-0.232990
-0.786711
-0.871528
0.825341
-0.221400
-0.535446
1.228059
-0.444832
0.191267
-1.829634
1.241818
-1.224493
-0.096900
1.662858
-1.398995
0.377018
0.118401
-1.108293
0.101600
-0.521936
-1.069702
-0.172732
-0.215785
-0.172952
-1.311445
-0.621802
0.561063
-1.345444
-0.892883
-0.298590
-0.291520
-1.304515
0.698656
-1.262627
0.368863
0.987586
-1.118636
-1.164625
-0.340077
0.107749
-1.847007
0.728164
-0.296021
-0.574928
0.405153
1.065442
-0.423520
0.486556
3.355998
1.305227
-0.415850
1.252682
-0.388086
1.391826
0.031893
0.447255
-0.593896
-1.151611
-1.627411
-1.210506
0.847845
-0.610621
0.584110
-0.349520
-1.648219
-0.011063
-0.187666
0.182874
0.847686
-1.179368
-0.065528
0.555802
0.374545
-0.320997
-1.002575
0.138471
-0.867055
0.296930
-1.167344
0.577242
-0.696818
-0.415643
1.027616
1.711801
-0.040011
0.524141
0.417649
-0.020743
1.221145
0.444734
0.954577
-1.115378
0.943976
0.633632
0.574097
-0.205374
-0.028625
-0.890257
-0.376426
1.313668
0.061675
1.030082
-0.648470
0.823319
-0.074169
-0.607967
-2.134623
1.704850
-0.419101
-0.606618
0.085083
-1.382923
-0.125028
-0.443507
0.063536
-0.797686
-1.754353
0.411400
-1.821732
-0.553844
-1.051815
0.180506
1.369941
-1.423571
0.428546
0.936348
0.632893
-0.208631
-1.222234
-0.875785
1.403027
1.806586
-0.409142
0.859669
-0.667609
0.026627
-0.972714
-2.108204
-0.477685
0.340923
-0.911190
0.552896
-0.976600
0.302949
1.281231
-0.120356
0.824629
-1.140073
0.163752
0.639450
1.719863
-0.600149
0.030612
-0.368175
-0.258544
0.651625
-0.874452
0.242661
-0.276927
-0.445666
0.652388
0.915660
-0.036823
-0.628825
1.121777
-0.190842
2.768731
-0.655815
-0.048759
0.604528
1.438200
-0.822687
0.308388
-2.294860
-0.180940
1.485982
-0.509711
-0.520116
-0.290758
-0.358796
-0.680891
-0.259474
0.416501
-0.278647
-0.079127
0.959693
-0.795907
-0.624207
0.647861
0.048079
0.015726
0.105516
0.973737
0.472693
-0.169375
-1.454761
0.552649
-0.792066
-0.035688
-0.910201
-2.054419
-2.459376
0.472874
-0.987524
-0.308085
-0.166961
-0.075181
0.398168
-1.945144
-0.463679
-0.180647
-0.164518
-0.487239
0.810227
-0.424538
0.696913
0.607931
1.834319
0.681160
0.523397
0.333205
0.468456
-1.438520
1.296706
-0.415837
-1.122447
-1.144521
-0.113038
-0.524165
0.054287
0.784222
-0.811064
1.084323
0.569255
0.121949
-2.074469
-0.470227
0.237426
1.093136
1.950161
-0.447336
-0.283613
0.015746
-0.971102
-0.931080
0.441643
1.543170
0.693078
-1.898403
0.717100
1.697826
0.405224
-2.181332
0.733466
1.306542
-1.611398
0.676425
-0.081182
0.275659
-1.956245
-0.288535
0.573265
-0.387931
-0.569861
0.484469
0.291098
0.495959
-1.323634
-0.522376
0.416808
-1.323917
-0.120803
1.229699
1.433933
-0.571598
0.159341
-1.406886
-0.834203
1.342661
0.387080
0.929353
-0.069430
0.593189
-0.980557
-0.175471
-0.836731
-0.461924
0.087247
0.258876
-0.492369
0.665099
1.152203
0.701569
0.090003
0.073914
0.321531
0.643328
0.791580
0.258370
-1.188749
1.913311
1.702158
-1.753282
-0.513738
0.055397
-0.556474
1.776879
0.087962
0.130508
-0.830913
0.090685
-0.794557
0.824075
0.199047
0.533643
-1.938948
-0.455354
-0.117148
-0.724650
0.005992
-0.098165
-0.636424
1.105970
0.473762
0.590721
-1.889629
0.741721
0.537613
0.465418
1.697497
-0.468108
1.089146
-2.400038
-0.354719
0.633399
3.015658
1.139491
2.596071
-0.254103
-1.499563
0.567090
-0.053274
-0.714577
0.090716
-0.451690
-0.595825
0.927205
0.438281
-0.526004
0.557051
-0.054293
0.682083
-1.739576
0.039940
0.420608
-0.729551
-1.739874
-1.645388
-0.264443
-1.362056
0.336123
0.532603
-0.405039
0.243843
-0.265664
0.647808
0.620047
-0.566675
-0.270767
-0.565325
0.636745
-0.120249
-1.358057
-1.058498
-0.799305
1.118652
0.832020
-0.542693
0.592687
-0.605241
0.442447
0.287885
-1.455809
0.083551
-1.185705
0.331688
0.007668
0.429931
-0.954981
-0.606245
-1.694336
1.136758
-0.530307
1.403096
1.739807
1.808720
0.599152
-0.105244
-0.553436
0.038221
1.936686
2.044680
1.769011
0.431980
-0.366715
-0.870888
0.720313
-0.302724
-0.718466
0.133199
0.293139
-0.613144
-0.605363
0.756441
-0.078052
-0.001311
-1.228949
-0.457591
-0.436897
-1.247305
0.118820
0.662435
0.139143
-0.031275
0.144253
-0.528320
1.512131
-0.067113
-1.294943
-2.074848
-0.567380
1.872861
1.970309
0.081008
0.188125
1.107863
0.701839
0.344407
-0.356588
0.996893
-1.092213
-0.707947
-0.486785
-1.235266
-0.139560
0.864038
-0.747105
-0.684676
0.245694
0.032845
-1.191494
-0.643016
-0.550246
-0.053809
1.260211
1.793471
-0.657749
-1.025364
-1.193865
-0.370078
0.470230
0.524609
-1.580843
1.351228
-0.668538
-0.968716
1.069860
-1.169671
0.134585
-2.165770
0.432242
0.944251
2.680842
-1.233573
-0.205103
-1.909894
1.902338
-0.170780
0.533438
0.351241
1.170813
-0.033022
-0.464805
-0.085872
1.677013
0.553338
1.983981
-1.633650
0.747379
0.405757
-0.919689
-0.318024
0.769383
0.653543
0.420318
0.521361
0.497003
-0.871564
0.717318
-0.374391
-0.426846
2.011233
-1.502904
1.667740
0.998120
0.754906
1.233743
-0.312768
-1.436012
-0.385923
-0.443616
0.317267
0.598379
0.402448
1.572761
-0.425283
-0.781428
-0.391853
-0.827382
-0.153937
-0.973992
-1.739299
-0.658976
-0.885488
-0.200440
-1.520524
1.241216
-1.415213
-0.071817
0.002869
0.460287
0.698632
0.083463
1.479675
0.608751
1.028464
-0.567486
-2.239756
-0.613816
-1.534420
-0.205046
1.312256
1.597388
-0.357312
0.227982
0.216775
0.554092
0.258663
0.188713
0.244817
0.071741
0.194180
0.165405
0.220718
-1.013090
0.994270
-0.270506
0.259966
0.385761
1.405929
-0.749564
0.104391
-0.131119
-0.731575
0.261606
0.294143
0.286794
-1.427680
0.809719
-0.896412
-0.145932
0.857713
0.077941
-0.553372
-1.011244
1.350998
0.936635
0.154127
-1.782327
-0.366280
1.333579
-1.171505
2.209032
-1.302750
0.049045
-1.654972
0.457472
0.016266
1.056826
0.100162
0.969139
1.656136
-0.626605
-2.612833
-1.416566
-0.738672
-0.719944
0.070977
-0.048969
-0.649902
0.655079
-0.214221
0.033440
0.986163
0.536885
-0.040080
0.970515
0.010663
-0.222214
-0.676647
-0.305720
-0.507994
1.385145
0.798245
-0.325556
1.319519
0.262756
0.066940
1.017905
-0.417213
-0.792496
0.107739
-1.170237
-0.092769
0.053909
0.303574
0.234758
-1.476972
-0.224817
-0.048522
-0.251879
-1.506307
-1.228737
-0.323310
-1.127143
0.513069
0.832548
0.314173
0.265056
0.780434
0.910166
1.633159
1.968504
-0.633970
-0.636261
-0.314123
-0.456316
1.806575
0.498382
0.168819
0.736128
-0.229459
0.506367
-0.237353
-0.316261
0.398970
-0.060339
0.382583
1.046076
0.468380
1.909432
1.468638
-0.046081
0.184138
-1.102033
1.343610
-0.179271
-1.407848
0.423269
-0.247431
0.890698
-1.502780
-0.052786
1.141808
0.176583
-1.111055
0.966774
-0.187441
1.063197
1.559739
0.536134
-0.330884
-1.927867
0.139893
-0.045636
-1.148257
0.825999
0.452787
0.144942
0.157977
0.411864
-0.705277
0.651826
-0.449254
0.130651
0.804665
-0.684483
-0.100450
1.643533
1.426273
-0.187669
0.239907
-1.966152
0.330664
-0.928204
1.079065
-0.331596
-0.224244
-2.882286
0.019696
1.185478
1.314277
0.420013
1.184495
-0.825496
-1.654110
1.261167
-0.304189
0.178746
-0.391501
1.473635
-0.206725
-0.451994
1.297139
0.928409
0.133671
1.954898
-0.032670
0.223483
-0.186535
-0.259637
-0.188323
0.570426
-0.413065
0.998485
0.574039
-0.014767
-0.433459
-0.150760
-0.746945
0.677338
0.171153
-0.318005
-0.793844
0.494280
-0.325603
-0.220309
0.380345
0.576887
1.501102
0.047288
0.343715
-0.269784
-2.065494
-1.133370
-0.462708
2.080648
-1.161600
0.943487
-1.550274
1.381542
-1.526024
0.156538
0.692383
0.779373
1.076202
0.403862
-0.338888
-1.189552
0.682287
-3.109640
-1.185320
0.387634
-1.423204
0.125978
0.392510
-0.845656
0.353052
0.535933
-0.059347
-1.410312
1.069669
-1.263202
0.912335
0.773497
1.518574
0.692423
-0.059452
-1.117532
1.104993
0.222152
-1.067708
-0.960534
0.368458
-1.779638
0.650628
-0.713480
0.321540
1.000146
0.404101
0.262194
0.623475
-0.149102
-0.455616
0.174150
0.378912
-1.651322
0.017831
0.438823
-0.573354
-1.168839
0.991108
1.163230
0.733167
0.341590
0.522386
-0.556733
-0.423900
-1.106113
-0.152569
-0.171222
0.149936
-1.112860
1.792188
0.604850
0.912122
1.256404
-2.331031
1.254045
0.359808
-0.737968
-0.995528
-2.177949
-0.571954
-0.461154
-1.585460
0.498306
-1.181039
0.509418
-1.484331
-0.686436
1.225308
-0.690621
1.238514
-0.076954
-0.285872
0.370053
0.721110
2.071659
0.447302
0.464477
1.537894
-0.117620
-0.964868
0.560245
0.797026
-2.120464
1.107424
-1.600238
1.140485
1.419996
0.773692
-1.199894
0.634994
0.368761
0.351303
0.837412
-0.729638
-0.232766
-0.133852
-1.036450
-0.166024
-0.152015
0.081629
0.866960
0.108170
-0.242957
0.674361
1.551224
-0.938552
-1.470657
-0.871118
1.392666
-0.772293
-0.937230
-0.649433
0.525027
1.160010
-0.727122
1.875776
-0.626794
-1.082026
0.710753
-0.346305
-1.112379
-0.002164
-0.023100
0.077130
-0.657046
0.120749
0.045102
-0.964553
1.227478
0.581816
-0.422306
-0.556393
0.401319
-0.923340
-0.526479
0.170250
0.229451
0.456211
-1.164885
1.031103
-0.760868
0.457771
2.135069
1.322426
1.532592
0.675823
-0.433914
-0.878128
0.264446
-0.066860
-0.139827
0.748294
-1.193508
0.552123
-0.846176
0.864478
0.634373
1.482578
0.966151
-0.181263
-1.367878
-0.780445
-0.791696
-0.628413
-0.494723
-0.087785
0.853136
-0.437514
1.246125
1.055602
-0.649177
2.612562
0.406873
-0.697824
0.397639
0.281094
-0.436271
-0.273484
0.677875
-0.766028
-1.173420
0.119384
0.458834
-0.170495
0.229679
1.464150
-0.116718
-1.473715
1.338465
0.287545
0.314029
-1.302601
-1.469353
1.477118
-1.099396
0.229861
-2.062558
-0.420078
-1.894025
-0.687891
0.153726
-0.232292
-0.286952
-0.408703
0.186105
0.110217
-0.167808
-1.591976
0.684202
-0.358609
-0.840214
-0.693398
0.844448
-0.103159
-0.575313
0.265307
1.626646
-1.395398
2.103454
-1.053333
0.197579
-0.260380
2.465369
-1.200007
1.272790
-0.870677
-0.498927
-0.106164
-1.536379
0.571499
-0.909136
-0.571489
-0.357792
0.147816
-0.468872
2.634917
-1.733289
1.186070
0.199689
0.389627
0.210579
-0.170261
0.137849
1.180540
-0.236373
1.256806
1.088087
-0.655841
0.930619
0.472272
-1.165136
-0.155719
0.111372
-0.779449
-0.457297
0.276102
-0.109994
0.776565
1.051453
-0.328916
0.844432
2.009380
0.809381
-0.951374
0.940652
-0.424770
0.878083
-0.162943
-0.723621
-0.911916
-0.819871
0.071210
0.411844
-0.267293
-1.613679
0.481695
-1.942235
-0.135608
-0.326666
-2.432151
0.711954
1.642591
0.678032
1.207111
0.020744
0.288448
0.663618
-0.115858
0.148535
0.651842
-0.074663
-0.817662
1.012563
-0.972931
-0.221831
1.005633
-0.641901
0.143003
-0.222204
-1.139347
1.980505
-1.673607
-1.225438
0.151609
0.147460
1.365776
-0.896405
-0.463938
-1.718940
1.867595
0.255767
0.155530
0.576667
-2.015022
-1.002609
0.592781
-1.512705
2.030833
0.156497
-0.155410
-0.207086
2.075610
1.309358
-0.755367
0.485404
0.760800
-0.677453
1.044219
1.145772
0.054037
0.136255
0.877026
1.543638
0.696827
-0.933147
-0.034692
0.674291
-0.256679
-0.277049
-1.463009
0.362096
-1.015251
1.800440
0.435191
-0.549675
0.566389
0.749013
0.591385
-1.231578
-0.733415
-0.217143
-0.372190
-0.732852
1.496926
-0.151684
0.397988
0.067594
-1.135501
-0.403783
-0.172509
0.459467
0.234460
1.301723
-0.433324
-0.802670
-0.070925
0.568227
-2.094277
-0.245219
0.064096
0.012795
-0.640791
0.102525
-0.156439
1.201105
1.325193
1.649940
-0.858923
0.769491
0.303093
-0.602110
-1.795292
0.207508
-0.743300
0.368400
-0.672309
0.770890
-0.095927
0.016446
-0.342630
-0.678723
-0.794356
0.513716
-0.775745
1.074162
-1.069648
-0.174917
0.578468
1.248360
-0.091368
2.582744
-1.075580
-1.489490
1.074776
0.147119
1.788004
-0.317506
1.450977
0.888747
0.017396
-0.778993
0.619854
1.696995
-0.459754
-1.464086
-1.382850
0.876015
-0.748120
0.069666
0.275220
1.343695
0.057730
1.029607
0.812891
0.368082
0.855963
0.106193
1.678092
0.081507
-0.400693
1.251491
0.696185
0.839681
-1.101272
-1.070534
1.223358
-0.784329
-1.627590
0.900499
-1.207623
0.213356
0.355085
0.567953
-0.195634
0.025048
0.296641
0.079819
-0.916495
0.998312
1.779336
-1.145728
-1.159851
-1.228267
-0.224203
0.886888
1.066412
-0.002386
-0.192012
-0.416518
-1.332549
1.562160
0.215076
-0.012329
0.444087
1.373215
0.364608
0.119562
1.235413
1.992609
-0.494987
-3.008844
0.413827
0.825595
-1.591496
-0.349372
0.900676
-0.024328
0.391206
-1.582735
2.430143
0.509204
0.368418
0.476970
0.533261
0.409190
-0.160116
0.408558
-0.653432
0.505334
2.042433
-0.301326
-0.676486
-0.642342
0.496175
-0.085011
0.513863
-0.021257
1.378739
-0.833321
-2.392947
1.282972
0.066129
0.844589
-0.541492
0.035095
-0.906918
-0.964216
-0.394405
1.009141
-0.917463
0.869139
-0.219197
0.886304
-0.790947
1.722484
-0.375344
0.782089
-0.274082
-0.261377
-1.014572
0.865961
-1.016799
0.609084
-1.236093
1.092606
-1.910424
0.683734
-0.797921
0.384964
0.562303
0.410065
0.296152
0.954098
-0.745172
2.107704
0.598545
-0.802456
0.689837
0.668353
1.371456
1.890749
0.445339
0.676500
-1.886872
-0.123284
-0.042079
0.556882
0.631817
-0.736217
0.831949
0.028179
-0.436026
1.224144
-0.157438
1.171375
0.483772
-0.870166
0.341257
-0.595534
0.362781
0.466408
-1.163043
0.125117
0.357239
0.500503
-0.216245
0.692493
0.541859
1.542739
0.788340
-0.801313
-0.545237
-2.989732
-0.395558
-0.086730
-0.292648
0.365869
-0.199292
-0.294250
-0.549989
0.869415
-0.454349
-1.678965
0.165993
-1.613589
0.482347
0.672737
0.193329
0.711905
0.625485
0.756304
0.684790
0.642003
-2.281059
0.153171
-1.318999
-0.836796
0.083016
-0.098118
0.909933
-1.066678
0.436498
0.700265
-0.409310
-0.245211
0.421176
-2.039698
-0.268574
-1.025099
0.577427
-0.358220
1.285882
-0.278147
-0.923944
-1.722520
1.060210
0.333081
-0.812792
-0.406682
1.715740
-0.368702
0.379202
-0.611905
-1.578094
-0.222297
-0.210836
0.052427
-0.757022
-0.550147
0.001540
1.319324
0.023666
-0.534264
0.615194
0.303829
-0.666871
0.348796
-2.694570
-0.381155
1.079523
0.411561
1.547158
0.909629
-0.130753
0.309494
-1.351413
2.266162
2.814979
1.034642
0.548884
0.570903
1.000498
-0.908099
0.031706
-0.286286
0.032880
0.326257
-0.610874
0.461413
-0.038084
-0.469126
0.411222
-0.112877
0.302405
-2.030864
-0.430716
-0.228279
-0.664427
-0.089114
-2.082432
-0.848510
0.440939
1.386161
-0.425539
0.046036
1.980146
1.115664
1.828052
0.082442
-1.288238
0.434720
-0.036535
1.351593
-0.634433
0.122571
-0.065362
-0.672429
0.857512
-0.537169
0.912405
-0.218293
-0.869015
0.954444
0.492750
1.324027
1.688212
0.239996
1.416981
0.500639
-3.219023
-0.933806
1.024680
0.460555
2.123271
-1.027460
-1.073004
-0.151601
0.111565
-1.440392
-1.678091
1.158986
-0.228263
-0.271584
0.977366
1.786714
0.046136
0.335090
0.255343
0.713623
-0.555379
0.003391
0.998423
-0.210430
-0.263364
-0.884202
-0.796709
0.111724
-0.727724
-0.189632
0.981057
-1.063100
1.029542
1.552494
-1.119082
-0.708548
-0.739220
0.751544
0.297191
0.554722
-0.018508
-0.043644
-0.927900
0.946355
0.278320
-0.076253
-0.056714
1.925705
0.737434
-1.082010
1.049323
0.655312
-1.467839
0.304299
-0.340795
-0.063071
-0.605826
0.568238
-0.919806
0.570110
-1.323177
-0.527580
-0.911073
0.255615
-0.865703
-0.047029
-0.808856
0.399385
-0.039970
2.639694
0.012353
1.387504
-0.173342
-1.677948
-0.820601
0.023785
2.077499
0.525569
-0.246287
0.063685
-1.239066
-0.998294
-0.950892
-1.380018
0.137986
-1.249445
0.788901
-0.060197
-0.286039
0.769764
1.151092
-0.259463
0.931742
-0.899226
0.259172
0.840696
0.003756
0.815836
0.145022
0.966641
0.291796
-1.067173
1.766192
-1.445011
-0.455575
1.535135
0.055082
0.466888
0.881193
1.221679
-0.227088
-0.077843
0.063748
0.535692
1.590895
0.006868
-0.427240
0.533541
1.084502
0.514786
1.620991
0.030830
0.210017
-0.481273
0.418105
1.261328
0.777568
0.397433
0.164432
0.193128
0.246282
0.651491
-0.862373
-0.171515
-0.026082
-0.203744
0.753032
0.317623
-0.509597
-0.455684
-0.902096
-0.117375
0.185348
0.248384
-0.856313
-0.840660
0.209686
-1.269226
1.856638
1.580122
0.951736
0.117670
2.394866
-0.125126
-0.012991
-0.797903
0.359148
-1.343085
0.245710
0.680629
-0.054871
-1.279272
1.151730
-1.599715
0.456969
-0.765092
1.253836
-0.201254
-0.395403
0.738942
-1.562368
-0.131706
1.914978
1.394224
0.474947
0.910970
0.193311
0.714110
-0.525348
1.098761
-0.843233
0.456273
0.781446
-0.117357
-0.502997
-0.192072
-0.714749
-0.184280
1.333733
-1.723799
0.720998
-1.409051
1.270320
0.328366
0.400624
1.490640
1.345749
0.593876
1.278866
-0.939075
0.573388
-0.329082
0.575385
0.210679
1.299970
-0.414256
-0.908064
1.088137
0.570302
-1.528733
1.148620
-0.852936
0.830755
0.009013
0.560488
0.412388
1.642102
0.098689
-1.243868
0.177722
-1.012944
0.763026
-0.024660
0.168343
0.331024
1.147367
1.279088
0.378996
-0.639242
-0.401851
1.700817
-0.032878
-1.799822
-0.338573
0.197504
0.560096
-0.136547
0.606426
-3.219599
0.618257
-0.406526
0.449110
-0.835797
-1.638458
0.417509
-0.682170
1.073910
0.276225
0.113644
2.536377
1.278144
0.165730
-0.352426
0.413566
0.331037
-0.657143
-2.054260
-1.108342
-0.197612
0.723379
-0.777299
-1.052428
-1.702361
0.145624
1.058305
0.569764
0.142052
0.903072
-0.219391
0.535108
0.023124
1.525208
-1.413756
0.258082
2.185871
-2.540599
-2.061164
2.107763
0.280387
-0.492128
-2.039001
0.525742
0.335438
0.287067
0.994731
0.780766
1.117528
-2.258587
0.181423
-1.660621
1.203465
1.514292
0.705460
0.075060
-0.123650
0.635305
-0.470396
1.415138
0.006804
0.829691
0.385886
-0.274000
0.050088
0.709942
-0.358123
-0.571864
-1.035331
-0.192507
-1.871904
-0.643832
-0.171830
0.733123
1.457530
-0.818961
0.206454
0.441975
-1.570832
-0.469388
1.741842
-0.294684
0.274604
-0.973591
0.017005
0.820813
0.045119
-0.139154
-0.046991
-1.539466
-0.811517
0.752000
0.402454
-0.703341
-0.455525
0.688760
1.167864
-1.627184
1.831749
-0.570044
-1.518873
0.316268
-0.139338
0.532296
1.411133
1.669669
0.583617
0.564651
0.783872
0.341519
-0.101002
-0.409972
-1.961473
-0.695127
-0.590276
-0.989028
-0.413836
0.710617
-0.152197
-1.244128
-0.048432
2.042652
-1.014163
-0.339396
-0.098659
0.869786
-1.386822
-1.320336
-0.287685
0.231511
-0.028643
1.453570
-0.302791
1.415556
-0.942747
-1.016244
0.494838
-0.381179
-0.436832
-0.247580
-0.224255
-0.500944
0.363154
-0.922569
-0.314429
0.879609
0.308576
-0.432842
-0.258869
0.412134
-1.080468
0.235135
-0.710636
-1.173149
1.531775
0.536505
1.743287
1.209735
-0.172967
-0.892390
0.231681
1.803957
0.652268
0.340817
0.261407
-0.306735
-0.440881
0.572274
0.682861
-0.268874
0.860862
-1.750985
0.034274
-0.470682
-0.992180
-0.324176
1.400731
0.409752
0.283379
0.466461
0.286664
0.128842
-0.013867
0.110803
1.054553
1.013797
-0.675609
-0.506491
0.191626
-0.140067
0.795837
-1.200682
-0.775138
1.047659
0.962424
-0.368701
0.379201
-0.611911
-1.578089
-0.222295
-0.210838
0.052433
-0.757025
-0.550145
0.001540
1.319322
0.023666
-0.534271
0.615198
0.303833
-0.666868
0.348790
-2.694568
-0.381157
1.079516
0.411556
1.547161
0.909625
-0.130759
0.309492
-1.351415
2.266160
2.814979
1.034646
0.548886
0.570903
1.000496
-0.908105
0.031714
-0.286286
0.032876
0.326258
-0.610880
0.461414
-0.038081
-0.469129
0.411227
-0.112875
0.302405
-2.030866
-0.430715
-0.228282
-0.664427
-0.089115
-2.082434
-0.848504
0.440946
1.386164
-0.425537
0.046042
1.980148
1.115667
1.828047
0.082440
-1.288243
0.434717
-0.036535
1.351593
-0.634425
0.122577
-0.065361
-0.672425
0.857510
-0.537172
0.912402
-0.218290
-0.869014
0.954436
0.492755
1.324028
1.688207
0.239994
1.416982
0.500634
-3.219022
-0.933810
1.024677
0.460557
2.123271
-1.027459
-1.073012
-0.151599
0.111572
-1.440390
-1.678089
1.158982
-0.228262
-0.271582
0.977365
1.786712
0.046132
0.335083
0.255337
0.713626
-0.555378
0.003393
0.998422
-0.210423
-0.263361
-0.884199
-0.796713
0.111727
-0.727725
-0.189632
0.981056
-1.063105
1.029544
1.552491
-1.119081
-0.708552
-0.739217
0.751540
0.297197
0.554711
-0.018509
-0.043645
-0.927898
0.946359
0.278324
-0.076249
-0.056714
1.925706
0.737437
-1.082011
1.049327
0.655312
-1.467844
0.304299
-0.340802
-0.063077
-0.605827
0.568241
-0.919807
0.570111
-1.323176
-0.527577
-0.911075
0.255615
-0.865706
-0.047025
-0.808853
0.399387
-0.039971
2.639698
0.012346
1.387503
-0.173344
-1.677958
-0.820610
0.023781
2.077495
0.525575
-0.246284
0.063687
-1.239063
-0.998294
-0.950894
-1.380018
0.137988
-1.249444
0.788901
-0.060197
-0.286039
0.769763
1.151092
-0.259457
0.931739
-0.899225
0.259174
0.840695
0.003749
0.815831
0.145020
0.966639
0.291799
-1.067181
1.766189
-1.445007
-0.455573
1.535128
0.055078
0.466883
0.881193
1.221680
-0.227085
-0.077843
0.063747
0.535691
1.590892
0.006874
-0.427237
0.533542
1.084506
0.514785
1.620992
0.030831
0.210022
-0.481271
0.418105
1.261332
0.777576
0.397430
0.164429
0.193126
0.246279
0.651490
-0.862374
-0.171514
-0.026084
-0.203749
0.753027
0.317625
-0.509594
-0.455684
-0.902090
-0.117382
0.185345
0.248381
-0.856313
-0.840656
0.209681
-1.269232
1.856638
1.580124
0.951734
0.117670
2.394869
-0.125124
-0.012995
-0.797901
0.359149
-1.343075
0.245708
0.680633
-0.054874
-1.279275
1.151736
-1.599716
0.456975
-0.765087
1.253836
-0.201249
-0.395406
0.738945
-1.562368
-0.131705
1.914976
1.394224
0.474951
0.910965
0.193313
-0.236066
0.751410
2.463738
-0.497216
0.745622
-0.832674
-0.023786
-1.144344
-0.457842
0.014647
-0.222379
-1.676922
0.878043
-0.605542
0.998012
0.530936
-0.255330
1.495241
1.317213
1.366783
0.745716
1.330085
-0.794407
-0.629888
0.159605
-0.489910
-0.901818
0.968606
0.287659
-0.636617
1.859534
0.565599
-1.398407
0.219168
0.981114
0.227575
0.694535
-0.138135
1.632155
0.636456
1.636468
-0.321959
0.169042
-0.042412
-0.390681
0.065663
1.081437
1.722467
-0.062636
0.090839
1.021354
-0.514967
-1.245142
-0.493384
-0.535860
-1.138098
-1.014995
-0.087093
-0.274434
0.338374
-0.050058
-2.183998
-0.896564
-0.558131
0.574757
1.080871
-0.781007
-1.122914
-1.165869
0.850081
0.695979
1.185584
0.832568
0.164045
-0.918874
-0.320601
0.397961
-0.638324
0.230942
1.156264
-1.610708
-0.673080
-0.511243
-1.670999
0.401322
-0.209610
-0.840965
-0.364629
0.517846
0.705031
1.451978
0.068491
-0.694653
-0.426589
-0.918168
-0.801433
0.320925
-1.822343
-0.159882
0.255128
0.198501
-0.442449
0.284092
1.798564
0.366704
-0.837441
0.587466
0.782189
-1.269521
-0.095247
0.129978
0.145974
-1.421576
1.421846
-0.972224
0.186964
-0.455845
0.272036
-0.492805
1.420640
-0.599443
-0.251872
0.760176
0.420495
-1.104385
-0.731141
0.569722
-0.869305
0.295585
-0.492366
-1.286942
0.609983
1.297132
-0.676951
-0.789631
0.682880
-0.644123
1.017271
-1.200851
-0.410456
-1.373228
-1.046480
0.565952
-0.501142
0.405990
0.051805
-1.312070
1.169079
-0.720781
-1.184520
-0.201440
0.988419
-0.214124
-0.305011
-0.775447
-0.774185
0.078637
0.978639
-0.033823
1.717685
0.720670
1.064148
1.173002
-0.139238
0.948714
0.051701
1.314073
1.180477
2.192809
1.154528
-0.814597
-1.213529
0.445963
-0.855361
1.125970
0.087325
0.429090
0.355872
-1.739913
1.134832
0.343255
-0.207442
0.298234
-0.574485
-1.682173
-0.581362
0.444162
-2.363343
1.712887
1.373960
-1.225931
-0.063652
-1.239379
1.179862
1.881644
-0.214196
0.369911
0.572804
-0.188681
-0.259916
-0.285384
0.112185
-0.008944
0.800156
1.536179
-0.017493
1.927056
0.783941
-0.424349
0.877040
1.826663
-0.778348
1.201166
0.500609
-0.175582
0.848201
-0.119800
0.103163
-0.069431
0.622207
0.465660
-0.334832
0.016644
0.438910
0.488696
2.860270
-0.054746
0.349296
-0.355040
-0.833313
0.882807
0.237332
1.797129
-1.198647
0.314719
2.162261
2.466310
0.371857
1.702495
0.456561
2.303137
2.043076
-0.384387
0.817475
1.398578
0.583137
0.257480
1.030306
-0.488364
-1.073039
-1.182955
0.365870
0.723185
0.721887
-0.000264
0.003382
-0.507222
0.801397
-1.114924
-0.469856
0.654944
0.066837
1.515688
-0.228550
0.020074
0.970977
0.628226
0.914434
-1.149894
0.177691
-0.542272
1.998735
0.983446
0.642438
0.137713
0.735481
0.252240
1.499619
-0.728229
-0.687897
1.061754
-0.401425
-0.214135
1.158021
-1.286072
1.074787
0.533323
-0.857112
-0.918207
-0.094581
-2.076402
-0.337435
-0.509196
0.367769
0.330360
0.468380
-0.916148
-0.324902
-0.114576
-1.688508
0.017395
-1.082123
0.077667
-0.531270
-0.538713
0.283457
0.177019
0.009881
-2.223623
1.608831
0.427793
-0.520520
0.121966
1.303348
-0.185215
-0.867963
1.444682
-1.071392
0.369303
0.911756
0.413274
1.440774
-0.342401
0.790213
1.029101
-0.680090
1.769100
-0.390232
2.054834
3.207004
-0.373449
-1.415891
-0.486080
-0.847138
0.172232
-0.761770
-0.518041
-0.007236
0.439596
-0.602879
-1.244035
0.106010
0.629144
-1.181943
-0.205157
-0.823263
1.203307
0.979714
-0.507335
-0.535687
1.573735
0.236562
1.090422
0.249861
1.469687
-0.894083
0.193271
0.896716
0.323073
0.434483
-1.170841
-0.667921
-0.262832
0.090133
0.217222
-0.451738
-0.029083
-1.727344
-0.612209
0.531218
0.547689
-1.093028
-1.988766
0.675169
-1.388101
-0.124021
-1.656149
0.435384
0.634584
0.121341
0.636723
-0.525801
-0.045435
-1.322956
1.823768
-0.367657
-0.671590
0.736658
0.702854
0.127832
-0.110941
1.013483
-0.409898
1.119447
0.207683
0.260858
-1.372746
-0.665221
-0.165572
0.656661
-0.011526
0.425149
-2.010090
-0.628867
-1.481252
1.371666
-0.984069
-0.663492
0.069464
-2.173112
0.553548
-0.189642
0.328277
0.047488
0.002431
1.303026
0.639701
0.501449
-1.254509
1.290942
0.841443
-1.442831
1.740970
-0.359964
-0.071329
1.096538
1.686814
-0.233782
-1.343869
-0.224301
0.359188
0.388247
-0.124347
0.240719
0.282791
-1.653794
-0.887008
-0.009066
-0.133251
-1.454698
-0.530538
-2.388838
-1.935515
-0.550212
2.674158
-0.658785
-0.353198
0.085768
0.189687
-0.417909
1.340736
1.373698
0.286033
0.301423
0.274645
-1.597422
0.206672
0.471124
0.250023
-0.422409
0.649234
1.146812
0.784286
-0.360399
0.449806
-0.779240
0.628708
-0.840059
0.045553
-0.107249
0.635768
0.908556
0.387613
-0.977945
-1.635861
0.048489
1.724715
1.962348
0.523731
1.055074
0.299324
0.570097
0.908157
0.295138
0.940870
0.616051
0.509766
0.175284
-0.674603
1.333045
0.998857
-0.926296
0.704232
0.336202
1.797574
1.371375
1.249048
0.866845
1.236201
-1.737645
-0.221415
0.811901
-0.512962
-0.080162
0.880838
0.158417
0.937693
-0.910093
1.361022
-0.472819
0.458705
-0.300047
-0.836703
-0.707861
1.316414
-1.713480
-0.884462
-0.299885
2.076318
0.038309
-0.263381
0.672493
-1.413697
1.090328
0.396856
1.535485
-1.355934
1.310315
0.832868
-0.087396
-1.118800
1.504935
-0.820664
0.099139
0.445065
0.754401
-1.245866
1.390046
2.484901
1.193508
-0.494744
0.616147
0.454315
0.548656
1.348512
-1.628161
-0.062044
-0.500166
1.098627
-1.277438
0.057352
0.696902
-1.242306
0.243613
-0.195173
2.187591
-0.907496
0.571736
-0.366438
-0.039662
-0.093117
-0.717376
-0.055816
1.401820
-0.298158
-0.480071
-0.742038
-0.784352
0.710279
-0.450661
-1.284605
0.169464
1.408645
-0.981189
0.376163
0.935946
-0.013725
-0.865197
-0.635560
-0.367105
-0.956663
-0.351219
-1.618623
0.467037
-0.201395
1.220115
-0.757930
-0.687397
-1.834942
0.011304
0.018867
-0.563058
-0.444404
0.148871
1.804165
0.714000
-0.442071
-1.767575
0.504961
-1.421866
1.459572
0.627486
-0.350915
-2.409177
0.109617
-0.734061
0.643329
0.193084
-1.564122
0.775201
-0.632267
0.483598
-1.179193
-1.160272
-0.797812
-0.114774
1.077688
-0.037205
-0.764016
0.572866
0.897820
1.247390
-1.244339
1.148459
0.089474
0.059552
0.688534
1.085796
-0.022632
-0.336278
-0.040847
-0.625534
-2.154553
0.728833
-1.261987
-0.354034
-0.005381
-1.896863
-0.854327
0.264149
-1.624263
0.136911
0.274525
-0.828451
-0.614193
0.729659
2.296735
-0.899778
1.096196
-0.067269
0.382760
0.266983
0.170035
0.621308
1.031177
1.652205
1.514653
-0.708926
-1.222204
0.696094
-1.150230
0.517362
-0.117339
-0.358299
-0.004927
-1.134188
-0.135979
0.590018
2.120104
0.919561
-1.907466
0.859815
-0.053746
0.398570
-0.784068
-0.760845
-1.476043
-0.261595
0.296840
0.839294
-2.193581
-1.102834
1.476604
0.159425
-0.125015
0.899503
-0.087791
-0.751085
1.072425
0.523394
-0.226752
-0.178750
1.081259
-1.030957
-0.744411
0.455542
1.036774
1.175204
0.818760
0.256483
0.415704
0.524157
0.494183
0.450450
2.244245
0.726963
-0.350589
-0.104761
-1.421622
-0.506167
-0.602135
-0.645566
-0.836096
-1.872785
-0.994785
-0.241364
-1.017544
-0.361952
0.219105
0.635532
2.035746
1.183630
-0.926869
-1.140398
0.450341
-0.166867
0.794901
0.356220
0.042222
0.024515
0.753779
0.357759
-1.145726
-1.067165
0.208595
0.105107
-0.794346
0.183087
0.613229
0.218502
-0.158213
-0.148735
2.290193
-0.124528
-0.211409
0.619748
-0.545319
0.046090
2.032917
0.148257
-0.720268
0.366744
-0.133363
-1.223219
-0.877059
-1.164896
-0.684333
-0.708728
-0.142447
-0.083979
-0.004910
-0.250067
1.127623
1.225902
-1.702985
0.236085
-0.081973
-1.821424
1.173741
-0.025808
-0.660801
-0.361048
0.401233
0.570544
0.965114
-1.042944
0.944324
-0.994138
-0.693611
1.385852
0.748399
1.071333
-1.500287
-1.789619
0.200369
-0.251917
1.353657
1.395323
0.876885
-0.488241
-0.259732
0.263481
-0.906605
-1.435198
-0.595253
0.548194
0.549218
0.813962
0.294140
-0.377267
0.676834
0.945918
-0.638010
2.533647
0.552210
0.099348
0.056353
-1.656509
0.243357
-0.560389
0.037670
1.060026
1.111081
-0.648494
-1.234838
-1.059152
-0.782788
-0.460371
-0.897817
-0.205931
0.575095
-1.321865
-0.667111
-0.329711
0.662100
-1.197744
0.228393
-0.390825
1.335034
0.696130
-0.858164
0.311727
-0.791755
-0.795788
-0.676348
-2.180857
-0.401644
-0.195587
-0.877357
1.211276
-1.023663
-0.069649
-0.083755
1.924821
-0.002351
-0.100481
-0.404837
1.273336
0.045323
1.438465
-1.887616
2.166450
0.388538
-1.170722
0.078549
-0.848285
-1.513866
0.343251
2.143085
0.775399
-1.840745
0.854826
0.088333
1.810146
0.733326
0.771959
0.641557
0.599623
-0.954093
0.673192
0.651587
-0.423006
-0.101763
-1.225225
2.500772
-0.954595
1.219678
-1.342415
0.866502
-0.417879
0.241785
-0.905618
1.573594
0.821771
1.673863
0.878538
-0.771910
0.158734
2.911330
-0.546226
0.879940
0.872637
-0.570434
-0.331969
0.340674
-1.214803
0.066206
-1.010685
0.137548
-0.119465
-0.134027
1.441115
0.863334
-0.773861
-1.485601
-1.059957
-0.058847
0.005278
0.084113
0.548799
0.063052
-1.580132
0.437053
0.584575
0.368558
0.901012
-0.000877
-0.585620
0.541120
0.888132
-0.216749
0.204716
0.300620
-1.616902
-0.631707
0.546425
-0.742862
-0.989791
-0.098769
-0.555136
-0.507249
0.004636
0.044170
0.315536
-1.100850
-0.916733
0.878798
-0.773976
-2.267402
-0.224980
1.782325
0.133576
-1.240098
0.835473
-0.254986
-0.808116
0.736361
0.929727
-0.784204
0.201734
-0.312383
0.844811
-1.246774
0.116073
2.686163
0.475322
-1.009946
0.227608
0.491951
-0.025056
0.422544
0.270445
-0.148627
1.073152
-0.007243
-0.744755
0.095478
0.042989
1.282183
-0.118686
0.690146
-0.710007
0.937532
1.342670
-0.771867
0.925467
0.795962
0.526359
-1.448528
-0.796514
0.715887
-1.340174
0.631744
0.699749
0.319632
-1.156773
0.485595
0.355101
-0.494513
-1.287187
1.385349
0.989483
0.396152
0.966319
-1.474546
0.384167
0.272907
-0.040841
0.287792
-0.394043
-1.750898
1.546787
0.445164
-1.366068
0.366500
1.900173
-1.205050
1.125529
1.286278
0.138082
0.259802
-1.423568
-0.755121
0.046209
-0.276788
0.477767
-0.039609
-0.610335
-0.308404
0.951600
-1.324591
1.375612
-1.426236
0.366879
0.636749
-0.120249
-1.358071
-1.058498
-0.799290
1.118654
0.832016
-0.542704
0.592694
-0.605240
0.442430
0.287876
-1.455821
0.083554
-1.185700
0.331685
0.007666
0.429945
-0.954982
-0.606261
-1.694340
1.136754
-0.530315
1.403091
1.739815
1.808717
0.599141
-0.105249
-0.553431
0.038219
1.936688
2.044676
1.769013
0.431982
-0.366718
-0.870916
0.720332
-0.302731
-0.718451
0.133206
0.293133
-0.613128
-0.605347
0.756438
-0.078060
-0.001304
-1.228966
-0.457583
-0.436881
-1.247310
0.118829
0.662445
0.139150
-0.031266
0.144267
-0.528313
1.512138
-0.067117
-1.294941
-2.074866
-0.567384
1.872859
1.970302
0.081029
0.188139
1.107854
0.701831
0.344405
-0.356596
0.996895
-1.092212
-0.707945
-0.486802
-1.235270
-0.139550
0.864032
-0.747099
-0.684680
0.245688
0.032845
-1.191520
-0.643021
-0.550247
-0.053790
1.260206
1.793454
-0.657756
-1.025354
-1.193866
-0.370073
0.470213
0.524606
-1.580833
1.351227
-0.668536
-0.968736
1.069856
-1.169666
0.134605
-2.165768
0.432260
0.944245
2.680864
-1.233569
-0.205096
-1.909899
1.902336
-0.170781
0.533436
0.351240
1.170800
-0.033019
-0.464819
-0.085868
1.676991
0.553347
1.983965
-1.633624
0.747367
0.405757
-0.919682
-0.318006
0.769396
0.653537
0.420319
0.521370
0.497000
-0.871555
0.717302
-0.374392
-0.426854
2.011231
-1.502903
1.667741
0.998121
0.754894
1.233750
-0.312761
-1.436022
-0.385916
-0.443609
0.317268
0.598370
0.402448
1.572760
-0.425299
-0.781429
-0.391857
-0.827380
-0.153948
-0.974001
-1.739309
-0.659001
-0.885498
-0.200445
-1.520532
1.241219
-1.415206
-0.071806
0.002872
0.460288
0.698621
0.083461
1.479674
0.608766
1.028449
-0.567499
-2.239744
-0.613814
-1.534412
-0.205028
1.312261
1.597377
-0.357320
0.227997
0.216768
0.554081
0.258679
0.188700
0.244829
0.071719
0.194183
0.165394
0.220713
-1.013109
0.994278
-0.270506
0.259948
0.385759
1.405926
-0.749568
0.104379
-0.131104
-0.731582
0.261620
0.294139
0.286786
-1.427666
0.809715
-0.896418
-0.145926
0.857715
0.077943
-0.553381
-1.011219
1.351013
0.936639
0.154130
-1.782319
-0.366285
1.333583
-1.171493
2.209032
-1.302761
0.049034
-1.654975
0.457476
0.016269
1.056833
0.100178
0.969127
1.656128
-0.626622
-2.612828
-1.416565
-0.738689
-0.719947
0.070973
-0.048958
-0.649907
0.655075
-0.214217
0.033444
0.986148
0.536905
-0.040087
0.970531
0.010662
-0.222200
-0.676662
-0.305733
-0.507988
1.385147
0.798266
-0.325549
1.319521
0.262754
0.066932
1.017907
-0.417215
-0.792494
0.107725
-1.170224
-0.092763
0.053893
0.303578
0.345316
0.160076
1.234611
0.462192
-0.286721
-0.834853
2.132061
-0.252356
0.131561
-0.100585
0.341441
-1.507852
-0.561290
0.202566
-0.572882
-0.829297
-0.851418
-0.110264
-1.592285
0.960386
1.499631
-0.843225
-0.454470
1.381676
1.108438
-0.336317
-1.353170
-1.387214
1.220910
0.315631
0.396223
-0.580877
-0.140032
0.258502
0.595173
0.134348
-0.885159
-0.475259
0.427572
1.452044
-0.184307
0.508878
-0.098390
0.756449
-1.018776
0.259263
0.477864
0.837472
-0.177960
0.170065
-1.577798
0.025622
-0.704162
1.877105
0.166739
-0.106568
0.284487
-2.131940
-0.477831
-1.048179
0.582344
-1.064078
-0.676962
2.221950
0.242668
0.225364
-0.350573
0.982543
1.376882
-0.048542
-0.330556
0.051814
0.730672
-1.121988
0.890774
0.986729
0.147234
-0.283020
-0.102267
-0.371401
-0.945811
1.718939
0.880577
-0.353762
-1.116785
0.352997
0.661514
0.120104
-0.532293
-0.995465
-0.570170
-0.871721
-0.591366
-1.809472
-0.452398
-0.654959
-0.657440
0.317483
-0.342872
-1.009271
-1.485889
-0.538727
0.153594
-1.157128
0.797160
0.616614
-0.813251
1.297203
-1.349438
0.344491
0.095862
-0.800743
0.982737
0.328817
-1.545343
-0.430730
-0.090956
0.996896
-1.136398
0.608845
-0.727652
-2.026080
-0.784119
-0.519470
1.078122
-1.651121
-1.866551
0.630485
-0.330505
0.168961
0.316024
0.214457
-0.383235
0.095812
-1.277578
-0.240447
1.315961
1.129117
-1.316946
1.604839
-0.095650
0.819937
0.579727
-0.868760
0.362122
0.439381
0.842673
-1.801442
-1.220424
0.609902
-0.303889
-1.106087
-1.284924
1.640880
0.079074
-0.421911
-1.767794
-1.355758
-0.247529
-0.969947
1.027259
-1.568725
0.721729
0.138824
0.543367
-0.243102
0.955698
-1.023196
0.598967
-0.773254
-0.985593
1.461195
-0.353692
0.765401
0.917421
-0.262499
-0.535093
0.266578
1.321805
0.363600
0.664779
-0.531164
-0.124998
1.085121
-0.277888
0.814011
-0.300257
-0.087900
-1.433136
-0.458095
-0.043481
-0.189879
0.122826
0.683453
0.245430
-0.713873
-0.792371
-0.284267
-2.210814
-1.678931
1.130684
0.185342
0.871915
-0.594426
1.061518
-1.294971
0.304407
-1.510860
0.092459
-1.534192
-0.822882
0.152790
-0.587489
-2.099146
1.611356
1.261377
-0.424751
-1.390200
-0.656736
0.937433
0.914837
-1.523744
0.795367
1.061694
0.234438
-0.770345
-1.056551
-0.981150
1.338907
1.273980
0.712841
-0.025255
-0.095125
-0.011540
0.249490
0.942619
-1.112646
-0.684545
-0.689573
-0.007069
1.034689
2.063350
2.039971
-0.825240
-1.676450
-2.293797
1.781760
0.429696
1.369233
2.582683
-0.315472
1.244269
-0.579469
-0.980764
0.528051
0.125629
-1.578266
0.442738
2.358337
-1.077118
1.206544
0.555992
-0.174653
0.967077
1.916703
0.078949
0.288040
-1.515572
0.061941
-1.600980
0.488890
-0.392262
1.036630
-0.977502
0.074635
-0.331675
0.703203
0.835201
-0.395236
-0.502144
1.661427
0.654546
0.641620
-1.278960
-0.194016
1.854440
-0.188461
1.061204
-1.118536
0.360224
0.211431
-0.998930
-0.485642
0.283707
0.999716
-1.412189
-1.601327
1.652061
-0.179872
2.455492
1.579465
0.137705
0.405489
-0.341051
-0.816613
-0.011600
-0.034937
-0.194028
0.519584
1.265244
-0.417248
1.553394
1.123695
0.925233
-0.222639
-0.664742
0.131465
-0.313880
0.168092
1.368100
-0.892916
1.583074
-0.142340
-0.537957
0.888551
-0.311392
-1.652168
-0.556852
-0.927630
-0.698502
-0.668012
-0.628318
0.799491
1.036768
-0.095035
-1.348427
-0.757660
-1.273168
-0.424044
0.874189
0.076725
0.228152
-0.114744
0.062130
-0.132321
0.438985
0.628587
0.428042
-1.011276
-0.320342
-0.700418
0.367147
-1.353994
0.674579
1.339042
0.438342
-0.685977
0.141654
-0.907559
-0.101364
0.251752
-0.242737
-1.030088
-0.737216
2.197414
0.188285
-0.574340
-1.809626
1.180163
-1.042057
-0.444468
-1.332629
0.976985
0.554471
-0.717088
-0.085501
0.838815
-0.620009
0.197841
-0.929555
0.000748
-1.167885
1.049928
0.057598
-0.474567
0.649907
1.525671
0.817959
1.251610
1.047927
1.279052
-0.926611
0.883743
-1.983197
1.950138
0.662859
0.861699
-0.197427
-0.593810
0.551352
-0.670142
-1.427297
1.224435
0.717961
-0.415224
0.171754
0.423669
0.625821
-1.043646
0.897960
0.698762
0.795406
0.795845
-0.130491
1.018299
0.063881
-0.304261
0.031662
0.082494
1.550124
-0.240666
0.879685
0.722497
-0.926216
1.063434
-1.200410
-0.039728
1.523738
0.189322
-0.587434
-1.128243
-0.525084
0.250460
0.935157
0.314672
-0.255443
-0.642551
0.666155
0.327304
-0.893690
0.038105
1.113577
1.501179
0.151696
-0.392536
1.406096
1.514163
0.014194
0.125588
-0.598984
1.270553
0.065384
1.225258
-0.179743
1.231341
-0.868932
1.042033
0.575227
0.061187
1.236585
0.393230
-0.635179
0.881907
-0.507114
1.614782
0.751685
0.631228
3.290647
0.170473
0.591600
0.656055
0.110327
1.269932
0.014457
0.921457
-1.268848
-1.114222
0.213674
0.682607
-0.760640
0.228211
-1.158731
0.920990
-0.363032
0.120968
-0.660130
-0.569848
2.067174
0.862442
0.993768
-1.313187
0.421263
-0.059059
1.013960
-1.956912
1.732020
1.205198
0.382066
0.549208
-2.015788
-3.038587
-0.372068
1.203584
0.744518
0.992488
0.722111
-0.016904
0.757437
0.661133
-0.013991
0.246748
-0.340476
0.469672
-1.239694
-1.540180
-1.570737
1.010142
-0.158878
-0.108216
-0.095544
-0.240388
-0.580173
2.614092
0.087607
-0.607618
-0.199071
0.023291
-0.532743
-0.892816
-1.131500
1.732051
0.143888
0.583542
-1.840503
0.046897
-0.160062
1.134993
1.033979
-0.456132
1.311322
-0.646540
0.223899
0.573179
-0.274700
-0.685107
-1.109001
-0.237755
-0.618294
0.263890
0.536442
0.437201
-0.874728
-0.928767
-0.230660
-0.292538
1.473258
-0.189332
-0.045446
0.218256
0.881925
1.268111
1.898304
-0.216955
-0.250717
-0.042379
0.913475
0.006158
-0.811211
0.745867
-0.033065
0.064494
-0.745571
1.708401
0.764354
0.241121
0.816156
1.244303
-0.178556
-1.621445
-0.056493
0.882918
0.833346
1.744161
-0.775289
-0.831171
-0.550579
-0.242104
1.140783
0.964787
-1.202521
-0.265564
0.749846
0.251869
0.642196
-0.612985
-0.572918
-1.723429
-0.091189
-0.103359
-0.122012
1.397775
0.073893
0.069772
1.025489
0.829161
0.799056
-0.853615
-1.625681
-0.047113
0.087713
0.080404
1.994036
1.010852
-0.450804
1.096557
-0.255331
-0.950549
1.014644
-1.222886
0.487814
-0.546298
1.319688
-0.241672
1.122637
1.085613
0.012845
0.250512
-0.351279
1.033556
-1.724160
0.645788
1.628865
-0.187775
-0.766051
-1.089113
0.363535
0.917702
1.489698
-0.589125
1.015080
0.533955
-0.265084
-1.326033
0.239665
-0.248094
1.812995
2.059537
-2.072529
0.496579
1.461537
1.417430
-1.493039
1.479186
0.455908
0.142874
-0.660508
0.527293
-0.752228
1.239109
-0.785216
1.547004
-1.058560
-0.953865
-0.395333
0.326732
0.979804
-1.225317
0.326008
1.627447
0.404825
-0.364500
1.263212
0.133111
-1.075820
-0.961804
-1.235915
-0.462974
-1.114539
-0.850049
-0.754403
-0.853928
0.728309
0.706238
0.038255
-1.586605
-1.969276
1.226350
-0.171803
-1.203081
-1.540716
1.264410
-0.550131
-0.566072
1.109930
0.093517
-0.525409
0.192317
-1.035688
0.231130
-0.101716
0.530080
-0.401998
-0.433126
-1.954628
0.784974
-0.320385
1.017616
0.893595
-2.258564
0.019877
-1.176070
0.793823
0.579043
-0.711596
1.268491
0.857920
-0.134891
-0.725369
0.995200
0.602095
-0.564045
0.229547
0.910615
-0.942205
-0.344530
-0.260421
-1.426826
0.459237
1.291668
-0.929532
1.268075
-0.553667
0.946413
-0.347405
0.552091
1.836178
-1.324661
-0.409079
-0.332543
0.394131
0.302362
2.108001
-0.513713
0.938735
-0.843940
-0.299046
0.283299
0.229619
0.593052
0.330651
0.033942
-0.794016
0.529828
-0.031758
-1.170732
1.547254
0.822372
0.199823
-1.055503
1.454892
1.185852
-0.413634
-1.702809
0.007866
-1.183801
0.586889
-2.144306
-1.831270
-0.070205
0.913037
0.042473
-1.684322
-0.015826
0.547855
-1.552986
-0.364103
0.468420
-0.237667
-0.665418
-1.046289
1.609163
1.218445
-0.177353
0.188417
-0.368935
1.653203
-0.887965
0.957246
0.906128
-1.007152
0.714067
-1.698128
-0.510069
-1.447673
1.248150
-1.253086
0.046870
0.843426
-0.028026
-0.052068
0.435593
-0.194476
0.271592
0.070644
1.116611
-0.152445
-0.841828
0.601741
0.685167
-1.204407
-1.132155
-0.420465
0.798746
0.433810
-0.845598
-0.461198
0.472625
1.544408
-1.368315
-1.186281
-0.759233
0.188400
0.035226
0.089530
0.283424
0.093375
0.894096
1.617070
-0.648774
-0.128895
-0.531136
0.255991
-1.229561
1.414504
-0.383447
0.559750
-0.009981
-0.531921
1.301941
-0.646856
-0.346708
1.091518
-0.240720
-1.513898
-0.558576
0.689866
0.478235
1.037042
0.269801
-1.101178
0.344424
0.235201
0.298515
-1.120894
0.302013
-0.847437
0.495610
-0.652399
-0.227063
-0.092598
0.866558
-1.048967
-0.933887
0.018271
0.654809
0.627660
0.151258
-0.816644
0.931805
1.679061
0.131191
0.636348
-0.439504
1.506531
0.580671
-0.022577
-0.706937
-0.065648
0.222747
0.554550
-0.303113
-0.933944
-0.320411
-1.348576
-0.107020
0.432949
0.408866
-0.258778
0.860606
-1.006590
-0.921719
1.280500
-0.920519
1.163253
1.463331
-1.219374
-1.085203
0.694193
-0.224563
0.772574
2.332869
-0.493961
1.893333
3.699789
-0.720522
-0.546719
1.067281
-0.032587
-1.199313
0.876969
-0.562049
-0.446437
0.987349
-1.312965
0.291832
-0.964614
0.676883
1.264770
-1.841604
1.384390
0.932739
1.590742
0.066381
-0.608245
-0.189865
-0.522813
-2.286647
0.145287
0.407677
-1.005077
1.448627
0.013101
0.471802
2.024591
-0.220545
-0.416709
0.783072
-1.206881
-0.606573
-2.336760
1.364007
0.565312
-0.625321
1.323577
0.195645
0.272457
0.912489
-2.499801
1.133995
-1.041374
0.232199
-0.113241
-0.702427
1.927183
0.661522
0.841749
-0.695792
-1.616283
-1.524423
-0.463636
-0.941325
0.158284
-0.339173
0.656684
-0.235595
-1.788842
-2.033583
0.648748
-1.105368
0.175368
-0.846457
-0.086174
0.470691
-1.041014
0.162343
-2.345859
0.221409
0.052901
-0.975482
0.347364
0.157226
0.784074
0.213683
0.289186
0.902422
-1.415446
-0.325542
-0.337563
1.618131
0.806131
-0.163939
-0.373100
1.627623
0.963012
0.119248
0.191672
0.999829
0.794812
1.849479
-0.673354
-0.070475
0.137040
-1.809698
1.671421
0.120987
-0.457070
-0.542225
-0.534556
-0.620884
1.175769
-0.721821
-1.219647
-0.111131
-0.071384
0.819686
-0.526159
-0.632643
0.492121
-0.669975
0.294450
0.122077
-0.205905
-1.325600
-0.111874
0.714114
-0.525345
1.098743
-0.843243
0.456286
0.781443
-0.117356
-0.503009
-0.192069
-0.714742
-0.184278
1.333725
-1.723807
0.720999
-1.409048
1.270316
0.328371
0.400616
1.490649
1.345755
0.593867
1.278857
-0.939088
0.573391
-0.329085
0.575386
0.210682
1.299956
-0.414251
-0.908070
1.088143
0.570302
-1.528726
1.148624
-0.852923
0.830739
0.009016
0.560479
0.412397
1.642108
0.098695
-1.243858
0.177730
-1.012943
0.763014
-0.024661
0.168333
0.331022
1.147375
1.279091
0.379001
-0.639229
-0.401850
1.700823
-0.032865
-1.799819
-0.338577
0.197507
0.560100
-0.136551
0.606410
-3.219609
0.618241
-0.406523
0.449116
-0.835800
-1.638463
0.417509
-0.682170
1.073919
0.276228
0.113643
2.536369
1.278140
0.165728
-0.352423
0.413567
0.331029
-0.657145
-2.054248
-1.108350
-0.197615
0.723381
-0.777287
-1.052428
-1.702364
0.145619
1.058308
0.569760
0.142066
0.903067
-0.219385
0.535111
0.023119
1.525216
-1.413769
0.258086
2.185874
-2.540596
-2.061165
2.107775
0.280383
-0.492109
-2.039015
0.525740
0.335442
0.287064
0.994732
0.780767
1.117521
-2.258601
0.181429
-1.660631
1.203467
1.514277
0.705459
0.075050
-0.123636
0.635309
-0.470396
1.415137
0.006816
0.829700
0.385879
-0.273990
0.050091
0.709952
-0.358126
-0.571873
-1.035337
-0.192516
-1.871896
-0.643831
-0.171831
0.733119
1.457519
-0.818966
0.206455
0.441969
-1.570822
-0.469375
1.741844
-0.294694
0.274615
-0.973593
0.016992
0.820822
0.045113
-0.139152
-0.047004
-1.539473
-0.811518
0.751980
0.402458
-0.703330
-0.455520
0.688759
1.167863
-1.627175
1.831746
-0.570044
-1.518879
0.316255
-0.139348
0.532302
1.411124
1.669652
0.583622
0.564650
0.783872
0.341529
-0.101002
-0.409974
-1.961490
-0.695123
-0.590279
-0.989042
-0.413830
0.710617
-0.152187
-1.244131
-0.048428
2.042647
-1.014161
-0.339396
-0.098648
0.869778
-1.386831
-1.320330
-0.287683
0.231522
-0.028639
1.453582
-0.302794
1.415565
-0.942744
-1.016241
0.494849
-0.381169
-0.436836
-0.247586
-0.224253
-0.500936
0.363149
-0.922570
-0.314427
0.879605
0.308590
-0.432835
-0.258874
0.412140
-1.080454
0.235126
-0.710640
-1.173155
1.531770
0.536499
1.743281
1.209746
-0.172956
-0.892384
0.231685
1.803951
0.652274
0.340815
0.261411
-0.306732
-0.440881
0.572279
0.682866
-0.268872
0.860864
-1.750992
0.034271
-0.470675
-0.992184
-0.324165
1.400735
0.409752
0.283371
0.466446
0.286665
0.128840
-0.013865
0.110808
1.054549
1.013789
-0.675604
-0.506487
0.191631
-0.140067
0.795833
-1.200684
-0.775132
1.047650
0.962425
1.116430
-0.726799
2.619110
0.163399
-0.623160
-1.502208
0.036920
0.821488
-0.332826
-0.674801
0.085013
-1.069584
0.009064
0.470019
0.237651
-0.597339
-0.632468
0.157337
-0.978596
0.139226
2.031964
0.085180
1.838693
1.866539
-1.239403
0.258427
-0.934366
0.549230
-0.554830
0.621508
-1.013415
0.571427
-0.051179
-0.867728
0.292840
-1.123116
0.528329
-0.108169
0.412573
1.641447
-0.933156
-0.637418
0.905638
-1.986865
-0.364157
-2.413801
-0.915589
-1.555335
-0.363936
-1.358876
1.026201
0.421494
-0.471387
-0.374313
1.690910
-0.599597
1.043918
0.154590
0.140691
0.192098
0.642580
-1.185129
0.458899
0.250165
-0.849754
-0.932173
-0.192992
0.931867
-0.085445
0.536281
0.427539
-0.310384
1.864983
-0.672470
-0.755854
0.880094
-0.304607
1.753948
-0.059498
1.143406
-0.151450
-0.248238
-0.060639
-0.446140
1.829448
0.463424
0.980466
0.474843
-0.499241
-0.311780
0.817934
0.136933
0.836093
0.885429
-2.061924
-2.337770
0.154753
-1.290439
1.257514
0.301054
-0.745113
0.375742
0.478475
1.460681
-0.613581
-0.535031
-0.243617
2.048547
0.218910
0.638266
0.593511
0.493973
0.077599
1.734129
-0.654479
0.399715
-0.395362
-1.070884
-0.732916
-1.078312
0.020563
-0.372784
-0.747088
1.477438
-0.511103
-0.095703
0.526578
-0.004390
0.097882
-0.294078
-0.125634
-1.091446
-0.594751
0.305182
1.009877
-0.506190
-0.554450
0.916577
-0.496037
-1.834589
-1.013430
-0.824024
1.159039
0.182027
-2.186241
-2.185642
0.902221
0.688195
0.801600
-0.596308
0.751584
2.093831
0.341784
0.348921
-0.965128
0.046286
-1.152234
-0.025717
-0.347620
-0.004924
-0.625363
0.188280
-0.382095
-0.634114
-0.144703
0.612896
0.730823
-0.754493
0.594286
-0.049259
0.318847
-0.381106
-1.828543
-0.321506
-1.221532
-0.046539
0.007541
0.000591
-1.096103
1.186538
-0.237452
0.815337
0.678192
0.033211
0.522652
-0.659233
-0.613511
0.458541
0.487684
0.951387
0.841522
-2.114544
-0.556221
-0.117923
-1.962810
0.897510
0.536344
2.470149
-1.478817
-0.067887
-0.254623
1.328514
-0.427157
0.647284
-0.582536
0.583180
-0.033228
-0.333724
-1.008955
0.665309
-0.334682
-0.533457
-1.043646
0.059017
-0.533013
1.505597
0.613908
0.950098
0.711787
-0.095059
-1.328052
-0.583420
-0.250531
0.335532
-0.012227
2.516446
-2.188334
-0.140153
-0.671628
0.763502
-1.321390
-1.397240
2.663755
-1.071566
-0.291675
0.394700
-0.024197
0.508373
1.843137
1.143605
-1.972424
-0.176040
0.109028
0.777789
-0.553490
-0.190195
1.245550
-0.473364
-0.266061
-1.410239
1.681720
-0.914540
0.830083
0.318610
0.233198
1.444483
-0.041854
-0.984662
0.460590
0.911082
-0.329473
0.758982
-0.893909
-0.498718
0.153122
-0.769964
-1.182785
0.932985
-0.892741
-1.131863
0.387728
-0.116367
2.287194
0.471017
0.014981
-0.845978
0.901940
0.827965
1.394394
-0.661065
0.036121
-0.488501
0.609222
-0.349674
-0.396920
-0.361397
0.881283
-2.030823
-0.421204
0.160193
-0.159356
0.885581
-0.480061
0.521815
-0.113708
-1.762337
-1.282371
0.131272
-0.097314
-0.045057
1.390239
-0.319008
-1.282690
0.723306
-0.117570
-0.789993
-0.112088
1.454834
0.760214
0.958653
0.052731
-0.671995
0.939945
0.766768
-1.539485
-1.102229
-0.014682
-1.322559
-0.064494
1.632405
-0.781704
-1.091556
-1.351520
0.052231
0.015513
-0.721070
-0.024019
-0.083014
1.803201
0.437317
0.196598
-0.708382
-0.983126
0.393742
0.287124
0.647435
-0.644721
-0.267606
-0.684662
2.442482
1.105777
-1.712530
1.583974
-0.697018
0.102461
-0.463019
0.977322
-0.120009
-0.753939
0.891392
1.755190
-0.259562
0.521897
0.808254
-0.878006
-0.625027
-0.341449
-0.065141
-0.092365
1.428442
1.066900
-0.082201
0.048089
0.852040
0.404592
-0.326618
-0.377772
-0.797279
0.562141
-0.426357
0.770331
2.001389
1.618157
0.806881
0.320855
1.409984
-0.888106
0.150726
1.260599
1.224464
0.101180
-1.332477
0.131492
2.225798
-1.991805
0.839773
-0.886439
-1.896563
-1.429348
-1.514301
-0.554173
-1.645813
-0.867243
0.852510
-0.403327
-0.629319
0.687545
-1.297382
1.605724
-0.777887
-2.164047
-0.991746
0.930652
1.153366
0.395691
-1.010034
-1.282875
0.494686
-1.260363
-0.393305
1.536744
0.216763
1.132429
-1.318155
1.139206
0.151545
0.668181
0.142165
1.626240
-0.201453
1.301101
0.515849
-2.353053
0.347644
0.415180
0.188197
1.597311
-0.549115
0.142709
-1.211707
-0.615998
-0.019971
-1.097801
1.062079
0.747497
-0.504219
-1.922266
-0.078917
0.100057
-0.402821
-0.613805
0.515107
0.162370
-0.960612
0.072614
-1.621161
-0.505084
0.280872
-0.831177
0.439836
0.362799
-0.345109
0.765230
1.309603
1.117025
0.122691
1.077328
1.033848
-0.548721
-1.890911
0.505979
0.185699
-0.954506
1.432581
0.823616
-0.221205
-0.446647
-0.311565
-0.421203
-0.524257
0.301262
-0.405668
0.135104
-1.062834
0.029975
0.149838
0.339771
0.914203
0.468807
2.473820
0.335926
-1.433975
-0.437776
-0.329723
-0.422479
-1.172994
-1.543306
1.318729
-1.019884
0.265604
-0.206946
0.636754
-0.114462
1.246010
-0.508383
-1.168948
-1.169712
-1.310331
-0.297811
-0.314725
-0.720852
-1.100253
0.234719
-0.654218
1.061388
-0.396000
0.752917
0.943950
1.860461
-0.305446
-0.806647
-2.032107
0.519121
0.616939
0.180916
0.544261
0.183439
0.643615
-0.908417
-0.310810
0.241113
0.662260
0.005982
-0.013110
-0.422504
-0.762015
0.402009
0.133337
-0.167720
0.302190
0.998277
-0.897542
-0.138404
1.113291
-1.635072
-0.442621
-1.354166
-0.771723
2.177057
-0.194651
2.575824
0.339124
0.514511
-0.203160
-0.317339
-0.599463
1.073489
0.593194
-1.305988
0.148910
-0.013696
-0.092204
-0.834412
-1.833197
-0.268115
0.773852
1.428369
-0.449711
1.192912
1.972522
0.435682
0.887189
1.019828
0.573485
-1.843359
0.678279
-0.664536
-1.352129
-0.570686
-0.175996
0.339015
0.033749
-0.139956
-0.497401
1.037437
-0.953398
-0.931720
0.357926
-0.178433
0.990535
0.140864
1.176880
-0.674366
0.343898
-0.129146
-1.733926
1.617719
0.787077
0.446881
0.555830
-0.858507
0.209507
-0.693069
-0.712384
-0.642007
0.710457
0.292186
0.416348
0.469785
-2.135627
-0.209244
1.652163
-1.001250
-0.358814
-0.593024
-0.474974
-0.781498
-0.098580
-0.213047
1.211671
-0.190962
0.599226
0.505939
0.331755
-2.104135
-1.364758
0.550158
-0.534966
-0.166228
-0.418876
0.020913
0.088312
-0.178514
-0.485768
-0.373695
-1.488061
-0.568184
-0.916996
0.920145
-0.797281
-1.009569
0.906383
1.932038
-0.367991
-0.596566
0.234615
-1.785199
-0.563691
0.285600
0.549166
2.485185
-1.151317
0.143701
-0.945325
-1.367961
-0.934893
-0.174865
-1.950522
0.571364
-0.292366
-0.703963
-0.091850
-2.286128
-0.916109
1.036726
-0.563699
-0.874435
1.725762
0.587327
-0.368147
0.205502
-0.115031
0.715681
-0.103688
0.213996
-0.023616
-1.083654
0.366095
-1.791430
-0.072615
1.059953
0.338863
2.345340
0.056783
1.180567
0.059911
2.271515
0.285605
-0.535296
0.593445
1.472878
0.308615
1.315378
-0.670579
-0.767115
1.994760
-0.306568
0.917510
0.847333
-0.662681
-0.336664
-0.553534
-0.284663
1.004530
-1.078058
1.578819
0.238527
0.960238
0.171229
0.759647
-0.205341
-0.662224
-0.686082
0.503040
-0.194950
-0.852163
0.159755
1.165711
-0.579948
0.813040
-0.263995
-2.459687
-1.509581
0.669499
0.246171
1.065293
-0.603766
1.571480
-0.587148
-1.490641
1.337496
0.615994
-0.142776
-1.657724
-0.187081
-0.977940
0.083230
-0.486152
-1.733847
1.170537
0.275607
-0.174603
-1.482083
0.802519
1.373562
0.651201
-2.509959
0.283506
0.008060
1.550371
1.615018
-1.436273
0.229615
0.390272
0.491484
1.228899
0.828804
1.015289
1.294885
1.267153
1.176242
0.418508
1.202622
0.731626
-0.883219
0.205203
-0.264347
-0.614493
2.444435
-0.842650
1.014936
-0.212757
-0.313541
-0.142552
-0.933216
0.701287
0.685834
-0.027632
-0.157885
-2.859313
0.178681
-0.933245
0.115469
-1.039724
0.432329
0.869091
-0.420234
-1.267852
-0.189324
-1.266099
-0.247923
-0.838251
-0.222754
-0.702784
-0.057273
0.259941
0.256068
-0.292351
-1.125825
-1.074075
-0.669000
0.375887
1.377050
0.062386
0.701272
-0.797554
1.076139
1.104656
-0.536477
0.618885
-1.543066
0.483342
-0.972932
-0.288995
0.510907
-1.316042
0.139327
1.424222
1.093199
-1.422027
-0.087537
0.942195
-0.338575
0.856010
-1.290550
-0.319981
-1.117905
0.265081
-0.330435
-1.212248
-2.962799
1.380689
0.271355
-0.581568
2.676177
2.652849
1.117943
1.124542
0.339674
0.252394
1.471421
1.382535
-0.351917
0.886059
-1.282945
0.965964
-1.421884
-0.442516
-0.161116
1.729606
-0.311259
0.420615
0.206629
-1.607472
0.910468
-0.187543
0.122957
-1.141710
-0.961868
-0.007236
0.293545
0.286315
-2.208988
-0.909146
0.103262
0.176584
0.439515
-0.040882
1.058638
-0.025780
-0.725521
0.324615
-0.801298
-0.298244
-0.117169
0.359064
-0.993777
0.007999
-0.514110
-0.644739
0.398797
-1.286513
1.015209
1.128386
-0.293948
0.180086
0.627559
-0.284437
-0.872646
0.166326
1.431203
-0.295727
-1.271965
-0.328476
0.433148
0.429299
0.514144
0.719138
-0.567660
0.711023
0.436179
-0.394339
0.539311
-1.779290
0.195398
-0.734635
-0.677450
-0.286496
-0.963000
-0.353885
-0.216220
-0.946307
-1.721970
-0.329770
0.852574
1.043092
1.320057
0.415067
1.508038
-1.500057
0.733000
1.429599
0.993608
-0.143396
-0.501724
0.113185
-0.389959
-0.166016
1.719617
-0.482477
0.928637
-0.747127
0.648304
0.542397
-0.649137
0.403132
-1.633958
0.896445
1.118199
0.204859
0.579016
-0.338306
-0.353029
0.062567
0.641068
0.433028
1.715511
0.602452
2.160019
0.328088
-1.683098
-0.451306
-0.307242
1.137169
1.758279
-1.233624
0.007596
0.293268
1.207769
0.672744
-0.495433
-1.033468
-0.485278
0.432486
0.289138
1.905154
0.501395
0.530286
0.385221
1.245759
0.143976
1.189203
-0.816210
-0.515466
-1.234727
1.160231
-1.335056
-1.107327
1.323239
-1.205495
1.197269
-0.836367
-0.212922
1.448573
-0.068302
0.177698
0.152703
-1.011233
-0.517974
0.361631
0.185045
0.943862
1.195808
1.176331
0.199916
0.927956
-0.006862
0.261397
-0.084707
-0.369591
-1.050341
0.673732
-0.913476
1.611819
0.543758
0.714103
-0.950947
-0.980762
-0.485954
0.824619
1.216942
0.919981
-1.145174
0.855432
1.771220
-0.222818
0.079235
-1.290874
-0.193604
0.554068
1.921075
0.580665
-0.521732
-0.195174
-1.093244
0.332985
2.479959
-1.481671
-0.217445
1.861264
0.002795
-0.431521
0.267869
0.775944
0.063541
-0.797690
-1.754384
0.411397
-1.821714
-0.553844
-1.051821
0.180498
1.369952
-1.423560
0.428524
0.936334
0.632877
-0.208632
-1.222232
-0.875785
1.403025
1.806594
-0.409145
0.859657
-0.667621
0.026620
-0.972726
-2.108214
-0.477689
0.340918
-0.911201
0.552884
-0.976592
0.302940
1.281239
-0.120358
0.824627
-1.140070
0.163750
0.639423
1.719876
-0.600155
0.030628
-0.368161
-0.258541
0.651640
-0.874430
0.242668
-0.276940
-0.445659
0.652366
0.915668
-0.036812
-0.628832
1.121791
-0.190819
2.768747
-0.655802
-0.048740
0.604540
1.438211
-0.822688
0.308395
-2.294883
-0.180955
1.485978
-0.509729
-0.520099
-0.290745
-0.358796
-0.680901
-0.259480
0.416487
-0.278639
-0.079120
0.959700
-0.795929
-0.624207
0.647867
0.048067
0.015723
0.105507
0.973723
0.472701
-0.169411
-1.454776
0.552651
-0.792042
-0.035683
-0.910220
-2.054424
-2.459364
0.472866
-0.987517
-0.308102
-0.166971
-0.075172
0.398170
-1.945144
-0.463700
-0.180645
-0.164515
-0.487221
0.810225
-0.424520
0.696899
0.607962
1.834320
0.681169
0.523388
0.333204
0.468445
-1.438521
1.296705
-0.415851
-1.122433
-1.144541
-0.113033
-0.524198
0.054294
0.784203
-0.811030
1.084311
0.569249
0.121957
-2.074451
-0.470212
0.237415
1.093134
1.950173
-0.447330
-0.283610
0.015722
-0.971106
-0.931094
0.441639
1.543165
0.693089
-1.898403
0.717084
1.697832
0.405237
-2.181344
0.733472
1.306551
-1.611392
0.676407
-0.081178
0.275656
-1.956261
-0.288527
0.573266
-0.387926
-0.569885
0.484453
0.291088
0.495917
-1.323631
-0.522374
0.416805
-1.323915
-0.120796
1.229722
1.433939
-0.571598
0.159326
-1.406887
-0.834219
1.342668
0.387063
0.929339
-0.069419
0.593192
-0.980555
-0.175466
-0.836725
-0.461936
0.087219
0.258882
-0.492374
0.665086
1.152218
0.701560
0.090016
0.073896
0.321535
0.643310
0.791580
0.258362
-1.188740
1.913302
1.702141
-1.753277
-0.513746
0.055403
-0.556488
1.776901
0.087943
0.130528
-0.830910
0.090670
-0.794544
0.824076
0.199043
0.533651
-1.938949
-0.455353
-0.117155
-0.724627
0.006002
-0.098151
-0.636410
1.105983
0.473749
0.590726
-1.889610
0.741718
0.537596
0.465401
1.697498
-0.468104
1.089135
-2.400032
-0.354700
0.633390
3.015659
1.139475
2.596077
-0.254099
-1.499575
0.567097
-0.053274
-0.714573
0.090714
-0.451692
-0.595831
0.927218
0.438274
-0.525987
0.557049
-0.054268
0.682087
-1.739563
0.039929
0.420588
-0.729541
-1.739866
-1.645374
-0.264428
-1.362056
0.336112
0.532601
-0.405041
0.243840
-0.265668
0.647795
0.620057
-0.566665
-0.270784
-0.565319
-0.211219
-0.899145
-0.263298
0.838312
-0.234739
0.134579
0.420395
-0.814896
1.230286
0.460251
-0.583530
-0.393132
0.189383
-0.758862
-0.284699
0.787750
-1.192396
-0.822873
1.124990
1.138105
-0.147772
1.166724
1.150831
1.037969
1.241745
1.284831
-0.466741
0.075200
0.459633
0.048410
-2.053678
-0.612491
1.451714
1.151399
-0.533518
0.229211
-0.434442
0.251228
-0.752981
-0.685383
-0.136017
0.671720
-1.255127
0.038087
-0.344582
1.049150
-0.665677
-1.096457
1.155520
0.556550
0.941861
0.067315
0.112602
-0.835352
-0.600334
-0.299806
0.151002
0.709613
0.368182
-0.631286
1.376824
0.257131
0.762047
-0.865732
-0.567477
1.086945
0.638305
-0.085194
0.670329
-1.361182
-0.775458
0.356832
0.296528
-0.615489
-0.609668
-0.004114
1.248819
-0.032856
-2.085979
-0.184581
-0.172459
0.362783
-0.095895
0.390124
-0.133604
-2.142542
0.294462
0.242109
-0.991789
1.304926
0.142239
-0.668550
-0.035038
1.378226
-0.528206
0.900638
-0.295732
1.439471
1.101795
-0.819982
-1.708620
-0.633299
-0.403021
0.219709
0.154549
-0.273908
-1.247368
-0.179394
-1.236520
-1.609122
-1.033554
-1.009470
0.153211
-0.784660
0.309816
-0.369889
0.680556
1.298161
-1.221691
0.193068
0.063845
-0.061265
-1.029009
1.259657
-0.468571
-0.155538
1.397569
-0.972331
-2.228414
-0.100216
-1.602235
0.841498
1.106120
1.898463
-1.178915
0.787833
0.599807
-0.873253
-2.010315
-0.208154
-0.675136
1.253337
0.821802
-0.734745
-0.292027
1.412096
1.708205
1.124075
0.101907
0.472923
-0.927491
-0.860626
-0.929563
-0.189570
-1.644742
0.184277
-1.294772
0.062688
1.453961
-0.899576
0.171396
-2.241407
0.033076
0.529763
-1.298363
-0.391865
-0.552698
0.890340
-0.875450
-0.763120
-0.974116
-1.371717
-1.751377
-2.078823
0.693687
-0.260311
0.601712
0.565486
-1.128275
0.727549
-1.634910
0.397991
0.202702
0.088885
-1.883061
-0.192813
1.813145
0.547171
-1.526719
1.998356
-0.500899
-1.917871
-0.449507
1.289862
-0.092405
0.424899
-0.996577
-0.375859
0.595566
0.195646
-0.564477
-0.323657
-0.020243
0.031323
-0.132086
-0.600053
-1.458389
-1.331066
0.086884
0.400678
0.562289
0.119502
-0.008674
1.157493
-0.517424
-0.327514
1.052191
0.378939
-0.023295
-1.316630
0.445022
-0.102879
-2.001746
-1.208387
-0.593518
0.556100
-1.752774
0.587440
1.113664
-1.418914
-0.231130
-1.875461
-0.392261
0.795976
-0.549796
-1.039247
-0.168123
-0.107404
1.331335
0.667738
-0.897897
0.731827
0.271159
0.202407
-0.079392
0.512887
0.692941
-0.111302
2.161806
-1.083230
-1.235245
1.025767
1.740062
1.972404
2.358742
-0.812145
0.636750
-0.120254
-1.358086
-1.058502
-0.799283
1.118650
0.832014
-0.542703
0.592700
-0.605231
0.442424
0.287871
-1.455824
0.083553
-1.185700
0.331689
0.007668
0.429937
-0.954987
-0.606261
-1.694345
1.136751
-0.530315
1.403089
1.739804
1.808716
0.599137
-0.105257
-0.553428
0.038211
1.936693
2.044678
1.769006
0.431983
-0.366721
-0.870911
0.720323
-0.302728
-0.718446
0.133212
0.293141
-0.613129
-0.605343
0.756447
-0.078065
-0.001304
-1.228971
-0.457582
-0.436892
-1.247310
0.118833
0.662456
0.139155
-0.031265
0.144272
-0.528313
1.512142
-0.067117
-1.294936
-2.074869
-0.567390
1.872854
1.970292
0.081029
0.188138
1.107861
0.701830
0.344401
-0.356605
0.996899
-1.092206
-0.707945
-0.486806
-1.235264
-0.139555
0.864026
-0.747108
-0.684679
0.245676
0.032851
-1.191528
-0.643029
-0.550243
-0.053784
1.260213
1.793454
-0.657752
-1.025347
-1.193871
-0.370068
0.470211
0.524599
-1.580833
1.351230
-0.668534
-0.968733
1.069863
-1.169667
0.134604
-2.165775
0.432260
0.944235
2.680870
-1.233571
-0.205095
-1.909902
1.902337
-0.170790
0.533444
0.351235
1.170799
-0.033010
-0.464824
-0.085869
1.676980
0.553348
1.983963
-1.633618
0.747371
0.405746
-0.919683
-0.318004
0.769398
0.653535
0.420315
0.521367
0.497008
-0.871559
0.717298
-0.374394
-0.426858
2.011224
-1.502908
1.667748
0.998123
0.754890
1.233747
-0.312758
-1.436018
-0.385917
-0.443610
0.317276
0.598364
0.402453
1.572763
-0.425296
-0.781421
-0.391853
-0.827378
-0.153956
-0.974009
-1.739309
-0.659017
-0.885486
-0.200438
-1.520526
1.241216
-1.415207
-0.071794
0.002877
0.460287
0.698613
0.083467
1.479665
0.608756
1.028450
-0.567499
-2.239743
-0.613815
-1.534413
-0.205040
1.312263
1.597378
-0.357335
0.227989
0.216777
0.554078
0.258674
0.188704
0.244832
0.071723
0.194180
0.165390
0.220721
-1.013100
0.994280
-0.270514
0.259941
0.385769
1.405919
-0.749558
0.104378
-0.131099
-0.731593
0.261631
0.294147
0.286780
-1.427668
0.809719
-0.896416
-0.145924
0.857712
0.077945
-0.553374
-1.011220
1.351010
0.936647
0.154138
-1.782314
-0.366295
1.333585
-1.171487
2.209027
-1.302769
0.049028
-1.654974
0.457478
0.016254
1.056834
0.100181
0.969133
1.656134
-0.626620
-2.612826
-1.416564
-0.738681
-0.719937
0.070977
-0.048963
-0.649903
0.655073
-0.214223
0.033453
0.986151
0.536908
-0.040081
0.970540
0.010668
-0.222193
-0.676657
-0.305740
-0.507982
1.385157
0.798258
-0.325541
1.319523
0.262749
0.066934
1.017900
-0.417216
-0.792500
0.107728
-1.170228
-0.092759
0.053890
0.303583
-0.535244
1.866032
-0.278185
0.181046
-0.021576
0.497901
0.969593
0.911451
0.204490
-0.550304
-0.736815
-0.145393
-1.320653
-0.987433
-1.743775
0.364538
1.318496
-0.359397
-1.778105
0.178511
0.744551
0.503683
-0.461374
0.745297
1.481302
1.078825
1.143119
1.037521
-0.526546
-0.061280
0.247965
-0.228772
-0.143357
-2.168895
0.253003
-0.790690
-0.714476
0.643625
-0.715334
1.698114
0.917564
-1.021828
-0.758026
0.509103
-0.259271
1.307582
0.839655
0.181272
-0.890110
0.752367
-0.137820
0.139725
-1.708969
-1.186636
-1.144659
0.535877
-0.675946
-1.197664
-0.805947
0.239641
-0.416070
0.456234
1.613674
0.342237
0.154154
-0.906698
-0.648761
1.150199
0.198706
1.656149
-2.247101
-0.223796
-1.091392
-0.046470
0.686135
0.574007
0.565756
0.861492
-2.071733
0.320778
0.526524
1.576320
-0.135636
-0.536733
0.780502
0.189300
1.170709
-0.873078
-0.647049
0.102889
0.823246
-0.603940
-0.104286
1.093646
1.342917
0.292065
-1.704229
0.262130
0.149994
1.210258
-0.797658
0.371818
-0.658298
-1.408727
1.348933
0.003722
-0.952545
1.144061
-0.366585
0.541610
-0.407806
-0.244997
-1.113050
1.379131
-1.488666
0.421847
1.147309
0.503456
-0.615144
-0.193935
-0.490260
-0.013433
-0.202366
-0.120573
-0.930030
-0.062737
1.249082
-1.540756
-1.026242
1.373303
1.548187
-1.385698
-0.042957
0.451520
0.203649
0.787770
1.866245
-0.365423
-1.113859
-1.337348
0.749873
0.100616
1.026602
0.660324
-0.547674
0.307974
-0.220723
0.848437
-0.059741
-0.920025
3.095908
1.428666
-0.530250
0.180903
0.547056
-1.048471
-0.885212
-0.738864
0.003511
-1.451604
-0.118234
0.709499
0.323822
0.258768
0.005522
1.111047
0.683692
-0.333089
1.497324
0.073702
-0.036081
-0.911552
-0.266182
0.157735
-0.627242
-0.032840
0.721006
-2.106901
0.066226
0.561325
1.713024
0.992683
-0.206110
-3.519943
-1.843560
-0.624584
-0.319707
1.620446
-0.230991
-1.005829
0.233581
0.529236
-0.156339
-0.688034
0.493855
-1.062664
0.179299
0.387685
0.713178
-0.064272
0.832344
-0.069367
-0.617765
-0.310424
-0.212993
0.324655
-1.646047
0.119114
-2.510209
1.172244
0.414117
-0.368410
0.514643
-1.513791
-0.269171
1.276869
-1.427794
-0.156378
0.209282
1.332115
1.039037
-0.036433
-1.350210
-0.853324
0.081257
0.017741
0.803872
-0.647149
-0.943945
2.334927
0.362605
-0.914126
0.363243
0.607527
0.960151
-2.322016
0.451141
1.509408
0.973459
0.511973
-0.404013
0.814720
1.285205
-1.582480
0.226470
0.169319
0.796670
-0.762923
1.013156
-0.523453
0.058681
-0.033739
0.404885
0.765342
-1.629184
0.542838
-0.835401
0.059937
-0.552056
2.143490
1.982314
0.505624
-0.426791
-1.284116
-2.522690
-0.250395
1.137979
0.745140
-0.618997
-1.148111
-1.345002
-0.481945
0.291486
-0.195907
0.660984
0.469595
0.094117
0.356954
-0.591336
1.944973
0.181297
-0.441891
-1.336464
-0.030178
1.378820
-0.399516
1.222864
0.783691
1.264383
-1.058335
2.914478
0.477285
-0.756330
0.569130
0.668767
0.091170
1.829686
0.590576
-0.647485
0.068697
-0.265506
0.211963
0.862009
-0.401111
-1.875581
-1.391847
-0.084065
-0.588436
-2.263288
-0.758088
0.011717
-0.637952
-0.644594
-0.218378
-1.130987
-0.562688
0.717301
-0.783995
-1.876873
0.817500
0.761779
-1.301342
-0.546339
0.055162
0.515486
2.946917
-1.455966
0.844627
0.311599
0.245276
-0.924807
0.418820
-1.047671
-0.180651
-1.104869
-2.207293
0.662089
1.013039
0.125543
2.218530
-0.284464
-0.194878
-2.066930
-0.254424
1.265878
0.631032
-0.293221
-0.231601
-0.712268
-0.314350
-0.321304
0.693591
0.015177
0.069541
0.067424
-0.824518
0.692263
0.221074
0.833869
-1.722825
-0.103711
0.316205
0.335887
0.580335
1.206120
0.776064
-1.443160
-1.291205
-1.019094
0.430107
-0.064975
-0.116046
1.436364
-0.658485
-0.011659
-1.577428
-0.089123
-0.969946
1.482795
-2.313141
1.092396
0.397143
-0.263256
-0.487595
0.536325
-0.574746
-0.916866
-1.185813
0.236031
0.517552
-1.189680
-0.363583
0.907604
-1.307793
0.502035
-0.295448
1.353851
-0.155684
-0.414313
1.330325
-0.900280
-0.187765
0.541095
0.883519
0.356025
0.893202
0.280722
-0.521709
0.789159
1.290526
1.454910
0.091076
-0.998410
0.832481
1.695056
-1.160280
-0.320608
0.879712
0.665009
-0.895717
-0.025015
-0.088282
0.947074
-0.793487
-0.847791
-1.214443
1.728069
0.572322
0.867112
0.635242
0.590328
-0.791721
-0.008728
-1.249207
0.459204
-0.211451
-1.094720
-0.678876
0.107328
-0.043745
1.294533
0.262045
0.853717
0.334460
1.141940
-1.941022
-0.861085
-0.851206
1.430068
2.246380
-0.804979
-0.013537
-0.511773
0.105412
0.519136
-1.525558
0.272867
0.465829
0.660460
0.603747
-0.003158
-1.033129
-0.190119
-0.306094
-0.575468
-0.313548
-0.465901
-0.104069
0.236908
0.232190
-1.480146
-0.353333
0.480160
-0.122998
0.553657
-0.102357
0.914967
1.246984
1.583881
-0.891596
0.663303
-0.600246
0.530920
-0.139384
0.136516
-0.165192
-0.533936
-0.475727
0.155266
1.268366
0.089112
-0.167264
-0.526278
-1.040235
1.779001
-0.034043
1.120346
-0.279725
-1.234089
0.010147
-0.611584
-0.333817
-1.226931
0.560394
-0.226282
-0.512167
1.915633
-1.791777
-0.296642
1.438803
1.001307
0.452379
0.243902
-1.289448
-0.890064
0.762894
0.738121
0.409135
-0.160336
-0.057921
0.713764
-0.218123
-1.686346
0.897290
-0.813934
-1.874170
0.796121
0.336861
1.891374
-2.091819
-0.049240
-0.511372
0.234369
0.722330
-0.134705
-0.490362
-0.175195
0.072316
0.629549
0.248055
1.198774
-0.412724
0.964589
0.580913
0.707415
0.884708
0.995283
-0.664575
-0.824512
1.665549
-0.668629
-0.176295
0.016420
-0.991362
2.122143
0.141714
-1.703319
-0.768473
-0.823570
-0.403789
0.217488
1.231572
1.057216
0.322580
-0.859017
-1.235298
0.472725
-1.012990
1.125693
-0.079010
0.125354
2.062768
-0.719497
0.685171
-0.895787
-0.190661
0.817960
-0.987451
1.715335
-0.173088
1.290675
-2.465327
-0.062781
-1.123527
-1.478317
-0.056528
-0.398986
0.863234
1.417221
0.022956
0.849433
0.419896
0.223713
1.084093
-0.489492
0.472898
-0.033087
0.240395
-0.230552
1.169464
0.680570
0.822486
0.179596
-0.859635
-1.224697
0.417287
0.905947
0.019647
-0.970194
0.844909
-0.361954
-0.744458
0.604004
1.023008
-0.353941
0.977283
0.821591
-1.726038
0.494987
-0.678448
-0.366549
0.803532
-1.109465
-0.479574
0.557587
-1.299198
0.255786
0.537776
-0.556688
1.128022
-1.173323
-0.055941
1.321147
1.239071
-0.835096
-1.669659
-1.248731
-2.543343
0.505124
-1.077168
0.907035
0.436226
0.473142
-1.207952
1.024822
0.073273
-1.215987
-0.909145
-1.745885
-0.762683
-0.052065
0.653364
1.646808
1.368968
-0.065900
-1.651349
-1.210742
1.197162
0.063498
-0.035360
0.523100
0.568884
-0.533320
-0.913715
-0.572658
1.359571
1.572069
0.703406
-0.025309
1.463552
0.423120
1.755773
-0.002154
-0.394461
-0.547619
-1.041138
-0.127992
0.960872
-0.207677
0.307949
0.965349
-0.972706
1.249431
-0.221155
0.684098
-0.510664
0.395177
-0.508654
0.270403
1.672493
0.549137
-0.260385
-0.282091
0.346259
-1.175453
1.224826
-0.913473
1.224132
0.984869
1.540743
0.361630
-0.154108
-0.202605
-1.626087
0.988844
0.065185
-0.754341
1.813209
-0.420256
0.207845
-0.398913
-1.828216
-0.011038
1.673933
0.610097
1.168121
0.377785
-0.740470
0.394482
0.895644
-0.644397
-1.387333
0.157930
0.411320
0.465502
-0.747164
0.108836
0.114970
0.129457
-0.245705
1.067896
1.437327
1.850841
0.261796
-0.058441
0.780629
-1.211535
0.919893
-1.815699
-1.024048
-0.569019
-0.046431
-1.581826
0.954333
1.211915
1.065893
-0.581298
-1.114535
-0.407197
0.624239
-0.324436
1.361950
-1.564179
-0.886833
0.442480
1.035979
0.070793
-0.783194
1.200812
-1.699799
1.632684
1.767729
0.845712
1.060755
-0.073302
-1.137174
1.899085
-0.790914
-0.708972
-0.981015
0.424670
-0.221435
0.611063
0.396100
0.211810
-0.833893
1.839066
-1.250160
-0.346536
0.660862
1.055032
-1.638112
2.105589
-1.395091
-1.746802
0.889607
-0.448674
-0.635496
0.261616
1.366923
1.067323
-0.035772
-0.513873
0.075700
-0.272892
-0.906922
0.382829
-0.774352
-1.282684
0.929791
1.235226
-0.677122
0.652270
-0.926234
1.226840
-0.175989
-0.146794
-0.303546
-0.751787
0.248364
-0.074451
-0.064259
1.203462
-0.128696
1.328293
0.090030
-0.504295
-0.569652
-0.120061
-0.902952
-1.747888
0.884638
-0.857266
0.685792
0.601834
0.445167
-2.038556
-0.422755
0.811653
0.874910
1.133852
-0.250252
-1.036513
-0.360977
-0.163887
-0.702719
1.105470
0.724535
0.908122
-0.939951
-0.143596
1.313584
-1.177792
-0.352055
0.160064
1.034755
-0.824617
-1.023186
0.096616
-1.240114
0.347584
-0.716945
-1.354746
1.716911
0.621829
0.166300
-0.128119
-0.331814
0.660873
-0.720923
-0.237611
0.993781
0.068931
0.804420
0.316079
-0.965086
1.647272
-0.443573
1.583131
0.940351
-0.507054
-0.262230
0.280162
-0.375830
2.187403
-1.041057
-1.128767
0.538973
1.404673
0.000707
0.863071
0.736475
-1.254258
-0.778749
-2.116789
-0.316937
1.766728
0.317698
-0.739480
2.615937
-0.203891
-0.650564
1.706132
1.662338
-0.541127
1.562662
0.272744
1.056438
-0.770168
0.295612
-0.292337
0.099376
-0.151383
-0.969581
0.831972
0.349734
-0.644307
-0.702964
-1.797313
0.196572
-0.600942
1.179794
0.089897
0.168832
1.635865
-0.645037
0.444327
0.945721
-0.206058
-0.190966
0.552126
-0.898452
1.192399
1.656811
0.630735
1.030490
1.289426
-0.140965
-1.281015
-0.615207
0.623479
0.442604
2.688107
0.235532
0.669342
0.367632
-0.371308
-0.158099
-0.010341
0.806838
1.058135
-2.695172
-0.198392
-2.523983
-0.590951
0.575421
-1.812757
0.139187
0.757674
0.154840
-0.774510
-0.901692
0.306888
-0.029279
0.941146
0.397172
1.172884
-1.059064
-0.800516
-0.459583
-0.149806
-0.271878
0.344841
-1.519303
0.899294
1.413818
0.577478
-1.056855
-1.437356
-1.583422
0.564463
-1.218367
0.900047
0.855908
-0.264329
1.461139
1.128450
0.496275
-0.771148
-0.336175
-2.351732
-0.312651
1.380329
0.147781
-1.247595
-0.883277
-0.707397
-0.330891
-1.383602
-1.166089
-0.113927
1.254012
-1.192835
0.543682
-0.239951
-0.043179
1.104484
0.045210
1.262052
0.215083
1.048290
-0.511625
0.414143
0.753618
-1.113232
-0.096735
-0.966009
-0.054695
-0.355357
0.756103
0.053670
-1.040435
-0.182723
0.800792
-0.032959
0.042915
1.061310
-0.453686
0.247411
1.137798
-1.330185
0.981031
-1.070082
1.076855
0.104991
-1.004170
0.035891
-0.592141
0.783594
0.674106
-0.365225
-0.567947
-0.537831
1.862983
-0.613933
-0.575346
-1.729091
0.664451
-1.353150
0.210107
0.018168
0.503510
-0.860470
0.748385
0.696852
-1.002407
0.047328
1.871510
0.004814
0.696118
1.415853
-0.747004
-1.041175
1.628912
0.164196
-0.595739
-0.784877
0.845715
-0.908119
1.071920
2.335360
1.242820
1.773798
-1.472005
0.454718
1.196165
-0.415413
-0.130188
0.437865
-0.360536
0.412199
-0.499425
0.784571
-1.261378
-0.778952
0.736713
-0.665472
0.356276
-0.150997
0.322617
-0.509240
-1.853866
-0.521272
-2.195074
0.419491
0.171745
0.250533
-0.145255
-0.887235
2.237826
-1.543638
1.360795
0.783338
0.434573
-0.485845
0.394365
0.200606
0.318031
-0.750329
0.696945
-0.432867
2.032332
-0.687090
-0.582236
-1.772744
-0.426099
0.862083
-1.258096
-1.299395
-1.601644
-1.643575
-0.049753
-0.834497
-0.103075
0.711993
-0.727779
-1.858532
-1.546279
-0.809090
-0.689124
0.476213
0.933714
-0.080649
2.017383
-0.157101
-0.585019
0.441153
0.563462
0.172424
-1.047425
-0.907629
-0.942806
1.512356
0.450841
0.519865
-1.022557
-1.089039
0.396688
-0.975539
-0.538760
0.274170
0.147362
0.835210
-1.696780
0.774822
0.223401
0.650075
1.241137
-0.525399
-0.471570
-0.811653
-0.909554
-1.451708
-0.368886
-0.075930
-0.848647
0.114888
-0.883996
-0.370579
-0.214206
0.508365
2.064029
-0.011263
-1.028996
1.222715
-0.319575
0.155394
-1.712582
0.271342
1.096480
0.060411
-1.894675
-0.934504
1.922311
-0.317755
-0.698432
-0.781730
1.347965
-0.109188
0.353723
-0.247045
0.475941
-0.746630
0.021331
1.162709
0.616900
2.077660
2.167948
0.997874
1.061844
-0.887023
-1.070009
0.732067
-1.628833
0.271530
0.016478
-0.380585
-0.516619
-0.242699
1.359584
0.672497
-1.070425
0.194841
1.808644
0.183358
0.111534
0.169211
1.598327
-0.051215
-1.145132
-0.365128
0.272218
-1.971056
0.135871
-2.050073
0.408244
-0.293492
-0.021158
-1.334988
0.269346
0.740018
0.442225
-0.414293
-1.048502
-1.043720
1.672845
-0.483125
-0.364330
0.233813
-1.499221
0.034869
0.293835
-0.869750
-0.332919
0.038766
0.682820
-0.380762
-0.526526
-0.442702
0.364223
1.522926
1.236156
1.179505
0.127892
-1.492121
0.764691
-0.969974
0.215661
-0.490095
0.486271
0.476708
-0.158884
1.199737
0.327882
-0.067013
0.718225
-0.011167
1.167729
0.513651
0.592623
-0.547465
0.443162
0.019295
0.579112
0.203477
-0.038889
0.315975
0.504755
0.341934
-0.779416
1.909984
0.960298
0.334721
-0.617670
2.470291
-0.292656
-1.518911
1.348073
0.187019
-0.560925
-0.594852
-0.857877
0.999450
-0.518698
1.461983
-1.446264
0.295964
-0.597381
-0.640263
-1.203200
-0.054739
0.183795
0.903637
-0.052085
0.133597
0.122877
-1.200225
-0.507536
-0.287628
0.151191
0.327589
0.861106
-1.415394
0.341487
0.307762
2.301405
-1.840618
0.179976
-0.398845
-0.396129
0.999553
-1.235154
0.403203
-0.851320
0.074350
0.057479
-0.789196
0.727238
-1.143370
-0.765837
1.320782
1.322583
0.322790
-0.573273
0.332926
-1.211936
0.660596
0.400681
-1.176170
0.490782
0.062853
0.768700
0.064218
0.901757
-0.300261
-0.241511
0.816301
1.017217
-0.537034
-0.717213
0.047832
0.257160
2.239138
-0.088826
1.160691
-0.679606
0.361379
0.138586
0.832715
-0.671427
1.694727
-0.153989
0.250417
0.901801
-0.519011
-0.959422
0.526052
0.074798
-0.773964
-0.649083
-3.202584
-0.854813
-1.183200
-0.958920
-0.440600
0.596035
0.018835
0.531240
-0.332105
0.112832
0.982461
2.219970
-0.102799
-0.587813
0.161297
1.240420
0.852540
-0.438758
-1.455259
-0.974685
-1.219718
-0.232123
0.277773
0.689278
0.027826
1.339124
1.802178
-0.481494
0.520954
-0.303664
-0.077213
0.327595
-0.199917
-0.744937
-1.978480
-0.081687
0.757979
-1.566215
-0.463770
0.029847
-0.786386
-0.847674
-0.203984
0.619121
0.567854
0.785109
0.904901
0.269913
1.530029
0.301941
-2.101823
0.048663
-1.226354
0.252797
-0.746431
1.203739
0.017679
0.829531
-2.296413
-1.438550
0.509059
-0.451583
-1.430943
0.567892
0.229965
-0.007254
-1.396548
1.427752
-0.824998
-1.867886
-0.545636
0.167968
1.804240
-0.528798
-0.132370
0.186301
-0.231734
-0.385437
-0.051129
0.733337
-1.079279
-0.079262
0.685011
0.796313
0.654584
-1.148515
0.962028
0.184127
-0.417372
0.450688
-0.042421
0.070568
-0.215581
-2.208668
0.676879
-0.473481
-0.705651
0.840921
1.083565
-0.687519
-0.700345
1.474290
0.561042
0.314080
-1.536617
0.506525
-2.200587
-1.586050
-1.721744
0.858567
-1.577559
0.741975
-0.590503
-0.321780
-0.063132
-0.056570
-1.849668
-1.526585
-0.122298
1.302496
-0.812174
0.744218
0.237491
0.955963
-0.002346
0.369463
0.314770
-1.198760
-0.147810
-1.284504
-0.371817
-0.857672
0.245485
0.338744
0.509845
-0.312565
-0.276450
-0.038462
0.083620
0.383031
-0.044225
1.412374
-0.520712
-0.737845
0.245450
0.252983
-1.114129
-0.763024
-0.321656
-1.844883
1.129081
-0.206057
2.024517
0.879542
2.145304
-1.858201
-1.011425
0.429194
2.340696
0.613296
-0.825175
2.235229
-1.659912
1.634976
-0.152628
-0.342542
-0.120104
-0.424162
-0.636185
-0.219123
0.406943
0.730163
0.810541
0.109168
1.214206
-1.158514
1.674890
0.324079
0.512377
-1.762991
0.167938
0.083415
-0.683241
-0.523676
0.232258
-1.365622
-0.040538
0.234754
-0.456093
-1.394307
-0.127647
-0.391615
1.111262
0.960267
0.347990
-0.159326
-0.722332
-0.302828
1.670570
1.586227
-0.029230
-1.154926
-0.116123
-0.541981
0.565205
-1.191254
0.418567
-1.452676
0.092168
0.165225
0.269131
0.584197
-0.943400
0.442656
0.942474
1.346889
1.323562
-0.730960
1.947270
0.201322
-1.897969
-0.123137
-0.262990
-0.036819
0.923862
0.850114
-0.337323
0.726961
0.062904
-1.210274
0.798707
-0.153091
0.484940
-0.346205
1.634071
-0.162301
0.686041
-0.602768
-3.097238
0.337667
-0.476441
-0.670636
-0.150403
-0.566099
-0.675585
-0.910276
-1.004655
0.218368
1.703366
-0.262260
0.448204
-0.552108
-2.129079
0.132456
0.266312
-0.832016
-0.993251
1.959310
0.602427
0.687323
1.585957
0.137123
1.350464
-0.954737
-1.374466
0.444404
1.545898
0.624132
-0.260275
-1.123579
0.053824
-0.025507
-0.550327
2.241838
0.962994
0.042420
0.936050
0.151898
-0.292213
-0.291528
0.134464
0.022364
1.441313
-0.679106
-1.321904
-0.583895
1.838707
0.065381
0.259114
0.415886
0.661357
-0.861715
-0.497332
1.285306
-0.440984
0.414881
-0.555732
1.038076
-0.475509
0.159266
-1.079147
-1.092436
-2.203781
0.759652
1.087855
-2.794540
-0.544730
-0.208165
-0.095417
-0.461407
-1.902890
-0.070296
0.958275
0.488508
0.833118
0.509260
-0.297412
0.593072
-0.762228
0.519230
-0.497725
1.155620
1.835018
-1.024969
-0.515845
0.998373
0.447097
-0.507758
-0.297491
-0.022937
-1.951786
0.114057
-0.939498
0.110366
0.063301
0.092424
-0.780168
-0.390655
-0.223236
0.935594
0.436458
0.284597
1.972627
-0.334682
-0.955635
0.020839
-2.316456
-1.701150
1.417338
0.390506
-1.387331
-0.566789
-1.560841
-0.054065
-0.106346
-0.120007
-0.037073
0.041687
-1.402483
-0.392485
1.194842
-1.264773
0.703144
0.220248
-0.006864
1.591268
-0.510468
0.129388
-0.533761
-1.250121
1.298895
0.008889
0.155228
-1.363068
0.899129
-0.550427
1.338905
0.193454
-1.635700
-0.258984
-1.135635
0.029506
2.139336
0.814258
0.395956
-1.135285
-0.598086
-0.511346
0.797637
0.419278
0.822791
1.798101
1.203979
-0.835754
-0.776096
0.992563
0.088901
-0.191850
1.403835
-1.601446
-0.456662
-0.930002
1.166090
-0.141875
-0.466960
-0.299904
-0.915952
-1.059885
-0.694688
1.662833
1.248765
0.802494
0.472755
-0.394576
1.215922
0.311839
0.887894
-0.464051
0.001553
0.994671
-0.327778
0.687781
0.827113
-1.284748
0.945836
0.327493
-1.030732
0.313537
-0.684744
-2.364034
-0.696172
0.888116
0.265509
0.024904
0.173175
0.691110
-1.519107
-0.824308
0.603518
0.486338
1.105143
-0.546930
-0.441242
-0.024373
-0.777134
-0.686850
0.163737
-0.562552
0.626016
-0.201327
0.134535
1.538059
-2.797095
-0.706905
0.939119
0.686244
0.628143
-0.182372
-0.089949
-1.277287
0.865998
0.077706
-0.699221
0.611136
1.242385
0.272220
0.597772
-0.358742
-1.992216
0.171830
0.344280
-1.838641
0.644018
-1.369761
0.231853
-0.270653
1.040827
-1.235055
0.608883
-0.379950
0.390479
-2.148023
-0.272924
2.685074
-1.383546
-0.222069
-0.158454
1.206718
0.568315
0.237391
-0.347417
0.036363
0.138847
0.193801
0.573057
0.937096
0.667691
-0.483156
0.809644
-0.206471
-2.221763
-2.016866
1.514845
0.113665
-0.604942
0.630736
2.976216
-0.881645
0.128650
-0.063015
0.427606
0.603373
0.660966
0.208944
3.229328
-1.185739
0.630864
-0.465793
0.348499
-0.264512
-0.270505
1.393438
0.649539
-0.081358
-1.700293
-1.411417
-0.289204
2.071398
-0.177653
1.363163
-0.342734
-1.620013
1.664641
-1.647996
-0.060318
-1.169170
-0.627427
-0.717826
0.699479
-0.337890
-1.377913
0.014444
1.062976
0.076463
-0.647350
-1.299574
0.403509
-0.519878
1.051778
2.738929
0.221898
0.512244
0.481657
-0.269576
0.778892
0.545428
-0.081633
-0.506640
0.408038
0.826745
0.306523
-0.840818
-0.909212
-0.646392
0.586172
-0.188584
-0.796898
-0.292117
-1.476086
-0.745821
0.576927
-1.097778
0.122569
0.942062
0.137899
-0.119350
-0.427578
0.398311
0.529922
-1.257112
-0.553132
-0.763285
-2.077104
0.790337
0.576382
-2.521943
0.186972
1.097625
-0.192348
-0.727496
-0.720444
0.707562
1.207469
0.402743
-0.045364
0.180824
-0.216739
-0.254735
0.076077
-0.525329
-0.548817
0.498646
-1.057698
0.056113
0.616592
-0.416324
1.179971
1.061525
-0.671845
-1.016204
0.147707
2.269883
-0.749646
0.092252
0.516947
1.936278
0.724803
0.066637
-1.182525
-0.676728
-0.119507
0.703507
0.649431
-1.440144
0.236344
-0.503600
-0.446465
-1.072083
0.683278
-0.878034
1.581146
-0.682527
-1.628416
0.394961
1.629344
0.890866
-0.583167
1.489698
1.215329
-0.821079
1.069273
-0.627444
-0.202426
0.343132
-0.502946
-1.076927
-0.088216
0.566734
-0.188516
1.368209
-0.403127
0.624295
-0.483645
-0.335127
-0.578421
0.852289
0.344765
0.788729
-0.029525
-0.560378
-0.086838
0.428105
-1.617100
-0.229170
0.097826
0.287630
-1.900102
1.185751
0.429260
-0.800347
1.105740
-0.829977
-0.928316
-0.995889
-0.238804
-0.471352
-0.902457
-0.160597
-0.498611
0.103499
-0.496952
0.137953
0.509068
0.012496
1.684097
1.655812
-0.149165
-1.650717
-0.041861
-0.984652
0.460594
0.911074
-0.329469
0.758985
-0.893917
-0.498719
0.153129
-0.769955
-1.182793
0.932976
-0.892733
-1.131866
0.387725
-0.116364
2.287196
0.471018
0.014976
-0.845973
0.901931
0.827957
1.394396
-0.661067
0.036121
-0.488498
0.609217
-0.349670
-0.396934
-0.361409
0.881283
-2.030815
-0.421204
0.160188
-0.159370
0.885587
-0.480068
0.521814
-0.113699
-1.762338
-1.282366
0.131268
-0.097309
-0.045052
1.390235
-0.319004
-1.282702
0.723315
-0.117577
-0.790000
-0.112094
1.454832
0.760214
0.958651
0.052734
-0.671987
0.939952
0.766773
-1.539483
-1.102235
-0.014671
-1.322554
-0.064494
1.632409
-0.781709
-1.091551
-1.351525
0.052222
0.015508
-0.721066
-0.024018
-0.083022
1.803202
0.437315
0.196606
-0.708391
-0.983129
0.393747
0.287116
0.647439
-0.644725
-0.267604
-0.684667
2.442484
1.105783
-1.712529
1.583968
-0.697017
0.102462
-0.463026
0.977320
-0.120015
-0.753941
0.891390
1.755191
-0.259564
0.521901
0.808262
-0.878001
-0.625036
-0.341444
-0.065146
-0.092375
1.428444
1.066903
-0.082208
0.048081
0.852041
0.404592
-0.326620
-0.377778
-0.797277
0.562136
-0.426364
0.770340
2.001393
1.618149
0.806881
0.320859
1.409979
-0.888104
0.150721
1.260596
1.224462
0.101165
-1.332482
0.131492
2.225812
-1.991816
0.839773
-0.886440
-1.896568
-1.429352
-1.514293
-0.554164
-1.645821
-0.867246
0.852515
-0.403323
-0.629324
0.687533
-1.297372
1.605724
-0.777885
-2.164046
-0.991753
0.930651
1.153370
0.395696
-1.010033
-1.282878
0.494685
-1.260362
-0.393302
1.536737
0.216761
1.132430
-1.318154
1.139204
0.151541
0.668183
0.142151
1.626235
-0.201450
1.301100
0.515860
-2.353052
0.347645
0.415172
0.188192
1.597298
-0.549101
0.142701
-1.211711
-0.615993
-0.019968
-1.097800
1.062080
0.747486
-0.504222
-1.922274
-0.078912
0.100056
-0.402827
-0.613787
0.515110
0.162382
-0.960618
0.072607
-1.621166
-0.505079
0.280859
-0.831175
0.439834
0.362798
-0.345105
0.765229
1.309594
1.117023
0.122695
1.077330
1.033845
-0.548713
-1.890906
0.505981
0.185687
-0.954506
1.432591
0.823619
-0.221211
-0.446654
-0.311570
-0.421198
-0.524266
0.301261
-0.405669
0.135111
-1.062832
0.029978
0.149827
0.339777
0.914193
0.468814
2.473816
0.335929
-1.433972
-0.437762
-0.329728
-0.422476
-1.173000
-1.543304
1.318728
-1.019877
0.265607
-0.206942
0.636761
-0.114459
1.246016
-0.508376
-1.168938
-1.169716
-1.310330
-0.297801
-0.314728
-0.720844
-1.100253
0.234718
-0.654219
1.061385
-0.395997
0.752914
0.943949
1.860462
-0.305441
-0.806644
-2.032110
-0.041860
-0.984651
0.460595
0.911076
-0.329468
0.758985
-0.893920
-0.498718
0.153129
-0.769953
-1.182793
0.932975
-0.892733
-1.131866
0.387720
-0.116365
2.287195
0.471018
0.014974
-0.845975
0.901932
0.827958
1.394398
-0.661067
0.036119
-0.488497
0.609216
-0.349671
-0.396934
-0.361409
0.881284
-2.030813
-0.421206
0.160187
-0.159372
0.885589
-0.480069
0.521814
-0.113697
-1.762336
-1.282367
0.131269
-0.097308
-0.045050
1.390234
-0.319000
-1.282703
0.723315
-0.117578
-0.789999
-0.112095
1.454833
0.760214
0.958651
0.052733
-0.671986
0.939951
0.766773
-1.539486
-1.102236
-0.014671
-1.322555
-0.064493
1.632407
-0.781705
-1.091550
-1.351525
0.052221
0.015506
-0.721064
-0.024018
-0.083025
1.803199
0.437317
0.196606
-0.708393
-0.983129
0.393745
0.287114
0.647439
-0.644725
-0.267604
-0.684666
2.442486
1.105783
-1.712532
1.583971
-0.697016
0.102460
-0.463027
0.977320
-0.120016
-0.753940
0.891388
1.755189
-0.259566
0.521901
0.808260
-0.878002
-0.625037
-0.341445
-0.065146
-0.092378
1.428446
1.066902
-0.082211
0.048081
0.852039
0.404591
-0.326622
-0.377777
-0.797277
0.562136
-0.426365
0.770342
2.001395
1.618149
0.806879
0.320858
1.409979
-0.888103
0.150720
1.260597
1.224462
0.101165
-1.332482
0.131490
2.225813
-1.991817
0.839773
-0.886442
-1.896568
-1.429354
-1.514294
-0.554166
-1.645821
-0.867248
0.852517
-0.403323
-0.629324
0.687532
-1.297370
1.605724
-0.777884
-2.164041
-0.991755
0.930651
1.153371
0.395696
-1.010033
-1.282881
0.494685
-1.260364
-0.393301
1.536736
0.216761
1.132430
-1.318155
1.139205
0.151540
0.668180
0.142151
1.626236
-0.201447
1.301100
0.515859
-2.353050
0.347647
0.415171
0.188192
1.597294
-0.549101
0.142701
-1.211715
-0.615991
-0.019966
-1.097798
1.062081
0.747485
-0.504221
-1.922274
-0.078913
0.100056
-0.402827
-0.613788
0.515111
0.162384
-0.960622
0.072608
-1.621171
-0.505079
0.280860
-0.831175
0.439832
0.362797
-0.345105
0.765228
1.309593
1.117022
0.122695
1.077332
1.033844
-0.548715
-1.890907
0.505981
0.185688
-0.954506
1.432591
0.823619
-0.221215
-0.446654
-0.311571
-0.421196
-0.524267
0.301259
-0.405669
0.135111
-1.062833
0.029976
0.149826
0.339778
0.914195
0.468815
2.473816
0.335928
-1.433969
-0.437760
-0.329727
-0.422475
-1.173000
-1.543303
1.318728
-1.019875
0.265604
-0.206941
0.636763
-0.114459
1.246016
-0.508374
-1.168937
-1.169716
-1.310327
-0.297797
-0.314727
-0.720843
-1.100251
0.234717
-0.654217
1.061383
-0.395998
0.752911
0.943948
1.860464
-0.305441
-0.806644
-2.032109
-0.036824
0.190150
-2.180614
-0.082486
-0.014471
1.202523
-0.286297
0.847047
-0.993635
1.537038
-0.606187
0.713840
0.764714
0.098370
0.924949
0.265687
0.804836
0.442677
0.869785
1.054677
-0.548677
0.424400
1.175722
-0.754574
-0.937931
0.795214
0.922704
-0.690937
-0.103351
-2.622263
-0.083761
-2.111494
-0.420412
0.019147
-1.089367
0.436951
1.213856
-1.410948
-0.622704
0.430777
0.090115
-0.416044
1.069874
0.342217
-1.108985
-0.432610
-0.296595
0.358224
2.006006
1.660524
1.060527
-0.754749
-0.991875
-0.008823
-0.520653
-0.687994
-1.995842
-0.032170
0.394068
2.185667
0.053511
0.100687
-0.394271
-1.051320
-1.699277
-1.460353
0.913548
-1.502631
-0.194419
-0.922382
-1.680444
-1.160458
-1.288660
-0.081938
-0.692100
-0.942479
0.140432
0.318571
0.681881
1.836971
-1.043652
0.814837
1.150000
-1.434952
0.136255
0.133490
0.561028
-0.291365
0.384342
0.727305
-1.385750
-0.914169
-1.363984
0.141220
-0.050391
0.675129
-0.516463
-0.352279
1.207266
-0.059167
-0.764448
0.592031
-0.106391
0.592752
-0.015652
0.093818
0.930220
1.467600
0.509324
-0.740593
0.727363
0.816917
1.747643
-1.436757
-0.414061
-0.299521
-0.619309
-1.269595
0.403786
-0.038533
1.191821
0.112291
-1.196855
1.511948
0.802630
-0.557126
0.199792
-0.615387
1.225136
0.538015
-0.064087
-0.140865
0.245881
-0.943174
-0.368924
1.618314
0.932106
-0.000510
-0.602609
0.089145
0.539713
0.311650
1.710670
0.432710
-0.561421
0.067772
0.734717
-0.587553
-0.617477
-0.045100
-0.539882
0.596744
-0.028186
0.177449
-1.891962
0.292710
1.039375
-0.258765
0.561349
-0.184506
0.733662
0.555057
1.403039
2.769278
0.440948
-0.120251
-0.282953
0.173038
2.249187
-0.586481
0.010859
1.439144
-1.265184
-0.374269
-1.298183
0.771562
-0.632687
1.025607
-0.235306
-1.146911
-2.444826
1.352107
-0.031559
0.346767
-0.669026
-0.541473
-0.579782
-0.322813
0.218896
0.347431
-0.852674
0.785366
-0.121618
0.939885
0.670611
-1.786206
-0.494414
-0.196660
-0.197167
0.693996
-0.307025
1.245188
-0.504481
-1.002871
-0.645540
-1.276031
-0.881120
-0.087233
0.208829
-1.319155
-1.418718
0.642096
1.043909
-0.682105
-1.578868
0.065677
2.452237
-0.179503
1.977445
-0.370885
0.611801
-0.326008
-0.301245
0.203650
3.129099
0.548834
0.353323
1.532322
-0.301879
0.317065
-0.675310
-0.239358
-1.487964
-0.529093
-1.043548
0.562684
0.854760
0.849448
-1.659211
-1.391398
0.336881
0.058560
-0.101820
-1.443658
-0.007098
0.704048
-2.236271
-0.349960
0.113391
-0.006167
1.662142
0.467618
0.883692
-0.842412
-0.459119
0.196645
-0.535246
1.866045
-0.278173
0.181051
-0.021573
0.497903
0.969584
0.911446
0.204495
-0.550297
-0.736816
-0.145400
-1.320649
-0.987434
-1.743785
0.364537
1.318490
-0.359397
-1.778110
0.178509
0.744548
0.503680
-0.461372
0.745295
1.481297
1.078833
1.143116
1.037523
-0.526550
-0.061285
0.247959
-0.228763
-0.143356
-2.168898
0.252992
-0.790685
-0.714479
0.643617
-0.715325
1.698116
0.917563
-1.021825
-0.758021
0.509109
-0.259275
1.307593
0.839650
0.181278
-0.890112
0.752369
-0.137829
0.139727
-1.708971
-1.186637
-1.144657
0.535889
-0.675951
-1.197662
-0.805955
0.239634
-0.416061
0.456235
1.613683
0.342234
0.154156
-0.906692
-0.648763
1.150190
0.198701
1.656153
-2.247101
-0.223807
-1.091393
-0.046468
0.686140
0.574003
0.565757
0.861491
-2.071736
0.320780
0.526525
1.576326
-0.135637
-0.536731
0.780505
0.189295
1.170709
-0.873081
-0.647049
0.102882
0.823247
-0.603941
-0.104282
1.093640
1.342913
0.292057
-1.704230
0.262128
0.149993
1.210256
-0.797657
0.371819
-0.658313
-1.408724
1.348935
0.003711
-0.952549
1.144058
-0.366589
0.541604
-0.407809
-0.244998
-1.113053
1.379124
-1.488654
0.421853
1.147305
0.503452
-0.615145
-0.193935
-0.490259
-0.013442
-0.202367
-0.120576
-0.930041
-0.062742
1.249075
-1.540748
-1.026252
1.373306
1.548178
-1.385697
-0.042965
0.451520
0.203648
0.787765
1.866237
-0.365420
-1.113860
-1.337356
0.749863
0.100629
1.026605
0.660328
-0.547662
0.307966
-0.220720
0.848439
-0.059744
-0.920022
3.095907
1.428664
-0.530249
0.180904
0.547041
-1.048468
-0.885211
-0.738865
0.003507
-1.451611
-0.118238
0.709495
0.323822
0.258780
0.005520
1.111050
0.683701
-0.333086
1.497318
0.073702
-0.036098
-0.911543
-0.266188
0.157733
-0.627233
-0.032837
0.721012
-2.106904
0.066216
0.561329
1.713022
0.992684
-0.206106
-3.519951
-1.843547
-0.624583
-0.319698
1.620437
-0.230994
-1.005834
0.233584
0.529230
-0.156342
-0.688037
0.493851
-1.062659
0.179299
0.387677
0.713182
-0.064269
0.832344
-0.069369
-0.617763
-0.310423
-0.212994
0.324653
-1.646052
0.119120
-2.510212
1.172232
0.414113
-0.368417
0.514656
-1.513798
-0.269172
1.276865
-1.427792
-0.156374
0.209282
1.332107
1.039038
-0.036438
-1.350207
-0.853330
0.081258
0.017748
0.803883
-0.647156
-0.943937
2.334924
0.362610
-0.914124
0.363250
0.607524
0.960153
-2.322014
0.451141
1.509409
0.973467
0.511981
-0.404013
0.814728
1.285219
-1.582476
0.226476
0.169322
0.796668
-0.762921
1.013153
-0.523450
0.058675
-0.033740
0.404885
0.765342
-1.629182
0.542835
-0.211219
-0.899132
-0.263281
0.838310
-0.234735
0.134583
0.420386
-0.814897
1.230293
0.460259
-0.583530
-0.393143
0.189388
-0.758862
-0.284710
0.787753
-1.192402
-0.822873
1.124983
1.138104
-0.147777
1.166720
1.150833
1.037965
1.241740
1.284837
-0.466745
0.075205
0.459625
0.048403
-2.053683
-0.612480
1.451715
1.151396
-0.533531
0.229219
-0.434443
0.251218
-0.752969
-0.685380
-0.136013
0.671717
-1.255120
0.038091
-0.344586
1.049161
-0.665688
-1.096447
1.155520
0.556550
0.941849
0.067312
0.112602
-0.835351
-0.600332
-0.299790
0.151003
0.709613
0.368178
-0.631292
1.376832
0.257132
0.762054
-0.865733
-0.567480
1.086953
0.638298
-0.085206
0.670322
-1.361175
-0.775455
0.356821
0.296528
-0.615487
-0.609659
-0.004117
1.248819
-0.032859
-2.085984
-0.184580
-0.172460
0.362789
-0.095899
0.390128
-0.133601
-2.142546
0.294461
0.242107
-0.991786
1.304918
0.142239
-0.668553
-0.035031
1.378217
-0.528210
0.900629
-0.295733
1.439473
1.101798
-0.819987
-1.708614
-0.633299
-0.403037
0.219711
0.154552
-0.273918
-1.247378
-0.179396
-1.236519
-1.609123
-1.033559
-1.009466
0.153207
-0.784665
0.309833
-0.369883
0.680546
1.298159
-1.221687
0.193070
0.063848
-0.061276
-1.029012
1.259654
-0.468585
-0.155543
1.397565
-0.972318
-2.228422
-0.100213
-1.602243
0.841496
1.106109
1.898463
-1.178914
0.787822
0.599795
-0.873244
-2.010318
-0.208160
-0.675147
1.253352
0.821800
-0.734743
-0.292018
1.412086
1.708206
1.124076
0.101908
0.472926
-0.927490
-0.860627
-0.929562
-0.189562
-1.644751
0.184277
-1.294769
0.062689
1.453953
-0.899582
0.171391
-2.241416
0.033072
0.529775
-1.298362
-0.391860
-0.552692
0.890341
-0.875459
-0.763123
-0.974129
-1.371701
-1.751391
-2.078824
0.693698
-0.260310
0.601717
0.565487
-1.128286
0.727549
-1.634914
0.397993
0.202707
0.088873
-1.883044
-0.192810
1.813156
0.547161
-1.526726
1.998351
-0.500896
-1.917880
-0.449508
1.289856
-0.092407
0.424901
-0.996579
-0.375867
0.595569
0.195650
-0.564475
-0.323664
-0.020240
0.031324
-0.132088
-0.600058
-1.458391
-1.331054
0.086883
0.400664
0.562282
0.119494
-0.008665
1.157482
-0.517426
-0.327516
1.052198
0.378943
-0.023292
-1.316640
0.445026
-0.102887
-2.001740
-1.208393
-0.593516
0.556107
-1.752755
0.587433
1.113675
-1.418917
-0.231127
-1.875456
-0.392253
0.795972
-0.549794
-1.039245
-0.168124
-0.107405
1.331338
0.667747
-0.897896
0.731829
0.271170
0.202411
-0.079382
0.512889
0.692937
-0.111299
2.161803
-1.083222
-1.235252
1.025760
1.740063
1.972403
2.358743
-0.812149
0.126142
0.651427
0.565671
-0.304615
0.667121
-0.532088
1.562233
-1.175850
0.573946
-0.797765
-0.368756
0.181586
-1.507022
-0.016046
0.402339
1.342231
0.700196
0.619912
-0.318480
0.518825
0.297964
-0.309448
0.766303
0.603015
0.197322
0.844877
-1.668435
0.414992
1.237898
-1.635902
0.422407
0.876536
-0.143939
0.361932
0.172299
-1.148182
0.707061
-0.940193
-0.438497
-0.241687
0.864016
0.947933
-0.248826
0.721167
0.001045
-0.971020
-0.195861
0.817921
2.191693
0.385187
1.533432
-0.897994
-0.272979
-0.966274
0.901566
-0.527546
-0.473118
-0.135572
0.921878
0.391885
0.591495
-1.438427
0.467921
-1.432869
-0.092201
-1.679581
-0.166094
1.454748
0.915835
-0.804235
-1.952130
-1.020962
2.387826
0.440262
0.444172
1.040709
0.408934
-1.352686
1.972041
-0.554136
1.040645
-0.979762
0.077781
0.295396
-0.361357
-0.198054
0.137635
-1.339167
-0.773646
0.105024
-1.429370
-0.076067
0.261610
0.880951
0.029221
1.136332
0.052597
0.668668
1.453291
1.342263
0.197823
0.640166
0.283213
0.497830
-1.060547
-1.448615
-1.644509
0.078528
0.712365
0.636778
-0.180901
-1.150460
2.122288
-1.425145
-1.057977
-0.998290
0.660246
-2.468092
-0.460674
1.321950
-1.730399
1.395300
1.635751
-2.945029
-0.997048
-0.155081
0.118713
0.077733
-0.347287
-0.561151
-1.015118
-0.488723
0.528994
1.430325
-0.373743
1.385738
-1.206025
2.230536
0.306472
-0.222060
-1.142816
1.634043
0.690630
-1.265729
-1.065897
0.566887
0.749152
-0.371395
0.040406
1.609919
-1.040485
0.728061
-1.077292
-0.859519
-0.360522
-1.072131
1.912667
1.359544
1.704497
0.306653
-0.582431
-1.162230
1.091262
-0.962452
0.763717
0.010524
0.272808
-0.428684
0.228523
0.451569
0.561348
0.056782
0.729306
-0.434428
-1.331477
0.229983
0.619534
1.693557
-1.281668
0.950753
1.743558
0.415021
0.512706
0.044549
-0.553945
0.214703
-0.197064
0.572314
-0.649170
-0.369476
-0.905766
-0.435394
-0.744280
-1.041023
-1.337927
-0.024340
-0.228991
0.343885
-0.712400
-0.627562
0.331701
-2.331162
0.226283
0.585689
-0.398279
0.325913
0.569523
-0.715400
0.158326
-0.197436
1.553345
1.140237
-1.150891
-0.241540
-0.331823
-0.141532
0.728792
0.508458
-1.537618
-0.014690
2.003599
-0.600294
-0.381202
-0.955512
0.489432
0.245252
0.020448
-0.837472
0.813378
0.005984
-0.258068
-0.223408
0.298064
0.834297
-1.488471
-1.124804
0.991829
-0.107745
0.967652
-1.071075
-1.371412
0.202303
-0.645537
0.188170
1.818510
0.756163
0.076782
1.993723
-0.233152
-0.818840
-0.756162
0.720858
-0.028024
-0.633744
0.369306
-1.487644
0.030501
-1.071244
0.070655
-1.336168
1.776655
-0.369994
0.378136
-2.457453
0.882022
-0.990622
1.337560
0.570156
-0.225932
-0.491289
-0.930803
-0.863615
-0.487609
0.102086
-1.488174
-0.440187
-0.585432
-0.078159
-0.269798
0.470675
-2.095165
0.741295
0.709379
-0.588728
-0.235660
-1.287201
-0.598454
-0.529367
0.670270
0.591028
1.536703
-1.329397
-0.707839
0.591407
1.062804
-0.772564
-0.522624
-0.887795
-0.079911
-0.224305
1.722867
0.465499
-0.610316
-1.172357
-0.682647
-0.036562
0.026667
0.307317
-0.864848
0.617026
-0.222169
0.284260
-0.088856
-0.231820
-0.790155
-1.822156
-0.611631
-0.237420
0.163569
-0.618584
-0.468312
0.256558
-0.553938
-0.108167
-0.553667
2.085807
0.936834
-0.415262
0.170583
0.454359
-2.158816
-0.965062
0.531873
-0.455834
-1.065344
-2.301408
-0.968962
0.805480
-1.135945
0.726154
-0.517658
0.562336
0.538681
0.301006
-0.889909
-0.517558
-0.847374
0.391010
-0.221886
1.412505
0.412760
0.877383
-0.619513
0.833745
0.820358
0.546040
-1.230349
-0.408566
1.310446
-0.068469
1.359702
0.131230
-0.656578
0.447110
1.149298
2.530977
-0.190372
-1.111783
-0.149268
1.387143
-0.528578
0.982279
-0.723752
1.435536
0.357025
1.049098
-0.899317
0.904208
0.964619
-0.613230
0.717173
-0.667796
-0.937831
-0.082864
0.437411
-1.070996
-0.217536
1.065474
-0.006755
0.117633
-2.119884
0.541213
-1.558039
0.631236
0.836644
1.678334
-0.868717
-1.546042
-1.201114
0.372873
-0.037052
-0.822959
-0.462482
0.281267
1.911563
-0.743574
0.168256
0.371274
1.088516
0.099212
1.102638
0.102261
0.426228
1.181939
1.377758
0.472964
0.971791
0.608325
0.382503
-0.550953
-1.288295
0.643320
-0.091161
0.692833
-0.708147
0.077323
-1.864495
-0.697706
0.205883
2.029609
-0.045191
0.813566
-0.181523
0.957551
0.602549
0.878538
-0.308601
-0.754860
-0.738125
-2.451190
-0.950603
1.607394
-1.087312
-0.431152
-0.385951
0.733494
-0.018427
-0.694342
0.248918
0.073939
-0.539132
0.290502
0.153918
-0.782111
-1.285615
-0.424485
1.721764
0.951827
0.478727
0.995814
-1.527503
0.306884
-0.888985
0.200924
-1.223475
0.316970
-1.711668
0.454460
0.219338
-0.534968
0.545849
-0.858485
1.000748
-0.859502
-0.624866
0.874856
0.241099
-1.809579
0.303088
-0.023980
1.805603
-0.689832
0.882971
-1.604883
-0.012960
-2.916189
-0.755946
-1.191454
0.816409
1.769162
0.060025
-0.359794
0.373549
-0.969330
-1.323521
0.134907
0.854187
-2.615188
0.394247
-1.474129
0.074567
0.272809
-0.402514
-0.099223
-0.549992
-1.028507
1.500186
-0.193311
-0.333538
-1.353619
-0.262190
-0.193158
0.153343
0.749593
-1.134467
1.738014
-0.109005
0.897151
0.808996
0.888289
-1.781813
0.428756
-0.168236
-1.308709
-1.059541
0.039384
1.165030
-0.299145
-1.355764
-0.175707
-0.928008
-0.442098
-0.015635
1.829180
-0.383481
0.147017
-0.079795
0.296208
-0.131945
1.571752
-0.311039
-2.442044
-1.569001
-0.485082
0.521005
0.331739
0.888542
1.211903
-0.831591
0.214026
0.029668
1.490022
1.703055
0.726440
0.300416
0.520335
0.855885
-0.116277
0.076261
0.120746
-0.309788
0.897994
1.802195
0.699646
0.987617
-0.969457
-0.718656
-0.288023
-0.564906
-0.345263
1.446625
0.443276
-0.526145
-0.225654
0.730843
-0.280564
-0.474724
1.758640
-1.892791
-1.129008
0.196461
-0.800525
-0.166748
0.505305
-0.255789
-0.882060
-0.225602
0.579942
1.982416
0.673654
2.428773
1.597858
-0.176696
0.897697
-0.445265
0.807187
1.120740
-0.268833
-0.049214
0.400724
-0.157459
-0.788172
0.527837
0.937132
0.022595
0.800266
0.599683
-1.816322
1.213702
-0.230471
-1.243077
0.239558
1.459130
-0.755510
1.210925
0.627654
-0.219982
0.545612
-0.611232
0.504544
1.359389
0.924715
1.472888
0.309743
0.518986
1.151313
0.587280
-1.133945
-1.653561
-0.520354
0.488508
1.259621
-0.543026
-0.367570
0.333833
-1.508904
0.300897
-0.180015
1.499078
0.924521
-1.245444
1.651400
1.559709
-0.048492
-1.144302
-1.053873
-0.606579
-0.755571
0.682548
0.040582
-0.530317
0.242069
0.153777
-0.652866
0.989968
-0.329108
0.246883
1.145598
0.375183
1.257587
-0.231998
-1.071845
0.141524
-1.237820
1.743650
-0.039143
-0.164778
-2.175556
-0.059907
0.674940
0.647682
0.511231
-1.247622
0.170991
1.002545
-0.032372
0.180976
2.600157
-1.741023
-0.380215
0.437551
1.065779
-0.630678
-0.687809
-0.616050
0.169551
-0.120253
-0.027090
-0.651920
-0.887617
-1.497234
0.396927
-0.966978
-0.130430
2.325254
0.575419
0.117360
-0.867063
0.545053
1.144714
0.104987
-1.485014
0.056179
-1.384978
-0.960314
-0.624154
0.069883
-0.921474
0.405150
1.817466
-0.750509
-0.852656
-1.492459
-0.864225
-0.714618
0.081278
0.782532
-0.341443
1.616699
-1.085697
-1.143390
0.805489
0.255753
-0.844662
0.290317
-1.040554
1.889178
1.028331
-0.951739
-0.505470
-0.296014
1.051779
0.820190
-1.694128
0.627322
-0.067034
-0.473040
1.323498
-0.000926
-0.830088
0.526384
0.133034
-0.138914
0.153245
-0.643920
-2.438354
0.096080
-0.506586
0.064434
-0.811342
1.562807
0.687346
-0.318399
-0.275061
0.762562
-0.616576
-0.546464
-0.513023
-2.077179
-0.398613
0.196886
-0.836147
1.064008
1.554533
-0.361128
0.931413
2.242281
0.611012
