
Data:
0.000944
-0.000014
-0.004685
0.013812
0.000202
-0.001719
-0.014057
0.014250
0.004456
-0.018247
0.006550
-0.017722
-0.001324
-0.001158
0.006968
-0.015523
-0.002762
-0.000185
-0.000986
0.012606
0.004751
0.002630
-0.002980
0.011425
0.015888
-0.018350
0.003107
-0.003105
-0.005290
-0.020595
-0.001775
-0.002107
0.015535
0.003379
-0.000103
0.010388
0.000119
0.003710
0.008412
0.001500
0.002006
-0.000377
-0.009091
-0.005889
0.005391
0.005416
0.003725
0.006105
-0.004481
-0.001386
0.002471
0.004853
0.008461
-0.000074
-0.027180
-0.002630
-0.006397
0.000372
0.007543
0.009359
-0.000281
0.005542
-0.000211
0.004352
-0.000082
0.001342
-0.001695
-0.009669
-0.009826
0.006238
0.004373
0.006594
0.010612
-0.002150
-0.006268
-0.001740
-0.012570
-0.037359
-0.000307
0.001178
0.004605
0.001102
-0.007976
-0.000025
0.002556
0.000958
0.011320
-0.005975
-0.002598
0.004104
0.010788
-0.000496
0.001881
0.001359
0.000275
-0.002643
-0.007822
0.000345
0.000008
0.007010
0.002416
-0.004734
-0.011250
0.007824
-0.012360
0.005901
0.003774
0.007567
-0.004642
-0.001405
-0.009108
0.004248
0.002605
0.016184
0.000432
0.022232
-0.000518
-0.005553
-0.000126
-0.005830
0.013675
-0.032256
0.000784
-0.009179
0.001337
-0.002481
0.002572
-0.022466
0.002265
0.001232
0.000301
0.011761
0.003380
0.000250
-0.001380
0.001876
-0.020011
0.005142
-0.001378
0.002232
-0.001717
0.008059
0.018203
0.007796
0.041510
0.006128
-0.001350
0.000575
0.001227
0.006196
0.010051
0.002198
-0.001041
-0.003620
-0.001578
0.000519
-0.024694
-0.007894
-0.002616
-0.001535
-0.017968
0.004901
-0.002487
-0.003018
-0.000934
-0.007966
-0.000620
0.003723
-0.013576
0.000484
-0.000024
0.001903
0.023772
0.002154
0.000071
0.000318
0.003024
0.005872
0.016680
-0.014575
-0.006015
0.001332
-0.005651
0.006601
0.004324
0.000347
-0.005218
-0.002705
0.010178
-0.012462
-0.012541
0.000984
0.006078
-0.001343
0.000163
0.003191
0.000898
-0.037782
-0.005092
-0.004355
0.013424
0.003904
0.004014
-0.008587
0.011249
-0.017434
-0.000935
0.000926
0.000595
-0.002681
-0.006936
-0.009047
-0.005593
-0.000651
-0.004697
0.000320
-0.001046
-0.000229
0.001033
0.013747
-0.002014
-0.002572
0.001336
0.000329
-0.002363
0.001090
0.001081
0.003544
0.007631
-0.024529
-0.006032
0.000703
0.010945
0.000906
0.003481
0.001304
0.009284
-0.001841
-0.000021
0.018583
-0.002698
-0.000430
-0.003527
-0.000571
0.002278
-0.011486
-0.019664
0.007670
-0.000750
-0.007914
-0.019873
-0.001129
-0.003394
0.004782
0.003378
0.001453
0.003625
-0.000019
0.005856
0.020369
0.000114
-0.002923
0.011559
0.009642
-0.003212
-0.002063
0.000956
-0.016666
0.007573
-0.003362
0.007921
-0.005035
0.000789
-0.001583
0.004228
-0.012206
0.015339
0.005740
-0.003366
0.014051
0.011066
0.024122
0.022671
0.001844
-0.000173
-0.021242
0.006095
0.000123
-0.000453
0.005011
0.000070
0.012035
-0.002233
-0.003862
0.000421
-0.019645
-0.010695
0.024603
-0.004239
0.002878
0.001857
0.004690
0.037848
0.002563
0.000056
0.000264
0.003885
-0.007468
-0.013371
-0.005910
-0.013633
-0.017768
0.004310
-0.001240
0.017791
-0.001664
-0.000606
-0.001172
-0.000571
-0.017296
-0.000622
0.016252
0.002751
0.009923
0.001791
0.008606
0.005068
-0.038620
-0.000928
0.003051
-0.012462
0.009136
-0.016444
-0.019624
-0.000254
-0.001493
-0.005459
-0.007374
-0.005968
0.000569
0.000397
0.000042
-0.004117
0.039128
-0.006154
0.015704
0.004343
-0.002733
0.006813
0.006537
0.000734
0.002264
0.018231
-0.000599
-0.001097
0.008872
-0.003164
0.002654
0.000653
-0.004194
-0.000873
-0.000392
0.006947
-0.000540
0.001314
-0.003380
-0.010069
0.007644
-0.010228
0.011819
0.000379
-0.015963
0.003857
0.012736
-0.002164
0.001551
0.002517
0.025468
0.001211
-0.005666
0.006865
-0.000291
-0.002513
0.012675
-0.000180
-0.001374
0.004205
-0.003127
-0.007393
-0.000168
-0.000317
-0.000866
-0.005019
-0.014380
-0.001298
0.004283
0.004328
-0.011787
-0.009648
0.001335
0.040199
-0.002834
-0.000927
0.005598
-0.053660
-0.000968
-0.011425
0.001551
0.003873
0.006670
-0.004509
-0.000324
0.032942
0.005748
0.009178
0.004443
0.002103
0.006586
0.008844
0.001591
0.001329
0.001491
0.008675
0.004830
-0.006588
-0.002629
-0.000155
-0.000488
0.009545
0.000474
-0.000001
-0.001496
0.004930
0.005638
0.001381
-0.010333
-0.012604
-0.005270
0.010809
-0.006957
-0.000890
-0.001697
0.001290
-0.000251
0.000469
-0.021888
0.001352
0.000612
-0.004101
0.002450
0.000234
-0.000772
-0.002015
0.004616
0.025047
-0.005330
0.002899
0.007464
-0.010563
-0.031521
0.005189
0.003647
-0.004776
-0.000347
0.003513
-0.001403
-0.009599
0.004442
-0.003374
0.004969
-0.003344
0.003690
-0.010287
-0.000723
0.003628
0.007809
0.009943
-0.000113
-0.000727
-0.000970
0.000419
-0.005164
0.002083
0.003251
-0.008779
0.013120
-0.030906
-0.002074
0.000839
0.000531
-0.000732
0.001064
-0.008695
0.003118
-0.000058
-0.015470
0.003472
0.000525
0.008476
-0.000044
0.002332
0.017172
0.011291
-0.008166
0.000217
-0.005280
0.002626
0.003666
0.003156
-0.012244
-0.010485
-0.000516
0.008702
0.000018
-0.002421
0.011883
0.001066
-0.002463
-0.019392
0.008643
-0.000130
0.004187
-0.001787
0.008272
0.003286
-0.002109
-0.008044
0.025191
0.006854
0.004472
-0.000598
-0.002414
0.007288
0.001637
0.002097
0.012478
-0.008415
-0.037457
-0.010351
-0.002074
0.001135
-0.002485
-0.006606
-0.009173
-0.011441
0.003211
-0.000138
-0.005031
-0.000756
-0.009635
0.010414
-0.002844
-0.006754
0.001139
-0.000599
0.004865
0.011660
-0.002842
0.013209
-0.005407
0.002505
-0.001062
-0.001058
-0.042569
0.004044
0.007331
0.022618
0.001576
0.005255
0.004387
0.006389
-0.014367
0.000336
0.003974
-0.000111
0.024769
0.000057
-0.008138
-0.003085
-0.003524
-0.002442
-0.006398
-0.000825
-0.010218
-0.005750
0.007243
-0.002906
-0.005536
0.036189
0.004662
0.000399
-0.000934
-0.005180
0.001426
0.003734
-0.000317
0.003260
-0.000585
-0.012696
-0.020992
-0.008910
-0.008575
-0.005228
-0.001917
-0.000344
0.007589
-0.000565
-0.001590
-0.009055
-0.001454
-0.001224
-0.016870
0.004776
0.000873
-0.023698
-0.005667
0.000939
0.000588
-0.000684
0.003058
-0.013552
0.004699
0.001767
-0.001460
0.001803
-0.011000
-0.000219
-0.010332
-0.001832
0.004546
0.000650
0.002615
-0.012476
-0.008704
-0.000053
-0.011925
0.001310
0.002869
0.002384
-0.046428
0.003858
-0.002739
0.005123
-0.000746
0.009964
0.000098
-0.003361
0.000116
0.012081
0.045017
-0.000433
0.006853
0.000708
-0.021935
-0.012058
0.007249
0.009724
0.002214
0.002551
0.002519
-0.015322
-0.000014
0.018919
-0.003516
0.001230
-0.003357
0.000671
-0.001849
-0.005402
-0.001248
0.008758
-0.002232
0.000687
0.005889
0.006393
-0.002862
-0.000857
0.005294
0.000565
-0.007007
0.015035
-0.001387
0.000046
-0.002387
0.020165
0.000275
-0.000437
0.002938
-0.002396
0.020935
0.018177
0.002754
-0.017307
0.004038
0.008465
0.019018
0.003339
-0.000410
-0.011624
-0.004239
-0.004273
0.017294
-0.013440
-0.000031
0.001620
0.013034
-0.000734
-0.004345
0.001160
0.010481
0.006756
0.007651
-0.004615
-0.012576
-0.003689
-0.009332
-0.003551
0.004510
0.001562
0.007630
0.005594
-0.009076
-0.007281
-0.003265
0.001578
0.008197
-0.001301
0.020347
-0.001702
-0.000127
-0.001977
-0.014895
0.007684
-0.002557
-0.002677
0.018501
0.006420
-0.007924
-0.003059
0.000554
-0.011238
-0.002244
-0.015423
0.002072
-0.012694
0.001438
0.004267
0.001435
0.004228
0.000368
-0.000356
0.002638
0.002334
0.000081
0.002444
-0.000198
0.001436
0.039708
0.009034
-0.005454
-0.000011
0.001713
-0.020968
0.009631
0.001167
-0.000243
-0.005899
0.000940
0.001868
-0.000005
0.007744
-0.008492
-0.000292
-0.004625
0.040636
-0.002423
-0.000446
-0.001670
-0.002229
0.014938
0.004625
-0.000728
-0.006391
-0.011950
-0.004146
0.001058
0.007203
-0.012304
0.015626
0.008035
0.002373
-0.021554
0.009341
0.007365
-0.022475
-0.002937
-0.009172
0.006405
0.002864
0.014195
-0.002192
0.001372
-0.000095
-0.000966
-0.001683
-0.004985
0.003435
-0.022045
0.002129
0.006655
-0.000604
0.006225
0.009134
0.001167
-0.012079
0.003941
0.000874
0.000106
-0.009752
-0.000526
-0.007700
0.011622
-0.003073
-0.001396
-0.002432
0.005481
0.003292
-0.009093
-0.000508
0.005720
-0.000266
0.029126
0.000065
0.002102
-0.000850
-0.011616
0.006593
0.000501
-0.001246
-0.000929
0.004134
0.005601
-0.013869
-0.011390
-0.002407
-0.003327
-0.000046
0.000882
0.007716
-0.003503
0.007100
-0.000241
0.005812
-0.000226
-0.007919
0.002820
0.002626
-0.011808
-0.004314
-0.002112
0.003568
0.006627
-0.000368
0.001360
-0.008337
0.000871
-0.000351
0.010790
0.012579
0.001705
0.003092
0.007069
0.003972
-0.001948
-0.006316
0.007690
-0.026500
0.001651
-0.000501
0.006158
0.012405
-0.004592
-0.002010
-0.006747
0.000324
-0.007208
0.004385
-0.003723
0.011241
-0.041667
-0.005012
-0.006394
0.005296
0.027820
0.007151
-0.009783
0.000878
-0.000233
0.001853
-0.001186
0.003050
0.000035
-0.003296
-0.000679
-0.014455
-0.024230
-0.002370
0.015092
0.000392
-0.009231
-0.007150
0.007365
-0.008487
-0.003584
0.002021
0.007777
0.033773
-0.002567
-0.004050
-0.002299
-0.006975
0.018113
0.000206
0.001080
0.030868
-0.012724
-0.001776
0.003764
0.010204
0.012047
-0.005078
0.000618
0.001118
-0.002846
0.006000
-0.012907
0.005242
-0.001687
-0.000154
-0.002065
-0.004943
0.001158
0.000354
0.000741
-0.004805
0.003745
0.012576
-0.004998
0.009474
-0.004296
0.001130
0.009708
-0.001050
0.000906
-0.001652
-0.000810
-0.012913
0.005943
0.000412
0.000326
-0.000649
0.007457
0.000139
0.002512
-0.002778
0.003658
0.026903
-0.014345
-0.008286
0.002331
0.008433
-0.008971
-0.007446
0.015460
-0.002839
-0.005901
0.000373
0.022325
0.006179
-0.001598
0.003674
0.016834
0.005130
-0.009428
-0.001505
0.001604
0.001802
0.013963
0.018935
-0.002678
-0.002813
0.010991
-0.002201
0.006207
-0.004133
0.006370
-0.011707
0.014260
-0.013759
-0.000179
0.000903
-0.000013
-0.000438
-0.003266
0.008056
-0.001878
-0.000112
0.000076
0.003850
0.001322
0.023461
0.000790
0.004344
-0.065177
-0.024743
-0.003429
-0.000420
-0.026572
0.002618
-0.021887
0.001291
0.006949
0.004465
-0.000156
-0.006420
-0.000011
-0.000253
-0.008988
-0.000033
-0.007765
-0.019579
-0.006510
0.001654
-0.025582
-0.007877
-0.005616
-0.003651
0.000966
-0.004770
0.019195
0.001910
-0.002635
0.007965
0.016079
-0.014838
-0.005927
-0.004165
0.016330
-0.012093
0.051799
-0.000284
0.001974
0.004559
-0.026607
-0.005528
-0.033723
-0.036428
-0.007954
0.000207
0.003876
-0.001473
-0.001304
-0.010653
0.016974
-0.007933
0.013733
0.004095
-0.004404
0.001246
-0.000166
0.009668
0.005392
-0.003686
0.000368
0.006008
-0.012890
0.000002
-0.002315
-0.036399
0.003869
0.007103
0.000440
-0.000315
-0.010450
-0.000616
-0.008640
0.000940
-0.005912
-0.000194
0.002413
0.002636
-0.003678
0.002208
0.004188
-0.001854
-0.006608
0.006537
-0.000342
0.021076
0.005552
-0.009704
0.006304
0.000333
-0.003543
0.010229
0.002651
-0.014357
-0.000789
0.002943
0.000317
-0.018365
0.007813
0.002112
-0.024234
-0.002787
-0.001168
-0.002547
-0.003619
0.001376
0.002310
0.010581
0.001207
-0.000434
0.016555
0.003022
-0.005446
0.017973
0.006401
0.004067
0.006806
0.001259
0.007387
-0.005921
0.002277
-0.004129
-0.004035
-0.013235
0.002323
0.002553
0.011212
0.004563
0.010683
0.000361
-0.001254
0.011222
0.014177
-0.003709
0.002694
-0.003572
0.003889
-0.000112
-0.005285
0.001098
-0.000236
0.003930
0.008160
-0.009650
0.000156
0.003830
0.004629
-0.005723
-0.008596
-0.000809
-0.003333
0.001087
-0.015953
-0.000666
-0.002462
-0.003311
-0.000227
-0.002902
-0.002711
0.042336
-0.006108
0.002412
0.000119
0.006029
-0.000175
-0.000448
0.001446
0.026303
0.004787
-0.002053
-0.004588
0.000452
-0.002732
-0.005192
-0.002134
-0.002650
0.004922
0.005656
-0.013823
0.007202
-0.000906
0.000073
-0.000602
-0.001955
0.000786
0.000183
0.001475
-0.012164
0.040899
0.004266
-0.001315
-0.004852
-0.007085
-0.004498
0.006384
0.001135
0.000819
0.000032
0.005474
-0.006201
-0.006365
-0.011980
-0.000760
0.009856
-0.016223
0.000607
-0.001486
0.002060
-0.002621
-0.002543
0.011550
-0.006744
-0.014238
0.004135
-0.016800
0.003871
0.007608
0.004504
-0.001483
0.009858
0.007792
-0.001520
0.004805
0.012683
0.002645
0.000028
-0.004896
-0.000348
0.000839
0.002190
-0.007196
-0.037239
-0.000253
0.001580
-0.017640
0.009941
-0.000395
-0.000298
0.016893
0.001660
-0.020729
-0.019257
-0.003199
-0.005382
-0.000566
-0.000677
-0.000113
0.001536
-0.002296
0.000080
-0.010100
-0.000318
-0.000253
-0.003830
-0.000533
0.001073
-0.040620
-0.018273
-0.015719
0.000170
-0.007849
0.002460
0.009873
-0.001175
0.004401
0.012917
0.000217
0.005051
0.000002
-0.008534
0.013919
0.001892
-0.010563
0.029972
0.007757
-0.000429
0.004875
0.001849
-0.000021
-0.005955
0.006998
-0.008256
-0.006688
0.006842
-0.019003
-0.002020
0.016927
0.002660
-0.013464
-0.005564
0.020147
0.003718
-0.000917
-0.010551
-0.003573
-0.006371
-0.010660
0.003309
0.005992
0.015617
-0.001857
0.000181
0.001476
0.002006
-0.015903
0.000102
-0.007380
0.013607
-0.005124
-0.002888
-0.019428
0.011685
-0.005501
0.000667
-0.005653
0.001688
-0.000921
-0.011623
0.022237
-0.004820
-0.008850
0.024967
0.016887
-0.006163
-0.002816
-0.006996
0.010802
0.000603
-0.006209
-0.000243
0.027972
0.000363
-0.007592
0.000668
-0.006521
0.002437
-0.009658
0.003904
-0.010845
0.003055
0.001706
-0.006998
-0.012133
0.022936
0.009930
0.000835
-0.004373
-0.001247
0.000440
0.009056
0.001339
-0.003508
-0.001107
-0.006714
0.028799
-0.006312
-0.010219
0.003124
0.001106
0.005684
0.001368
-0.002406
0.000022
-0.000519
-0.005303
0.001043
0.010075
0.004088
-0.000598
-0.021125
0.005598
-0.007834
0.004701
-0.016573
-0.004592
0.012093
-0.002774
0.001883
-0.008878
0.012064
-0.005610
-0.001711
0.005179
0.003076
-0.005062
0.004940
0.007771
-0.009394
0.001681
-0.002735
-0.009596
-0.003076
0.002846
0.000778
0.022115
0.000117
0.000802
-0.008028
-0.002139
-0.007661
0.000018
-0.000834
0.005031
0.012318
-0.012643
0.000945
0.005863
0.001191
0.006596
0.006982
0.001871
0.005423
-0.009968
-0.000035
0.003120
0.011604
-0.002779
0.025663
0.000627
-0.005981
0.000533
-0.003484
-0.000642
-0.010434
0.007400
-0.004061
0.000485
0.016553
-0.006864
0.003310
-0.000675
0.000194
-0.004670
0.000807
-0.006276
-0.008027
0.001947
0.000012
0.001379
0.009055
0.000806
0.000232
0.001454
0.011207
-0.016560
0.004899
0.005795
-0.000651
-0.001062
0.015810
-0.001894
-0.002062
-0.001012
-0.006040
0.009317
0.005804
0.008343
-0.005108
0.003245
0.002325
0.005999
0.000526
0.000125
-0.000509
-0.006495
0.009559
-0.001835
0.004465
-0.019817
0.015227
0.018871
0.008019
-0.000260
0.002875
-0.003065
-0.001476
-0.001569
0.008621
0.004915
0.001836
0.001196
0.003643
-0.000859
0.002476
-0.000541
-0.001440
0.010613
-0.013589
-0.001438
0.000601
0.002326
-0.010912
-0.007644
-0.002733
0.008206
0.002835
-0.012684
0.018145
-0.002088
0.007539
0.001103
-0.000571
0.003137
0.003639
0.002007
-0.000156
0.000279
0.001153
-0.000187
-0.005558
-0.000249
0.003647
-0.018944
-0.012324
-0.001508
-0.000037
-0.005102
-0.003053
0.021284
-0.001123
0.003997
-0.005139
-0.001739
-0.000380
-0.000027
0.000267
0.030948
-0.000016
0.003035
-0.029599
-0.003496
-0.001589
-0.003948
0.004344
0.010366
-0.013259
-0.004379
-0.001979
0.002715
-0.001796
-0.015864
0.004017
-0.012264
0.009442
0.009597
-0.003728
0.026491
-0.004298
0.031703
0.020731
-0.002653
-0.000352
0.017115
-0.000203
0.001272
0.006820
-0.001032
-0.000043
-0.000508
0.002124
-0.001599
-0.006762
-0.009136
-0.007916
-0.015750
-0.006955
-0.003460
-0.007162
0.001953
0.021376
-0.002170
-0.002320
0.000964
-0.008457
0.024323
-0.008302
0.001167
-0.000649
0.001173
-0.002423
-0.000240
-0.006160
0.014028
0.000566
0.000693
-0.000209
0.003356
-0.000330
0.013195
-0.000930
-0.006617
-0.000048
0.005489
0.004908
0.011606
-0.001962
-0.005449
0.003748
0.017475
0.009133
0.008108
0.000216
-0.002464
-0.002201
0.002244
0.002777
0.000160
-0.001554
0.000718
-0.003616
-0.019895
-0.002445
-0.007739
-0.001718
-0.000224
-0.005228
0.003842
-0.000760
-0.000038
0.008304
0.001722
0.000155
0.008731
-0.007888
-0.005313
0.002641
-0.003888
-0.002190
-0.004759
0.004510
-0.000134
-0.013883
-0.000315
-0.001164
-0.004264
-0.003826
0.013042
-0.000417
-0.021124
0.000381
-0.003130
-0.001578
0.001583
-0.013295
-0.020701
-0.005892
0.015760
-0.004522
-0.019600
-0.005606
0.018921
0.002884
-0.000955
-0.001317
-0.004272
-0.018566
-0.000182
0.004884
0.010443
0.007915
0.011733
0.001921
-0.000306
0.004912
-0.009873
0.006932
0.003785
-0.023139
0.010710
0.000700
0.004164
-0.018732
-0.005324
-0.024544
0.002878
0.005063
0.017560
0.000173
0.001556
0.003315
-0.004907
-0.016410
-0.000564
0.004049
0.007719
-0.010192
0.000058
0.000970
0.023705
-0.001384
-0.005257
0.006854
-0.002633
-0.000095
0.003303
0.019062
0.000855
-0.000241
-0.003734
0.001757
0.003828
0.008681
0.034365
0.016161
-0.008423
-0.002098
-0.001013
-0.002654
0.002146
0.003639
0.007759
-0.006269
0.020968
0.014435
0.000796
0.004974
0.001727
-0.000192
-0.002311
-0.000826
0.023019
0.024746
0.005543
0.008100
0.002205
-0.008187
-0.001301
-0.003302
0.012428
-0.001514
-0.009162
0.000893
-0.000770
0.007324
-0.003633
-0.000983
-0.006288
0.000680
-0.002161
0.003198
0.001634
0.000893
-0.005029
0.033490
0.001417
0.000580
-0.003863
-0.015280
-0.007760
0.000467
-0.001244
-0.008742
0.008897
-0.035698
-0.004775
0.000669
0.000150
0.003179
-0.005791
-0.000876
-0.001254
-0.000088
0.005797
-0.002310
0.000754
-0.008301
0.001168
0.000288
-0.002029
-0.011383
0.004199
0.000194
-0.005063
0.005559
-0.005179
-0.000272
0.001459
-0.011207
0.000139
0.002232
-0.000047
-0.002638
0.014426
0.000516
0.006489
0.008494
-0.016918
0.000917
-0.042210
0.000913
-0.009057
-0.000163
-0.000330
0.010424
0.008612
0.001341
0.006452
0.001211
-0.001950
0.007899
0.012856
0.004575
0.006343
0.000778
0.009604
0.017471
0.002268
0.007114
0.003094
0.001830
-0.005174
0.007617
0.005813
0.000058
0.001750
0.000510
-0.000809
-0.006177
-0.027270
-0.029023
0.001688
0.015215
-0.012861
0.007650
-0.003323
-0.041011
0.003130
0.003324
0.000525
-0.004747
-0.030512
0.000444
-0.001390
0.001459
0.005117
0.001950
-0.002448
-0.004647
0.006522
0.000115
0.004726
-0.000032
0.008273
0.000100
-0.012204
0.000747
-0.001548
-0.003336
-0.010900
0.001889
0.027121
-0.000848
-0.000073
-0.027052
-0.008561
-0.009830
0.022216
0.000313
-0.002966
0.002150
0.001532
-0.001068
-0.001164
0.006656
-0.001148
0.009465
-0.008061
0.002532
0.023527
-0.000388
0.002567
-0.006511
0.002553
0.000251
0.001674
0.016747
-0.001407
0.000965
-0.009405
0.012611
-0.002868
0.002024
0.003447
-0.002914
0.002359
-0.001167
-0.001065
-0.030413
-0.009286
0.003565
-0.011398
0.004277
-0.024306
0.000201
-0.019988
0.001627
-0.005364
0.002816
-0.001656
0.024331
0.028175
-0.007792
0.008452
-0.000688
-0.009601
0.003169
-0.004610
-0.003197
-0.000634
-0.000762
0.006905
0.006176
0.000710
0.001205
0.003472
0.016255
0.027229
0.000346
0.000498
-0.000099
0.023144
-0.016872
0.006675
0.016383
-0.015141
0.003443
0.001759
-0.026061
0.003920
-0.010388
0.002202
-0.001357
0.011613
0.000451
-0.003340
0.015859
0.008653
-0.002868
-0.004486
-0.006459
0.008058
0.003480
0.005736
0.002980
0.018525
0.003746
0.002202
0.002177
-0.000940
-0.000177
0.001059
-0.001281
0.001769
0.000495
0.002967
0.019799
0.005841
-0.004512
0.001880
-0.005273
0.001148
0.001528
0.005843
-0.008579
0.000568
0.003411
0.000444
-0.000117
0.018865
-0.004689
-0.001070
-0.008294
0.021767
-0.000075
-0.001234
0.001931
0.006207
-0.011699
0.001447
0.002670
-0.015893
-0.000242
-0.004635
0.008005
-0.010777
-0.002584
-0.001618
0.002514
-0.010901
-0.008324
0.004462
0.001376
-0.010459
0.000315
0.000766
0.001401
-0.000522
0.002238
-0.004857
-0.000689
0.000580
-0.000837
-0.012125
-0.010042
0.008250
-0.001539
0.004165
-0.000268
0.008518
-0.044328
-0.005025
0.002463
0.001626
0.001077
-0.002823
0.005477
-0.002314
-0.000133
-0.010010
-0.000961
0.000332
-0.003986
-0.001821
-0.000619
-0.025518
-0.006671
-0.001076
0.000301
-0.007040
0.004890
0.010164
-0.000502
-0.017475
-0.002869
0.000735
0.000679
-0.000024
0.001310
-0.014816
0.000261
-0.000502
0.029316
-0.006604
-0.001000
-0.020626
-0.008919
-0.013487
0.002326
0.001984
0.012511
0.002092
-0.000356
-0.007233
0.001365
-0.015795
0.003125
0.002662
0.003832
-0.011050
-0.003881
0.024760
-0.002285
-0.000707
-0.001157
-0.011095
0.011015
-0.019578
0.012247
-0.000385
0.000034
0.009453
0.002031
0.006582
-0.007336
0.002653
-0.007633
-0.014023
0.007813
-0.010482
0.004270
0.000373
-0.000615
-0.002799
-0.004442
-0.000477
0.003189
0.052819
0.012533
-0.003668
0.007658
0.005490
0.001723
-0.000608
0.007132
-0.007792
-0.000357
0.000121
-0.000136
0.000934
-0.000215
-0.022907
-0.000707
-0.001819
-0.002871
0.002390
-0.003677
0.023903
0.003134
-0.002740
0.003135
0.006050
0.003644
0.003817
0.000266
0.001433
-0.005740
-0.002105
-0.011227
-0.000191
-0.002891
0.000161
-0.010853
-0.009725
-0.007375
0.003249
-0.001557
0.000439
-0.003412
0.000066
-0.000262
-0.002429
0.007676
0.003409
-0.000147
0.004878
0.002999
0.000447
0.003452
0.006337
-0.002521
-0.003975
-0.010667
-0.003539
0.020697
0.002209
0.009660
-0.011860
0.005475
-0.009240
-0.000206
-0.000482
-0.003724
-0.001346
-0.000829
0.008201
-0.000386
-0.029611
0.000070
-0.000481
0.006852
0.015717
-0.000419
0.009896
0.000644
0.001386
-0.010424
-0.005484
0.002534
0.000202
-0.004290
-0.006153
-0.011728
-0.026950
-0.001901
0.019716
-0.004472
-0.011244
0.018472
-0.003486
-0.039474
0.008395
0.001417
0.004281
0.021105
-0.000001
-0.016406
0.001162
0.009543
0.011066
-0.000571
-0.002805
-0.003550
-0.000754
-0.000995
-0.008419
-0.009594
-0.003239
0.002265
0.000270
0.001990
0.014221
-0.005507
-0.000919
-0.006709
-0.001917
0.000013
0.003753
0.024247
-0.000898
-0.000029
0.003772
0.001688
-0.001380
0.002205
-0.016214
-0.003313
0.003877
-0.022533
-0.004476
-0.002739
-0.000157
-0.000062
-0.009409
0.003385
0.015861
0.008480
-0.000380
-0.006755
-0.004933
-0.000037
0.003994
-0.003447
0.013270
-0.002205
-0.002286
-0.004667
-0.009727
-0.008923
-0.000425
0.002432
-0.002915
0.001256
-0.004387
0.001494
-0.000709
0.004533
0.008635
0.011148
-0.009604
-0.009317
-0.014955
-0.003780
-0.000153
0.001609
0.008708
0.015226
-0.000730
-0.008048
0.004067
-0.007857
0.007749
-0.000904
-0.012366
0.006170
0.003967
0.031514
-0.000547
-0.000184
-0.001519
0.004615
-0.000973
0.012161
0.000172
0.000068
-0.003448
-0.006555
-0.000857
0.001877
0.001127
0.002679
-0.003407
0.012556
-0.002525
-0.000056
-0.016877
-0.001078
-0.017481
-0.000012
0.009778
-0.007068
0.001126
0.003697
-0.000002
-0.000535
-0.023401
0.001793
0.004388
-0.015867
0.019573
0.000217
-0.011043
0.001033
-0.015887
0.007167
-0.002637
-0.004563
0.001570
0.001541
-0.004848
-0.006664
0.005050
0.007742
0.002721
-0.001421
0.001394
-0.017016
-0.035406
0.000387
0.000035
-0.007586
0.022899
-0.010922
0.018254
-0.005915
-0.004921
0.000018
0.003552
-0.003197
-0.002271
-0.000108
0.027255
-0.029115
0.003868
-0.003277
0.000040
0.007895
-0.009540
-0.018225
-0.000541
-0.002376
0.000871
-0.000454
0.034661
0.007860
-0.007884
0.012741
-0.010295
-0.007239
0.001841
-0.001909
0.004072
0.001027
-0.006375
-0.000088
0.009460
-0.000004
0.012850
0.006095
-0.003117
0.007397
0.012301
-0.000354
-0.001358
-0.002468
-0.003359
0.013292
-0.001689
-0.001669
-0.001960
0.000225
-0.001618
-0.011987
-0.003394
0.001824
0.000011
-0.009082
-0.000120
-0.021718
0.007161
-0.007281
-0.006766
0.007294
-0.002262
-0.001851
-0.003928
0.000830
0.002049
0.008293
0.001412
-0.002045
-0.005365
-0.015402
0.003404
0.022735
-0.002080
-0.000842
0.002839
-0.004073
-0.001286
-0.000851
-0.002154
0.004125
-0.013530
-0.002159
-0.019150
-0.000657
-0.000009
0.001009
-0.010267
0.005052
0.009930
-0.008212
-0.043727
-0.003004
-0.018997
-0.001202
-0.039000
0.000369
-0.000348
0.001279
-0.004477
0.001675
-0.004787
0.003503
0.000059
-0.002144
0.001431
-0.003286
0.013098
0.000539
-0.004181
-0.000641
-0.004075
0.013593
0.008786
0.016875
-0.008958
-0.000909
-0.002804
-0.031315
0.001567
0.002582
-0.001097
0.002313
0.007276
0.001408
-0.004660
-0.030397
0.003004
-0.003025
0.008059
0.003327
-0.001985
-0.004605
0.000765
-0.000962
0.007981
0.000055
0.000484
0.002002
-0.001312
0.000067
-0.001712
-0.004683
0.000807
-0.000149
0.001939
-0.006613
0.001989
-0.011418
0.007728
0.000103
0.009467
0.005719
-0.003889
-0.000566
0.001918
0.004339
0.019060
-0.004065
0.011532
0.002346
0.000669
0.003150
-0.003879
0.000153
0.000985
0.003442
0.008819
0.000441
-0.008299
-0.001807
0.007202
0.009132
-0.011925
0.008799
-0.004561
-0.009606
-0.000993
0.004127
-0.001920
0.013588
-0.005557
-0.000594
0.009253
0.000566
0.011777
0.000832
-0.000026
0.001921
0.002984
0.015481
0.002475
0.003293
0.009109
0.004431
-0.003226
0.000265
0.002913
0.000282
-0.007072
0.026037
0.009028
-0.014209
0.000454
0.002346
-0.001194
-0.003383
-0.001436
0.000167
-0.008392
-0.004943
0.000894
-0.006882
0.002382
0.001413
0.017400
-0.008390
-0.007285
0.000242
-0.012633
0.006778
-0.002859
-0.000211
-0.001271
-0.002765
-0.000446
-0.004520
-0.000002
-0.003462
-0.039385
0.002019
0.002801
-0.008135
-0.012330
0.008557
-0.004159
-0.007429
-0.007382
0.005100
0.004126
-0.015005
-0.006945
0.001419
0.001880
-0.002990
-0.006016
0.000981
-0.003401
0.003087
-0.030342
0.001528
0.009677
-0.022198
-0.000064
-0.010358
-0.008108
0.008839
-0.019152
0.019796
-0.005616
-0.000463
-0.003431
-0.001438
0.005969
0.005372
-0.001384
-0.021137
0.007723
-0.003978
0.000565
0.002380
0.000954
-0.021790
-0.001888
0.009207
-0.000868
-0.000520
0.012065
-0.024748
-0.004694
-0.000215
-0.008357
0.005511
0.000561
0.007792
-0.004881
-0.000625
0.004214
-0.000738
0.010716
0.000204
-0.012140
-0.001325
-0.000652
0.002468
-0.030409
-0.005489
-0.015154
0.001763
-0.001224
0.014399
-0.004834
0.017130
-0.002123
-0.000499
0.005245
-0.005402
-0.002064
0.001012
0.001511
0.001480
0.000125
0.024744
-0.005973
-0.006246
0.007485
-0.002218
-0.000561
0.004297
0.001151
-0.000261
-0.001440
0.000193
0.000191
0.000069
0.008815
-0.005860
-0.000700
0.016787
0.010525
-0.000517
-0.000999
0.002609
0.003440
0.023685
0.003720
0.007544
0.009929
-0.012864
-0.006006
-0.000084
-0.001818
-0.005110
0.004761
0.000045
0.009647
0.001377
-0.019947
0.009479
-0.028470
0.005366
-0.006692
0.001009
0.007566
-0.001425
0.000791
-0.005376
0.006556
-0.001878
0.000191
-0.003069
-0.001026
-0.009969
0.028065
0.000904
-0.002778
-0.005545
0.001753
0.005110
-0.011278
0.021097
0.001532
0.001298
-0.003814
-0.009853
-0.003760
0.003741
-0.001084
0.004284
0.014246
0.003792
-0.000233
0.017433
0.007813
0.012165
0.004503
-0.003185
-0.006756
-0.004679
-0.003985
-0.000051
-0.001034
0.005946
-0.010009
-0.007420
-0.002650
0.000269
-0.000809
0.012118
0.000961
0.000228
0.002234
-0.000078
-0.017551
0.004369
0.002907
-0.015601
-0.005491
-0.000970
-0.000391
0.004892
0.000292
0.004696
0.003083
0.010289
0.025181
0.008154
0.001461
-0.007557
0.024509
-0.000455
0.000048
-0.001794
-0.001356
-0.006317
-0.013034
-0.002000
0.005857
0.006388
0.009112
0.000022
0.012334
0.001773
-0.001195
-0.002321
0.004563
0.003498
0.001088
-0.001482
-0.001862
-0.004713
0.002641
0.001702
0.000142
-0.001519
-0.001525
0.018937
0.002192
-0.005601
-0.009230
-0.006227
0.004837
0.002077
0.000905
-0.001194
-0.001849
0.010305
-0.003374
-0.001473
0.001392
-0.000157
0.000579
0.003810
-0.002854
0.000288
0.000369
0.004169
-0.000179
-0.014192
-0.000010
0.001585
-0.009486
0.017038
-0.004472
0.000069
0.005269
-0.015894
0.031519
0.000661
-0.010194
0.008466
-0.000562
-0.003836
0.000029
0.002664
0.004069
0.000622
0.002194
0.004037
-0.008007
-0.006238
-0.020767
0.002262
-0.006547
-0.008693
0.005887
0.023490
-0.020102
-0.008506
-0.008536
0.002030
0.008142
0.002726
-0.013025
-0.005573
0.000558
-0.004330
-0.001658
-0.004532
-0.001920
-0.002876
-0.015715
-0.009272
-0.022722
0.019340
-0.003593
-0.000104
0.006659
0.002333
-0.001846
-0.001179
0.004609
0.008685
0.003248
-0.000457
-0.000529
-0.010790
-0.000579
-0.033577
0.000424
0.002475
-0.000355
-0.000742
0.018514
-0.019112
0.005477
0.015802
0.008984
-0.005145
-0.001144
0.014045
-0.003667
-0.000708
-0.004703
0.000446
-0.003280
-0.000278
-0.003367
-0.000398
0.008308
0.005293
-0.007476
0.003423
0.016864
-0.000812
-0.006557
0.018338
0.004064
-0.002617
0.012162
-0.000372
0.002431
-0.000788
0.002527
0.002803
-0.000488
0.007051
-0.001100
-0.007444
0.003904
0.000632
-0.003936
0.005000
-0.001747
0.001433
-0.003640
0.000056
-0.001670
0.004008
-0.002648
0.001684
0.004742
-0.013402
-0.002976
-0.010208
0.001602
0.001396
0.001187
0.016989
-0.006172
-0.022167
0.002584
-0.007343
-0.000005
0.010894
-0.010284
-0.001631
-0.012198
0.007531
0.002292
-0.006817
-0.001943
0.011424
0.053798
-0.001303
-0.008007
0.008381
-0.028009
0.002073
-0.024247
-0.000725
-0.001454
-0.004516
-0.001635
0.002327
0.000037
-0.000390
-0.002737
-0.009139
-0.007505
-0.001160
-0.006611
0.007361
-0.002213
0.007411
-0.010002
-0.002107
-0.001377
0.003923
0.002785
-0.012296
-0.003981
-0.002746
-0.000397
0.002997
-0.009918
0.003108
-0.004239
-0.011013
0.009671
0.009254
0.000547
-0.012725
0.004724
-0.004387
0.001969
0.005529
0.002758
0.004202
0.004638
-0.003250
-0.000345
-0.000002
-0.001140
0.014788
-0.004076
-0.000076
0.007121
-0.005306
0.008084
-0.017247
-0.001914
0.010798
0.001252
0.006999
-0.008067
0.001160
-0.000033
0.005177
0.003661
0.010568
0.013739
0.007580
0.000789
0.000792
-0.002966
0.000195
0.005347
0.003152
-0.018193
-0.007027
-0.009030
0.010533
-0.019908
0.005459
-0.018388
-0.006313
-0.010218
0.002466
0.005707
0.004552
-0.007222
0.005790
0.003516
0.014709
0.002507
0.004395
-0.001105
-0.004421
0.001019
0.001941
-0.004929
-0.028636
-0.002049
0.000403
0.012982
0.011199
-0.004381
-0.000939
0.000280
-0.009657
0.000506
-0.024360
0.001525
-0.009949
-0.000561
-0.000727
-0.002611
0.008060
-0.000265
-0.000156
0.000593
-0.001322
0.000485
0.000617
0.000996
0.000474
0.022753
0.000458
-0.000342
-0.000325
0.004668
-0.002053
-0.020015
0.002964
-0.006951
-0.009047
-0.001338
0.012763
-0.000019
-0.001922
-0.019788
0.001262
0.003712
0.039257
0.012471
-0.003664
-0.011088
-0.002491
0.009693
0.005723
-0.000327
0.024512
0.016825
-0.001201
-0.003983
-0.006717
0.004273
0.008293
-0.003695
0.003805
0.017451
0.005228
0.043901
-0.003708
0.000772
0.006540
0.019713
-0.005828
-0.020335
-0.018662
0.006668
-0.000227
0.001404
-0.001225
0.012592
0.000760
-0.010645
-0.003856
0.011059
-0.001686
0.007333
0.002962
0.003290
0.023888
0.005025
-0.003210
-0.000239
0.001081
0.007231
-0.000563
0.002761
-0.042488
-0.026875
-0.000571
0.002658
-0.000123
-0.016162
-0.000715
0.004929
-0.000027
0.000916
-0.000201
0.006241
0.002009
-0.014814
0.007199
0.022030
0.001084
0.011082
-0.011292
0.002456
0.014031
0.019188
-0.003599
-0.006524
-0.000438
0.004534
0.002821
0.002423
0.002126
0.000405
0.004367
-0.001023
0.011242
-0.039366
-0.002396
-0.001852
0.000507
-0.002137
0.002075
0.002097
0.000119
-0.003013
0.007433
0.001175
0.000271
0.008487
-0.002769
0.001069
-0.001800
0.008307
0.001308
-0.002286
0.000088
-0.002639
-0.008145
0.002071
0.014808
-0.007990
0.005351
0.001069
-0.001974
-0.020418
0.000056
0.002702
0.001556
-0.002874
-0.016469
0.016440
-0.005444
-0.025924
-0.001378
-0.015631
-0.003807
0.010089
0.004338
0.000290
0.004335
0.005365
0.002100
-0.000472
0.000938
0.000984
0.000367
-0.002635
0.001983
0.010012
0.002089
-0.006057
0.002874
0.006670
0.020423
-0.006732
-0.000531
0.002312
-0.033985
0.001872
0.002549
-0.003803
0.006741
-0.013517
-0.000253
-0.004255
0.024428
0.003538
0.000850
0.004301
0.001009
0.004008
0.007526
-0.000769
-0.000444
-0.002025
-0.008233
-0.007844
0.004911
-0.002935
-0.000139
0.000422
-0.004074
-0.001973
0.000269
0.003562
0.003312
0.013875
-0.010643
0.016010
-0.004847
0.000871
0.016692
0.006515
-0.001119
-0.000640
0.002229
0.009821
-0.003816
-0.006312
-0.031777
-0.002240
0.002197
0.013667
-0.000220
-0.004898
0.000112
-0.005755
0.007227
-0.009839
0.011926
-0.015219
0.008200
-0.009216
-0.004097
0.004173
0.015373
-0.000043
-0.000757
-0.002661
-0.006364
0.012335
0.000410
-0.004457
0.001192
0.002399
-0.003553
-0.000160
0.002379
0.004423
-0.024160
0.001015
0.002464
-0.004303
-0.009647
-0.013794
-0.000156
-0.003402
-0.003652
-0.000232
-0.023570
0.003154
-0.009060
-0.001224
-0.001658
-0.002195
-0.004157
-0.000563
-0.000005
0.009655
-0.001401
0.000842
0.000709
-0.000986
0.001680
0.023393
0.001030
0.004851
0.000654
-0.017540
0.003477
0.010672
-0.000190
0.009798
-0.001057
0.000551
-0.000084
0.000005
0.001025
0.025593
-0.000412
-0.003631
-0.002630
0.003595
0.003428
0.034610
0.000167
0.007467
0.006060
-0.002492
0.016395
0.000300
-0.000749
0.007958
0.000659
0.003463
0.001238
0.006978
-0.000359
-0.001610
0.008283
0.027397
-0.025367
0.001594
0.004202
0.000463
0.013773
-0.019089
-0.023082
-0.009317
0.000081
0.006972
0.001343
0.017431
0.000739
-0.011060
-0.002151
-0.000939
0.009758
0.003502
-0.008119
0.002369
-0.001215
0.005844
0.004836
0.000017
-0.000325
0.025262
-0.015622
-0.003454
0.000287
0.013595
0.006915
0.000374
-0.001503
0.000407
-0.000258
0.000817
0.000085
0.013156
0.000017
0.002093
0.003450
0.008913
-0.000570
0.001212
-0.002353
0.015395
0.001413
0.000358
0.024414
-0.013119
0.034288
-0.018886
0.000326
0.001613
-0.003000
-0.000503
0.009096
-0.000400
0.000986
-0.000043
-0.005708
-0.011839
0.004825
0.015159
-0.002133
-0.001647
-0.011316
0.005342
0.000578
0.001834
-0.003648
-0.003159
0.000537
-0.007828
-0.010642
0.000397
-0.033801
-0.005404
0.000400
-0.002498
-0.006974
-0.001295
-0.044712
0.004844
0.005301
-0.001969
-0.003112
0.012372
-0.001757
-0.002380
-0.006269
-0.011383
0.001793
0.008978
-0.010103
0.006462
0.000896
-0.020068
0.007920
0.033551
0.004717
0.016799
0.001008
-0.001243
-0.009016
-0.001723
0.006652
0.000279
-0.001650
0.000025
0.001323
0.019390
0.002481
-0.017297
0.000721
-0.001532
-0.009167
0.003622
-0.019992
0.006487
0.000221
-0.004208
-0.043150
0.005785
-0.001308
0.002024
0.001140
-0.005570
0.006184
-0.004913
0.006421
-0.017989
-0.000495
0.001743
-0.000506
0.004146
0.009385
0.000853
0.000206
0.022784
-0.003922
-0.003977
0.000911
0.000473
-0.000125
0.001245
-0.003430
-0.000007
0.000307
0.000107
0.008030
-0.010893
-0.002988
0.009499
0.021629
0.002545
-0.007623
0.007667
0.003157
-0.000112
0.001562
-0.001591
0.001136
-0.000468
0.012504
-0.003993
-0.001533
0.002770
0.000327
0.001881
0.006346
0.000006
0.014619
0.006143
-0.000236
0.003446
-0.014769
-0.005173
-0.016920
0.009142
0.003461
-0.004031
-0.004009
0.009863
-0.008853
-0.019941
-0.012229
0.006737
0.000001
-0.005475
-0.002782
0.001318
-0.000154
-0.014880
-0.024808
0.001838
0.002865
0.016077
-0.014608
-0.002895
0.001439
-0.008405
0.001641
0.010146
-0.006255
0.001302
-0.008449
0.000546
0.001786
-0.000291
-0.001093
-0.001863
0.000029
0.003885
0.001966
-0.000448
0.014369
0.000267
-0.003515
-0.003466
-0.009555
-0.017810
-0.000207
0.006973
0.003200
0.015786
-0.003162
0.012072
0.007320
0.000960
-0.001047
0.000007
0.004409
0.014530
0.000567
-0.003176
0.003958
0.002551
0.002630
0.014534
-0.005543
-0.005353
0.006252
0.003415
0.000969
0.019655
0.003246
-0.000474
0.003751
0.010632
-0.001733
0.007503
0.001312
-0.009066
0.000960
-0.001175
-0.028373
-0.000522
-0.002615
-0.007009
-0.000933
0.015400
-0.010143
0.007896
0.000166
0.008393
-0.003103
0.005833
-0.009966
-0.003532
-0.020663
0.003952
-0.000959
0.002202
0.001779
0.002447
0.011463
-0.002256
0.005575
0.000955
0.009268
-0.054956
-0.004101
0.003140
-0.016481
0.001505
0.003149
-0.002547
0.005534
0.004830
-0.000302
-0.001944
0.000048
0.002708
0.000322
-0.015925
0.001715
-0.019223
-0.006214
-0.004853
0.007449
0.016929
-0.007057
-0.004743
0.027625
-0.004156
-0.014832
0.014943
-0.000366
-0.003482
-0.005933
-0.002877
-0.000608
-0.000099
-0.005921
-0.000251
-0.010177
-0.022029
0.004301
0.001638
0.000985
0.000792
-0.005396
-0.004705
0.001108
0.000344
0.009866
-0.002642
-0.000935
0.001555
0.006424
0.002014
-0.000786
-0.008294
-0.009726
0.001253
0.004134
0.001879
0.022270
-0.001386
0.003490
-0.002535
-0.020324
0.008054
-0.000929
0.008130
-0.001005
0.005279
-0.005847
0.004734
-0.020342
-0.021107
-0.005771
-0.011623
0.000899
0.029558
-0.003315
0.015773
-0.000819
-0.000443
-0.002484
-0.002729
0.008465
-0.000177
-0.004722
0.004309
0.024966
-0.016274
0.000213
-0.006980
0.001743
0.012476
0.004650
0.004436
-0.020143
0.007597
-0.000651
0.000551
-0.000675
0.005714
0.008029
-0.001879
0.000935
-0.000920
-0.000975
0.000076
-0.028155
0.001504
-0.001938
-0.000017
0.012281
0.000084
0.007016
0.004954
0.000601
0.008751
-0.000869
-0.031811
0.001567
0.003299
-0.000072
0.003116
0.003652
-0.001701
-0.000342
0.004950
-0.020234
-0.000836
-0.008407
0.021625
0.007986
-0.008720
-0.002965
0.013918
0.000528
0.001068
-0.002659
-0.004502
0.000780
-0.024880
-0.008024
-0.001125
0.005047
0.006411
0.000241
0.000875
-0.005079
-0.000568
0.006124
-0.008798
-0.004897
-0.003718
0.016565
0.016629
0.004737
-0.015554
0.012306
0.001088
0.008981
-0.015875
0.000411
-0.011380
-0.008642
0.015027
0.005614
0.012663
-0.000915
0.001090
0.001759
0.012285
-0.001721
-0.001751
-0.000230
0.008139
-0.016806
0.001522
0.000202
-0.005539
0.008658
-0.004878
-0.014823
-0.002847
0.006794
-0.002400
-0.002435
0.000270
-0.005259
-0.001964
0.000082
-0.007687
-0.000061
-0.000944
-0.000966
-0.000686
0.001211
0.039001
0.002374
-0.001707
0.000032
-0.002518
0.003202
0.001913
-0.001787
-0.005580
0.011893
0.000847
-0.000919
0.000012
0.003930
-0.007275
0.000804
0.003614
-0.015527
-0.015443
-0.003517
-0.012327
-0.004251
-0.018394
-0.005510
0.003838
-0.004606
-0.004259
-0.001530
-0.007377
0.002866
0.004057
0.012930
-0.010148
-0.001970
-0.015574
0.010138
-0.013601
0.024251
-0.004045
-0.001477
0.006467
-0.000455
0.018690
-0.018015
-0.004583
0.000152
0.000760
0.001176
0.004401
-0.002935
0.025208
0.001488
0.016031
0.004434
0.007760
-0.000871
-0.004674
0.002893
-0.003332
-0.001059
-0.000749
-0.004238
0.025285
0.002018
0.011442
-0.004991
0.007734
0.019935
-0.000315
-0.000034
0.008436
0.000766
0.004265
0.000547
-0.007838
-0.000245
-0.007264
0.002410
0.003789
-0.007969
0.000119
0.004560
0.008786
0.007906
0.002194
0.004500
0.005448
-0.006601
-0.001441
0.000503
0.000220
0.006624
0.001575
0.000112
-0.000126
0.004131
-0.001102
0.000896
0.014628
0.000642
-0.001832
-0.008152
-0.000399
-0.013531
-0.005859
0.000267
0.000876
-0.019531
0.001550
-0.001310
-0.033054
0.001996
0.000080
-0.017552
-0.000643
0.003921
0.001870
-0.015475
-0.003315
-0.017524
-0.006552
0.010016
0.003131
0.000249
-0.004476
-0.001486
-0.008705
0.001891
-0.005452
0.003323
0.012049
-0.018005
0.001774
-0.006083
-0.019307
0.005221
-0.001392
-0.004918
0.006210
-0.000157
-0.001450
-0.004305
0.005941
-0.009045
-0.000750
-0.003444
0.001948
0.006248
-0.001351
-0.002455
-0.009098
-0.002336
-0.005265
0.005386
-0.016718
0.004177
0.003124
-0.001772
-0.000497
-0.002677
-0.001375
-0.003273
-0.001549
0.002174
-0.012587
-0.001586
-0.000347
0.001427
-0.018491
0.002816
-0.000660
0.009199
0.005274
0.003620
-0.002244
0.004095
0.025808
-0.008151
0.006977
0.012755
0.000018
0.000035
0.001075
0.014179
-0.001691
0.000358
-0.002995
-0.004060
0.001229
0.003878
-0.031138
-0.005848
0.003995
-0.004052
0.002632
0.003642
-0.000290
0.001916
-0.002962
-0.001086
0.007518
0.003372
-0.000473
0.004403
-0.001351
0.000524
-0.001192
0.005690
-0.002388
0.017422
-0.002798
-0.013117
0.009231
0.003902
0.034719
-0.006415
-0.006114
-0.004285
-0.000899
0.002049
-0.006639
-0.004249
0.010203
0.004720
-0.009569
0.004426
-0.008921
0.002775
0.000380
0.002752
-0.016296
-0.001484
0.000817
-0.001867
-0.021949
-0.007066
0.001449
0.004812
-0.006274
0.003531
-0.001375
-0.003034
0.009138
-0.025578
-0.000373
-0.000228
-0.006559
0.007216
-0.002918
-0.000058
-0.015920
0.000876
0.000152
-0.011617
-0.000271
-0.000947
-0.039241
-0.000958
0.010660
0.000293
-0.011352
0.001571
0.002163
-0.002009
0.002791
0.005264
-0.000361
0.006836
-0.000006
0.002927
-0.003154
0.001019
-0.009253
-0.013386
-0.009153
-0.000863
-0.015409
0.001436
-0.001913
0.003662
-0.002979
-0.022999
-0.034245
0.001313
0.003610
0.007692
-0.008738
0.013153
0.012952
-0.001901
-0.031402
0.001036
-0.021992
0.009491
-0.000054
0.000845
0.024477
-0.012403
-0.030040
-0.024101
0.001401
-0.000040
-0.005934
0.001511
0.008176
-0.002320
-0.007422
0.009260
-0.012911
0.008603
0.015619
-0.004124
0.006816
-0.025993
0.003344
-0.000460
0.000225
0.006309
0.023624
-0.005832
-0.002763
-0.020687
-0.008186
-0.011598
-0.006866
0.002704
0.004055
0.000629
0.005512
0.000479
-0.000663
0.000085
0.003211
-0.001550
-0.009634
-0.012215
0.020655
-0.002708
-0.016447
-0.004673
0.006477
0.010532
0.010109
0.022885
0.008932
-0.000139
-0.002677
0.004669
0.001657
-0.001671
0.000089
0.001163
-0.000105
-0.006426
-0.021253
-0.004865
-0.014211
-0.000389
-0.001989
0.008125
0.001618
-0.000524
-0.003692
0.011689
0.000506
0.000356
0.001144
0.002359
-0.003999
0.022553
-0.002597
0.007988
0.001994
-0.001025
0.011872
-0.006182
0.000073
-0.007243
0.003654
-0.008031
-0.007943
0.002021
0.003378
0.001528
-0.005921
0.006727
-0.002547
-0.014462
-0.000386
0.003068
-0.015992
0.005157
-0.017398
0.000121
-0.007624
-0.001971
-0.003245
0.000505
0.008502
0.007059
-0.000231
-0.000097
0.000956
-0.014344
0.019363
-0.000922
0.012681
-0.006571
0.000211
0.004685
-0.010543
0.025459
0.002995
0.000409
0.002570
-0.009030
-0.001055
0.011214
-0.002193
0.003020
-0.007088
0.003915
-0.002329
-0.017877
0.004530
0.001850
-0.000081
-0.002955
0.009724
0.006369
0.006312
-0.000362
-0.028126
-0.001196
0.009093
-0.001832
0.002255
-0.000096
-0.000620
0.002661
0.000221
-0.000372
-0.000124
-0.002890
0.017925
-0.006009
-0.009222
0.006774
0.004732
-0.013962
0.010588
-0.003343
0.000732
0.003963
-0.006917
-0.001599
0.019176
0.008277
-0.000449
-0.000813
0.008574
-0.000230
0.002606
-0.000312
-0.005860
0.005990
0.006793
-0.011970
0.021378
-0.002178
0.005691
-0.000021
0.028217
0.002628
0.003191
0.001826
0.012848
-0.000605
-0.007890
0.002134
-0.003085
-0.002464
0.003572
-0.000623
-0.000265
-0.001915
-0.016887
0.039667
-0.000391
0.000943
0.004263
0.021720
0.004472
0.004503
0.001699
0.006818
-0.000931
0.012749
0.018190
0.008371
0.000948
-0.001022
0.000728
-0.006578
-0.000085
-0.000097
0.010405
0.000151
0.000303
0.015454
-0.001628
-0.001314
-0.005220
0.006853
-0.016415
0.000139
0.003200
0.000919
-0.010082
-0.001075
-0.002660
-0.003849
-0.001064
-0.001551
0.000045
-0.001350
-0.003279
-0.002749
0.003375
0.044213
0.003447
-0.002371
0.019955
0.006176
-0.018314
0.009143
-0.001711
0.004217
0.001306
0.009027
-0.018974
0.003506
0.006027
0.012711
-0.020927
-0.002653
-0.023436
0.003296
-0.004366
-0.002817
0.001388
0.010522
0.002319
0.007067
0.003371
-0.000618
-0.002395
0.000144
0.011312
-0.002520
0.002012
-0.001147
0.015808
-0.003116
0.000008
-0.000459
-0.006995
-0.005891
-0.000481
-0.026906
0.001770
-0.002253
-0.000065
0.003290
0.014244
-0.008083
-0.002375
-0.021199
-0.007800
-0.010959
0.002832
0.001784
0.001616
0.000329
0.004877
0.000081
0.017343
0.000147
-0.004098
-0.003877
-0.000774
0.005121
0.015508
-0.003719
-0.004385
0.000245
-0.000131
0.002556
-0.002343
0.003052
-0.003325
-0.000270
-0.002737
0.004039
0.001923
0.008775
0.000696
-0.006576
0.000895
0.006687
0.024782
-0.006964
0.005153
0.008417
0.001850
0.000835
0.002381
-0.000590
0.002732
-0.005833
0.000835
-0.001504
-0.004585
-0.003185
-0.003363
-0.019272
-0.004538
0.002122
-0.000886
-0.005313
-0.000344
0.044032
-0.002134
-0.003586
-0.008384
-0.005912
-0.000796
0.000087
0.011760
-0.004531
-0.012544
-0.010145
0.008269
0.007496
0.015058
-0.004408
-0.008898
0.004592
-0.006012
0.003372
0.031650
0.003594
0.001231
-0.009322
-0.012527
0.010299
0.000279
-0.000698
0.003377
0.003753
-0.020500
-0.000561
0.009105
-0.004912
0.004877
0.017555
-0.003890
-0.013036
-0.007414
-0.001576
0.002734
-0.003632
0.000590
0.004536
-0.000687
-0.004394
0.001073
0.001090
0.000992
-0.009118
0.013291
0.014261
-0.000486
0.007520
0.011581
0.009268
0.000572
-0.003147
0.002180
0.006637
0.002047
0.002944
-0.002308
-0.000157
0.000735
-0.008035
-0.002660
-0.000497
-0.000971
-0.011710
0.009479
-0.000724
-0.004110
0.011440
0.000586
0.001929
-0.007550
0.004339
0.000949
0.008665
-0.009228
0.003052
0.002092
-0.010029
0.000004
0.005297
-0.012605
0.000666
0.005675
-0.002338
0.000684
-0.003763
0.006484
-0.009917
-0.010591
-0.011418
0.011103
-0.001672
0.014130
-0.003549
0.003941
0.001779
-0.005488
0.003437
-0.002890
0.009753
0.009711
-0.005876
-0.011303
-0.001509
-0.001717
-0.000164
0.030118
0.002313
0.002561
-0.001179
-0.012295
-0.001669
-0.000884
-0.004883
0.009023
-0.005400
-0.013848
-0.010122
-0.003754
0.005809
0.000284
-0.001535
0.003012
-0.004597
-0.000648
-0.000112
0.004053
-0.004119
-0.000780
-0.003393
-0.000923
0.000712
-0.033250
-0.001559
0.013471
0.000381
-0.005246
-0.003301
-0.000172
-0.002986
0.005363
-0.003749
0.000114
0.006494
0.000057
-0.004789
-0.017685
0.000466
-0.002031
0.004803
0.013984
0.000443
0.008687
-0.001942
0.000082
-0.001670
-0.000449
-0.004986
-0.001288
-0.003787
0.010304
0.001107
-0.003842
0.007387
-0.002489
0.013166
-0.035287
0.010114
0.006515
-0.008439
-0.003910
0.015583
-0.025916
0.000360
0.007635
-0.015664
-0.000275
0.000061
0.000590
-0.002494
0.005381
0.001935
0.013250
-0.009376
-0.000705
-0.011702
0.005994
0.009717
0.001782
-0.013258
0.000741
-0.000735
0.000642
0.004416
-0.011784
0.007043
0.002549
0.007918
-0.004183
0.005710
-0.000212
0.005563
-0.006862
-0.000460
-0.001521
0.000234
0.002401
-0.000161
-0.002393
-0.001316
0.003021
-0.007056
0.001892
0.000294
-0.004951
-0.000797
-0.000631
-0.008731
-0.005403
0.012365
-0.002218
0.000862
-0.000442
0.011896
0.001157
-0.001545
-0.000631
-0.001592
-0.000568
-0.001775
0.020848
-0.008435
-0.017666
-0.002875
-0.004603
-0.000240
0.002654
0.000057
0.002620
-0.012550
-0.005189
0.000616
0.003380
-0.001085
-0.000267
0.020766
-0.004831
0.000652
-0.005564
0.001346
-0.002234
0.017934
-0.005449
-0.001927
-0.004098
0.023551
0.005437
-0.000421
-0.005744
0.007142
-0.001636
-0.001921
-0.003322
0.001050
0.014504
-0.010208
0.012666
0.000622
0.010241
-0.001007
-0.008835
-0.003198
-0.000696
0.001415
0.006067
-0.014057
-0.000389
-0.001117
-0.001613
-0.008894
0.045438
0.001583
-0.003017
0.006111
-0.015569
0.000064
0.004920
0.008388
0.005518
0.001648
0.000953
0.036351
-0.001615
0.014058
0.001951
-0.005274
0.000436
-0.004471
-0.003390
0.023078
0.003484
-0.007190
0.006076
0.016162
-0.008666
-0.002987
0.001242
-0.000220
-0.027712
0.005663
0.013959
0.005841
0.003313
0.000086
0.000969
0.018604
-0.000822
0.000182
-0.001874
-0.013357
-0.006827
0.001263
0.011549
0.001185
-0.014395
-0.003385
0.000079
-0.006425
0.000196
0.003359
-0.004686
0.008012
-0.009800
0.011435
-0.001062
0.010361
-0.005510
-0.000463
-0.001479
0.002314
0.010013
-0.001715
-0.006027
-0.000875
-0.015182
0.001243
-0.001414
0.003442
-0.013593
0.000264
-0.002385
-0.001395
0.035861
-0.001670
-0.001509
0.008975
-0.004991
0.006716
0.003429
0.000273
0.000176
-0.001292
-0.015798
0.024223
0.001363
0.001019
0.010368
0.003939
-0.013754
-0.006161
0.005871
0.004548
0.001228
0.025183
-0.000826
-0.004667
0.001251
-0.003409
0.000576
-0.003489
-0.004890
0.000081
0.020085
0.001634
0.000075
0.007507
-0.000888
0.006154
-0.025069
0.013474
-0.002074
0.000170
-0.014540
-0.002719
-0.001958
0.000943
-0.009416
0.004536
-0.002639
-0.001143
0.000026
-0.001651
-0.015403
-0.000239
0.000745
0.008012
-0.007825
-0.004173
0.007646
0.003810
0.003895
-0.001560
0.002727
-0.003176
0.011350
-0.005806
0.007896
-0.005089
-0.014581
-0.001540
-0.011118
-0.006009
-0.016193
0.010464
-0.028137
-0.007752
0.000159
-0.003453
0.000982
-0.014844
0.014967
0.022729
0.006110
0.000085
-0.001648
-0.000826
0.002635
-0.006048
0.010406
0.001571
0.008785
-0.007711
0.000313
0.003089
0.004723
0.016828
-0.005160
-0.005672
0.000347
0.005821
-0.001380
0.001231
-0.005172
0.011067
-0.003927
-0.001291
-0.001824
-0.002536
-0.005476
-0.001200
-0.001382
0.000300
-0.011348
-0.000152
0.010140
0.001548
0.001007
0.003210
0.014046
-0.002923
-0.006402
0.001678
0.003072
0.009492
0.000047
-0.020419
-0.000386
-0.000941
0.000439
0.001407
-0.000739
-0.000773
0.000266
0.000695
0.001373
-0.003525
0.005684
0.004893
0.015479
0.001076
-0.001620
0.000211
-0.005048
-0.000430
-0.001870
-0.003750
0.003949
0.001126
0.008766
0.014464
0.002004
-0.008114
-0.001342
0.000770
0.000865
-0.009688
-0.001064
-0.024283
-0.007714
0.005403
0.007763
0.001934
0.010957
0.000403
-0.005794
-0.002421
-0.009386
0.004714
-0.001181
-0.000986
-0.001260
-0.006578
0.015504
-0.002302
0.002621
-0.005354
0.015087
0.005922
0.000138
-0.009394
-0.004653
-0.008803
0.000700
-0.003041
0.002224
-0.006588
0.018740
-0.003618
-0.001957
0.002765
-0.014110
-0.010136
0.006229
0.006843
-0.011518
0.004097
-0.004853
-0.002821
-0.001991
-0.012361
-0.001789
-0.005046
-0.002093
-0.004287
-0.000472
0.022608
0.000588
0.010434
0.003491
0.001702
0.017213
-0.000233
0.002357
-0.002670
-0.004588
-0.003470
0.011231
-0.007662
-0.001665
-0.000152
0.001939
-0.024476
-0.003144
0.000267
0.000734
0.005403
0.007945
-0.010735
-0.010002
-0.023300
0.003219
-0.001832
0.000795
-0.007115
-0.000215
0.009974
0.005044
-0.013756
-0.025925
0.004743
0.003291
0.002375
0.014073
-0.000052
-0.001495
-0.003494
0.004837
-0.007247
0.001672
0.004137
-0.004069
-0.000196
0.000472
0.000927
0.007164
0.013602
-0.005199
0.000350
-0.005831
-0.004222
-0.001250
0.000054
-0.009283
-0.001647
0.002448
0.003729
-0.000437
0.000064
-0.019612
0.009211
-0.000181
0.007078
-0.012510
0.005572
-0.004481
-0.006856
-0.003813
-0.009738
-0.015883
0.004461
-0.013300
0.003723
0.000873
0.000966
0.003600
0.001217
-0.000295
0.000216
-0.007242
-0.003341
0.000469
0.003118
-0.000194
0.000206
0.014572
-0.009623
0.000888
-0.000663
0.011145
0.010249
-0.018044
-0.003877
-0.013975
0.019942
0.001009
-0.000854
0.000083
0.001121
0.017148
0.000118
-0.005760
0.008240
0.008345
0.001425
-0.021061
0.001236
0.012543
0.002043
0.003012
-0.002485
-0.010127
-0.000279
-0.002494
-0.001158
0.003745
-0.011731
0.010235
0.003493
-0.005864
0.011604
-0.001367
0.011648
-0.001689
-0.008084
0.022417
-0.003878
-0.015124
-0.024159
0.002565
0.000155
0.002078
0.000972
-0.013803
0.001119
-0.021622
-0.012629
-0.018596
-0.000538
0.007753
0.003036
0.003854
0.032624
-0.001506
0.005488
0.000165
-0.002042
0.024856
-0.032397
0.008549
-0.005001
-0.007619
-0.022881
-0.006820
-0.007702
0.009755
-0.000296
-0.001357
0.000579
0.018123
-0.000094
0.008266
-0.003112
-0.011420
-0.006808
0.004566
-0.000607
-0.031032
-0.001761
-0.002100
-0.003217
0.018555
-0.014887
-0.002204
0.000055
0.002713
0.007847
0.000015
0.002367
0.000195
0.011496
0.000582
-0.001236
0.004145
-0.002169
-0.000485
0.008009
-0.000062
0.004377
-0.001189
-0.000652
0.000619
-0.001486
0.000985
-0.001016
-0.000085
0.004352
0.002040
0.008028
0.007859
0.005058
-0.003565
-0.002283
0.001068
0.012324
-0.001364
0.004562
-0.001279
0.018066
0.004130
-0.001654
-0.005145
-0.001541
-0.003104
-0.001984
-0.004398
0.008769
0.014622
0.002788
-0.004854
0.002649
0.029980
-0.000749
0.011399
0.001800
0.000394
-0.005646
0.001957
0.001721
-0.000349
-0.004442
-0.000931
-0.009365
-0.022384
0.002376
0.003903
-0.006176
0.016887
-0.009040
-0.012119
-0.023285
0.001170
-0.001203
-0.000489
0.010791
0.000699
0.022918
-0.001003
0.005041
-0.008247
0.001690
-0.001388
0.011335
0.003783
-0.011726
-0.003479
0.011107
-0.001573
-0.004074
-0.001505
-0.000726
0.000733
0.004025
0.005463
0.015015
0.001314
0.000337
-0.000464
-0.023522
-0.000683
-0.000118
-0.003208
0.015789
-0.017332
0.000072
-0.004032
0.017213
0.005441
0.004477
-0.009246
-0.001834
0.000482
0.001591
0.017562
0.004518
-0.006880
-0.003647
-0.002138
-0.000761
0.012975
-0.000462
0.001814
-0.004328
-0.014930
0.016246
-0.009461
-0.009697
-0.015156
0.011580
-0.012623
0.001494
-0.017293
0.000637
0.000694
0.000616
0.014715
0.003889
-0.003782
-0.001157
-0.007569
0.003807
-0.008792
0.000708
-0.001071
0.000019
0.003893
-0.001753
-0.000650
0.003714
0.006975
0.008576
-0.012989
0.002127
-0.004636
0.008315
-0.010978
0.009379
0.005848
-0.011550
0.001009
0.002011
-0.002964
-0.012824
-0.000611
0.000013
0.014000
-0.000720
0.000355
0.022093
-0.000556
0.001352
-0.005546
0.015182
-0.002657
-0.000760
0.015244
0.001804
-0.032741
-0.000006
0.003057
0.002265
-0.000964
-0.001848
-0.000007
-0.002057
-0.003696
0.000592
-0.000127
0.006105
0.015718
0.003264
0.022382
0.002402
0.017928
-0.014492
-0.000833
-0.021952
0.005312
-0.002329
0.010559
-0.001759
-0.027043
0.007969
-0.007133
0.002997
-0.016898
0.008591
0.048799
0.013173
0.000785
0.000680
-0.011479
0.006656
0.005002
-0.026051
0.002134
0.000040
0.002024
-0.001400
0.000370
0.000564
0.022044
0.008162
-0.015449
0.000628
-0.004076
0.003200
-0.006578
-0.023927
-0.004994
-0.001989
-0.000447
0.003815
-0.017122
-0.004240
-0.004030
0.011492
0.001411
-0.011759
-0.000655
-0.003831
0.008323
0.000820
-0.000119
-0.000103
-0.003212
-0.000009
0.012940
0.000130
0.003052
0.004739
-0.003684
-0.001433
-0.047023
-0.004061
0.000262
-0.016504
0.019181
-0.011115
0.013054
-0.000009
0.002538
-0.003230
-0.001518
0.001457
-0.000025
-0.000598
0.000007
0.006931
-0.017589
0.001275
-0.014311
-0.006362
-0.001012
-0.007040
0.000114
0.000939
0.000009
-0.004785
-0.000629
0.000976
0.004028
0.011758
0.000648
0.006472
0.001233
-0.003841
-0.000150
0.018308
-0.000597
-0.002289
0.006255
-0.006019
-0.002015
0.004822
0.004979
0.000951
-0.013975
-0.001731
0.000242
-0.002504
0.002567
0.007407
0.030252
-0.004092
-0.019521
-0.003595
-0.004230
-0.002158
0.028831
0.000237
0.001285
0.003899
-0.014261
-0.009098
0.000200
0.002702
-0.001383
-0.004493
-0.017924
0.000871
0.005033
0.001403
-0.037905
-0.009050
0.005052
0.000190
-0.016312
-0.000800
-0.003224
0.035501
0.003308
0.001970
-0.001166
-0.002357
-0.000769
0.000580
-0.001278
0.020418
-0.013830
0.007694
-0.000001
0.002850
0.002570
-0.001723
0.005447
0.002203
0.000777
-0.001565
0.006092
0.001061
-0.001923
0.000050
0.000270
0.001659
0.001014
-0.000362
0.004633
0.003709
0.012145
0.007287
-0.001419
-0.015337
0.002150
0.012343
-0.003722
-0.000458
0.000092
-0.003030
-0.009921
-0.003940
0.013466
-0.003024
0.003954
0.004631
0.013435
0.000339
-0.007895
0.000874
0.025725
0.000401
0.009095
0.004343
0.015631
0.019803
0.027831
-0.006130
-0.000288
0.003853
0.001205
0.006961
0.021941
0.003337
-0.014068
0.001225
0.007346
-0.000003
-0.004489
0.002541
-0.000475
-0.005329
0.012613
-0.007005
-0.000004
0.000322
-0.016221
0.012186
-0.000314
0.000449
0.006778
0.026342
0.022624
0.028031
-0.000479
0.006156
0.000174
-0.000472
-0.002291
0.005638
-0.002232
-0.000028
0.000457
-0.006225
0.000260
-0.000767
0.000987
0.002963
0.035737
0.004979
0.007305
-0.000152
0.000852
0.010869
0.004861
-0.000340
-0.003457
0.003412
-0.001286
0.012763
-0.000019
-0.001922
-0.019788
0.001262
0.003712
0.039257
0.012471
-0.003664
-0.011088
-0.002491
0.009693
0.005723
-0.000327
0.024512
0.016825
-0.001201
-0.003983
-0.006717
0.004273
0.008293
-0.003695
0.003805
0.017451
0.005228
0.043901
-0.003708
0.000772
0.006540
0.019713
-0.005828
-0.020335
-0.018662
0.006668
-0.000227
0.001404
-0.001225
0.012592
0.000760
-0.010645
-0.003856
0.011059
-0.001686
0.007333
0.002962
0.003290
0.023888
0.005025
-0.003210
-0.000239
0.001081
0.007231
-0.000563
0.002761
-0.042488
-0.026875
-0.000571
0.002658
-0.000123
-0.016162
-0.000715
0.004929
-0.000027
0.000916
-0.000201
0.006241
0.002009
-0.014814
0.007199
0.022030
0.001084
0.011082
-0.011292
0.002456
0.014031
0.019188
-0.003599
-0.006524
-0.000438
0.004534
0.002821
0.002423
0.002126
0.000405
0.004367
-0.001023
0.011242
-0.039366
-0.002396
-0.001852
0.000507
-0.002137
0.002075
0.002097
0.000119
-0.003013
0.007433
0.001175
0.000271
0.008487
-0.002769
0.001069
-0.001800
0.008307
0.001308
-0.002286
0.000088
-0.002639
-0.008145
0.002071
0.014808
-0.007990
0.005351
0.001069
-0.001974
-0.020418
0.000056
0.002702
0.001556
-0.002874
-0.016469
0.016440
-0.005444
-0.025924
-0.001378
-0.015631
-0.003807
0.010089
0.004338
0.000290
0.004335
0.005365
0.002100
-0.000472
0.000938
0.000984
0.000367
-0.002635
0.001983
0.010012
0.002089
-0.006057
0.002874
0.006670
0.020423
-0.006732
-0.000531
0.002312
-0.033985
0.001872
0.002549
-0.003803
0.006741
-0.013517
-0.000253
-0.004255
0.024428
0.003538
0.000850
0.004301
0.001009
0.004008
0.007526
-0.000769
-0.000444
-0.002025
-0.008233
-0.007844
0.004911
-0.002935
-0.000139
0.000422
-0.004074
-0.001973
0.000269
0.003562
0.003312
0.013875
-0.010643
0.016010
-0.004847
0.000871
0.016692
0.006515
-0.001119
-0.000640
0.002229
0.009821
-0.003816
-0.006312
-0.031777
-0.002240
0.002197
0.013667
-0.000220
-0.004898
0.000112
-0.005755
0.007227
-0.009839
0.011926
-0.015219
0.008200
-0.009216
-0.004097
0.004173
0.015373
-0.000043
-0.000757
-0.002661
-0.006364
0.012335
0.000410
-0.004457
0.001192
0.002399
-0.003553
-0.000160
0.002379
0.004423
-0.024160
0.001015
0.002464
-0.004303
-0.009647
-0.013794
-0.000156
-0.003402
-0.003652
-0.000232
-0.023570
0.003154
-0.009060
-0.001224
-0.001658
-0.002195
-0.004157
-0.000563
-0.000005
0.009655
-0.001401
0.000842
0.000709
-0.000986
0.001680
0.023393
0.001030
0.004851
0.000654
-0.017540
0.003477
0.010672
-0.000190
0.009798
-0.001057
0.000551
0.000344
0.000023
-0.011004
-0.007559
-0.001855
-0.003068
-0.020047
0.001733
-0.004647
-0.023648
-0.002798
-0.009276
-0.005215
0.000750
-0.013636
-0.012620
0.006832
-0.017336
0.001851
-0.011014
-0.006957
-0.000254
0.005079
0.032888
-0.004025
-0.007466
-0.015134
0.001171
0.007336
0.006147
0.009261
0.002941
0.012911
-0.006050
-0.000026
-0.004597
0.003271
-0.006295
0.000246
0.005590
0.002987
0.008522
-0.005372
0.001997
0.002483
-0.002006
-0.016491
0.004309
0.000181
-0.000392
0.006934
0.003913
0.030275
-0.004061
0.000899
0.007920
-0.012296
0.002115
-0.002125
-0.019908
0.000158
-0.007988
-0.000201
-0.006818
-0.000078
-0.003347
-0.001652
0.003068
0.001994
0.002875
-0.000298
-0.017218
-0.004503
0.003116
-0.010087
-0.000555
-0.000257
0.001240
0.000439
-0.001123
0.001382
0.002965
0.004456
-0.000539
0.000186
0.000583
0.024594
-0.057739
-0.002333
-0.011714
-0.002331
-0.000405
0.000453
-0.001458
-0.001582
0.000963
-0.002291
-0.000451
-0.000498
-0.008662
0.003594
-0.002205
0.012239
-0.011206
0.003394
-0.001653
0.002588
0.002777
-0.028250
0.006216
0.002174
0.008631
-0.014447
0.001578
-0.000682
0.000850
-0.002790
0.005864
-0.004184
-0.003481
-0.001884
-0.042662
-0.003006
0.002922
0.005369
-0.032859
0.001714
0.004401
-0.000042
0.001337
-0.005459
-0.002442
-0.012281
0.000255
-0.004897
0.002024
-0.018650
-0.008696
-0.003926
0.006898
-0.005351
0.018141
-0.008342
0.000688
-0.006460
0.015957
-0.000692
-0.002475
0.010735
0.002399
0.006456
0.000605
0.002692
-0.014611
-0.001361
-0.001067
0.023117
-0.001134
0.008825
-0.005565
-0.005678
-0.001224
0.009898
-0.003712
0.002761
0.004532
0.005835
-0.000876
0.005192
-0.002139
-0.000027
0.001183
-0.006456
0.000132
0.000100
0.001389
0.005972
0.016188
0.006675
-0.001237
0.001053
0.002601
-0.005814
0.007082
0.000976
-0.001324
0.010525
0.015691
-0.015797
0.006665
-0.000524
0.000955
-0.009389
0.000960
0.000074
0.002924
0.000318
0.010224
-0.010028
0.001701
-0.003911
-0.024378
-0.004404
-0.001768
0.005083
-0.000071
0.000916
-0.002486
0.004461
-0.006894
-0.004435
0.019764
-0.004639
-0.004311
0.001482
-0.012688
-0.001659
-0.001257
0.006584
-0.005284
0.013109
0.005300
-0.004029
0.026876
0.002386
0.012084
0.002218
0.000346
0.006248
0.001015
0.008718
-0.004225
-0.008800
0.000481
0.000924
-0.001930
0.000393
0.001871
-0.000282
-0.000433
0.001565
-0.000468
-0.020009
0.001575
0.000685
-0.038702
-0.004668
-0.004250
0.000124
-0.002509
0.002204
-0.011395
-0.001382
0.004015
-0.002289
0.000702
0.003445
0.000004
-0.008518
0.019449
-0.000814
0.006197
0.015858
-0.005211
-0.002011
-0.010054
-0.002888
-0.002852
0.011995
-0.000300
-0.013228
0.004779
0.000037
-0.004125
0.004320
0.007767
-0.017655
-0.010832
0.002769
-0.021889
0.014661
-0.039610
0.009951
-0.000223
0.004157
0.000775
0.013998
-0.049967
0.027697
0.002292
0.000058
0.006261
0.001370
-0.003175
-0.005771
-0.002022
-0.003387
-0.008018
-0.003719
0.006225
0.000700
-0.000006
0.031067
-0.002153
0.002145
-0.000778
0.000734
-0.013583
0.001522
-0.000194
-0.002659
-0.006921
-0.012928
0.000173
0.008922
-0.017999
0.000495
-0.010067
0.000775
0.001062
0.000050
0.010335
0.001702
-0.004072
-0.001708
-0.010287
-0.004117
0.012702
-0.002754
0.006166
0.002173
-0.009973
0.012215
-0.008047
0.000111
-0.000078
0.009721
0.001310
-0.004436
-0.000037
-0.006559
-0.001149
0.007874
-0.024072
0.005890
-0.004390
0.003557
0.001271
0.009537
-0.004949
-0.000544
0.002011
0.013567
-0.003209
0.000138
0.023154
-0.003659
-0.002988
0.053971
0.007536
-0.001022
0.006033
0.014775
-0.001013
0.010475
0.001684
-0.006120
0.000254
-0.005867
0.001199
0.002181
0.008667
-0.007059
0.011812
-0.002884
-0.002481
0.014207
-0.006540
0.004918
0.008044
0.002064
-0.008785
-0.001904
0.013524
-0.001906
0.000515
-0.002503
-0.011120
0.011961
0.000615
0.002575
0.002131
-0.013552
0.006712
-0.002584
-0.003629
0.001817
-0.003572
-0.007380
-0.003412
-0.036857
0.003469
-0.001874
0.001692
0.022896
0.000648
-0.012981
-0.003615
-0.003577
-0.009775
-0.000522
0.003891
-0.021673
-0.013282
-0.000515
-0.000011
0.004572
-0.005365
-0.000587
0.006584
0.001252
0.012042
-0.003563
-0.028253
-0.005372
-0.003348
-0.000032
-0.001855
0.022324
-0.000540
0.000088
-0.000612
0.004975
0.003634
0.001795
-0.003366
0.001022
0.001571
-0.001495
0.001975
-0.003828
0.001107
-0.001488
0.002396
0.003476
-0.018239
0.007098
-0.000179
0.000693
-0.007982
0.000148
-0.001035
0.001005
0.018372
-0.009853
-0.007659
0.001069
0.010784
0.000754
-0.008352
0.007093
-0.016128
-0.008736
0.000602
-0.007189
0.005330
-0.010013
0.012253
-0.013817
0.010448
0.000156
0.012370
0.001621
-0.000019
-0.002899
0.001492
0.020058
0.002911
0.002216
-0.027050
0.013299
0.005952
-0.002816
-0.000461
0.000428
-0.007275
-0.012644
-0.001519
-0.000317
0.001082
-0.000943
0.000139
-0.007027
0.000029
-0.000036
0.007338
-0.001138
-0.000326
0.015930
-0.000764
0.000844
0.037492
-0.003649
-0.000534
-0.000312
0.004293
0.006575
-0.001895
0.002607
0.000657
0.000456
-0.000377
0.001270
0.000043
-0.001410
0.000892
-0.000257
-0.008344
-0.023419
-0.003105
0.003823
0.008524
-0.005435
-0.003112
-0.002184
-0.002805
0.010154
0.023532
0.009586
0.006084
0.002878
0.004024
-0.004755
-0.017215
-0.002602
-0.002634
0.006203
0.005025
0.008410
-0.000503
0.002376
0.008096
-0.000436
-0.009349
0.016378
0.002486
-0.000304
-0.010558
-0.000088
0.001931
-0.008852
-0.020399
0.002071
-0.018411
0.002601
-0.002036
-0.007986
-0.006766
0.001335
0.005373
-0.000867
-0.000693
0.005976
0.003843
0.011626
0.009657
-0.009882
-0.004334
0.016483
-0.000360
0.000315
-0.009961
-0.000720
-0.002434
0.000057
0.002071
0.000110
-0.006579
0.001581
0.005311
0.000625
-0.008303
-0.002580
0.001803
0.009299
-0.007120
0.002922
-0.002769
0.032147
0.003886
-0.000419
-0.002564
0.002705
0.000457
-0.023239
0.000013
-0.006170
-0.000842
-0.005028
0.027808
0.004073
-0.019621
0.009541
-0.000737
-0.001078
0.001434
0.001199
0.000429
-0.005732
0.003558
0.000949
-0.001429
-0.016549
0.000103
0.004500
0.001140
-0.001293
0.000595
0.004431
-0.002449
0.019608
0.002752
0.000077
0.003333
-0.001903
0.010431
0.000881
0.002681
0.001131
0.005740
-0.001907
0.001991
0.003403
0.007822
0.003688
0.018475
0.000232
-0.005792
0.001034
0.032049
0.003012
0.000637
0.012198
0.006422
-0.007509
-0.000571
0.003564
-0.004307
-0.001719
-0.014858
0.001403
0.010121
-0.001654
0.003815
0.014671
-0.005784
0.072873
0.009669
0.000930
0.006144
-0.003487
-0.001652
-0.011270
0.000734
0.002909
-0.000655
-0.003676
-0.002737
0.022057
0.008562
0.005551
-0.005894
0.006878
0.000457
0.007862
0.004917
0.000457
-0.012502
-0.006030
0.004648
-0.015576
0.001419
-0.000111
-0.000455
0.013977
0.000611
0.000101
-0.001759
-0.001339
-0.006401
0.001657
-0.005209
-0.023534
0.000144
-0.003966
-0.005130
-0.004417
0.001104
0.006399
0.006758
0.003078
-0.006777
0.005272
0.000727
0.005845
-0.001665
-0.000097
-0.000528
-0.003901
-0.023062
-0.007360
0.007793
-0.009207
-0.029307
0.012129
0.005430
0.005176
0.011885
0.020314
-0.002234
-0.001860
0.023071
-0.003741
0.012353
-0.003186
0.011904
-0.002186
-0.009158
-0.002448
-0.001429
0.000211
-0.004258
0.007659
0.001267
-0.007326
0.004631
-0.004360
-0.012393
-0.000460
0.006264
-0.004899
0.008922
0.040928
0.007854
0.015188
0.001251
-0.002494
-0.002680
0.008687
0.001742
0.000060
-0.003810
0.003116
-0.000468
-0.002677
0.000128
0.002686
-0.004718
0.002111
-0.000651
-0.000266
-0.001113
0.002016
-0.011862
-0.003456
0.006650
-0.012434
0.001082
0.007536
0.000023
-0.005878
0.011933
0.000535
0.006426
-0.013859
0.018012
0.002126
-0.017974
-0.004640
0.003431
0.009166
0.000008
-0.000258
0.001111
-0.003199
-0.001159
-0.000204
0.012357
0.012790
-0.005544
0.002205
0.008680
0.003382
0.020220
-0.008744
0.000360
-0.001724
0.009257
-0.008420
-0.025198
-0.011912
0.002429
-0.000340
-0.009507
0.002915
0.007088
-0.003485
0.013332
-0.003055
-0.000874
-0.000859
0.006158
0.010701
0.002486
0.021391
0.004068
-0.003114
0.000925
0.005972
0.003716
-0.014957
-0.004832
0.014594
-0.008232
0.004230
0.000226
-0.005878
-0.003795
-0.001086
-0.005674
-0.000255
0.034247
0.000109
-0.006510
0.000964
-0.003323
-0.002089
0.002822
0.002556
0.013744
-0.006639
-0.000596
-0.007144
0.001968
-0.003755
0.017208
-0.000053
0.003502
-0.010920
-0.000586
0.002532
-0.000887
0.007647
-0.000946
0.013161
0.005397
0.010176
-0.004983
-0.014329
-0.001667
-0.000928
0.000851
-0.000233
0.000849
0.002360
0.000302
-0.000172
0.017020
-0.005792
0.001135
-0.016915
0.004236
0.004207
0.000326
-0.004468
0.001573
0.031944
-0.006690
-0.010996
0.008100
0.002494
0.003636
0.003206
-0.018797
-0.004528
0.006295
0.001925
0.000649
0.023734
0.011753
-0.005811
-0.007034
-0.001758
-0.002491
0.001796
-0.040885
0.004606
-0.001632
0.001171
-0.002154
-0.001676
-0.000063
0.000356
0.003332
0.002597
-0.026970
0.001958
-0.006167
-0.003811
-0.005317
0.014370
0.001320
-0.002611
0.006358
-0.001097
-0.001192
0.003043
-0.003269
0.014013
-0.000684
0.004584
0.022181
0.002109
0.002434
-0.016425
-0.003987
0.006302
0.000632
-0.007188
0.007003
0.005768
0.000317
0.000847
-0.003130
-0.010131
0.006076
-0.016999
-0.000296
-0.000051
0.003438
0.009950
0.002484
0.000261
-0.003406
0.000186
0.004052
0.006314
0.001592
0.002117
0.005272
0.000675
-0.007315
0.003826
-0.001083
-0.001220
0.009270
-0.005784
-0.001855
0.002104
0.001955
-0.010465
-0.018259
-0.000693
-0.000534
0.000517
-0.017575
0.010908
-0.003964
0.012597
0.023481
0.002474
0.002347
-0.004045
0.024056
0.009351
0.002315
-0.006102
-0.029552
-0.001175
0.001625
0.001295
-0.016645
0.004169
0.005646
0.001720
-0.000878
0.001858
0.015554
0.023714
0.000095
-0.000482
0.009080
-0.014491
-0.005615
-0.003650
0.000225
-0.005896
-0.002873
0.005347
-0.010375
-0.003437
-0.001114
-0.003162
-0.001508
0.003980
0.001554
0.000121
-0.006414
-0.004583
-0.000470
-0.002497
0.000356
0.001899
0.042533
0.002107
-0.003176
-0.000021
0.011683
0.003350
0.003035
-0.001024
-0.001661
0.011006
0.000538
-0.004343
0.000002
0.003564
0.038481
-0.000250
0.000355
0.000244
-0.006153
-0.000348
-0.002598
-0.007842
-0.013128
-0.013595
0.003087
0.008584
0.004367
-0.002932
0.017228
-0.000939
0.009523
0.003839
0.006406
-0.004025
0.001496
0.000139
0.007503
-0.011273
-0.001682
-0.003859
-0.015743
0.007764
0.026139
-0.002738
0.003070
-0.000199
0.000657
0.004912
-0.011281
-0.011964
-0.016317
-0.001700
0.023383
-0.001951
0.011940
-0.007968
0.000078
0.019693
0.002917
-0.008330
-0.000287
-0.009049
0.028353
0.009579
-0.004632
-0.001284
0.003606
-0.011488
-0.000148
-0.007094
0.007052
-0.000321
-0.004601
0.000042
0.021997
0.000022
-0.003738
0.003036
-0.008230
0.004020
0.011364
-0.004036
-0.021949
-0.004438
0.008125
-0.014021
0.013939
-0.003489
0.004173
0.000256
0.000465
-0.000204
-0.000605
0.000644
-0.000624
-0.005196
-0.001140
0.013716
-0.027230
0.006060
-0.002660
0.006710
0.002584
0.000014
0.000703
-0.000339
0.002767
0.019810
0.000590
-0.000013
-0.004747
-0.011625
-0.001154
0.002407
-0.007547
0.009928
0.001564
-0.023369
0.002453
0.016213
-0.007630
0.001826
-0.006926
-0.000307
-0.005463
-0.002058
0.038065
-0.001812
-0.002664
-0.001840
-0.003261
-0.006321
-0.003293
0.002612
-0.008042
0.002482
-0.034414
0.001154
0.010497
0.001707
-0.000683
-0.000499
-0.002841
0.000169
0.000508
-0.002150
-0.006754
-0.014093
-0.001419
0.001520
-0.005092
-0.000144
0.010210
0.011892
0.003344
-0.023649
0.007484
0.002084
0.000946
-0.024528
0.003329
0.022956
-0.000780
0.004245
-0.003026
-0.000681
0.002596
-0.015121
-0.009543
0.004371
0.004797
0.010853
0.014671
-0.004810
-0.003550
0.000792
0.006584
0.002574
0.003736
0.008351
-0.001626
0.000328
-0.000846
-0.011215
0.001043
0.000258
-0.003869
0.016978
0.006257
0.006436
0.025939
-0.001757
-0.000340
-0.005033
0.005653
-0.002782
0.000926
0.000155
-0.004019
0.011030
0.002042
-0.011091
-0.000830
0.004598
0.003723
-0.000337
-0.001277
0.001635
0.014966
-0.001523
0.003052
-0.003668
-0.002718
0.006698
0.008178
-0.010822
-0.009411
0.007474
-0.002129
-0.012059
0.005756
0.000651
0.003061
-0.002288
0.001598
-0.000937
0.004111
0.003081
0.000524
0.004606
0.002472
-0.033396
0.000848
-0.002379
0.002002
-0.006683
-0.005040
0.002958
-0.004445
-0.005614
-0.025533
-0.002957
-0.009354
0.007942
0.000091
0.000172
-0.003152
0.007723
0.001198
0.000113
0.004439
-0.000912
0.000270
-0.023457
0.000257
0.002656
0.016406
0.004975
-0.010261
0.000085
0.009506
0.014292
-0.018650
-0.000742
0.005759
-0.003438
-0.002132
-0.001995
-0.000011
-0.003838
0.028996
-0.000226
-0.001168
0.000999
-0.007269
0.001866
0.000026
-0.008613
-0.000234
0.004402
-0.002211
0.003389
-0.009609
0.001699
0.025857
0.001724
-0.013831
0.004288
-0.014743
-0.004749
0.002040
0.002608
0.029595
0.037639
0.005961
-0.007772
0.011138
0.004126
-0.024450
-0.014217
0.000168
0.000046
-0.000236
0.000620
-0.006407
0.003706
0.000578
0.005419
0.005378
-0.000693
0.002488
0.018209
-0.001939
0.005772
-0.003127
0.000437
-0.001299
-0.005245
-0.009041
0.015157
-0.002635
-0.000848
0.025940
-0.009538
-0.004700
-0.000568
-0.011175
-0.000379
0.000196
0.000532
-0.008316
0.000033
-0.000610
-0.001631
-0.010138
-0.002572
-0.009415
-0.000823
0.015592
0.005400
-0.002460
-0.020615
-0.019487
-0.003924
0.016654
0.000226
0.007649
0.007618
-0.002088
0.003713
0.001446
0.005347
0.000687
0.001815
0.002619
0.007107
-0.019906
0.008768
-0.000553
0.001638
-0.003580
0.001453
-0.000096
0.004249
0.000700
0.000730
0.005938
-0.000029
-0.003159
-0.004236
0.001609
-0.004405
0.002517
0.000868
-0.004314
-0.003724
0.004703
0.005558
-0.007917
0.019596
0.015627
-0.000921
-0.011579
-0.002674
-0.002149
-0.002140
0.000113
0.000674
-0.019083
0.006050
0.003425
-0.000375
0.000955
-0.007377
-0.011442
0.002876
-0.001444
0.003842
0.008116
-0.002422
-0.000126
-0.000163
-0.001710
-0.006242
0.019739
0.001026
-0.012443
0.002161
0.010257
-0.003153
0.007339
0.001101
0.006598
0.000958
0.000173
-0.073050
-0.000052
0.018491
-0.000360
-0.009108
-0.009058
0.000062
-0.005316
-0.009177
-0.002311
0.000457
0.004809
-0.009916
0.007303
0.009709
0.000614
-0.002570
0.009237
-0.000378
-0.003608
0.006737
0.002511
-0.000040
-0.001317
-0.012567
0.000392
0.000324
-0.000011
0.007326
0.002037
0.009197
-0.004012
-0.015209
0.014286
0.013059
-0.004076
0.005801
0.000061
0.002568
0.008123
0.011008
0.002946
0.000737
-0.000109
-0.002831
0.017357
0.000004
0.001503
0.001870
-0.013956
-0.006264
0.013849
-0.000226
0.002641
-0.004655
0.006310
-0.008848
-0.009282
-0.003707
0.000642
0.000779
-0.003584
-0.004891
0.009020
0.001073
0.000209
-0.000649
-0.005628
0.001126
0.000588
0.001250
-0.013437
-0.002429
0.000326
-0.000878
-0.008865
0.007892
-0.001690
-0.004965
-0.012053
-0.013816
0.010653
-0.002272
0.016984
0.001188
-0.000014
0.001401
-0.001244
0.009724
0.000674
0.000110
0.000595
-0.004760
0.000738
-0.018397
-0.000438
0.001983
0.035626
0.002795
0.003155
-0.000226
0.016074
0.001093
-0.033686
-0.003106
-0.003365
0.007702
-0.000240
0.003864
0.000015
0.006892
0.015494
0.000465
0.004329
-0.002237
-0.004830
0.000651
-0.011873
0.001203
-0.013213
0.014203
-0.002591
-0.015720
0.018304
0.001599
-0.003844
-0.006743
-0.017242
0.006188
-0.012186
0.004903
-0.008945
-0.002773
-0.012601
0.003499
0.002753
0.003112
-0.018428
0.007865
-0.013937
-0.023934
0.006095
0.000136
-0.005972
0.000017
0.005879
0.003313
-0.024930
-0.001140
-0.016266
0.001092
-0.008335
-0.006841
-0.000111
-0.004255
0.001558
-0.005632
0.000798
0.002342
0.013107
-0.004394
0.010531
0.000606
-0.023578
0.002895
-0.000508
-0.003859
-0.001184
-0.000529
0.017306
0.000243
-0.005329
0.000120
-0.007797
-0.003974
-0.004936
-0.003266
-0.011082
0.001041
-0.002039
0.014351
-0.006380
-0.002581
0.004068
-0.006762
0.003891
-0.000297
0.004881
0.009042
0.000403
0.005832
-0.000529
0.005477
0.001091
-0.001743
0.024846
-0.002811
0.001685
0.006832
-0.000532
-0.003228
-0.000085
0.001241
0.002935
0.003273
0.005996
-0.002597
0.022036
-0.017843
-0.000887
-0.009907
0.012457
0.002619
-0.001060
0.002230
0.005897
0.015332
0.005357
0.011807
-0.001395
-0.020962
-0.016806
0.001969
0.011050
-0.000267
0.000894
-0.002451
0.002877
-0.021862
0.000140
0.005304
0.004749
-0.001346
-0.000844
-0.002720
0.005557
0.001520
0.001425
-0.001129
0.010350
0.005124
-0.000063
0.001891
0.004114
0.008996
-0.004430
0.000795
-0.014772
0.001922
-0.019610
0.003634
-0.002328
0.022815
-0.000139
0.001968
-0.000195
0.003850
0.000198
-0.020517
-0.001687
0.004082
0.004443
-0.001833
0.001166
-0.012026
0.010960
-0.011678
-0.007109
-0.005663
0.011664
-0.002225
-0.000620
0.001095
0.016522
0.010482
0.007362
0.004942
0.001710
0.000053
0.000143
-0.005730
-0.002967
-0.000268
0.001665
-0.008881
-0.005814
0.006761
0.002092
-0.017731
-0.000392
-0.018460
-0.009073
-0.001282
-0.000110
0.004785
-0.012784
-0.011896
0.003732
-0.002192
0.000049
-0.007681
-0.003303
0.000801
0.003318
-0.003562
-0.006368
0.004638
-0.003732
0.001814
-0.002819
-0.004845
0.005481
0.006471
0.003754
-0.008204
0.001205
-0.001746
0.003767
-0.003094
0.011301
-0.001471
0.005699
-0.003735
-0.011449
0.001901
-0.002012
-0.003319
-0.002577
-0.018469
0.000407
-0.006379
0.006753
-0.003199
-0.002107
-0.001200
0.002862
-0.005004
0.007644
0.005189
0.006105
0.016619
0.000038
0.000827
0.003437
0.002347
0.003843
0.000066
-0.003074
0.001736
0.000184
0.001482
0.000013
-0.000287
0.029963
-0.014078
0.005391
0.000155
-0.001972
0.001162
-0.013999
0.002675
0.005492
0.008858
-0.001196
-0.001995
-0.000011
-0.003838
0.028996
-0.000226
-0.001168
0.000999
-0.007269
0.001866
0.000026
-0.008613
-0.000234
0.004402
-0.002211
0.003389
-0.009609
0.001699
0.025857
0.001724
-0.013831
0.004288
-0.014743
-0.004749
0.002040
0.002608
0.029595
0.037639
0.005961
-0.007772
0.011138
0.004126
-0.024450
-0.014217
0.000168
0.000046
-0.000236
0.000620
-0.006407
0.003706
0.000578
0.005419
0.005378
-0.000693
0.002488
0.018209
-0.001939
0.005772
-0.003127
0.000437
-0.001299
-0.005245
-0.009041
0.015157
-0.002635
-0.000848
0.025940
-0.009538
-0.004700
-0.000568
-0.011175
-0.000379
0.000196
0.000532
-0.008316
0.000033
-0.000610
-0.001631
-0.010138
-0.002572
-0.009415
-0.000823
0.015592
0.005400
-0.002460
-0.020615
-0.019487
-0.003924
0.016654
0.000226
0.007649
0.007618
-0.002088
0.003713
0.001446
0.005347
0.000687
0.001815
0.002619
0.007107
-0.019906
0.008768
-0.000553
0.001638
-0.003580
0.001453
-0.000096
0.004249
0.000700
0.000730
0.005938
-0.000029
-0.003159
-0.004236
0.001609
-0.004405
0.002517
0.000868
-0.004314
-0.003724
0.004703
0.005558
-0.007917
0.019596
0.015627
-0.000921
-0.011579
-0.002674
-0.002149
-0.002140
0.000113
0.000674
-0.019083
0.006050
0.003425
-0.000375
0.000955
-0.007377
-0.011442
0.002876
-0.001444
0.003842
0.008116
-0.002422
-0.000126
-0.000163
-0.001710
-0.006242
0.019739
0.001026
-0.012443
0.002161
0.010257
-0.003153
0.007339
0.001101
0.006598
0.000958
0.000173
-0.073050
-0.000052
0.018491
-0.000360
-0.009108
-0.009058
0.000062
-0.005316
-0.009177
-0.002311
0.000457
0.004809
-0.009916
0.007303
0.009709
0.000614
-0.002570
0.009237
-0.000378
-0.003608
0.006737
0.002511
-0.000040
-0.001317
-0.012567
0.000392
0.000324
-0.000011
0.007326
0.002037
0.009197
-0.004012
-0.015209
0.014286
0.013059
-0.004076
0.005801
0.000061
0.002568
0.008123
0.011008
0.002946
0.000737
-0.000109
-0.002831
0.017357
0.000004
0.001503
0.001870
-0.013956
-0.006264
0.013849
-0.000226
0.002641
-0.004655
0.006310
-0.008848
-0.009282
-0.003707
0.000642
0.000779
-0.003584
-0.004891
0.009020
0.001073
0.000209
-0.000649
-0.005628
0.001126
0.000588
0.001250
-0.013437
-0.002429
0.000326
-0.000878
-0.008865
0.007892
-0.001690
-0.004965
-0.012053
-0.013816
0.010653
-0.002272
0.016984
0.001188
-0.000014
0.001401
-0.001244
0.009724
0.000674
0.000110
0.000595
-0.004760
0.000738
-0.018397
-0.000438
0.001983
0.035626
0.002795
0.003155
-0.000226
0.016074
0.001093
-0.033686
-0.003106
-0.003365
0.007702
-0.000240
-0.001277
-0.000022
0.015453
0.009136
0.000759
-0.004613
-0.000454
-0.010988
0.001553
0.000244
0.001452
0.016614
-0.007235
0.002176
0.011134
0.007650
-0.001243
-0.014348
-0.005958
-0.017511
0.007770
-0.012674
0.004148
0.009826
0.001345
0.010728
-0.014978
0.002051
-0.002161
-0.012920
0.013441
-0.013822
-0.021894
0.001163
-0.000156
-0.001636
0.001321
-0.001449
0.013110
-0.009663
-0.018905
-0.004210
0.001039
-0.000349
0.003503
0.000296
-0.027337
0.008106
0.000307
0.000057
0.006313
0.010558
-0.013615
-0.003055
0.009878
-0.014909
0.008678
0.000224
0.001891
0.002935
0.000044
0.011740
-0.000353
-0.007316
0.000154
0.010083
-0.001894
0.013275
-0.005582
-0.008772
0.002624
-0.021271
0.004711
-0.000819
0.014307
0.003701
-0.006507
-0.007503
0.000104
-0.002747
0.013141
0.001372
-0.004122
-0.001138
-0.002089
0.000134
0.010067
-0.008561
-0.002555
0.008363
0.010985
0.000166
0.004191
0.001562
-0.000747
0.001664
0.004070
-0.004999
-0.000163
-0.002727
-0.001681
0.001400
0.005719
-0.010988
0.001827
0.002645
0.004563
0.004637
-0.024931
-0.000457
-0.000679
-0.001122
-0.017944
-0.019855
-0.001264
0.002928
0.001622
-0.001967
0.001901
-0.008688
0.009260
-0.005180
0.004859
0.005175
-0.005425
0.012319
-0.002183
0.013489
-0.000785
0.000678
-0.007545
-0.003373
-0.010323
-0.000250
-0.002037
0.001927
0.007076
-0.021830
-0.002161
-0.003860
0.005624
0.011781
-0.006980
0.004249
-0.009515
-0.000422
-0.003147
-0.005047
0.019946
0.004986
-0.002685
0.002055
-0.001162
-0.003367
-0.002021
0.001981
-0.001373
0.009184
-0.000243
-0.006667
0.007158
-0.008172
-0.008253
-0.000619
0.001951
0.000605
0.008250
0.014891
0.019192
0.002519
-0.000127
0.001715
0.006232
-0.001294
0.000434
-0.000246
0.003853
0.005000
-0.016554
-0.015601
0.004892
-0.001678
-0.002695
-0.005140
-0.006356
-0.000647
0.002443
-0.021786
0.015433
-0.017825
0.011608
0.000109
0.006549
0.012873
0.001064
0.000754
0.001297
-0.007371
0.002296
-0.002221
0.002091
0.001411
-0.000087
0.012076
-0.010775
0.000209
-0.017973
0.003062
-0.001712
-0.012762
-0.013715
0.008141
-0.007513
-0.004015
-0.000559
-0.006340
-0.000425
-0.000119
0.000190
0.009268
0.009638
-0.000588
-0.000059
0.004544
-0.004588
-0.023049
-0.000214
-0.002267
0.003104
-0.009328
-0.017040
0.001683
-0.017057
-0.001315
-0.000553
-0.007491
-0.017856
0.001020
0.000276
-0.004952
0.008570
0.001309
-0.004420
-0.000783
-0.003624
0.016569
-0.003575
-0.008221
0.000150
0.011040
0.009815
-0.006436
-0.001611
-0.005115
-0.000002
-0.000004
-0.002744
-0.000023
-0.006993
0.008633
0.000667
0.000370
0.028888
-0.002195
-0.000068
0.016131
-0.004101
-0.009059
0.009475
-0.000638
-0.006050
0.028800
0.004789
-0.006164
-0.000623
-0.009423
0.002628
-0.014290
0.003802
0.010731
0.008947
0.008791
-0.003557
0.002452
0.009661
0.021810
0.003855
0.020945
-0.014376
-0.000502
0.000330
0.002426
-0.000968
0.003857
0.002654
-0.007111
0.010584
-0.004249
-0.000704
-0.013894
-0.000156
-0.004872
-0.001963
-0.002500
0.002644
0.000177
0.001094
-0.000203
-0.024314
0.009961
-0.007885
-0.006819
-0.001043
-0.003351
0.001276
-0.007529
-0.001259
0.005759
0.000145
0.011952
0.000111
0.013440
-0.000831
-0.009342
0.004927
0.007018
0.006669
0.007002
0.011626
-0.016009
0.005814
0.016343
0.007948
-0.009957
0.000078
0.001810
0.004226
0.000015
0.003544
-0.000411
0.006474
-0.000068
-0.007532
-0.027749
0.001012
-0.009766
0.009104
0.002373
0.003061
0.001962
0.001280
-0.000491
0.013828
0.000685
0.001502
0.009559
-0.001636
-0.002837
0.006504
-0.002654
-0.005833
0.002110
-0.002041
0.000534
0.004266
-0.002166
0.000152
0.013283
-0.007728
-0.007418
0.000712
-0.017121
0.007076
-0.004882
0.005356
0.000758
0.025584
0.008954
0.004057
0.001493
0.003127
0.008859
0.000174
0.020528
-0.004847
0.000506
-0.003938
-0.004073
-0.005594
0.000047
-0.000286
0.002861
0.004503
-0.024023
0.000374
0.002453
0.005622
0.007489
0.002042
-0.005567
0.000270
-0.003468
-0.004821
0.002715
0.040991
-0.005774
-0.013115
-0.001379
0.000377
-0.023989
0.001443
0.000485
-0.005732
0.000446
0.000017
-0.005057
0.006354
-0.003851
0.008826
0.005744
0.001731
-0.016894
0.010930
-0.004541
-0.000624
0.002392
0.000263
0.000330
-0.018781
-0.000339
0.000138
-0.001095
-0.001116
0.003382
0.002690
0.022735
-0.012641
-0.000073
0.001204
-0.013015
-0.002005
-0.002660
-0.010647
-0.005072
0.024095
0.008546
0.003344
-0.000147
-0.001002
-0.004559
0.000758
-0.004834
0.001003
-0.003879
-0.003342
-0.013648
-0.001515
0.005924
0.002418
-0.006375
-0.004554
-0.013690
-0.007315
-0.001408
0.001814
0.011339
-0.004720
0.008786
-0.000285
0.000860
0.002024
-0.006791
0.001374
0.001129
0.004487
0.000722
0.035697
0.003449
-0.001852
0.010923
-0.002810
-0.004594
0.003552
-0.001916
-0.008227
0.006896
-0.009840
0.001243
0.006403
0.001463
-0.001754
0.003209
-0.005099
0.000922
0.000291
-0.014873
0.004647
0.000556
0.014217
0.001664
0.000574
0.023069
0.007124
0.000640
-0.000270
-0.001630
-0.007780
0.016010
-0.003033
0.003350
0.003878
0.000373
-0.004527
0.000021
0.008257
0.031484
-0.000901
-0.001661
0.039573
0.000368
0.000893
0.011172
0.009229
-0.010802
-0.003270
-0.005518
-0.015127
0.018880
0.004056
0.000839
0.005061
-0.019281
-0.008551
-0.000945
-0.002324
-0.011769
-0.010499
-0.030441
0.041272
0.002527
0.003717
0.012503
0.003284
-0.013408
0.021113
-0.008640
0.000010
0.003596
0.002089
-0.013398
0.000461
-0.010580
0.014351
0.003186
-0.001199
0.018001
0.008137
0.002574
0.009264
-0.000187
0.000457
-0.000448
-0.000345
-0.028743
-0.003260
-0.002972
0.013678
-0.010275
-0.006073
0.001159
0.008851
0.001470
-0.001228
0.005274
0.000148
0.012269
-0.000004
-0.008071
-0.001542
0.004340
-0.004581
0.003624
-0.006102
-0.008379
-0.001140
-0.006090
0.011801
0.007935
0.030002
0.000133
0.000009
0.001338
0.003626
-0.000303
0.014547
0.000486
0.002301
0.001132
-0.006045
-0.033381
-0.007201
0.007443
-0.002655
-0.005837
-0.000661
0.002689
0.000523
-0.000401
-0.019834
0.002127
-0.000646
-0.005170
0.009982
0.003672
-0.016061
0.000701
0.005369
0.000118
-0.005934
0.003396
0.017631
0.005980
0.006505
-0.008831
0.001129
-0.000832
0.000895
0.017007
0.000081
0.002431
0.000158
0.003826
0.033284
0.014989
-0.008067
-0.004358
-0.000027
0.031960
0.003273
-0.004098
0.004317
-0.000188
0.001609
0.004580
0.004888
0.000269
0.005925
-0.002540
-0.012041
0.001444
0.000689
0.002511
-0.000696
-0.006995
-0.012718
-0.014006
-0.035496
0.005783
-0.002931
-0.003005
0.031830
-0.002178
-0.001564
-0.000745
-0.000027
-0.012520
-0.000354
-0.001510
-0.037019
0.008630
-0.013689
-0.003337
-0.000534
-0.003061
0.005516
-0.003385
-0.003036
-0.003063
0.001864
0.010587
-0.019199
-0.002406
0.000230
-0.000225
-0.001747
0.001360
-0.000034
0.002119
0.009630
0.007353
-0.002157
0.002457
0.015410
-0.008339
0.006727
0.004076
0.003918
0.001308
0.004504
0.002364
0.003746
-0.006800
-0.004679
-0.000773
-0.011859
0.007931
-0.000198
0.000369
-0.004984
0.006514
0.007327
-0.005516
0.006127
-0.023546
-0.009622
-0.003643
0.007138
0.004321
-0.002044
0.002482
0.008211
-0.017224
0.006959
0.011928
-0.002817
0.001338
0.002531
-0.002662
0.000150
-0.000028
-0.002068
0.005329
-0.023713
-0.001876
-0.000738
0.001088
0.007458
-0.001476
0.002399
-0.001418
0.001383
-0.001665
-0.044205
-0.000883
0.002007
0.000680
0.000958
-0.000160
-0.014719
0.000407
-0.000117
-0.003978
-0.000496
-0.000784
-0.010086
0.001115
0.001773
-0.020138
0.001978
0.000670
0.000002
0.002573
-0.009356
-0.021564
0.003794
-0.001673
-0.000693
0.002263
0.006351
0.000001
-0.004145
0.006634
0.000409
0.003161
0.018394
-0.010014
-0.003203
-0.016514
0.004528
-0.013729
-0.006166
-0.003850
-0.016738
-0.025787
0.000976
0.002418
-0.006123
-0.017877
0.009137
0.004652
0.001356
-0.004110
-0.007640
0.031430
-0.009887
0.001161
-0.004126
0.016517
0.002126
0.009219
0.010597
0.005020
0.000101
-0.018215
0.001050
0.001042
0.000453
0.025149
-0.002812
-0.007328
0.000232
0.008723
-0.009962
-0.002920
0.031216
-0.004984
0.003843
-0.000287
-0.005549
0.004222
0.006288
-0.008185
0.012297
-0.004319
-0.005661
0.003079
-0.001573
-0.003390
-0.001164
-0.003742
-0.000338
0.004086
-0.000212
-0.007423
-0.001641
0.025782
-0.001923
0.002018
-0.003307
-0.021732
-0.005792
0.000348
0.001304
-0.022218
0.000038
-0.001181
-0.000183
-0.003026
-0.000370
-0.002931
-0.015219
0.001475
-0.002022
0.000750
-0.000940
-0.019915
0.007469
0.004071
0.016214
0.001878
0.011105
-0.003131
0.000072
-0.003758
0.009299
0.002118
0.000656
-0.006410
0.008077
-0.002130
0.013118
0.002584
-0.000507
0.003870
0.019423
-0.005659
0.023952
-0.006436
-0.004530
0.003214
0.003052
0.012646
0.002046
0.012872
-0.005955
-0.006352
0.002978
-0.000971
-0.044975
-0.011233
0.005625
0.010740
-0.002802
0.005593
-0.001305
0.018850
-0.000176
0.001391
0.000806
0.000660
0.001067
0.000531
0.002227
-0.002184
0.016319
0.022747
-0.000106
0.000050
-0.000344
-0.006179
-0.000778
0.013396
-0.010243
-0.004768
0.000884
-0.003890
0.000024
0.002465
0.007212
0.001846
-0.001176
0.002260
0.000783
0.004137
0.011030
0.005128
-0.005331
0.003842
-0.000981
0.004263
0.003569
0.000021
0.000091
0.003694
-0.006911
-0.011564
0.007691
-0.001689
-0.000353
0.000318
0.024909
0.000202
-0.000478
-0.002357
-0.002290
-0.011354
0.007006
-0.012781
-0.011176
0.001632
0.002823
0.007558
-0.004711
0.000129
0.014776
0.004382
-0.009100
-0.002953
-0.004658
0.000043
-0.002233
0.002951
-0.000084
-0.003777
-0.000025
0.009584
-0.001162
0.000367
-0.009396
-0.001492
0.006675
-0.010716
-0.006576
-0.016029
0.007199
0.003615
0.003211
-0.007659
0.010876
0.008331
-0.004478
0.010748
0.002011
-0.005230
0.001133
0.001335
-0.001332
0.005289
-0.010235
-0.002262
-0.004899
0.010244
-0.003719
-0.007787
-0.005768
-0.002494
-0.002386
-0.000457
-0.005555
-0.002794
0.016618
0.001697
-0.000782
0.004733
-0.002653
0.005213
-0.000195
-0.012207
0.004786
0.000088
0.002988
0.001363
0.001957
0.001312
0.003844
-0.003812
0.000012
0.006279
0.002559
-0.016739
0.002951
-0.009746
-0.012058
-0.000456
0.003445
0.000004
-0.008518
0.019449
-0.000814
0.006197
0.015858
-0.005211
-0.002011
-0.010054
-0.002888
-0.002852
0.011995
-0.000300
-0.013228
0.004779
0.000037
-0.004125
0.004320
0.007767
-0.017655
-0.010832
0.002769
-0.021889
0.014661
-0.039610
0.009951
-0.000223
0.004157
0.000775
0.013998
-0.049967
0.027697
0.002292
0.000058
0.006261
0.001370
-0.003175
-0.005771
-0.002022
-0.003387
-0.008018
-0.003719
0.006225
0.000700
-0.000006
0.031067
-0.002153
0.002145
-0.000778
0.000734
-0.013583
0.001522
-0.000194
-0.002659
-0.006921
-0.012928
0.000173
0.008922
-0.017999
0.000495
-0.010067
0.000775
0.001062
0.000050
0.010335
0.001702
-0.004072
-0.001708
-0.010287
-0.004117
0.012702
-0.002754
0.006166
0.002173
-0.009973
0.012215
-0.008047
0.000111
-0.000078
0.009721
0.001310
-0.004436
-0.000037
-0.006559
-0.001149
0.007874
-0.024072
0.005890
-0.004390
0.003557
0.001271
0.009537
-0.004949
-0.000544
0.002011
0.013567
-0.003209
0.000138
0.023154
-0.003659
-0.002988
0.053971
0.007536
-0.001022
0.006033
0.014775
-0.001013
0.010475
0.001684
-0.006120
0.000254
-0.005867
0.001199
0.002181
0.008667
-0.007059
0.011812
-0.002884
-0.002481
0.014207
-0.006540
0.004918
0.008044
0.002064
-0.008785
-0.001904
0.013524
-0.001906
0.000515
-0.002503
-0.011120
0.011961
0.000615
0.002575
0.002131
-0.013552
0.006712
-0.002584
-0.003629
0.001817
-0.003572
-0.007380
-0.003412
-0.036857
0.003469
-0.001874
0.001692
0.022896
0.000648
-0.012981
-0.003615
-0.003577
-0.009775
-0.000522
0.003891
-0.021673
-0.013282
-0.000515
-0.000011
0.004572
-0.005365
-0.000587
0.006584
0.001252
0.012042
-0.003563
-0.028253
-0.005372
-0.003348
-0.000032
-0.001855
0.022324
-0.000540
0.000088
-0.000612
0.004975
0.003634
0.001795
-0.003366
0.001022
0.001571
-0.001495
0.001975
-0.003828
0.001107
-0.001488
0.002396
0.003476
-0.018239
0.007098
-0.000179
0.000693
-0.007982
0.000148
-0.001035
0.001005
0.018372
-0.009853
-0.007659
0.001069
0.010784
0.000754
-0.008352
0.007093
-0.016128
-0.008736
0.000602
-0.007189
0.005330
-0.010013
0.012253
-0.013817
0.010448
0.000156
0.012370
0.001621
-0.000019
-0.002899
0.001492
0.020058
0.002911
0.002216
-0.027050
0.013299
0.005952
-0.002816
-0.000461
0.000428
-0.007275
-0.012644
-0.001519
-0.000317
0.001082
-0.000943
0.000139
-0.007027
0.000029
-0.000036
0.007338
-0.001138
-0.000326
0.015930
-0.000764
0.000844
0.037492
-0.003649
-0.000534
-0.000312
0.004293
0.006575
-0.001895
0.002607
0.000657
0.000456
-0.000377
0.001868
-0.000005
0.007744
-0.008492
-0.000292
-0.004625
0.040636
-0.002423
-0.000446
-0.001670
-0.002229
0.014938
0.004625
-0.000728
-0.006391
-0.011950
-0.004146
0.001058
0.007203
-0.012304
0.015626
0.008035
0.002373
-0.021554
0.009341
0.007365
-0.022475
-0.002937
-0.009172
0.006405
0.002864
0.014195
-0.002192
0.001372
-0.000095
-0.000966
-0.001683
-0.004985
0.003435
-0.022045
0.002129
0.006655
-0.000604
0.006225
0.009134
0.001167
-0.012079
0.003941
0.000874
0.000106
-0.009752
-0.000526
-0.007700
0.011622
-0.003073
-0.001396
-0.002432
0.005481
0.003292
-0.009093
-0.000508
0.005720
-0.000266
0.029126
0.000065
0.002102
-0.000850
-0.011616
0.006593
0.000501
-0.001246
-0.000929
0.004134
0.005601
-0.013869
-0.011390
-0.002407
-0.003327
-0.000046
0.000882
0.007716
-0.003503
0.007100
-0.000241
0.005812
-0.000226
-0.007919
0.002820
0.002626
-0.011808
-0.004314
-0.002112
0.003568
0.006627
-0.000368
0.001360
-0.008337
0.000871
-0.000351
0.010790
0.012579
0.001705
0.003092
0.007069
0.003972
-0.001948
-0.006316
0.007690
-0.026500
0.001651
-0.000501
0.006158
0.012405
-0.004592
-0.002010
-0.006747
0.000324
-0.007208
0.004385
-0.003723
0.011241
-0.041667
-0.005012
-0.006394
0.005296
0.027820
0.007151
-0.009783
0.000878
-0.000233
0.001853
-0.001186
0.003050
0.000035
-0.003296
-0.000679
-0.014455
-0.024230
-0.002370
0.015092
0.000392
-0.009231
-0.007150
0.007365
-0.008487
-0.003584
0.002021
0.007777
0.033773
-0.002567
-0.004050
-0.002299
-0.006975
0.018113
0.000206
0.001080
0.030868
-0.012724
-0.001776
0.003764
0.010204
0.012047
-0.005078
0.000618
0.001118
-0.002846
0.006000
-0.012907
0.005242
-0.001687
-0.000154
-0.002065
-0.004943
0.001158
0.000354
0.000741
-0.004805
0.003745
0.012576
-0.004998
0.009474
-0.004296
0.001130
0.009708
-0.001050
0.000906
-0.001652
-0.000810
-0.012913
0.005943
0.000412
0.000326
-0.000649
0.007457
0.000139
0.002512
-0.002778
0.003658
0.026903
-0.014345
-0.008286
0.002331
0.008433
-0.008971
-0.007446
0.015460
-0.002839
-0.005901
0.000373
0.022325
0.006179
-0.001598
0.003674
0.016834
0.005130
-0.009428
-0.001505
0.001604
0.001802
0.013963
0.018935
-0.002678
-0.002813
0.010991
-0.002201
0.006207
-0.004133
0.006370
-0.011707
0.014260
-0.013759
-0.000179
0.000903
-0.000013
-0.000438
-0.003266
0.008056
-0.001878
-0.000112
0.000076
0.003850
0.001322
0.023461
0.000790
0.004344
-0.065177
-0.024743
-0.003429
-0.000420
-0.026572
0.002618
-0.021887
0.001291
0.006949
0.004465
-0.000156
-0.008540
-0.000013
0.014792
0.019791
0.001229
0.003080
-0.003329
0.009286
-0.006502
0.001312
-0.001880
0.015015
-0.000510
0.005753
0.005454
-0.005652
0.005048
0.009380
-0.000337
0.004249
0.007327
-0.007959
0.002064
0.007833
0.014000
-0.014334
0.010657
-0.002708
0.001457
0.037632
-0.001362
-0.025933
-0.017512
0.001912
-0.000034
0.007181
-0.000924
0.002976
0.008030
0.021440
0.018499
0.021605
-0.001105
0.020206
-0.014161
0.000620
-0.010250
-0.001605
0.004009
-0.000007
-0.000216
0.003978
0.005681
0.007834
0.007692
0.020350
-0.009607
-0.002379
0.001534
-0.005766
-0.000115
0.001687
0.000066
0.017934
-0.000239
0.014768
-0.000345
0.006360
0.004254
0.003213
-0.006228
0.009991
-0.005249
0.003487
0.010401
0.007253
-0.013072
0.012185
-0.000043
0.003204
0.006181
0.002594
-0.003419
0.000595
-0.000399
-0.000146
0.001373
0.001458
0.000653
0.005207
0.004756
0.001037
0.006101
0.001173
-0.000570
-0.000762
-0.017170
0.001851
0.001369
-0.004686
0.005807
-0.000448
-0.018271
0.000619
0.001254
0.000767
-0.008001
-0.004370
0.043153
0.000903
0.003002
0.013916
0.014897
0.014552
-0.000578
-0.020874
-0.003476
-0.004009
0.002767
0.000523
-0.012958
-0.012751
0.001265
-0.011441
0.000004
0.019678
-0.004022
-0.000893
0.001261
-0.000894
0.008945
-0.004523
-0.009961
0.000386
0.003300
-0.002615
-0.009707
0.042559
0.003510
0.006234
-0.003529
0.002222
0.007323
-0.004674
0.015704
0.011642
0.002936
-0.003100
0.011490
-0.000723
0.005646
0.001301
-0.005665
0.009912
0.001821
-0.002035
-0.013896
-0.001225
0.007308
-0.000248
-0.003022
-0.000243
-0.000580
0.006897
-0.000495
0.010300
0.004536
-0.011684
0.009308
-0.002619
-0.000006
-0.002154
0.002646
-0.000888
-0.000435
0.001481
0.002249
0.013138
0.002994
0.003512
-0.009157
0.005388
-0.002958
-0.007996
0.000144
0.001240
0.008258
0.001398
-0.003537
-0.018241
-0.014337
-0.000024
-0.000664
-0.006535
0.000719
-0.000230
0.004295
0.002313
-0.014984
-0.007424
-0.007636
0.007232
0.000592
0.018663
-0.002758
0.007583
-0.008225
-0.001981
0.006513
-0.010938
-0.004739
-0.034418
-0.001066
-0.004744
0.002089
-0.000825
0.004500
-0.000017
-0.002528
-0.018901
-0.023061
0.000376
-0.002414
-0.007875
-0.002142
0.009337
0.003603
0.002357
-0.001058
-0.007389
0.010998
0.014660
-0.008185
0.001090
0.002306
-0.001459
0.000428
0.002782
-0.000317
-0.018784
0.004484
0.000245
0.006316
0.001930
0.007874
-0.010572
-0.016714
-0.005941
-0.000304
-0.007429
0.000140
-0.013324
-0.001473
0.000099
0.002086
0.000423
0.002541
0.000036
-0.009660
0.028861
0.001029
-0.000880
-0.002063
-0.000917
0.000815
-0.009637
-0.017066
-0.000868
0.005006
0.000715
0.000260
-0.007677
-0.004348
0.010858
-0.007835
-0.001844
0.006080
0.017538
-0.000245
0.002497
0.009564
-0.022644
-0.007576
0.002777
0.004857
0.004543
0.004143
0.006713
-0.010726
-0.005885
0.000038
0.004445
0.000502
0.005626
0.003512
0.013280
0.010729
-0.003016
-0.001797
0.012123
0.001698
-0.000205
-0.005517
0.004150
-0.006225
0.001184
-0.001341
0.005141
-0.000463
0.005656
-0.000113
-0.010627
-0.006377
0.000085
-0.000444
-0.006468
-0.001489
-0.004109
0.000095
0.010698
0.000334
-0.001666
-0.003933
0.000668
0.004228
-0.008599
0.006575
0.013910
-0.004703
0.002748
0.003769
-0.013168
-0.015775
-0.014134
-0.000120
-0.001782
-0.002055
-0.001309
-0.004942
-0.000390
0.008969
0.000058
0.001237
-0.002865
-0.006896
0.000876
0.000528
0.002484
-0.005002
-0.002927
-0.000694
0.003375
-0.000597
0.000241
0.000082
-0.021318
-0.008557
0.001427
0.022076
0.001560
-0.004736
-0.003205
-0.009498
0.002892
-0.010728
0.006326
0.001263
-0.008633
0.013703
-0.000179
0.000326
-0.005502
-0.003677
0.012467
-0.002492
-0.009961
0.002901
-0.015754
-0.006962
0.004474
0.004508
-0.025100
0.002257
-0.015750
-0.001419
0.000365
-0.007775
-0.001325
0.001975
0.000668
0.005313
-0.005850
-0.005454
-0.031364
0.002551
-0.014041
-0.006058
-0.005133
-0.001762
0.005600
-0.012358
0.006136
0.002972
0.003390
-0.042811
0.004456
-0.012712
-0.000822
0.001774
0.010816
-0.003193
-0.000834
-0.028417
0.003799
-0.002616
-0.004903
0.001322
0.008262
0.006767
-0.005499
-0.000952
-0.013050
-0.005337
-0.009516
-0.007474
0.001589
0.000110
-0.000054
-0.022174
-0.002978
0.000473
0.000485
-0.010803
-0.021647
0.012030
0.007563
-0.008067
0.008977
-0.000845
-0.004701
0.000727
-0.001153
0.001271
-0.000938
0.004776
0.005215
0.004101
0.003354
-0.004148
-0.003495
0.000576
-0.003145
-0.007917
-0.000256
0.014311
0.006782
-0.004243
-0.008946
0.012269
0.012948
0.000946
0.008660
-0.009282
0.002352
-0.002275
-0.003340
-0.006837
0.009855
0.002155
0.002089
-0.004543
-0.003432
0.004578
0.001073
-0.003479
-0.008248
0.019588
-0.000611
-0.001952
0.019009
0.012436
0.003296
-0.001301
-0.002558
-0.002644
0.023596
0.009915
0.006657
0.008010
-0.000328
-0.000498
-0.000796
-0.004294
0.000907
0.000005
0.008611
0.001971
-0.000020
-0.013464
-0.001482
-0.002131
0.005677
0.014658
-0.011609
-0.000363
0.004256
0.014128
-0.000138
0.002638
-0.004158
-0.018129
0.002275
-0.000380
-0.000027
0.000267
0.030948
-0.000016
0.003035
-0.029599
-0.003496
-0.001589
-0.003948
0.004344
0.010366
-0.013259
-0.004379
-0.001979
0.002715
-0.001796
-0.015864
0.004017
-0.012264
0.009442
0.009597
-0.003728
0.026491
-0.004298
0.031703
0.020731
-0.002653
-0.000352
0.017115
-0.000203
0.001272
0.006820
-0.001032
-0.000043
-0.000508
0.002124
-0.001599
-0.006762
-0.009136
-0.007916
-0.015750
-0.006955
-0.003460
-0.007162
0.001953
0.021376
-0.002170
-0.002320
0.000964
-0.008457
0.024323
-0.008302
0.001167
-0.000649
0.001173
-0.002423
-0.000240
-0.006160
0.014028
0.000566
0.000693
-0.000209
0.003356
-0.000330
0.013195
-0.000930
-0.006617
-0.000048
0.005489
0.004908
0.011606
-0.001962
-0.005449
0.003748
0.017475
0.009133
0.008108
0.000216
-0.002464
-0.002201
0.002244
0.002777
0.000160
-0.001554
0.000718
-0.003616
-0.019895
-0.002445
-0.007739
-0.001718
-0.000224
-0.005228
0.003842
-0.000760
-0.000038
0.008304
0.001722
0.000155
0.008731
-0.007888
-0.005313
0.002641
-0.003888
-0.002190
-0.004759
0.004510
-0.000134
-0.013883
-0.000315
-0.001164
-0.004264
-0.003826
0.013042
-0.000417
-0.021124
0.000381
-0.003130
-0.001578
0.001583
-0.013295
-0.020701
-0.005892
0.015760
-0.004522
-0.019600
-0.005606
0.018921
0.002884
-0.000955
-0.001317
-0.004272
-0.018566
-0.000182
0.004884
0.010443
0.007915
0.011733
0.001921
-0.000306
0.004912
-0.009873
0.006932
0.003785
-0.023139
0.010710
0.000700
0.004164
-0.018732
-0.005324
-0.024544
0.002878
0.005063
0.017560
0.000173
0.001556
0.003315
-0.004907
-0.016410
-0.000564
0.004049
0.007719
-0.010192
0.000058
0.000970
0.023705
-0.001384
-0.005257
0.006854
-0.002633
-0.000095
0.003303
0.019062
0.000855
-0.000241
-0.003734
0.001757
0.003828
0.008681
0.034365
0.016161
-0.008423
-0.002098
-0.001013
-0.002654
0.002146
0.003639
0.007759
-0.006269
0.020968
0.014435
0.000796
0.004974
0.001727
-0.000192
-0.002311
-0.000826
0.023019
0.024746
0.005543
0.008100
0.002205
-0.008187
-0.001301
-0.003302
0.012428
-0.001514
-0.009162
0.000893
-0.000770
0.007324
-0.003633
-0.000983
-0.006288
0.000680
-0.002161
0.003198
0.001634
0.000893
-0.005029
0.033490
0.001417
0.000580
-0.003863
-0.015280
-0.007760
0.000467
-0.001244
-0.008742
0.008897
-0.035698
-0.004775
0.000669
0.000150
0.003179
-0.005791
-0.000876
-0.001254
-0.000088
0.005797
-0.002310
0.000754
-0.008301
0.001168
0.000288
-0.002029
-0.011383
0.004199
0.000194
-0.005063
0.005559
-0.005179
-0.000272
0.001459
-0.011207
0.000139
0.003864
0.000015
0.006892
0.015494
0.000465
0.004329
-0.002237
-0.004830
0.000651
-0.011873
0.001203
-0.013213
0.014203
-0.002591
-0.015720
0.018304
0.001599
-0.003844
-0.006743
-0.017242
0.006188
-0.012186
0.004903
-0.008945
-0.002773
-0.012601
0.003499
0.002753
0.003112
-0.018428
0.007865
-0.013937
-0.023934
0.006095
0.000136
-0.005972
0.000017
0.005879
0.003313
-0.024930
-0.001140
-0.016266
0.001092
-0.008335
-0.006841
-0.000111
-0.004255
0.001558
-0.005632
0.000798
0.002342
0.013107
-0.004394
0.010531
0.000606
-0.023578
0.002895
-0.000508
-0.003859
-0.001184
-0.000529
0.017306
0.000243
-0.005329
0.000120
-0.007797
-0.003974
-0.004936
-0.003266
-0.011082
0.001041
-0.002039
0.014351
-0.006380
-0.002581
0.004068
-0.006762
0.003891
-0.000297
0.004881
0.009042
0.000403
0.005832
-0.000529
0.005477
0.001091
-0.001743
0.024846
-0.002811
0.001685
0.006832
-0.000532
-0.003228
-0.000085
0.001241
0.002935
0.003273
0.005996
-0.002597
0.022036
-0.017843
-0.000887
-0.009907
0.012457
0.002619
-0.001060
0.002230
0.005897
0.015332
0.005357
0.011807
-0.001395
-0.020962
-0.016806
0.001969
0.011050
-0.000267
0.000894
-0.002451
0.002877
-0.021862
0.000140
0.005304
0.004749
-0.001346
-0.000844
-0.002720
0.005557
0.001520
0.001425
-0.001129
0.010350
0.005124
-0.000063
0.001891
0.004114
0.008996
-0.004430
0.000795
-0.014772
0.001922
-0.019610
0.003634
-0.002328
0.022815
-0.000139
0.001968
-0.000195
0.003850
0.000198
-0.020517
-0.001687
0.004082
0.004443
-0.001833
0.001166
-0.012026
0.010960
-0.011678
-0.007109
-0.005663
0.011664
-0.002225
-0.000620
0.001095
0.016522
0.010482
0.007362
0.004942
0.001710
0.000053
0.000143
-0.005730
-0.002967
-0.000268
0.001665
-0.008881
-0.005814
0.006761
0.002092
-0.017731
-0.000392
-0.018460
-0.009073
-0.001282
-0.000110
0.004785
-0.012784
-0.011896
0.003732
-0.002192
0.000049
-0.007681
-0.003303
0.000801
0.003318
-0.003562
-0.006368
0.004638
-0.003732
0.001814
-0.002819
-0.004845
0.005481
0.006471
0.003754
-0.008204
0.001205
-0.001746
0.003767
-0.003094
0.011301
-0.001471
0.005699
-0.003735
-0.011449
0.001901
-0.002012
-0.003319
-0.002577
-0.018469
0.000407
-0.006379
0.006753
-0.003199
-0.002107
-0.001200
0.002862
-0.005004
0.007644
0.005189
0.006105
0.016619
0.000038
0.000827
0.003437
0.002347
0.003843
0.000066
-0.003074
0.001736
0.000184
0.001482
0.000013
-0.000287
0.029963
-0.014078
0.005391
0.000155
-0.001972
0.001162
-0.013999
0.002675
0.005492
0.008858
-0.001196
0.006041
0.000021
0.016428
-0.003002
-0.000635
-0.008322
0.000703
0.007888
0.001129
-0.011209
-0.000555
0.010597
-0.000075
-0.001689
0.002651
-0.008608
-0.003080
-0.001510
0.004427
-0.001784
0.021173
-0.000812
-0.009600
-0.029118
-0.010444
-0.005660
-0.015519
0.001163
0.004168
0.012612
-0.007325
-0.013965
-0.000801
-0.004605
-0.000047
0.008074
0.001005
-0.001134
0.003314
-0.024920
0.010780
-0.008336
0.005564
-0.016350
0.003265
-0.010867
0.023146
-0.007319
0.001787
-0.000848
0.006343
-0.008642
-0.005154
-0.002318
-0.031168
-0.007855
-0.008925
-0.000397
-0.000969
0.001667
-0.000560
0.006370
0.000181
0.003279
-0.000228
-0.008696
-0.000468
-0.011017
-0.000409
-0.005534
0.001612
0.005569
0.010552
0.003357
0.011768
-0.010159
0.004980
0.020614
-0.000027
-0.002717
0.001235
0.000506
-0.000489
-0.000304
-0.009521
-0.000297
-0.011738
0.011148
0.002463
-0.003699
0.006188
0.000332
-0.005044
-0.003243
-0.001677
0.004854
0.001963
-0.003540
0.001286
-0.003218
0.006308
-0.001189
0.009632
-0.008923
-0.003057
0.001690
-0.001892
0.012144
0.004299
0.003060
-0.003103
-0.003798
0.000979
-0.024216
-0.000851
0.006261
0.001407
0.007743
0.002828
0.006594
-0.000318
-0.007667
-0.004776
0.018184
-0.002511
0.001612
-0.002017
0.000068
-0.000260
0.000405
-0.000737
0.006035
0.004734
0.000113
0.002605
-0.001429
0.006090
-0.019669
-0.000893
-0.017253
0.004151
0.009277
-0.014295
-0.001543
0.051233
0.017828
0.002164
-0.002971
-0.022183
0.002510
0.010017
0.004352
0.001855
0.003852
-0.002515
-0.000118
0.020119
-0.000241
-0.002495
0.000019
-0.006212
-0.001446
0.002688
-0.002821
-0.000298
0.007176
0.004588
-0.009518
0.005201
-0.000107
0.000050
0.000539
-0.025555
-0.000486
-0.000471
0.000131
0.000068
0.000008
-0.010428
-0.016311
-0.003384
0.006595
-0.006129
0.000297
0.001975
-0.000734
-0.003375
0.004227
0.004394
-0.012342
-0.007968
0.003629
0.002939
-0.001286
-0.001110
-0.003159
0.001880
-0.031786
0.017996
-0.000580
0.001866
0.016703
-0.004132
0.009769
0.004086
-0.006962
0.000310
-0.001303
-0.004070
-0.009681
0.002513
0.005580
0.006527
-0.000473
-0.001697
-0.011253
0.002176
-0.001097
-0.001953
-0.001416
-0.027486
-0.001025
0.000886
0.003474
0.000115
-0.020278
-0.008560
0.000910
0.005872
0.008546
0.025504
-0.009909
-0.025282
-0.001176
0.000512
-0.001367
0.000175
0.001395
0.000298
-0.012403
-0.007339
-0.000113
0.001254
-0.000745
0.001434
-0.005405
-0.017297
0.003777
0.000082
0.014509
-0.013953
0.016088
-0.001850
-0.002257
0.001972
-0.001795
-0.000226
0.000029
0.002889
-0.016740
-0.000336
0.004204
-0.017038
-0.004789
-0.000519
-0.012790
0.007722
-0.009243
0.007356
0.004068
0.004325
-0.001677
0.011138
-0.004520
-0.000068
0.010838
0.009398
-0.007890
-0.007280
0.010313
0.000304
0.010698
0.010119
-0.000740
0.002982
-0.007334
0.006370
0.049628
-0.006594
0.000850
0.000025
-0.006367
-0.000913
0.005473
-0.000913
0.026756
0.014814
0.001717
-0.000598
-0.000371
-0.012465
-0.001436
0.032426
0.003404
0.000577
-0.000493
-0.000693
-0.029830
0.008313
0.005936
-0.000971
-0.008803
-0.008036
-0.001971
0.010607
-0.009561
0.000013
0.007109
-0.000025
0.021398
-0.000210
-0.010183
-0.003278
-0.000617
0.000074
0.007440
-0.000091
0.001490
0.010203
-0.002183
-0.003061
0.008177
0.016074
0.004628
0.000130
-0.001538
0.005260
0.000545
-0.005520
0.001663
-0.005755
0.001097
-0.018962
-0.016364
-0.000506
-0.005493
0.007394
-0.000291
0.004549
-0.003265
0.001428
0.000539
0.006618
0.002217
-0.000898
0.006682
0.002890
0.000206
-0.001860
-0.008726
0.005316
0.000260
0.000374
0.005051
0.007945
-0.001566
0.001975
0.006131
0.007096
0.005954
0.001002
0.031349
-0.005757
-0.005834
-0.001238
-0.008623
0.013720
0.003100
0.008058
0.015070
0.000497
0.022451
-0.000504
-0.034536
0.005293
-0.001156
-0.005197
0.010486
0.011376
-0.000558
-0.001430
-0.004645
0.009526
-0.018294
-0.000726
-0.005918
-0.002816
0.014606
-0.019804
0.006595
0.050713
0.008090
0.002232
-0.004979
-0.010951
0.004251
-0.017097
0.001028
-0.006841
-0.004342
0.004005
-0.000555
-0.019773
-0.012371
0.008176
-0.000588
0.006637
-0.001092
-0.011442
-0.000896
0.002676
0.006040
-0.014772
0.004385
0.003634
0.000411
0.000249
0.000776
0.001994
-0.001833
-0.000238
0.000056
-0.009858
0.014922
0.007112
0.006931
-0.027395
-0.000638
-0.000904
-0.003604
-0.002319
0.000574
0.000893
-0.008855
0.000654
0.021031
0.004783
-0.000482
0.004392
0.004799
0.000205
0.001214
0.002683
-0.016852
-0.013593
0.001048
-0.007895
0.012999
-0.005307
-0.028538
-0.003549
-0.002217
0.008903
0.005595
0.003322
0.003219
0.003354
0.003259
0.002634
0.004204
0.000959
0.003032
0.000479
0.001227
-0.000082
0.002231
0.007032
0.001607
-0.001658
0.025611
-0.003153
0.011555
-0.001712
0.002141
0.003694
-0.013130
0.029788
0.009352
0.009680
0.000291
0.000363
-0.002206
0.000829
0.003419
-0.000082
0.012677
-0.004352
-0.000840
-0.003425
0.000301
0.001868
-0.031263
-0.003260
0.005220
-0.000325
0.004074
-0.006247
-0.016605
-0.004145
0.002164
-0.006820
0.002525
0.002809
-0.000018
0.001135
-0.010000
0.000187
0.003565
-0.017314
-0.002984
-0.000818
0.011002
-0.000039
0.000130
0.003481
0.002738
0.004485
0.001921
-0.000817
-0.002900
-0.004516
0.011499
-0.001442
-0.010608
0.008537
0.006905
-0.011411
0.016900
0.036159
-0.000412
-0.019350
0.006882
0.003719
0.004964
-0.004968
-0.003181
-0.000171
-0.004265
-0.002484
0.001562
-0.000110
0.001400
0.009639
-0.023973
-0.001647
0.006368
-0.012807
-0.002025
-0.030155
0.009283
-0.002139
0.000553
0.006303
-0.011758
-0.020156
0.004200
0.012250
-0.017713
0.004879
0.000452
-0.002336
0.000293
0.000122
0.002674
0.000408
-0.012497
-0.000250
0.003339
-0.000433
-0.011710
0.000674
-0.012144
-0.002542
-0.006170
-0.000731
0.008655
-0.025188
-0.009085
-0.007307
0.006533
-0.000387
-0.000498
0.005654
0.001452
-0.005176
0.000484
-0.001521
-0.000267
-0.005624
-0.050138
0.001032
0.019598
-0.007575
-0.000869
0.003578
0.001740
-0.000636
0.000205
-0.002702
0.003324
-0.000195
-0.006406
-0.004283
-0.001050
-0.042360
0.008337
0.002741
0.001690
-0.001291
-0.002483
0.000410
0.000423
0.000933
0.003736
-0.004717
0.020780
-0.000739
-0.014364
-0.003274
0.005765
0.003895
-0.005543
-0.029847
-0.007568
-0.003813
0.002888
-0.008769
0.009498
-0.001094
-0.008521
-0.006604
0.001585
0.000842
0.005227
0.010887
-0.000345
-0.000451
-0.005506
-0.006276
0.006274
-0.001267
-0.000864
0.009363
0.010313
-0.012786
0.004779
0.020491
-0.014077
0.001409
0.001589
-0.005687
0.000484
0.009538
-0.000215
0.001162
-0.000261
-0.002824
-0.000937
0.031280
-0.000682
0.007607
-0.001315
0.023297
-0.000436
-0.008306
0.000267
0.004672
0.003344
-0.003360
0.007486
0.012891
0.000673
0.000205
0.000948
-0.010721
0.003017
-0.000118
-0.002589
0.007609
-0.009310
-0.003203
0.007609
-0.004057
0.008125
0.009743
0.014125
0.000901
0.001069
0.000942
0.007003
-0.001850
0.008591
0.006497
-0.000863
0.001030
-0.009297
0.000090
-0.004102
-0.002033
-0.010462
0.003213
-0.021015
0.011062
0.008418
0.002381
0.016077
0.004235
-0.018760
0.005476
-0.005822
0.005395
-0.008964
0.001072
0.017338
0.001170
0.007843
0.000265
0.003634
-0.006145
-0.001351
-0.000756
-0.002601
-0.030674
0.001410
-0.004857
0.006742
0.023564
-0.002285
0.000032
-0.010065
-0.014121
-0.016077
-0.004432
0.002768
-0.004665
0.001348
-0.001456
-0.003517
-0.009375
0.003477
0.000190
-0.004539
0.004475
0.000469
-0.010157
-0.000196
0.000685
-0.017461
-0.033946
0.006724
-0.000311
0.002189
0.002602
0.002508
0.002079
-0.004969
0.005799
0.000034
-0.000854
0.000083
0.001121
0.017148
0.000118
-0.005760
0.008240
0.008345
0.001425
-0.021061
0.001236
0.012543
0.002043
0.003012
-0.002485
-0.010127
-0.000279
-0.002494
-0.001158
0.003745
-0.011731
0.010235
0.003493
-0.005864
0.011604
-0.001367
0.011648
-0.001689
-0.008084
0.022417
-0.003878
-0.015124
-0.024159
0.002565
0.000155
0.002078
0.000972
-0.013803
0.001119
-0.021622
-0.012629
-0.018596
-0.000538
0.007753
0.003036
0.003854
0.032624
-0.001506
0.005488
0.000165
-0.002042
0.024856
-0.032397
0.008549
-0.005001
-0.007619
-0.022881
-0.006820
-0.007702
0.009755
-0.000296
-0.001357
0.000579
0.018123
-0.000094
0.008266
-0.003112
-0.011420
-0.006808
0.004566
-0.000607
-0.031032
-0.001761
-0.002100
-0.003217
0.018555
-0.014887
-0.002204
0.000055
0.002713
0.007847
0.000015
0.002367
0.000195
0.011496
0.000582
-0.001236
0.004145
-0.002169
-0.000485
0.008009
-0.000062
0.004377
-0.001189
-0.000652
0.000619
-0.001486
0.000985
-0.001016
-0.000085
0.004352
0.002040
0.008028
0.007859
0.005058
-0.003565
-0.002283
0.001068
0.012324
-0.001364
0.004562
-0.001279
0.018066
0.004130
-0.001654
-0.005145
-0.001541
-0.003104
-0.001984
-0.004398
0.008769
0.014622
0.002788
-0.004854
0.002649
0.029980
-0.000749
0.011399
0.001800
0.000394
-0.005646
0.001957
0.001721
-0.000349
-0.004442
-0.000931
-0.009365
-0.022384
0.002376
0.003903
-0.006176
0.016887
-0.009040
-0.012119
-0.023285
0.001170
-0.001203
-0.000489
0.010791
0.000699
0.022918
-0.001003
0.005041
-0.008247
0.001690
-0.001388
0.011335
0.003783
-0.011726
-0.003479
0.011107
-0.001573
-0.004074
-0.001505
-0.000726
0.000733
0.004025
0.005463
0.015015
0.001314
0.000337
-0.000464
-0.023522
-0.000683
-0.000118
-0.003208
0.015789
-0.017332
0.000072
-0.004032
0.017213
0.005441
0.004477
-0.009246
-0.001834
0.000482
0.001591
0.017562
0.004518
-0.006880
-0.003647
-0.002138
-0.000761
0.012975
-0.000462
0.001814
-0.004328
-0.014930
0.016246
-0.009461
-0.009697
-0.015156
0.011580
-0.012623
0.001494
-0.017293
0.000637
0.000694
0.000616
0.014715
0.003889
-0.003782
-0.001157
-0.007569
0.003807
-0.008792
0.000708
-0.001071
0.000019
0.003893
-0.001753
-0.000650
0.003714
0.006975
0.008576
-0.012989
0.002127
-0.004636
0.008315
-0.010978
0.009379
0.005848
-0.011550
0.001009
0.002011
-0.002964
-0.012824
-0.000611
0.000013
0.014000
-0.000720
0.000355
0.022093
-0.000556
0.001352
-0.005546
0.015182
-0.002657
-0.000760
0.015244
0.001804
-0.032741
-0.000006
0.003057
0.002265
-0.000964
0.000344
0.000023
-0.011004
-0.007559
-0.001855
-0.003068
-0.020047
0.001733
-0.004647
-0.023648
-0.002798
-0.009276
-0.005215
0.000750
-0.013636
-0.012620
0.006832
-0.017336
0.001851
-0.011014
-0.006957
-0.000254
0.005079
0.032888
-0.004025
-0.007466
-0.015134
0.001171
0.007336
0.006147
0.009261
0.002941
0.012911
-0.006050
-0.000026
-0.004597
0.003271
-0.006295
0.000246
0.005590
0.002987
0.008522
-0.005372
0.001997
0.002483
-0.002006
-0.016491
0.004309
0.000181
-0.000392
0.006934
0.003913
0.030275
-0.004061
0.000899
0.007920
-0.012296
0.002115
-0.002125
-0.019908
0.000158
-0.007988
-0.000201
-0.006818
-0.000078
-0.003347
-0.001652
0.003068
0.001994
0.002875
-0.000298
-0.017218
-0.004503
0.003116
-0.010087
-0.000555
-0.000257
0.001240
0.000439
-0.001123
0.001382
0.002965
0.004456
-0.000539
0.000186
0.000583
0.024594
-0.057739
-0.002333
-0.011714
-0.002331
-0.000405
0.000453
-0.001458
-0.001582
0.000963
-0.002291
-0.000451
-0.000498
-0.008662
0.003594
-0.002205
0.012239
-0.011206
0.003394
-0.001653
0.002588
0.002777
-0.028250
0.006216
0.002174
0.008631
-0.014447
0.001578
-0.000682
0.000850
-0.002790
0.005864
-0.004184
-0.003481
-0.001884
-0.042662
-0.003006
0.002922
0.005369
-0.032859
0.001714
0.004401
-0.000042
0.001337
-0.005459
-0.002442
-0.012281
0.000255
-0.004897
0.002024
-0.018650
-0.008696
-0.003926
0.006898
-0.005351
0.018141
-0.008342
0.000688
-0.006460
0.015957
-0.000692
-0.002475
0.010735
0.002399
0.006456
0.000605
0.002692
-0.014611
-0.001361
-0.001067
0.023117
-0.001134
0.008825
-0.005565
-0.005678
-0.001224
0.009898
-0.003712
0.002761
0.004532
0.005835
-0.000876
0.005192
-0.002139
-0.000027
0.001183
-0.006456
0.000132
0.000100
0.001389
0.005972
0.016188
0.006675
-0.001237
0.001053
0.002601
-0.005814
0.007082
0.000976
-0.001324
0.010525
0.015691
-0.015797
0.006665
-0.000524
0.000955
-0.009389
0.000960
0.000074
0.002924
0.000318
0.010224
-0.010028
0.001701
-0.003911
-0.024378
-0.004404
-0.001768
0.005083
-0.000071
0.000916
-0.002486
0.004461
-0.006894
-0.004435
0.019764
-0.004639
-0.004311
0.001482
-0.012688
-0.001659
-0.001257
0.006584
-0.005284
0.013109
0.005300
-0.004029
0.026876
0.002386
0.012084
0.002218
0.000346
0.006248
0.001015
0.008718
-0.004225
-0.008800
0.000481
0.000924
-0.001930
0.000393
0.001871
-0.000282
-0.000433
0.001565
-0.000468
-0.020009
0.001575
0.000685
-0.038702
-0.004668
-0.004250
0.000124
-0.002509
0.002204
-0.011395
-0.001382
0.004015
-0.002289
0.000702
-0.001143
0.000026
-0.001651
-0.015403
-0.000239
0.000745
0.008012
-0.007825
-0.004173
0.007646
0.003810
0.003895
-0.001560
0.002727
-0.003176
0.011350
-0.005806
0.007896
-0.005089
-0.014581
-0.001540
-0.011118
-0.006009
-0.016193
0.010464
-0.028137
-0.007752
0.000159
-0.003453
0.000982
-0.014844
0.014967
0.022729
0.006110
0.000085
-0.001648
-0.000826
0.002635
-0.006048
0.010406
0.001571
0.008785
-0.007711
0.000313
0.003089
0.004723
0.016828
-0.005160
-0.005672
0.000347
0.005821
-0.001380
0.001231
-0.005172
0.011067
-0.003927
-0.001291
-0.001824
-0.002536
-0.005476
-0.001200
-0.001382
0.000300
-0.011348
-0.000152
0.010140
0.001548
0.001007
0.003210
0.014046
-0.002923
-0.006402
0.001678
0.003072
0.009492
0.000047
-0.020419
-0.000386
-0.000941
0.000439
0.001407
-0.000739
-0.000773
0.000266
0.000695
0.001373
-0.003525
0.005684
0.004893
0.015479
0.001076
-0.001620
0.000211
-0.005048
-0.000430
-0.001870
-0.003750
0.003949
0.001126
0.008766
0.014464
0.002004
-0.008114
-0.001342
0.000770
0.000865
-0.009688
-0.001064
-0.024283
-0.007714
0.005403
0.007763
0.001934
0.010957
0.000403
-0.005794
-0.002421
-0.009386
0.004714
-0.001181
-0.000986
-0.001260
-0.006578
0.015504
-0.002302
0.002621
-0.005354
0.015087
0.005922
0.000138
-0.009394
-0.004653
-0.008803
0.000700
-0.003041
0.002224
-0.006588
0.018740
-0.003618
-0.001957
0.002765
-0.014110
-0.010136
0.006229
0.006843
-0.011518
0.004097
-0.004853
-0.002821
-0.001991
-0.012361
-0.001789
-0.005046
-0.002093
-0.004287
-0.000472
0.022608
0.000588
0.010434
0.003491
0.001702
0.017213
-0.000233
0.002357
-0.002670
-0.004588
-0.003470
0.011231
-0.007662
-0.001665
-0.000152
0.001939
-0.024476
-0.003144
0.000267
0.000734
0.005403
0.007945
-0.010735
-0.010002
-0.023300
0.003219
-0.001832
0.000795
-0.007115
-0.000215
0.009974
0.005044
-0.013756
-0.025925
0.004743
0.003291
0.002375
0.014073
-0.000052
-0.001495
-0.003494
0.004837
-0.007247
0.001672
0.004137
-0.004069
-0.000196
0.000472
0.000927
0.007164
0.013602
-0.005199
0.000350
-0.005831
-0.004222
-0.001250
0.000054
-0.009283
-0.001647
0.002448
0.003729
-0.000437
0.000064
-0.019612
0.009211
-0.000181
0.007078
-0.012510
0.005572
-0.004481
-0.006856
-0.003813
-0.009738
-0.015883
0.004461
-0.013300
0.003723
0.000873
0.000966
0.003600
0.001217
-0.000295
0.000216
-0.007242
-0.003341
0.000469
0.003118
-0.000194
0.000206
0.014572
-0.009623
0.000888
-0.000663
0.011145
0.010249
-0.018044
-0.003877
-0.013975
0.019942
0.001009
0.003445
0.000004
-0.008518
0.019449
-0.000814
0.006197
0.015858
-0.005211
-0.002011
-0.010054
-0.002888
-0.002852
0.011995
-0.000300
-0.013228
0.004779
0.000037
-0.004125
0.004320
0.007767
-0.017655
-0.010832
0.002769
-0.021889
0.014661
-0.039610
0.009951
-0.000223
0.004157
0.000775
0.013998
-0.049967
0.027697
0.002292
0.000058
0.006261
0.001370
-0.003175
-0.005771
-0.002022
-0.003387
-0.008018
-0.003719
0.006225
0.000700
-0.000006
0.031067
-0.002153
0.002145
-0.000778
0.000734
-0.013583
0.001522
-0.000194
-0.002659
-0.006921
-0.012928
0.000173
0.008922
-0.017999
0.000495
-0.010067
0.000775
0.001062
0.000050
0.010335
0.001702
-0.004072
-0.001708
-0.010287
-0.004117
0.012702
-0.002754
0.006166
0.002173
-0.009973
0.012215
-0.008047
0.000111
-0.000078
0.009721
0.001310
-0.004436
-0.000037
-0.006559
-0.001149
0.007874
-0.024072
0.005890
-0.004390
0.003557
0.001271
0.009537
-0.004949
-0.000544
0.002011
0.013567
-0.003209
0.000138
0.023154
-0.003659
-0.002988
0.053971
0.007536
-0.001022
0.006033
0.014775
-0.001013
0.010475
0.001684
-0.006120
0.000254
-0.005867
0.001199
0.002181
0.008667
-0.007059
0.011812
-0.002884
-0.002481
0.014207
-0.006540
0.004918
0.008044
0.002064
-0.008785
-0.001904
0.013524
-0.001906
0.000515
-0.002503
-0.011120
0.011961
0.000615
0.002575
0.002131
-0.013552
0.006712
-0.002584
-0.003629
0.001817
-0.003572
-0.007380
-0.003412
-0.036857
0.003469
-0.001874
0.001692
0.022896
0.000648
-0.012981
-0.003615
-0.003577
-0.009775
-0.000522
0.003891
-0.021673
-0.013282
-0.000515
-0.000011
0.004572
-0.005365
-0.000587
0.006584
0.001252
0.012042
-0.003563
-0.028253
-0.005372
-0.003348
-0.000032
-0.001855
0.022324
-0.000540
0.000088
-0.000612
0.004975
0.003634
0.001795
-0.003366
0.001022
0.001571
-0.001495
0.001975
-0.003828
0.001107
-0.001488
0.002396
0.003476
-0.018239
0.007098
-0.000179
0.000693
-0.007982
0.000148
-0.001035
0.001005
0.018372
-0.009853
-0.007659
0.001069
0.010784
0.000754
-0.008352
0.007093
-0.016128
-0.008736
0.000602
-0.007189
0.005330
-0.010013
0.012253
-0.013817
0.010448
0.000156
0.012370
0.001621
-0.000019
-0.002899
0.001492
0.020058
0.002911
0.002216
-0.027050
0.013299
0.005952
-0.002816
-0.000461
0.000428
-0.007275
-0.012644
-0.001519
-0.000317
0.001082
-0.000943
0.000139
-0.007027
0.000029
-0.000036
0.007338
-0.001138
-0.000326
0.015930
-0.000764
0.000844
0.037492
-0.003649
-0.000534
-0.000312
0.004293
0.006575
-0.001895
0.002607
0.000657
0.000456
-0.000377
-0.002896
-0.000054
-0.001745
-0.003327
-0.000022
0.002758
0.018480
0.008752
-0.000694
-0.009141
0.004810
0.001441
0.010882
0.003549
-0.019454
0.005252
0.006421
0.003449
0.008043
-0.002287
0.007758
-0.004800
0.002409
-0.011627
0.012483
-0.023626
0.018986
0.002197
0.003955
-0.001244
0.001792
0.005590
-0.002244
-0.011510
-0.000040
0.005684
-0.001359
0.006751
-0.005746
-0.025781
-0.010600
-0.013363
-0.004657
0.004189
0.002325
0.005887
-0.021225
0.000853
0.004369
0.000469
-0.000852
-0.002865
-0.018687
-0.007347
0.021100
0.007020
0.005779
0.003079
0.005553
0.002079
0.000363
-0.002452
0.000635
0.004486
0.000041
-0.008458
-0.001574
-0.013598
0.000951
-0.017089
-0.008471
0.004015
-0.006175
0.000232
-0.010683
-0.006626
-0.009250
0.010125
-0.000935
-0.000762
-0.004296
-0.003212
-0.001094
-0.000366
-0.004062
-0.000121
-0.014015
-0.020498
0.003192
0.001220
0.006228
-0.001463
0.000629
-0.004006
0.001092
-0.000606
-0.021611
0.000719
0.000153
-0.012938
0.006752
-0.001177
-0.013253
0.008606
0.006721
-0.000012
-0.007398
0.006782
-0.007199
0.002596
0.002132
0.001884
-0.014050
-0.019259
-0.001936
0.006608
-0.004082
-0.003640
0.002373
0.001186
0.007574
-0.000276
-0.001294
-0.001484
-0.004568
0.001057
-0.004785
0.023907
0.002727
-0.001890
0.009077
0.007661
0.000342
0.000166
0.000525
0.002224
-0.020499
0.007842
-0.002005
-0.012577
-0.003071
-0.001133
-0.012661
-0.005598
0.012834
-0.002512
-0.000529
-0.003663
0.001653
0.003873
0.041260
0.002970
-0.002878
0.001997
0.001426
0.002683
0.015457
-0.006934
0.000025
0.005634
-0.001175
-0.005449
-0.002278
0.001152
0.000011
0.013009
0.004292
-0.004202
0.013105
0.000161
-0.000006
0.001289
-0.003720
0.000239
-0.000242
0.000093
0.006474
-0.029601
0.000630
-0.007717
0.024413
0.008029
0.001863
-0.031492
-0.006966
-0.000695
-0.001759
0.014937
-0.002081
0.013049
-0.002212
-0.000908
0.000826
-0.007507
0.000279
0.003740
0.000629
-0.004989
-0.008679
-0.000549
-0.006099
-0.000872
-0.005975
-0.004685
0.001494
-0.003876
0.015353
0.000465
-0.010125
-0.017058
-0.003109
0.003853
-0.003219
0.012140
-0.000857
-0.009544
-0.005060
0.000180
-0.000574
0.019842
0.021505
-0.000064
0.004775
-0.008834
-0.000763
-0.000143
0.003144
0.004201
0.008253
0.026136
-0.006999
-0.006483
-0.003447
0.000667
-0.001686
0.008045
-0.003266
0.004141
0.000158
-0.005553
-0.001503
0.000522
0.014780
0.001515
-0.000587
0.004810
-0.011063
0.006088
-0.000311
0.005386
-0.000487
0.000594
-0.000902
-0.005422
-0.013774
-0.000674
-0.004520
-0.000002
-0.003462
-0.039385
0.002019
0.002801
-0.008135
-0.012330
0.008557
-0.004159
-0.007429
-0.007382
0.005100
0.004126
-0.015005
-0.006945
0.001419
0.001880
-0.002990
-0.006016
0.000981
-0.003401
0.003087
-0.030342
0.001528
0.009677
-0.022198
-0.000064
-0.010358
-0.008108
0.008839
-0.019152
0.019796
-0.005616
-0.000463
-0.003431
-0.001438
0.005969
0.005372
-0.001384
-0.021137
0.007723
-0.003978
0.000565
0.002380
0.000954
-0.021790
-0.001888
0.009207
-0.000868
-0.000520
0.012065
-0.024748
-0.004694
-0.000215
-0.008357
0.005511
0.000561
0.007792
-0.004881
-0.000625
0.004214
-0.000738
0.010716
0.000204
-0.012140
-0.001325
-0.000652
0.002468
-0.030409
-0.005489
-0.015154
0.001763
-0.001224
0.014399
-0.004834
0.017130
-0.002123
-0.000499
0.005245
-0.005402
-0.002064
0.001012
0.001511
0.001480
0.000125
0.024744
-0.005973
-0.006246
0.007485
-0.002218
-0.000561
0.004297
0.001151
-0.000261
-0.001440
0.000193
0.000191
0.000069
0.008815
-0.005860
-0.000700
0.016787
0.010525
-0.000517
-0.000999
0.002609
0.003440
0.023685
0.003720
0.007544
0.009929
-0.012864
-0.006006
-0.000084
-0.001818
-0.005110
0.004761
0.000045
0.009647
0.001377
-0.019947
0.009479
-0.028470
0.005366
-0.006692
0.001009
0.007566
-0.001425
0.000791
-0.005376
0.006556
-0.001878
0.000191
-0.003069
-0.001026
-0.009969
0.028065
0.000904
-0.002778
-0.005545
0.001753
0.005110
-0.011278
0.021097
0.001532
0.001298
-0.003814
-0.009853
-0.003760
0.003741
-0.001084
0.004284
0.014246
0.003792
-0.000233
0.017433
0.007813
0.012165
0.004503
-0.003185
-0.006756
-0.004679
-0.003985
-0.000051
-0.001034
0.005946
-0.010009
-0.007420
-0.002650
0.000269
-0.000809
0.012118
0.000961
0.000228
0.002234
-0.000078
-0.017551
0.004369
0.002907
-0.015601
-0.005491
-0.000970
-0.000391
0.004892
0.000292
0.004696
0.003083
0.010289
0.025181
0.008154
0.001461
-0.007557
0.024509
-0.000455
0.000048
-0.001794
-0.001356
-0.006317
-0.013034
-0.002000
0.005857
0.006388
0.009112
0.000022
0.012334
0.001773
-0.001195
-0.002321
0.004563
0.003498
0.001088
-0.001482
-0.001862
-0.004713
0.002641
0.001702
0.000142
-0.001519
-0.001525
0.018937
0.002192
-0.005601
-0.009230
-0.006227
0.004837
0.002077
0.000905
-0.001194
-0.001849
0.010305
-0.003374
-0.001473
0.001392
-0.000157
0.000579
0.003810
-0.002854
0.000288
0.000369
0.004169
-0.000179
-0.014192
-0.000010
0.001585
-0.009486
0.017038
-0.004472
0.000069
0.005269
-0.015894
0.031519
0.000661
-0.010194
0.008466
-0.000562
0.001320
0.000038
-0.005583
-0.014018
0.000752
0.002266
-0.003056
-0.000556
-0.002421
-0.003623
0.011009
-0.008889
0.006706
0.006735
0.008881
0.004854
0.009210
0.020073
0.000223
0.006551
0.002442
-0.006883
0.000703
0.007650
-0.001476
-0.001584
0.010456
0.000525
-0.009005
-0.008376
0.006972
-0.014196
0.011076
0.004695
-0.000158
0.004778
-0.001568
0.017469
-0.005371
0.002677
-0.000190
-0.012964
0.013038
0.001166
0.015272
-0.003460
0.020819
-0.001900
-0.001068
0.000768
0.006534
-0.006614
-0.009393
-0.007649
-0.008713
-0.013270
-0.009624
0.000203
-0.000863
0.017894
0.000627
-0.003683
-0.000352
-0.002499
0.000219
-0.009212
0.004161
0.002046
0.006180
0.025439
-0.000237
0.020158
-0.008364
0.000282
0.006212
-0.009964
-0.023172
0.000270
0.000383
-0.000998
-0.001825
-0.002209
-0.003947
0.000322
0.000172
-0.000154
0.002760
0.027455
-0.003358
0.009756
0.001359
-0.002083
0.007389
-0.001528
0.000737
-0.000041
-0.012303
0.002318
-0.000370
0.007959
-0.005113
-0.003237
-0.007125
-0.005970
0.004093
0.005452
0.003845
-0.004022
-0.007199
0.003852
0.005800
0.003688
0.007038
0.018143
0.000333
0.008424
0.001981
-0.008156
0.004527
0.000342
-0.020409
0.025482
-0.005338
-0.020550
-0.006134
0.042853
-0.001935
0.016714
-0.002410
-0.000600
0.002774
0.006679
-0.008156
0.000027
-0.003137
-0.002566
0.019178
0.016367
-0.000094
0.006144
-0.006745
-0.015412
0.000813
0.014000
0.028373
-0.009765
0.000152
0.000153
-0.014476
-0.002395
-0.007108
-0.001899
-0.003108
0.015008
0.004097
-0.001800
0.000442
0.013735
0.003036
-0.006814
-0.000022
0.003029
0.003853
-0.004632
-0.000263
0.011250
-0.001304
0.003885
0.008449
-0.002122
0.000195
0.000313
0.009561
-0.000772
0.000152
0.001435
0.002428
0.023498
0.005225
0.003579
-0.004020
0.002801
0.010623
0.010958
-0.003452
0.001363
0.005418
0.014203
0.003258
0.001999
0.001919
0.002790
-0.005225
0.000711
-0.000427
-0.006381
-0.001473
-0.002675
0.004854
-0.015620
0.000081
0.021046
0.005901
0.017629
-0.002650
0.008840
-0.003679
0.003498
-0.002599
0.020188
-0.001186
-0.004302
-0.002912
0.005992
0.000347
-0.000859
0.000459
0.000284
-0.002929
0.021409
0.038307
0.000460
0.000207
0.008082
0.011374
-0.007413
-0.007102
0.006648
0.004975
-0.000520
0.030531
0.006768
-0.011502
0.001169
0.001021
0.003861
0.002948
0.001713
-0.000053
-0.014771
-0.005820
-0.000568
0.005089
-0.000992
-0.000183
-0.022254
-0.016676
0.013564
-0.000500
-0.018187
-0.007017
-0.018659
0.000163
0.008057
0.016056
0.000983
-0.003836
0.000029
0.002664
0.004069
0.000622
0.002194
0.004037
-0.008007
-0.006238
-0.020767
0.002262
-0.006547
-0.008693
0.005887
0.023490
-0.020102
-0.008506
-0.008536
0.002030
0.008142
0.002726
-0.013025
-0.005573
0.000558
-0.004330
-0.001658
-0.004532
-0.001920
-0.002876
-0.015715
-0.009272
-0.022722
0.019340
-0.003593
-0.000104
0.006659
0.002333
-0.001846
-0.001179
0.004609
0.008685
0.003248
-0.000457
-0.000529
-0.010790
-0.000579
-0.033577
0.000424
0.002475
-0.000355
-0.000742
0.018514
-0.019112
0.005477
0.015802
0.008984
-0.005145
-0.001144
0.014045
-0.003667
-0.000708
-0.004703
0.000446
-0.003280
-0.000278
-0.003367
-0.000398
0.008308
0.005293
-0.007476
0.003423
0.016864
-0.000812
-0.006557
0.018338
0.004064
-0.002617
0.012162
-0.000372
0.002431
-0.000788
0.002527
0.002803
-0.000488
0.007051
-0.001100
-0.007444
0.003904
0.000632
-0.003936
0.005000
-0.001747
0.001433
-0.003640
0.000056
-0.001670
0.004008
-0.002648
0.001684
0.004742
-0.013402
-0.002976
-0.010208
0.001602
0.001396
0.001187
0.016989
-0.006172
-0.022167
0.002584
-0.007343
-0.000005
0.010894
-0.010284
-0.001631
-0.012198
0.007531
0.002292
-0.006817
-0.001943
0.011424
0.053798
-0.001303
-0.008007
0.008381
-0.028009
0.002073
-0.024247
-0.000725
-0.001454
-0.004516
-0.001635
0.002327
0.000037
-0.000390
-0.002737
-0.009139
-0.007505
-0.001160
-0.006611
0.007361
-0.002213
0.007411
-0.010002
-0.002107
-0.001377
0.003923
0.002785
-0.012296
-0.003981
-0.002746
-0.000397
0.002997
-0.009918
0.003108
-0.004239
-0.011013
0.009671
0.009254
0.000547
-0.012725
0.004724
-0.004387
0.001969
0.005529
0.002758
0.004202
0.004638
-0.003250
-0.000345
-0.000002
-0.001140
0.014788
-0.004076
-0.000076
0.007121
-0.005306
0.008084
-0.017247
-0.001914
0.010798
0.001252
0.006999
-0.008067
0.001160
-0.000033
0.005177
0.003661
0.010568
0.013739
0.007580
0.000789
0.000792
-0.002966
0.000195
0.005347
0.003152
-0.018193
-0.007027
-0.009030
0.010533
-0.019908
0.005459
-0.018388
-0.006313
-0.010218
0.002466
0.005707
0.004552
-0.007222
0.005790
0.003516
0.014709
0.002507
0.004395
-0.001105
-0.004421
0.001019
0.001941
-0.004929
-0.028636
-0.002049
0.000403
0.012982
0.011199
-0.004381
-0.000939
0.000280
-0.009657
0.000506
-0.024360
0.001525
-0.009949
-0.000561
-0.000727
-0.002611
0.008060
-0.000265
-0.000156
0.000593
-0.001322
0.000485
0.000617
0.000996
0.000474
0.022753
0.000458
-0.000342
-0.000325
0.004668
-0.002053
-0.020015
0.002964
-0.006951
-0.009047
-0.001338
0.000568
0.000029
0.000225
0.010880
0.000798
0.003734
-0.006961
-0.005453
0.001824
0.030948
0.004008
0.005700
0.014247
-0.002388
-0.015096
0.003027
0.000089
-0.004831
0.003892
-0.009588
0.007261
0.009552
-0.000247
-0.029196
0.000041
-0.015245
0.023516
-0.001582
0.007821
0.033056
0.001187
0.014558
-0.012288
0.004488
0.000144
-0.007706
0.004441
0.013035
0.014248
0.022348
-0.005253
0.015643
-0.002552
-0.001071
-0.003926
-0.001623
-0.010420
-0.002350
-0.003851
-0.000787
-0.004815
-0.015105
-0.007277
0.002206
0.002784
0.004226
0.004354
0.004766
0.003592
-0.019042
-0.000366
-0.000923
0.000099
-0.001904
-0.000238
0.020876
-0.003744
-0.016088
0.003751
-0.004484
-0.001832
-0.007075
0.001135
-0.001588
0.011682
-0.008045
0.007077
0.023886
-0.000310
0.001383
0.014463
0.000868
0.006951
-0.000857
0.006763
0.001026
0.019675
-0.001168
0.004117
-0.001223
0.005387
-0.001763
0.011213
0.005663
-0.000658
0.001431
0.006039
0.002561
-0.000082
-0.021567
0.001330
0.001851
0.008881
-0.003442
0.000859
0.003309
-0.007049
-0.005589
0.029699
0.002161
-0.002718
0.007863
-0.013747
-0.005540
-0.001269
-0.008439
-0.000975
-0.001065
-0.003223
0.010377
-0.011970
0.004594
0.004156
0.015276
-0.002581
0.007945
0.003109
0.014113
0.003858
0.000508
-0.000445
0.004692
-0.000914
-0.000326
-0.000956
-0.000605
-0.005584
-0.044293
-0.000020
-0.009677
-0.005008
0.003598
-0.001917
0.014519
-0.006359
-0.008944
0.000145
0.008180
0.025861
-0.008092
-0.004235
-0.001452
-0.004243
0.014880
-0.000285
-0.000905
0.004314
0.004467
-0.005358
-0.000083
0.011549
-0.004738
-0.014618
0.009646
0.002052
0.012433
-0.005569
-0.013498
0.006407
-0.003554
0.000042
-0.000023
-0.005319
-0.000781
-0.000094
-0.003836
0.006039
-0.015039
0.001854
-0.024863
0.002613
0.000902
-0.001529
0.014300
-0.000193
-0.001275
-0.002009
0.002509
-0.017760
-0.001763
0.019412
-0.000701
0.001551
-0.000231
-0.000755
-0.000948
0.002594
-0.005691
0.005041
-0.008958
0.007649
0.021033
-0.004673
-0.005499
-0.001640
0.017898
-0.000325
0.001148
-0.003508
0.004845
-0.000291
-0.007142
0.002381
0.004223
-0.001409
-0.002722
0.005397
-0.001427
-0.003236
0.001905
-0.030882
0.001344
0.003430
0.002233
0.004601
-0.003919
0.001865
0.001032
-0.010490
0.003670
0.001293
0.005094
0.000106
0.001281
-0.000902
-0.002053
0.003964
0.001216
0.000003
-0.006281
0.000757
-0.000025
0.003634
-0.000483
-0.000886
-0.022147
-0.026524
-0.007663
-0.000103
0.006355
-0.020495
0.005149
0.003384
-0.009551
0.001581
0.000697
-0.003219
0.000025
0.006269
0.009531
0.001489
-0.008012
0.005641
-0.005736
0.002172
-0.019987
0.000357
-0.001821
-0.007446
0.000187
0.001490
0.001770
-0.005844
0.004871
0.001301
-0.001937
0.003413
-0.008205
0.007390
-0.005327
0.002593
-0.050399
-0.030571
0.000381
0.002996
-0.008039
0.007225
0.030184
0.006313
-0.004518
-0.000012
-0.000413
-0.001501
0.007628
-0.009184
0.011627
-0.015258
0.017296
0.001983
-0.004717
-0.002985
-0.005456
-0.016699
0.001886
0.005774
0.000306
0.000388
-0.015761
0.000702
0.005583
0.005535
-0.003164
-0.006979
-0.002615
0.003700
-0.006222
-0.000042
-0.001382
0.000881
-0.001164
0.000311
-0.006340
0.000877
-0.001638
0.003987
0.006928
0.006389
0.002763
0.001417
-0.004502
0.008081
0.011074
-0.008601
0.000879
-0.000349
0.001542
0.026128
0.001742
-0.009540
-0.000653
0.002293
-0.000382
-0.000226
0.012472
0.001639
0.001338
0.007433
0.005378
0.000620
0.002153
0.000131
-0.002575
0.010811
-0.001204
-0.001488
0.010420
0.010325
0.000735
0.005592
-0.004211
0.000139
-0.004230
0.013998
-0.002854
0.010230
-0.001456
0.000404
-0.002519
-0.002524
0.010403
-0.002573
-0.001280
-0.002697
0.011325
0.001789
-0.000183
0.012148
-0.017433
-0.001304
0.007620
0.002789
-0.013229
-0.003467
-0.004188
-0.004066
-0.000416
-0.012323
-0.000269
0.009760
0.000093
-0.001925
0.003398
-0.000194
-0.017801
-0.004133
-0.013528
-0.002085
0.005084
0.017648
-0.004814
-0.005390
0.000059
-0.003349
-0.006164
0.022830
0.007862
-0.007272
0.000349
0.009794
-0.005837
-0.000345
-0.000477
0.004046
-0.003617
-0.000367
-0.002846
-0.010721
0.000609
-0.004820
0.003543
0.001346
-0.013448
0.006040
0.002323
-0.003653
0.000983
-0.000007
-0.000100
-0.003013
-0.003341
0.000261
0.001336
-0.006336
0.011814
0.010309
0.009451
-0.009981
0.011925
-0.005070
0.002810
-0.005806
0.000564
-0.012105
-0.014620
-0.015513
-0.011138
0.014938
-0.001273
0.003120
-0.003511
-0.000036
0.000199
-0.006484
0.019644
0.001488
0.011128
0.005952
0.009357
0.002297
0.014427
0.000017
-0.004411
-0.002936
-0.004682
-0.000596
0.018692
0.002792
0.008971
-0.001535
-0.002717
0.001623
0.002336
-0.000980
0.000044
-0.000229
0.005705
-0.000915
0.002482
0.001841
-0.007639
-0.002304
-0.002039
-0.004358
0.004954
0.002812
-0.020651
-0.021794
-0.001461
-0.019215
0.000965
-0.003768
0.006438
0.007323
0.001178
0.000379
-0.006652
-0.003070
0.001433
-0.019090
-0.001566
0.000396
-0.009734
0.001668
0.003385
0.000195
0.002254
-0.003376
-0.012844
-0.001806
-0.000773
0.010266
0.001439
0.009063
-0.000009
0.003214
0.032393
0.000171
0.000462
-0.013022
-0.005028
-0.000788
-0.022685
0.000265
-0.002326
0.003758
0.005011
-0.001424
-0.005643
0.005411
-0.009214
-0.001574
0.002041
-0.007527
0.002886
-0.008722
-0.024745
-0.000246
0.025292
-0.001929
-0.001148
-0.004246
-0.024175
0.003025
0.035500
0.001443
0.000877
-0.000043
-0.004200
-0.001794
0.004643
0.007570
-0.020448
-0.015290
-0.009559
0.011963
0.001657
0.017017
-0.000554
0.006648
-0.000173
-0.004535
0.000530
-0.002085
-0.014905
0.000688
-0.007494
-0.014722
-0.002005
-0.004146
0.000890
-0.011258
-0.001408
-0.000598
0.003240
-0.001218
0.004426
-0.000128
-0.006256
-0.000365
0.006692
-0.003235
0.009393
-0.003787
-0.003918
0.009638
0.001309
-0.006979
0.006373
0.034811
0.001557
0.000120
0.001977
0.008103
-0.003993
0.004857
0.000468
-0.008254
-0.000088
-0.016167
-0.022415
0.006781
0.005271
0.011696
0.001512
0.001570
0.004115
0.000044
0.000053
-0.006979
0.006150
0.000984
-0.000453
-0.007924
-0.000481
-0.005883
0.001781
0.000670
-0.000071
0.011195
-0.004026
-0.025960
-0.002799
-0.009612
-0.000503
0.003271
-0.005808
0.000860
-0.013498
0.001769
-0.009293
0.001701
-0.002537
0.008585
0.021348
-0.003040
0.001960
-0.005301
0.018406
0.008443
-0.011787
-0.002891
0.003846
-0.003194
0.001151
0.000760
-0.000170
-0.004909
-0.000198
-0.010526
-0.010483
0.001499
0.004789
0.001218
-0.006677
0.009401
-0.004402
0.011663
-0.009426
0.004401
0.004425
0.014275
-0.004203
0.005959
-0.001055
-0.001615
-0.000253
-0.005087
-0.000292
0.016405
0.001036
0.000454
-0.000359
-0.007750
0.003000
0.001570
0.004163
0.000898
0.003332
0.012384
-0.004222
-0.008364
0.000045
-0.000361
0.002405
0.019808
0.000591
-0.000535
0.001599
-0.014016
-0.000760
-0.001012
0.001650
-0.000528
0.000337
0.012675
-0.003511
0.004515
-0.001408
0.003868
0.002030
-0.000062
-0.020644
0.004834
-0.000222
0.002820
-0.013639
0.000735
-0.000031
0.000544
0.017540
-0.010941
-0.004703
-0.009812
0.002433
-0.015820
-0.003909
0.007966
-0.000352
-0.019953
0.003180
0.001597
0.016520
0.004491
0.005348
-0.004989
-0.003362
0.002620
-0.013440
0.004267
0.000965
0.002129
0.014784
0.001840
-0.000337
-0.004964
-0.016579
0.004287
0.007494
0.004561
0.000921
0.004083
-0.003357
0.017679
-0.007516
0.006594
0.001824
-0.002193
-0.002780
-0.003423
-0.001083
0.000197
-0.003382
0.003304
-0.000297
0.000018
-0.000952
0.000849
0.019542
-0.011486
0.010252
-0.000290
-0.003369
0.008552
-0.005515
0.001526
0.016750
-0.005886
-0.001103
0.001437
-0.000001
0.001086
-0.012699
-0.001547
-0.004566
0.011503
0.004670
-0.003749
-0.009085
0.002881
0.000242
0.006403
0.002468
0.001826
-0.008106
0.003048
0.001932
-0.000608
-0.019705
-0.029145
0.006736
-0.004903
-0.010706
0.005293
0.003994
-0.001494
-0.002705
-0.006505
0.001577
-0.005054
-0.014935
0.019452
0.001445
-0.000095
0.002579
-0.003789
0.001802
0.002765
0.027915
-0.007440
-0.017913
0.001424
-0.002227
-0.009332
-0.005560
-0.015392
-0.001788
-0.001917
-0.001340
-0.001687
-0.055054
-0.015128
-0.001375
0.002921
0.015808
-0.004859
-0.000610
0.002394
0.000316
-0.000121
-0.001042
0.000225
0.012284
0.000179
-0.004507
0.001964
0.002441
-0.010638
0.020811
0.005711
-0.002039
-0.003423
-0.003148
-0.046339
0.010177
-0.002104
-0.000741
0.000193
-0.001434
-0.005393
-0.000426
0.026037
-0.000808
-0.003283
0.000298
-0.004172
-0.006210
0.001335
0.016529
0.004914
-0.000197
0.010258
0.005169
-0.000235
-0.004301
-0.002253
0.003740
-0.000350
0.017319
-0.014092
0.005215
-0.001214
0.007143
-0.003126
0.002268
0.005433
-0.002003
-0.027060
0.000069
-0.005557
-0.000588
-0.008171
0.018148
0.000525
-0.008143
-0.003742
-0.019804
-0.000856
-0.003133
-0.007441
-0.005544
0.004979
0.006713
-0.000401
0.008536
-0.001563
-0.012828
-0.000815
0.001157
-0.005331
0.003574
-0.004665
-0.000070
-0.002056
-0.000825
0.016214
0.016005
0.001038
-0.010324
-0.000502
-0.010606
-0.001701
0.001012
0.010020
-0.003249
0.001271
0.005427
0.015307
0.003213
-0.027682
0.001643
0.003129
-0.027839
0.000487
-0.002809
0.003359
-0.006828
-0.005170
-0.002746
0.011994
-0.003093
0.000319
0.000805
-0.000446
-0.002983
0.000478
-0.006627
-0.004803
0.001088
-0.000165
-0.000079
0.008617
-0.000630
0.000455
-0.002995
-0.006033
-0.014277
0.001405
-0.031204
-0.010683
0.000746
-0.004672
0.017323
0.002739
0.000074
-0.006505
-0.006238
-0.001077
-0.009127
-0.006149
0.002471
-0.001249
-0.005494
-0.000253
0.003773
0.002395
0.011299
-0.019241
-0.005831
0.011933
0.004966
0.015759
0.013445
0.004091
-0.017784
-0.011335
-0.003207
0.004313
0.009130
0.001520
-0.003589
0.003146
0.008636
-0.000281
-0.004236
-0.000668
-0.001579
0.001106
0.009299
-0.010010
-0.000589
0.002045
0.008824
-0.003236
-0.006356
-0.000115
0.003638
0.000759
0.004792
0.031212
-0.001625
-0.000928
0.000316
0.003337
-0.004108
-0.003108
-0.002196
0.000179
0.009001
-0.003454
-0.000638
-0.002746
0.000451
0.002339
-0.004564
0.006924
-0.000826
0.000152
-0.001419
-0.004224
-0.000219
-0.003752
-0.011731
-0.001261
0.002051
-0.000226
0.000029
0.002889
-0.016740
-0.000336
0.004204
-0.017038
-0.004789
-0.000519
-0.012790
0.007722
-0.009243
0.007356
0.004068
0.004325
-0.001677
0.011138
-0.004520
-0.000068
0.010838
0.009398
-0.007890
-0.007280
0.010313
0.000304
0.010698
0.010119
-0.000740
0.002982
-0.007334
0.006370
0.049628
-0.006594
0.000850
0.000025
-0.006367
-0.000913
0.005473
-0.000913
0.026756
0.014814
0.001717
-0.000598
-0.000371
-0.012465
-0.001436
0.032426
0.003404
0.000577
-0.000493
-0.000693
-0.029830
0.008313
0.005936
-0.000971
-0.008803
-0.008036
-0.001971
0.010607
-0.009561
0.000013
0.007109
-0.000025
0.021398
-0.000210
-0.010183
-0.003278
-0.000617
0.000074
0.007440
-0.000091
0.001490
0.010203
-0.002183
-0.003061
0.008177
0.016074
0.004628
0.000130
-0.001538
0.005260
0.000545
-0.005520
0.001663
-0.005755
0.001097
-0.018962
-0.016364
-0.000506
-0.005493
0.007394
-0.000291
0.004549
-0.003265
0.001428
0.000539
0.006618
0.002217
-0.000898
0.006682
0.002890
0.000206
-0.001860
-0.008726
0.005316
0.000260
0.000374
0.005051
0.007945
-0.001566
0.001975
0.006131
0.007096
0.005954
0.001002
0.031349
-0.005757
-0.005834
-0.001238
-0.008623
0.013720
0.003100
0.008058
0.015070
0.000497
0.022451
-0.000504
-0.034536
0.005293
-0.001156
-0.005197
0.010486
0.011376
-0.000558
-0.001430
-0.004645
0.009526
-0.018294
-0.000726
-0.005918
-0.002816
0.014606
-0.019804
0.006595
0.050713
0.008090
0.002232
-0.004979
-0.010951
0.004251
-0.017097
0.001028
-0.006841
-0.004342
0.004005
-0.000555
-0.019773
-0.012371
0.008176
-0.000588
0.006637
-0.001092
-0.011442
-0.000896
0.002676
0.006040
-0.014772
0.004385
0.003634
0.000411
0.000249
0.000776
0.001994
-0.001833
-0.000238
0.000056
-0.009858
0.014922
0.007112
0.006931
-0.027395
-0.000638
-0.000904
-0.003604
-0.002319
0.000574
0.000893
-0.008855
0.000654
0.021031
0.004783
-0.000482
0.004392
0.004799
0.000205
0.001214
0.002683
-0.016852
-0.013593
0.001048
-0.007895
0.012999
-0.005307
-0.028538
-0.003549
-0.002217
0.008903
0.005595
0.003322
0.003219
0.003354
0.003259
0.002634
0.004204
0.000959
0.003032
0.000479
0.001227
-0.000082
0.002231
0.007032
0.001607
-0.001658
0.025611
-0.003153
0.011555
-0.001712
0.002141
0.003694
-0.013130
0.029788
0.009352
0.009680
0.000291
0.000363
-0.002206
0.000829
0.003419
-0.000082
0.012677
-0.004352
-0.000840
-0.003425
0.000301
0.001868
-0.031263
-0.003260
0.005220
-0.000325
0.004074
-0.006247
-0.016605
-0.004145
0.002164
-0.006820
0.002525
-0.000226
0.000029
0.002889
-0.016740
-0.000336
0.004204
-0.017038
-0.004789
-0.000519
-0.012790
0.007722
-0.009243
0.007356
0.004068
0.004325
-0.001677
0.011138
-0.004520
-0.000068
0.010838
0.009398
-0.007890
-0.007280
0.010313
0.000304
0.010698
0.010119
-0.000740
0.002982
-0.007334
0.006370
0.049628
-0.006594
0.000850
0.000025
-0.006367
-0.000913
0.005473
-0.000913
0.026756
0.014814
0.001717
-0.000598
-0.000371
-0.012465
-0.001436
0.032426
0.003404
0.000577
-0.000493
-0.000693
-0.029830
0.008313
0.005936
-0.000971
-0.008803
-0.008036
-0.001971
0.010607
-0.009561
0.000013
0.007109
-0.000025
0.021398
-0.000210
-0.010183
-0.003278
-0.000617
0.000074
0.007440
-0.000091
0.001490
0.010203
-0.002183
-0.003061
0.008177
0.016074
0.004628
0.000130
-0.001538
0.005260
0.000545
-0.005520
0.001663
-0.005755
0.001097
-0.018962
-0.016364
-0.000506
-0.005493
0.007394
-0.000291
0.004549
-0.003265
0.001428
0.000539
0.006618
0.002217
-0.000898
0.006682
0.002890
0.000206
-0.001860
-0.008726
0.005316
0.000260
0.000374
0.005051
0.007945
-0.001566
0.001975
0.006131
0.007096
0.005954
0.001002
0.031349
-0.005757
-0.005834
-0.001238
-0.008623
0.013720
0.003100
0.008058
0.015070
0.000497
0.022451
-0.000504
-0.034536
0.005293
-0.001156
-0.005197
0.010486
0.011376
-0.000558
-0.001430
-0.004645
0.009526
-0.018294
-0.000726
-0.005918
-0.002816
0.014606
-0.019804
0.006595
0.050713
0.008090
0.002232
-0.004979
-0.010951
0.004251
-0.017097
0.001028
-0.006841
-0.004342
0.004005
-0.000555
-0.019773
-0.012371
0.008176
-0.000588
0.006637
-0.001092
-0.011442
-0.000896
0.002676
0.006040
-0.014772
0.004385
0.003634
0.000411
0.000249
0.000776
0.001994
-0.001833
-0.000238
0.000056
-0.009858
0.014922
0.007112
0.006931
-0.027395
-0.000638
-0.000904
-0.003604
-0.002319
0.000574
0.000893
-0.008855
0.000654
0.021031
0.004783
-0.000482
0.004392
0.004799
0.000205
0.001214
0.002683
-0.016852
-0.013593
0.001048
-0.007895
0.012999
-0.005307
-0.028538
-0.003549
-0.002217
0.008903
0.005595
0.003322
0.003219
0.003354
0.003259
0.002634
0.004204
0.000959
0.003032
0.000479
0.001227
-0.000082
0.002231
0.007032
0.001607
-0.001658
0.025611
-0.003153
0.011555
-0.001712
0.002141
0.003694
-0.013130
0.029788
0.009352
0.009680
0.000291
0.000363
-0.002206
0.000829
0.003419
-0.000082
0.012677
-0.004352
-0.000840
-0.003425
0.000301
0.001868
-0.031263
-0.003260
0.005220
-0.000325
0.004074
-0.006247
-0.016605
-0.004145
0.002164
-0.006820
0.002525
-0.000199
-0.000006
-0.013677
0.001516
-0.000015
0.006661
-0.005457
0.008134
0.003371
0.025534
0.003958
-0.007072
-0.006301
-0.000353
0.010319
0.003828
0.003919
-0.004248
-0.003934
-0.013512
-0.005717
-0.004044
-0.006139
0.011771
-0.007904
-0.017415
0.015326
-0.001463
0.000776
-0.053215
-0.000606
0.051600
-0.006582
0.000102
0.000173
-0.003141
0.002308
-0.014798
-0.005002
-0.006540
-0.001041
-0.005441
0.006573
0.002816
0.009943
-0.001948
0.007498
0.001686
-0.009847
0.001036
0.006555
0.015475
-0.010846
-0.000055
0.009598
-0.009013
0.017064
0.000083
-0.002715
0.018960
-0.000047
-0.000541
-0.000155
-0.013781
-0.000456
-0.013623
0.002216
0.017764
-0.000931
0.009518
-0.006335
0.020821
-0.007291
0.000409
0.010776
0.010879
-0.002296
0.003744
0.000308
-0.004365
0.008514
-0.001661
0.009272
-0.000977
-0.000709
-0.000086
-0.006716
-0.006841
-0.001896
0.008627
-0.010484
-0.002215
0.008229
-0.000517
-0.000041
-0.001402
-0.006549
-0.000966
0.001234
0.000633
0.006471
-0.001873
-0.002142
-0.003621
-0.000078
-0.000296
0.007225
0.008700
0.010002
-0.003550
-0.003802
-0.006282
0.022060
0.020063
-0.000538
-0.004692
0.002203
0.009180
-0.001558
0.000236
-0.018412
0.002309
-0.007651
0.018609
0.003943
0.009387
-0.000765
0.009549
-0.003256
-0.000740
-0.000376
0.000779
-0.001957
-0.000348
-0.000952
0.004568
-0.010239
0.000011
-0.001084
0.000838
-0.002210
-0.003508
-0.021098
-0.003668
0.013156
-0.000553
0.001762
0.002537
0.017087
0.000190
-0.007195
0.001240
-0.000153
0.001959
-0.004931
-0.000749
-0.018149
-0.002429
0.004028
0.000716
0.007288
-0.004263
-0.009871
0.012322
0.000907
-0.001408
-0.001776
0.002183
0.019686
-0.001280
0.000002
-0.002034
-0.017682
-0.000566
-0.000501
-0.002177
-0.005681
0.014409
-0.002239
0.015767
-0.034842
0.010936
0.000285
0.003102
-0.002528
-0.000603
-0.003189
-0.002976
0.001972
-0.004507
0.008074
-0.001348
0.000643
0.010255
0.000379
0.006286
-0.001733
0.002531
0.002399
0.005929
0.002250
0.015656
-0.004879
-0.015136
0.004528
0.015234
0.008218
-0.000341
0.000842
0.019196
0.010652
-0.006716
-0.006529
0.005470
-0.005027
-0.000491
0.008690
0.000207
-0.005425
-0.005525
0.012663
-0.000573
0.001065
0.002108
-0.029376
-0.004423
0.001382
-0.009947
0.002639
0.003549
0.013034
-0.001697
0.014123
-0.000580
0.001833
-0.001949
-0.006189
0.002331
-0.000269
0.015090
0.001254
0.000038
-0.001171
0.001382
0.000018
0.020004
0.031055
0.002793
-0.000035
0.000064
-0.013790
-0.008225
-0.001969
0.005969
-0.003881
-0.000244
-0.002896
-0.000054
-0.001745
-0.003327
-0.000022
0.002758
0.018480
0.008752
-0.000694
-0.009141
0.004810
0.001441
0.010882
0.003549
-0.019454
0.005252
0.006421
0.003449
0.008043
-0.002287
0.007758
-0.004800
0.002409
-0.011627
0.012483
-0.023626
0.018986
0.002197
0.003955
-0.001244
0.001792
0.005590
-0.002244
-0.011510
-0.000040
0.005684
-0.001359
0.006751
-0.005746
-0.025781
-0.010600
-0.013363
-0.004657
0.004189
0.002325
0.005887
-0.021225
0.000853
0.004369
0.000469
-0.000852
-0.002865
-0.018687
-0.007347
0.021100
0.007020
0.005779
0.003079
0.005553
0.002079
0.000363
-0.002452
0.000635
0.004486
0.000041
-0.008458
-0.001574
-0.013598
0.000951
-0.017089
-0.008471
0.004015
-0.006175
0.000232
-0.010683
-0.006626
-0.009250
0.010125
-0.000935
-0.000762
-0.004296
-0.003212
-0.001094
-0.000366
-0.004062
-0.000121
-0.014015
-0.020498
0.003192
0.001220
0.006228
-0.001463
0.000629
-0.004006
0.001092
-0.000606
-0.021611
0.000719
0.000153
-0.012938
0.006752
-0.001177
-0.013253
0.008606
0.006721
-0.000012
-0.007398
0.006782
-0.007199
0.002596
0.002132
0.001884
-0.014050
-0.019259
-0.001936
0.006608
-0.004082
-0.003640
0.002373
0.001186
0.007574
-0.000276
-0.001294
-0.001484
-0.004568
0.001057
-0.004785
0.023907
0.002727
-0.001890
0.009077
0.007661
0.000342
0.000166
0.000525
0.002224
-0.020499
0.007842
-0.002005
-0.012577
-0.003071
-0.001133
-0.012661
-0.005598
0.012834
-0.002512
-0.000529
-0.003663
0.001653
0.003873
0.041260
0.002970
-0.002878
0.001997
0.001426
0.002683
0.015457
-0.006934
0.000025
0.005634
-0.001175
-0.005449
-0.002278
0.001152
0.000011
0.013009
0.004292
-0.004202
0.013105
0.000161
-0.000006
0.001289
-0.003720
0.000239
-0.000242
0.000093
0.006474
-0.029601
0.000630
-0.007717
0.024413
0.008029
0.001863
-0.031492
-0.006966
-0.000695
-0.001759
0.014937
-0.002081
0.013049
-0.002212
-0.000908
0.000826
-0.007507
0.000279
0.003740
0.000629
-0.004989
-0.008679
-0.000549
-0.006099
-0.000872
-0.005975
-0.004685
0.001494
-0.003876
0.015353
0.000465
-0.010125
-0.017058
-0.003109
0.003853
-0.003219
0.012140
-0.000857
-0.009544
-0.005060
0.000180
-0.000574
0.019842
0.021505
-0.000064
0.004775
-0.008834
-0.000763
-0.000143
0.003144
0.004201
0.008253
0.026136
-0.006999
-0.006483
-0.003447
0.000667
-0.001686
0.008045
-0.003266
0.004141
0.000158
-0.005553
-0.001503
0.000522
0.014780
0.001515
-0.000587
0.004810
-0.011063
0.006088
-0.000311
0.005386
-0.000487
0.000594
-0.000902
-0.005422
-0.013774
-0.000674
-0.001143
0.000026
-0.001651
-0.015403
-0.000239
0.000745
0.008012
-0.007825
-0.004173
0.007646
0.003810
0.003895
-0.001560
0.002727
-0.003176
0.011350
-0.005806
0.007896
-0.005089
-0.014581
-0.001540
-0.011118
-0.006009
-0.016193
0.010464
-0.028137
-0.007752
0.000159
-0.003453
0.000982
-0.014844
0.014967
0.022729
0.006110
0.000085
-0.001648
-0.000826
0.002635
-0.006048
0.010406
0.001571
0.008785
-0.007711
0.000313
0.003089
0.004723
0.016828
-0.005160
-0.005672
0.000347
0.005821
-0.001380
0.001231
-0.005172
0.011067
-0.003927
-0.001291
-0.001824
-0.002536
-0.005476
-0.001200
-0.001382
0.000300
-0.011348
-0.000152
0.010140
0.001548
0.001007
0.003210
0.014046
-0.002923
-0.006402
0.001678
0.003072
0.009492
0.000047
-0.020419
-0.000386
-0.000941
0.000439
0.001407
-0.000739
-0.000773
0.000266
0.000695
0.001373
-0.003525
0.005684
0.004893
0.015479
0.001076
-0.001620
0.000211
-0.005048
-0.000430
-0.001870
-0.003750
0.003949
0.001126
0.008766
0.014464
0.002004
-0.008114
-0.001342
0.000770
0.000865
-0.009688
-0.001064
-0.024283
-0.007714
0.005403
0.007763
0.001934
0.010957
0.000403
-0.005794
-0.002421
-0.009386
0.004714
-0.001181
-0.000986
-0.001260
-0.006578
0.015504
-0.002302
0.002621
-0.005354
0.015087
0.005922
0.000138
-0.009394
-0.004653
-0.008803
0.000700
-0.003041
0.002224
-0.006588
0.018740
-0.003618
-0.001957
0.002765
-0.014110
-0.010136
0.006229
0.006843
-0.011518
0.004097
-0.004853
-0.002821
-0.001991
-0.012361
-0.001789
-0.005046
-0.002093
-0.004287
-0.000472
0.022608
0.000588
0.010434
0.003491
0.001702
0.017213
-0.000233
0.002357
-0.002670
-0.004588
-0.003470
0.011231
-0.007662
-0.001665
-0.000152
0.001939
-0.024476
-0.003144
0.000267
0.000734
0.005403
0.007945
-0.010735
-0.010002
-0.023300
0.003219
-0.001832
0.000795
-0.007115
-0.000215
0.009974
0.005044
-0.013756
-0.025925
0.004743
0.003291
0.002375
0.014073
-0.000052
-0.001495
-0.003494
0.004837
-0.007247
0.001672
0.004137
-0.004069
-0.000196
0.000472
0.000927
0.007164
0.013602
-0.005199
0.000350
-0.005831
-0.004222
-0.001250
0.000054
-0.009283
-0.001647
0.002448
0.003729
-0.000437
0.000064
-0.019612
0.009211
-0.000181
0.007078
-0.012510
0.005572
-0.004481
-0.006856
-0.003813
-0.009738
-0.015883
0.004461
-0.013300
0.003723
0.000873
0.000966
0.003600
0.001217
-0.000295
0.000216
-0.007242
-0.003341
0.000469
0.003118
-0.000194
0.000206
0.014572
-0.009623
0.000888
-0.000663
0.011145
0.010249
-0.018044
-0.003877
-0.013975
0.019942
0.001009
0.000683
-0.000019
0.003548
0.005597
0.000679
-0.002948
0.029775
-0.011291
-0.001947
-0.013252
0.002407
-0.001799
0.012417
0.000058
0.004488
0.019340
0.003410
-0.005948
0.001441
-0.006647
0.003105
0.002949
-0.004001
-0.009407
0.001663
-0.018502
-0.027711
0.000879
-0.009299
-0.033198
0.003053
-0.021420
-0.002253
0.001921
-0.000027
0.008254
0.001345
-0.009861
-0.003522
0.003670
-0.009982
0.012397
-0.001529
0.005934
-0.000009
-0.004372
0.004951
0.003849
-0.010759
0.000240
0.009478
0.018412
-0.002985
-0.005983
-0.016618
-0.006911
0.004045
0.000349
-0.006351
0.003400
-0.000516
0.007732
0.000184
-0.018783
-0.000025
-0.015668
-0.000403
-0.017198
0.004385
0.008299
-0.007359
0.018318
0.013510
-0.002198
-0.006916
-0.012013
-0.006686
-0.015899
0.000890
0.001317
-0.008490
0.001997
0.000627
0.000201
0.001881
0.000127
-0.001648
-0.031440
0.003817
0.001246
-0.010814
-0.000184
-0.001578
-0.003227
0.000024
-0.002359
0.000667
0.001834
0.001486
-0.014350
-0.001675
-0.002026
0.005702
-0.003041
-0.005284
0.004576
-0.012773
0.000465
0.013989
0.003053
0.000946
0.008847
0.026789
0.019901
-0.001376
-0.015637
-0.002349
0.017846
0.001777
-0.008084
0.026732
0.028695
0.010457
-0.036247
-0.004898
0.002613
-0.000455
-0.001206
0.000923
0.000772
-0.005952
0.002702
-0.004210
0.000527
-0.000964
0.003911
0.013248
-0.047866
0.000552
-0.002088
0.004681
-0.018396
-0.008518
0.010731
0.024978
-0.004624
0.001797
0.001603
-0.001119
-0.006777
-0.013867
0.001513
-0.005848
-0.009488
-0.000940
0.002743
-0.033397
0.012759
0.012232
-0.001190
-0.005786
0.008925
-0.007678
-0.004282
0.001571
0.000123
0.001713
-0.005408
0.002000
0.000985
0.000087
-0.000080
0.010192
-0.000657
-0.000513
-0.000649
0.005563
0.023794
-0.012194
-0.013070
0.024848
0.003357
-0.004633
0.000399
-0.002093
0.000239
-0.001084
0.005276
-0.005849
0.004793
0.008577
0.000747
0.003933
-0.011358
-0.000757
0.000086
-0.000803
-0.004425
0.008669
-0.005362
-0.002431
-0.029309
0.002188
0.008839
0.002794
-0.003891
-0.005312
-0.002794
0.000639
0.002873
-0.011663
-0.011926
0.007198
0.001937
-0.001056
0.001058
0.002583
-0.000587
0.004218
-0.000219
0.041468
-0.001055
0.001348
-0.009892
-0.004594
-0.001976
0.000080
0.005437
-0.007112
0.000067
0.004981
-0.001584
-0.002829
0.000915
0.002614
0.003897
-0.007181
-0.000296
0.000157
0.011616
-0.005103
0.000130
-0.007424
-0.000180
-0.004713
0.021485
-0.001066
-0.015909
0.000071
0.008425
0.006274
-0.012680
0.000062
0.004490
0.003123
0.001848
0.000165
0.000031
0.000443
0.024551
0.001810
-0.002050
0.007207
-0.023597
-0.002992
-0.016456
-0.008732
-0.005649
0.001862
0.001766
-0.010384
-0.012444
-0.002374
-0.000979
0.006732
0.005639
-0.006100
0.000745
0.001409
-0.007343
-0.017655
-0.016234
0.011782
-0.001247
0.001770
-0.026122
-0.004326
0.012936
0.010495
0.003136
-0.000244
0.009557
-0.001346
0.006203
0.008537
0.011729
0.006038
-0.011610
-0.000491
-0.001846
-0.015447
0.002096
0.015428
-0.005517
0.003351
-0.000023
0.000165
-0.006301
-0.009457
0.003820
0.004096
0.003724
0.000760
0.000596
0.005444
-0.015807
0.000533
0.001276
0.000064
-0.008109
-0.000126
0.002393
-0.001344
0.001279
-0.002651
-0.021523
0.003532
0.007451
0.000965
-0.002268
0.033612
0.011139
-0.008696
-0.005358
-0.000481
0.005468
0.007905
-0.001641
-0.009159
0.000495
0.002694
-0.000360
-0.006449
0.007066
0.004391
-0.006139
-0.006411
0.000947
0.001339
-0.005173
0.000336
-0.001822
-0.007856
0.002287
0.000839
-0.005837
0.010415
0.001293
0.026382
0.000418
0.006775
-0.000415
-0.005099
0.002651
0.022570
0.012133
0.000995
0.008550
-0.001884
-0.019371
-0.000687
0.015386
0.002575
-0.010380
-0.001378
-0.006416
0.013893
0.018596
0.006166
-0.007548
0.003523
0.011252
0.003593
0.001286
-0.001162
0.001474
-0.001275
-0.005891
0.000054
0.000043
-0.005469
0.001528
0.017114
-0.013545
0.001506
0.015783
0.003558
0.017405
0.014813
-0.003161
0.000868
0.006713
-0.001109
-0.001214
-0.052900
0.003130
0.002242
0.000772
0.005909
0.001095
0.002874
-0.000262
-0.007442
0.011092
0.009888
-0.001836
0.009653
-0.004672
-0.002691
-0.002451
-0.002650
0.007532
-0.000572
0.008740
-0.006198
0.000169
-0.000291
0.000986
0.002877
0.003070
-0.000017
-0.002295
-0.001630
0.013453
0.005733
-0.012077
-0.004398
-0.006106
0.006671
-0.021930
-0.003592
0.001790
-0.005981
-0.003974
-0.003477
-0.009516
0.000175
0.001191
-0.001315
0.000807
-0.000305
-0.001022
0.000540
0.010064
0.015644
-0.003627
-0.012617
0.011968
0.004630
0.015029
0.010715
-0.003663
0.008292
0.000785
-0.004935
-0.004613
0.012852
-0.004753
-0.001372
0.004290
0.001738
0.006417
0.003546
0.000992
0.001714
0.013031
0.004990
-0.003180
-0.001072
-0.000248
-0.016951
0.005559
0.003454
0.010419
0.000113
-0.032642
0.014590
-0.008450
-0.007748
0.001941
-0.000105
0.001247
-0.002704
-0.002660
-0.000214
-0.001463
0.003178
-0.001676
0.004534
0.001411
-0.000193
0.007751
0.005590
0.000792
0.000169
0.010582
-0.012447
0.003401
0.000743
0.009591
-0.002216
0.000240
0.000830
-0.000022
-0.007116
-0.031934
-0.000111
0.004970
0.015419
0.008530
0.006044
0.007123
0.001098
0.012965
0.008730
-0.000141
0.012997
-0.004311
-0.006602
0.001686
0.004198
0.005664
-0.000163
-0.017430
0.002002
-0.002294
-0.000672
-0.006487
-0.002191
0.003328
0.002337
-0.049557
-0.011341
0.011854
0.008158
0.001760
-0.000141
-0.008712
-0.001582
0.002245
0.000238
-0.022621
-0.019675
0.009500
0.001846
0.004282
-0.007674
-0.000524
-0.001928
0.000568
0.001521
0.000560
0.011139
-0.014345
0.010799
-0.006003
0.013247
-0.003773
0.004830
0.000888
-0.009967
0.003846
0.000459
0.001213
0.000287
-0.003678
-0.000127
0.016406
-0.004591
0.013347
0.000941
0.008260
-0.000629
-0.009066
-0.001447
0.004403
0.003513
-0.006694
-0.032413
0.007917
0.001096
-0.003797
0.001441
-0.001829
-0.003590
0.000550
-0.005833
0.000172
0.000589
0.009408
0.000777
-0.009349
0.003993
0.002270
-0.000136
-0.002931
0.000488
0.003771
0.015391
-0.000632
-0.001271
-0.002561
-0.012352
0.002391
0.024378
-0.003834
-0.001096
-0.001724
-0.004747
0.002991
0.026695
0.004433
-0.007700
-0.002382
0.006551
-0.016078
0.000764
-0.017762
0.005883
0.003763
-0.001885
-0.007703
0.008389
-0.007559
0.002134
-0.018571
0.001478
0.003033
-0.005743
-0.014345
0.003310
-0.002273
0.009144
0.000268
0.009107
-0.000388
-0.001565
-0.002133
-0.007497
-0.000870
-0.000954
0.002277
-0.000630
0.007350
-0.012210
0.002790
-0.005786
-0.009345
0.000900
-0.005429
0.006420
0.004512
0.001886
-0.002573
0.009465
-0.000432
-0.000429
0.005567
0.001046
0.006334
0.004648
-0.001984
-0.012393
-0.001313
-0.007054
-0.000144
0.000372
0.030444
-0.010930
-0.004796
0.003830
0.002325
-0.000098
0.000972
-0.008610
0.000256
-0.000046
0.000076
-0.005854
-0.012471
-0.014245
-0.005457
-0.013781
-0.001055
-0.021014
0.005148
0.000443
-0.000965
0.002998
0.010552
0.000946
0.019265
-0.000532
0.002377
0.005074
-0.006810
0.000040
0.003243
0.001420
-0.023388
0.009133
-0.007285
0.010937
-0.010865
-0.006912
0.001226
-0.005489
0.004076
-0.015079
-0.004240
-0.004612
-0.011721
-0.001920
0.008834
-0.001816
0.008345
0.006015
-0.007686
-0.003373
0.000583
0.000812
0.015666
0.016975
-0.002977
-0.002218
-0.000694
0.004441
-0.010665
-0.000004
0.005389
-0.004603
0.001489
0.002681
0.001087
0.006112
-0.002675
-0.000169
0.001755
-0.000466
-0.002226
0.000253
-0.007455
-0.001185
-0.000176
0.008770
0.000590
0.001416
-0.014578
0.028846
0.003181
-0.000060
0.008603
-0.008828
-0.027345
0.000805
-0.006599
0.018958
-0.000759
