
Data:
0.003719
-0.008843
-0.003186
0.001020
0.000294
0.000186
-0.008134
0.027075
0.020763
-0.002898
-0.003650
0.027292
-0.000234
-0.000007
0.004338
-0.008886
0.008466
0.000137
-0.001655
0.008157
0.002696
0.001125
0.001863
-0.003001
0.036475
0.011292
0.000864
0.011966
0.009278
-0.004698
-0.004774
0.000717
-0.003981
0.002078
0.004613
-0.000311
0.000790
-0.004345
-0.018546
0.000108
0.001166
0.000108
0.032286
-0.000553
0.010592
-0.006070
-0.000708
0.003541
0.002358
0.012847
0.007480
0.002662
-0.011533
0.000001
0.009777
-0.000012
0.004362
0.001359
-0.007468
0.008071
0.004036
0.001373
-0.004499
-0.002957
-0.006721
0.000333
-0.001838
0.006107
-0.007862
0.003072
-0.015128
0.003378
0.009351
-0.001723
-0.000921
0.000939
0.006082
-0.018485
-0.006196
-0.003259
-0.002468
-0.000294
0.004723
-0.000559
0.002738
-0.006366
0.006918
0.003083
-0.001777
-0.002814
-0.010436
0.002629
-0.000536
0.004306
0.002362
-0.007857
0.003196
-0.000816
0.000116
0.005165
-0.003010
-0.015429
-0.007983
0.014919
0.023080
0.024533
0.009337
-0.005416
0.003018
-0.002871
-0.010224
0.003137
-0.000409
-0.010252
0.000516
0.019399
-0.001188
0.014145
0.000196
-0.002988
0.001646
-0.011381
0.000718
0.007769
0.002532
0.000028
-0.008375
-0.008261
-0.000361
0.000112
-0.000466
-0.003819
-0.002748
-0.001259
0.009986
-0.018997
-0.004613
-0.002595
-0.002960
-0.002169
-0.002278
0.000716
0.003542
-0.001647
-0.002718
-0.011267
-0.000496
0.000137
0.000176
0.013887
0.005467
-0.002771
0.001176
0.004992
-0.007616
0.000193
0.026356
-0.002480
-0.008646
-0.000691
-0.001821
0.000783
0.000199
0.000800
-0.000500
0.011512
0.000323
0.002250
0.000437
0.001320
-0.000458
-0.003826
-0.005169
-0.009751
-0.000021
-0.000489
0.003447
-0.002590
-0.020711
0.001248
-0.002342
0.001817
0.002294
-0.000946
0.018059
-0.001182
-0.020361
-0.000826
-0.033749
0.001112
-0.004011
0.000582
-0.004618
-0.000640
-0.001002
0.003382
-0.000975
-0.009721
0.002355
0.003645
0.010864
-0.003077
0.004982
0.001407
0.004619
0.039306
0.000060
0.000643
-0.000066
0.000358
0.003336
-0.003874
0.002500
0.000640
-0.021766
-0.000335
-0.004596
-0.003725
0.003436
0.019223
-0.000701
-0.004654
0.001073
0.000582
0.000356
-0.000226
-0.001024
-0.006278
0.007769
0.034389
-0.002998
-0.001321
-0.003584
0.004294
0.001871
0.006293
-0.020839
0.007970
-0.001640
0.024804
-0.016445
-0.006541
0.002170
0.002556
-0.003847
-0.001090
0.019183
0.013691
0.026309
0.008536
0.026409
0.001218
-0.000049
0.003727
-0.002255
-0.006934
0.014274
-0.012510
0.003982
0.001503
0.000166
0.000316
0.006688
0.018321
-0.014967
-0.000328
-0.000533
0.025665
0.001339
-0.000021
0.004932
-0.002882
-0.002417
0.001172
0.007100
-0.007898
0.008706
0.002453
0.002105
-0.003690
0.025404
-0.014845
0.006306
-0.007109
0.000302
-0.004845
0.016389
-0.000042
0.000116
0.003082
-0.003125
-0.000360
-0.014857
0.004522
-0.000927
-0.001416
-0.006215
-0.007004
0.015056
0.000270
0.003649
-0.005257
-0.007196
0.001486
-0.000029
-0.002444
0.011760
-0.004095
0.018227
0.000104
0.004904
-0.000079
-0.002939
-0.004531
-0.017616
-0.001435
0.008708
-0.000290
-0.012151
0.011754
-0.050918
0.004039
0.002984
-0.006267
0.001433
0.004239
-0.017533
-0.019785
-0.000818
0.002445
-0.001832
-0.004932
0.007957
-0.009710
-0.005144
0.004131
0.002926
0.001970
0.003534
0.012662
0.000425
-0.000278
-0.002516
-0.020192
-0.004210
-0.010768
-0.004201
0.014502
-0.001940
0.020723
0.006305
0.006730
-0.007448
0.001419
-0.016558
0.006538
0.003942
0.008649
0.000464
-0.007998
0.001629
-0.001631
0.017184
0.000387
-0.000854
-0.006904
-0.011303
0.005644
0.001608
-0.007487
0.000453
-0.013929
0.008836
-0.032443
0.003361
0.000795
0.000303
0.008986
0.001108
0.004796
0.013006
0.000003
0.008182
0.004660
0.000029
-0.000125
-0.006509
0.001015
0.006009
0.000848
0.002294
0.008771
-0.001157
0.007256
-0.002787
-0.004162
0.005743
-0.001047
-0.001877
-0.000282
-0.002633
0.005210
-0.000341
0.001336
-0.007700
-0.002169
-0.006214
-0.001955
-0.004374
-0.009199
-0.021771
-0.000121
-0.035158
0.001806
0.030335
0.001999
0.000213
0.001053
-0.000708
-0.000422
0.000711
-0.002155
-0.004527
0.002919
0.000212
-0.007168
-0.003004
0.000981
-0.002075
-0.002148
0.000000
0.002303
0.005621
-0.002487
-0.001715
0.000885
-0.004906
-0.007189
-0.004387
0.000997
-0.003716
0.005785
0.005033
-0.000077
-0.001556
0.001953
0.000432
0.000362
0.003116
0.001167
-0.001438
-0.000818
0.002188
0.001188
-0.011584
0.004461
0.002346
-0.005885
-0.013109
0.005166
0.002131
-0.008222
0.000308
-0.000241
-0.000389
0.000187
0.004616
0.001902
0.001508
-0.004880
-0.015496
-0.003867
-0.045193
-0.011782
0.012070
0.010920
0.003461
-0.000204
-0.000584
-0.001712
-0.000063
0.001069
-0.001974
-0.005758
-0.008938
-0.018394
-0.015360
0.003897
-0.000275
0.002514
-0.000393
0.005133
0.019516
-0.013497
-0.004488
-0.020648
0.021166
0.007984
-0.005215
0.000196
-0.003938
0.001629
-0.011015
-0.014577
-0.007624
0.005695
-0.003490
-0.003960
0.000046
-0.009541
0.006998
0.002462
0.034262
0.011754
-0.001646
0.000877
0.001549
0.000266
-0.011221
0.016422
-0.000605
0.000665
0.000996
-0.012739
0.000581
-0.000013
-0.005009
0.014419
-0.021009
-0.003309
-0.001003
-0.001562
0.004136
0.000700
-0.001311
-0.003277
-0.019317
0.023050
-0.002879
0.007995
-0.001990
-0.000567
-0.017763
0.003123
0.002932
0.001975
0.006184
0.000151
-0.005028
0.011283
-0.022958
-0.000205
-0.003925
-0.000324
0.002129
0.000457
0.022912
0.003185
-0.002511
-0.003136
-0.001319
0.009849
-0.003203
-0.023345
-0.005513
-0.000129
-0.008136
0.000007
-0.003584
0.016030
-0.006326
-0.012390
-0.004823
0.000984
-0.002362
-0.016833
0.004689
-0.002022
-0.003346
0.002226
-0.001954
-0.003151
0.002854
-0.005235
-0.005067
0.005806
-0.000427
0.002988
-0.017510
0.002306
0.008056
0.002585
0.002776
-0.000381
-0.002211
-0.007050
0.003492
0.003887
-0.007759
0.010832
-0.006095
0.005880
0.005057
0.010175
0.000098
0.024056
-0.004854
-0.004726
0.003699
0.003442
-0.018473
-0.012432
-0.005951
0.002844
-0.016817
-0.010806
-0.001754
0.002444
-0.001692
-0.002189
0.008809
0.009598
0.001983
-0.001078
-0.000283
0.006968
-0.000262
-0.009016
-0.004197
-0.011580
-0.001009
0.001340
-0.001502
-0.003071
-0.000048
0.010094
0.002482
-0.000033
-0.007762
-0.017072
-0.000615
-0.000250
-0.007930
0.000242
-0.008099
-0.000496
0.024328
-0.001175
0.002785
-0.022716
-0.000929
-0.006659
0.000939
-0.001949
-0.002346
-0.001532
-0.000637
-0.004071
0.000938
0.000601
-0.002199
-0.000032
0.010291
0.004433
-0.001389
0.004630
0.003240
-0.000689
0.005765
-0.000392
0.028947
-0.001004
0.000070
0.000941
-0.000512
0.000759
-0.000458
-0.007650
-0.000295
-0.004235
-0.000484
-0.003782
0.000882
0.004799
-0.004385
-0.001244
0.000129
-0.004522
-0.002732
-0.009235
-0.022570
-0.000236
-0.006737
0.005508
-0.003436
-0.002726
0.013947
0.001399
-0.045355
-0.001296
0.014169
-0.001543
-0.004299
-0.000018
-0.001230
0.006209
0.004500
-0.004605
-0.001260
0.002697
-0.003125
-0.006404
-0.003734
0.009914
-0.004578
0.001529
-0.001458
-0.010168
-0.000101
0.005292
-0.000619
0.001211
0.003501
-0.001398
-0.000705
-0.008051
-0.006030
-0.021325
-0.007477
-0.002068
-0.006579
-0.020828
0.002675
-0.004628
-0.002150
0.032668
-0.000966
0.001640
0.002898
-0.000981
-0.011440
0.003146
-0.007665
-0.003894
0.004156
0.006815
0.002293
0.006924
-0.009490
-0.001592
-0.027360
0.003521
0.014228
0.001234
-0.001503
0.000887
-0.002424
0.003767
-0.008812
-0.009735
0.000399
-0.001848
0.027865
-0.010402
0.000017
-0.000190
0.003937
-0.004485
0.007356
-0.003004
0.005265
-0.000627
-0.000424
0.000499
0.023513
-0.004605
-0.002080
-0.000265
0.001242
-0.023006
0.000818
-0.000004
-0.003980
-0.006840
0.012709
-0.000783
0.012094
-0.007962
0.008868
0.003435
-0.001484
0.005661
0.021443
-0.004532
-0.006252
0.011322
0.016086
0.001461
0.007700
-0.004832
0.000562
0.000844
0.004230
0.000029
-0.011202
0.005837
-0.007572
-0.001589
0.001237
-0.001894
0.002146
0.000585
0.017950
-0.001308
0.002296
0.002286
-0.000460
-0.000984
-0.029520
-0.000288
0.010496
-0.000205
0.001105
-0.000006
0.001659
0.020030
-0.003260
-0.007841
0.007290
0.001417
-0.005665
-0.019793
0.005327
0.000522
-0.000922
0.007337
0.005275
0.000247
0.004311
-0.000476
0.003643
0.004489
-0.002039
0.006148
0.001165
-0.001646
-0.000933
-0.002442
-0.004135
0.000936
-0.004204
-0.005357
0.006225
0.001503
-0.004840
-0.001455
0.001797
0.008097
0.004173
0.011207
-0.001016
0.021008
-0.003162
0.004043
0.003406
-0.002061
-0.005290
0.007952
-0.015673
0.005556
0.002194
0.013479
-0.007417
-0.008098
-0.015625
-0.005504
0.017224
0.003373
-0.000563
0.004546
-0.001950
0.002909
-0.002404
-0.005886
0.000742
0.018361
-0.006809
-0.001908
0.001353
-0.014702
-0.004589
0.005412
0.010033
-0.000319
-0.023283
-0.003597
-0.000140
-0.000021
-0.002868
0.000385
-0.002480
-0.000178
0.023852
0.006874
-0.003332
0.012226
-0.005091
-0.014665
0.000520
-0.000820
-0.001391
-0.001556
0.000556
0.006590
0.000743
0.001856
0.004847
-0.005754
-0.002203
0.002898
0.007876
-0.024983
0.000994
0.000402
-0.032945
-0.003998
-0.005871
0.001694
0.001034
0.001926
0.000406
-0.000164
0.000598
0.004114
-0.003131
-0.007801
-0.000169
-0.004599
-0.002977
0.004152
0.001075
-0.005240
-0.000104
-0.001140
-0.005478
-0.001652
-0.015615
0.000428
0.003688
-0.005861
-0.000458
-0.001392
-0.004385
-0.003090
-0.006444
-0.000248
0.042820
-0.000530
0.000132
0.000193
0.000493
0.003553
-0.000852
0.002662
0.003017
0.000941
-0.012443
0.012007
-0.006705
-0.001837
0.010467
0.001470
-0.003057
-0.034855
0.000183
-0.004093
-0.000041
-0.002979
-0.002972
-0.000684
-0.001642
-0.016533
0.023772
0.009881
-0.006613
0.026130
0.005994
0.019524
0.006590
-0.004846
-0.002259
0.019407
0.000331
-0.001285
0.003915
-0.011282
-0.011919
-0.019994
-0.006839
0.000336
-0.000296
-0.000060
-0.000236
-0.015757
-0.018083
0.008129
-0.008585
0.000102
0.023469
0.020104
-0.014435
-0.003535
-0.007337
-0.006183
0.024138
-0.006121
0.014725
0.028659
-0.003478
0.023641
0.000019
0.005415
-0.002980
0.000745
-0.025277
-0.007085
-0.000172
-0.000663
-0.000048
0.000838
-0.011329
-0.012369
0.007707
-0.004063
0.004389
0.008648
-0.000646
0.000006
-0.002971
0.010987
-0.005855
0.001950
0.013374
0.010405
-0.008421
-0.002534
0.002604
-0.004289
-0.027763
-0.031876
-0.000079
-0.007610
-0.007995
-0.006069
-0.014865
0.011479
0.009335
-0.004893
-0.009262
-0.000116
-0.009801
0.001527
0.023486
0.001224
-0.004610
-0.003909
-0.014545
-0.000414
0.002449
0.000186
-0.001838
0.003127
0.001940
-0.003409
0.018185
-0.007069
-0.000003
0.000041
0.013093
0.000017
-0.004843
0.001608
0.000312
-0.009012
0.008840
-0.002140
0.019990
0.004018
-0.015896
0.000600
0.002859
0.002323
0.001767
0.002063
0.006414
-0.003385
0.005760
-0.000274
0.003098
-0.002997
0.004695
0.003119
0.006728
0.009804
-0.005482
-0.000708
0.008502
-0.017550
0.003152
-0.002105
-0.011223
-0.004032
0.001445
0.016617
0.002696
0.006200
0.000725
-0.011471
0.011822
0.006868
-0.004323
-0.002856
-0.006556
0.012201
-0.003766
-0.017749
0.012754
0.012205
-0.007594
0.028298
0.003116
-0.005287
0.003849
0.004652
-0.004635
-0.002980
0.002080
-0.001472
0.003054
0.009783
0.010455
-0.027214
-0.000560
-0.000643
0.001351
0.005002
-0.003395
-0.002280
-0.006768
-0.000045
0.000364
-0.001944
-0.000175
-0.000022
-0.006083
-0.002649
0.007844
-0.000785
-0.027718
-0.046880
-0.001319
0.004337
-0.001737
0.003239
0.001442
-0.001417
-0.000130
0.000520
0.000217
0.000416
-0.001067
-0.000647
0.006075
-0.013690
0.001312
-0.000150
-0.006809
0.000241
-0.002164
0.000539
-0.028073
0.001504
-0.006784
-0.002065
0.000046
-0.000437
0.000416
0.000566
-0.001418
-0.007114
-0.002952
-0.008354
-0.000232
-0.002470
0.001409
0.001210
0.000425
-0.003558
-0.000054
-0.002270
-0.013868
-0.018041
-0.005297
0.000113
-0.001889
-0.009663
0.001826
-0.000915
0.004739
-0.002792
0.000125
0.001673
0.020562
0.000568
-0.003832
-0.000450
-0.007488
-0.007729
-0.003723
-0.001575
-0.002238
-0.000674
0.001176
-0.009668
-0.005458
0.011224
0.005133
0.002753
0.001590
-0.017153
-0.000290
-0.001029
-0.001090
-0.001040
0.000731
0.002058
-0.005669
-0.002598
0.000130
0.005131
-0.001529
0.013658
0.007288
-0.010061
-0.012962
-0.000458
0.001269
-0.031147
-0.001496
0.000082
0.000283
-0.029921
0.001690
0.029062
-0.009571
0.006012
0.001762
-0.002684
-0.000364
-0.000543
-0.003448
0.009939
0.006159
-0.013481
-0.001941
-0.003845
0.002357
0.002385
-0.001811
-0.003854
0.017827
-0.028058
-0.005972
0.008466
-0.003269
-0.010664
-0.000017
0.003430
-0.008621
-0.001036
0.019887
0.001597
-0.005802
0.001027
0.002749
0.001140
0.017342
0.014738
-0.001996
0.000774
-0.001030
0.000033
-0.001053
0.000043
-0.005141
-0.003828
-0.020974
0.014062
-0.003391
0.010953
0.001510
-0.005755
0.003479
-0.005291
0.008536
0.000564
-0.002935
0.013771
0.011173
-0.002432
0.008896
-0.002040
-0.004002
-0.001142
-0.008102
-0.000044
0.013347
0.018622
-0.000226
-0.000532
0.007908
0.001459
0.010257
-0.001826
0.022962
0.006166
-0.000127
-0.003279
-0.000889
0.008542
-0.035182
0.012196
0.006571
0.000156
-0.008981
0.000075
0.004202
-0.010289
0.006927
0.009316
-0.008658
-0.001538
-0.005174
-0.019010
0.029703
-0.001887
0.000724
0.004119
0.001950
-0.004757
-0.013504
-0.005556
0.002692
0.001367
-0.001029
0.006549
-0.011098
0.004913
0.016888
0.012099
0.000668
-0.000118
-0.005363
0.029780
-0.003758
0.007357
-0.004103
-0.014862
-0.004318
0.007007
-0.003022
-0.005869
-0.001618
0.004336
-0.020670
0.000067
0.000212
0.012552
0.015747
0.007424
-0.005093
-0.001950
-0.014990
0.010674
0.014629
0.019543
-0.040998
0.003287
-0.007861
-0.005666
0.002114
-0.006555
-0.001896
0.003553
-0.002047
0.004519
0.007046
0.012893
-0.007672
0.003982
-0.001131
0.000593
-0.002504
0.008123
-0.005827
-0.000033
-0.002534
0.008132
-0.000019
0.000073
0.012426
0.000694
0.006227
-0.000090
0.006038
-0.050949
0.002839
0.006380
0.002030
-0.005697
0.001580
0.000586
0.001359
-0.000395
-0.000355
0.018328
-0.000013
0.000745
0.001665
-0.006228
0.013959
-0.000790
0.006755
-0.000734
-0.016820
-0.000239
0.011136
0.002325
-0.013421
0.000218
0.001677
-0.001097
-0.000265
0.000179
0.000104
0.006748
-0.000421
-0.003793
0.000258
0.005308
0.000240
-0.002772
-0.001969
-0.003647
-0.000069
-0.002238
0.012778
0.007305
-0.006083
-0.000496
-0.000254
-0.001448
-0.006417
0.000271
-0.008610
0.003451
-0.023564
0.002847
-0.019244
-0.000744
-0.001634
0.001920
-0.001766
0.002858
-0.003225
0.000133
0.000553
-0.001671
-0.004421
0.001536
0.003613
0.015622
0.018899
-0.003093
0.003293
0.000584
-0.000185
-0.002126
0.000163
0.000209
-0.004146
0.002104
-0.000821
-0.001175
0.016883
0.000901
0.010876
-0.008812
-0.004790
0.014841
-0.004731
-0.002603
0.000483
0.004106
0.001642
0.001582
0.002589
-0.014535
0.002886
0.017783
0.009018
0.003924
-0.002469
0.005225
-0.000307
0.015136
-0.008168
-0.008687
-0.012016
0.000373
0.007026
-0.002850
0.003420
0.001115
-0.006159
-0.001797
0.012022
-0.002692
0.001312
0.005503
0.004057
-0.022990
-0.000016
0.003115
0.003430
0.008297
-0.001494
-0.017130
0.000181
0.002284
-0.000023
-0.000328
-0.017127
-0.006642
-0.007404
-0.000627
-0.002420
-0.015963
-0.002345
-0.000027
-0.001232
0.001554
0.005507
0.011739
0.006744
-0.007937
0.005358
0.004102
0.002331
-0.006957
-0.009868
-0.019510
0.005766
0.010227
0.000617
0.003904
-0.000545
-0.000433
-0.001748
-0.000635
0.001930
0.000015
0.014131
0.001872
0.014907
-0.000659
-0.004600
0.004484
0.024703
-0.000325
-0.014073
-0.002189
-0.004064
-0.001259
0.001221
-0.008934
-0.025601
0.013340
0.011317
-0.000021
0.000233
0.000005
0.001653
-0.000877
0.006099
0.012098
-0.008122
0.000172
-0.004445
-0.002280
-0.026993
0.003279
-0.001009
0.004180
-0.000038
0.002703
-0.016980
0.005946
-0.001729
-0.004367
0.000551
-0.009433
-0.004419
0.004012
0.004361
0.006817
0.001180
-0.000600
-0.001645
0.003562
-0.001664
-0.004774
-0.002209
0.010266
-0.001673
0.005307
0.001662
0.001189
0.001488
0.012178
-0.006527
-0.000113
-0.003392
-0.004075
0.002334
0.006434
0.009829
-0.017315
0.001875
-0.007412
0.004089
-0.019787
0.011156
0.000096
0.009023
-0.000643
-0.001307
-0.003148
0.000601
-0.008262
-0.000498
-0.018432
0.000872
0.007973
0.002450
0.000811
-0.001601
-0.007304
-0.005395
-0.013340
-0.008567
0.000225
0.018254
0.006957
-0.000460
-0.000087
0.002039
0.001387
0.015092
0.000918
-0.035349
-0.105762
0.001824
-0.005921
0.004126
0.000298
0.006517
-0.000877
0.001349
-0.000800
0.001515
-0.019692
0.000257
0.000994
-0.002688
-0.011932
-0.013351
-0.003628
-0.005718
-0.024220
0.000834
0.000580
-0.003538
-0.001542
-0.054238
-0.000254
0.000410
0.001234
0.000816
-0.000015
0.000519
-0.034257
0.000723
-0.003177
-0.000221
-0.007179
-0.001832
-0.006640
-0.004145
-0.003871
0.000071
0.005747
0.002003
-0.001689
-0.010780
-0.002943
0.006291
-0.011491
0.000852
0.000145
-0.011084
-0.007316
0.014197
0.002371
0.020789
-0.001871
0.004617
0.000471
-0.003779
0.000823
0.001177
-0.002449
0.000897
0.005922
-0.011445
-0.004640
0.006555
-0.001738
-0.010162
0.000213
-0.001356
-0.028019
0.000098
-0.006355
-0.000099
0.000103
-0.003522
-0.001556
0.000440
0.006176
0.003152
0.002266
0.014050
0.026604
0.002972
-0.007032
0.011658
0.002564
0.000466
-0.006821
0.002299
0.001606
-0.000442
0.002205
-0.008901
-0.012472
-0.017743
0.008974
-0.000219
0.000712
0.001709
-0.027939
0.001966
0.005428
-0.006751
0.007738
-0.014084
0.011456
0.005108
-0.005224
-0.000487
-0.000193
0.011105
0.007494
-0.006804
0.005460
-0.007387
0.005593
-0.000004
0.001137
0.007480
-0.000663
0.008790
-0.029960
-0.001793
0.001065
0.000749
-0.000701
0.004915
-0.032146
0.004274
-0.006704
-0.000509
0.013947
-0.000029
-0.000002
0.006491
0.004929
-0.004111
-0.004774
0.002034
-0.001262
0.004483
0.005496
-0.002860
-0.001666
0.001785
-0.005909
0.004860
-0.008742
-0.012477
0.000706
0.004921
0.001761
-0.001952
0.003575
-0.002605
-0.000052
0.003390
0.000948
0.013617
-0.001966
-0.016867
-0.000480
-0.054035
-0.001209
0.015032
0.003724
0.007797
0.001815
-0.001750
-0.004866
-0.014370
-0.016733
-0.000605
0.000025
-0.000525
0.000023
-0.001330
-0.008945
0.004601
0.005625
-0.001651
0.001171
-0.000683
-0.005623
0.008204
-0.003033
0.000810
0.000978
-0.002670
-0.005368
-0.006536
0.013894
-0.000747
-0.000058
-0.003976
0.004621
0.004756
0.010992
0.006336
0.008206
-0.001152
-0.000409
0.000633
-0.025889
0.007129
0.007633
0.005784
0.004159
0.001732
-0.016132
0.000375
-0.013622
0.001854
0.008094
0.002160
0.004976
-0.006842
0.003330
0.014567
-0.006931
-0.015713
-0.009345
0.001436
0.006574
0.005442
0.009807
-0.002887
0.000762
0.019766
-0.018967
0.004002
-0.008415
-0.000672
0.015397
0.000241
-0.017441
0.003728
0.013663
-0.004373
-0.000849
0.002929
0.009941
-0.007134
-0.007155
-0.001303
0.000110
-0.010318
-0.001695
0.000510
-0.000058
0.001180
-0.002242
-0.005020
-0.003581
-0.008721
-0.035162
0.003747
-0.013740
0.000744
-0.000484
-0.000132
0.002056
-0.003283
-0.001411
-0.001073
0.027839
0.001266
0.000420
-0.003740
0.008784
-0.005651
-0.002776
0.001532
-0.016018
0.002177
-0.001245
-0.016927
0.002719
-0.009480
-0.002018
-0.000655
0.001288
-0.000279
-0.001521
0.001594
-0.026771
-0.001955
0.001331
-0.000070
-0.002563
-0.003430
-0.002128
0.000278
-0.008009
-0.000146
-0.004566
0.022574
-0.002576
0.005602
-0.000161
-0.002053
0.001566
-0.000620
-0.000838
-0.035831
-0.001936
0.013308
0.000136
0.000386
-0.001683
-0.001500
-0.000633
0.006302
0.010370
0.000461
-0.001308
-0.002098
0.001597
0.005411
-0.001211
0.002160
0.012529
-0.000301
0.000760
0.003287
0.024295
0.000167
-0.001123
-0.000278
0.001454
0.004003
0.001911
-0.000615
0.010272
0.001462
-0.000803
0.006157
-0.008509
0.007445
-0.006791
-0.000240
0.001050
-0.000672
-0.021410
0.001511
-0.001708
0.001458
-0.007377
-0.000273
-0.011941
-0.022031
0.009443
-0.000806
0.007706
0.000579
-0.013621
-0.012295
0.010017
-0.010207
-0.013360
-0.005855
0.005053
0.002453
0.008148
0.001045
-0.002421
0.006507
-0.001920
-0.010544
0.007594
-0.006498
-0.010978
-0.000007
-0.013618
0.001915
-0.003507
0.002672
-0.015712
0.000891
-0.001094
0.000380
0.000054
0.016963
-0.012548
-0.004659
-0.003276
0.004969
0.020771
0.000411
0.000012
0.007790
0.001198
0.001092
0.005352
0.002293
-0.010221
0.001774
0.001138
-0.002396
0.002902
-0.008909
-0.015236
-0.000636
0.002725
0.002029
-0.002531
0.029619
0.006664
-0.003138
-0.000237
-0.001505
-0.000283
0.013515
-0.007707
0.016173
0.000191
-0.004436
0.003992
-0.027749
-0.000985
0.008392
-0.000418
0.000117
-0.001624
0.002338
0.004423
0.009652
0.028967
-0.017085
0.000065
-0.002755
0.000025
-0.001175
-0.002223
-0.007061
-0.006720
0.005124
0.000030
-0.002893
-0.000634
-0.017587
-0.005692
-0.000767
0.001149
-0.002297
0.001177
0.012720
0.012246
0.002761
-0.002196
0.000461
-0.003266
-0.001763
0.001889
0.005377
-0.003965
0.003076
0.000563
0.006649
-0.004249
-0.003097
-0.001070
-0.006633
0.005019
-0.005045
-0.002228
0.001507
-0.002331
0.000972
0.000208
-0.002251
-0.007222
-0.003136
-0.008069
-0.002221
0.003595
-0.003737
0.001457
0.002450
0.012084
0.004708
-0.016528
-0.026386
0.002533
-0.013452
0.004513
0.010844
-0.008757
-0.000860
0.005853
-0.000247
-0.000421
-0.008533
0.003428
0.001287
0.004203
-0.000047
-0.010448
0.000064
0.000407
0.012981
-0.000180
0.001363
0.003639
-0.000103
0.000127
0.016136
0.001781
-0.002059
-0.001017
0.031050
0.062316
-0.002703
0.013599
-0.004083
-0.019158
-0.005933
-0.000999
0.003595
0.000737
0.002585
-0.015435
0.000521
0.001022
0.003029
-0.000002
-0.008924
-0.001465
-0.010777
-0.015263
-0.002755
-0.001046
0.003789
-0.000237
-0.003288
-0.003788
-0.000972
-0.000518
-0.000181
-0.000072
0.001064
-0.020551
0.002874
-0.000555
0.000216
-0.005226
0.000246
-0.007544
-0.005272
0.004065
0.000009
-0.005805
0.001925
0.000609
-0.002738
0.001389
-0.001290
0.005288
0.009147
0.000642
-0.011439
0.000537
-0.000241
-0.002876
-0.011225
-0.001415
0.002712
-0.000225
0.005132
-0.002351
0.000226
0.004232
0.003744
0.003414
0.001020
0.001914
-0.003777
0.007668
-0.011075
0.000070
0.000999
0.006572
-0.000081
-0.003043
-0.000165
0.000095
-0.002180
0.003697
-0.004982
0.009432
-0.043174
0.015673
-0.016607
-0.002498
0.005353
0.012176
0.005300
-0.001322
-0.006464
0.007181
0.001182
-0.001604
0.000856
0.021904
0.006281
-0.005561
0.015663
0.001028
0.000060
-0.007197
0.002481
-0.004696
-0.027297
-0.000745
0.005253
-0.004603
-0.039958
-0.013031
-0.001155
-0.005041
-0.004524
-0.000323
-0.012249
-0.004506
0.001969
0.018203
0.001433
0.018882
-0.000000
0.007620
0.004717
-0.005374
0.014553
-0.001256
-0.000364
-0.001727
0.002605
-0.000474
-0.009181
0.037190
0.001011
-0.001754
-0.000576
0.024466
0.001267
-0.000016
-0.002841
0.000899
-0.004724
0.003587
-0.011188
0.003268
0.004394
0.001163
0.000889
-0.000366
-0.039063
0.021788
0.000108
-0.000135
0.013304
0.005223
-0.029369
-0.006214
0.001516
-0.003027
-0.000795
-0.000106
-0.021274
0.002659
0.000237
0.001965
-0.016920
-0.001101
0.011640
0.000004
0.015514
0.010693
0.003465
-0.000314
0.001251
-0.008081
-0.001376
0.019009
-0.010714
0.000139
-0.004583
-0.000046
0.004936
0.006728
0.001890
0.003512
-0.014750
-0.001579
-0.001867
-0.006429
-0.000360
0.003193
0.006611
0.001969
0.005919
0.006058
0.001224
-0.000696
-0.002175
-0.002692
0.001954
0.000912
0.000808
-0.000969
0.004545
0.004476
0.006424
0.000907
-0.001080
0.000238
-0.009727
0.000797
-0.013273
-0.003696
-0.004981
0.004640
-0.007056
0.012005
0.000527
-0.012450
0.007130
0.006092
-0.003388
-0.003343
-0.030869
-0.003953
0.019191
0.011094
0.016133
-0.003966
0.001572
0.011801
-0.010075
0.000921
0.000553
-0.004400
0.004631
-0.009990
0.000339
0.012131
-0.000786
-0.000008
0.002311
0.026152
-0.007845
0.005088
-0.000989
-0.015429
-0.002750
0.016080
-0.002276
0.000447
-0.001201
-0.000128
-0.000204
-0.000409
-0.002592
0.001554
-0.002848
-0.000296
0.015517
-0.014497
-0.000757
-0.006609
0.001158
0.004063
-0.000850
-0.000362
0.002645
-0.001857
-0.001105
0.016471
-0.000334
-0.000669
-0.004494
0.003511
0.001404
0.001383
-0.002612
-0.010036
0.006799
-0.001737
0.032442
0.000944
-0.009999
0.003626
0.000337
-0.000317
0.000369
-0.000203
-0.000515
-0.011534
-0.000029
0.000293
-0.000064
-0.003578
0.001292
0.003443
0.001018
-0.003654
0.000044
-0.002984
-0.007539
-0.000878
0.014177
-0.000662
0.000040
0.012914
-0.002321
0.000558
-0.002362
-0.006539
0.016930
0.005826
0.013479
-0.001029
0.000750
0.000396
-0.002394
-0.001848
-0.000936
0.001044
-0.003739
0.002269
-0.000204
0.006947
-0.001463
-0.005677
0.011335
0.001955
0.003613
0.010283
0.000619
-0.000689
-0.000457
0.000256
-0.006535
-0.002380
0.000265
-0.009087
0.002625
-0.012342
0.003656
-0.000418
0.006390
0.004173
0.005389
0.004479
0.002645
0.016083
-0.000667
0.000668
-0.000251
-0.005160
0.000288
0.009914
0.012941
-0.016968
0.004653
0.002153
0.001261
-0.005764
0.007594
0.006216
0.012828
-0.011201
-0.030136
0.013592
0.004235
-0.010654
-0.002386
0.001651
0.008185
-0.013003
-0.008500
0.013626
-0.009008
0.003088
-0.000003
-0.000990
0.001845
0.002130
-0.017796
-0.001125
-0.002354
-0.002907
0.002933
-0.000302
-0.004707
-0.023428
0.039874
-0.000661
0.004139
0.011368
0.000902
0.000025
-0.009344
-0.003975
-0.004351
-0.001391
-0.005020
-0.003893
0.000556
-0.001454
-0.001931
0.007969
0.003507
-0.005955
-0.006175
0.000246
0.018165
-0.001849
0.023767
0.006519
-0.005073
-0.003455
0.020714
0.000103
-0.009571
-0.006989
-0.011844
-0.000100
-0.012284
-0.002199
0.014127
0.000053
0.004678
-0.001070
0.004143
-0.001095
-0.004846
0.008051
-0.001573
0.006617
0.033735
0.000083
0.000077
-0.000037
-0.003758
0.002052
-0.007715
-0.004210
0.008980
0.001044
-0.015706
-0.007283
0.016723
-0.003017
-0.001437
0.000412
0.001975
-0.014976
0.018987
-0.007763
0.001553
-0.000981
0.002116
0.002610
-0.008288
-0.001051
-0.010077
-0.014512
0.002895
0.000552
-0.000599
0.033596
0.001586
-0.000830
0.015122
0.003082
-0.004273
-0.005133
0.002146
0.002977
-0.001223
0.003649
-0.002246
-0.004281
-0.000079
-0.000451
0.001040
0.006496
0.007302
-0.002280
0.011912
0.020069
0.000964
-0.004153
0.006455
-0.002462
-0.015395
0.007599
0.008469
0.007331
0.002022
0.003805
-0.000101
-0.001586
-0.011709
-0.012128
-0.000070
0.004943
0.000166
-0.007038
0.008678
0.024099
0.010166
0.000077
-0.003284
0.002782
0.000227
0.000072
0.008321
-0.002129
0.001527
-0.000962
0.022212
0.010393
-0.002298
-0.014162
0.001941
0.002700
-0.007357
0.000156
0.000994
0.002383
-0.001382
-0.002816
0.000477
-0.000911
-0.001414
-0.008426
0.002035
0.001367
-0.004838
-0.019649
0.018306
-0.000087
-0.018607
0.002455
0.040206
0.002026
-0.000323
-0.001080
0.000374
0.001057
-0.000028
0.001494
-0.003103
-0.006050
0.000239
-0.007224
0.005219
0.001626
-0.002635
-0.004349
-0.000067
-0.003438
-0.000090
0.007742
-0.005425
-0.000249
-0.006074
-0.007490
0.000394
0.000056
0.020430
-0.000995
0.018323
0.000942
-0.034118
-0.002247
0.002608
0.000864
0.005741
0.011676
0.002793
0.000050
0.001948
-0.000349
0.002922
0.010910
-0.001618
-0.004617
0.007928
-0.001493
0.000009
-0.027807
-0.000114
-0.000829
0.000257
-0.000609
-0.001683
0.000466
0.000662
0.001829
-0.021837
-0.002768
0.007475
0.002311
-0.005053
-0.002132
0.006591
0.003966
-0.004499
-0.016299
0.000937
-0.001001
-0.001967
-0.001603
-0.001215
0.002592
0.005122
0.006340
0.000482
0.006594
-0.000084
0.002796
-0.008553
0.012353
0.022148
0.000493
0.025413
-0.002726
0.008732
0.000043
-0.002677
-0.000900
-0.016622
-0.007982
-0.002434
-0.005683
0.021121
-0.034045
0.000010
-0.007944
-0.005650
0.002682
-0.015103
0.018406
0.001811
0.000300
0.000904
-0.000237
0.002336
-0.015214
-0.029068
-0.003299
-0.001260
0.010083
-0.001537
0.000036
0.014626
-0.011507
0.026073
0.006317
0.003407
0.005268
0.001547
-0.005568
0.003484
-0.000147
-0.009941
0.001020
-0.001261
0.007402
0.005044
-0.003584
-0.024930
0.007734
-0.004956
-0.002210
0.004636
-0.000199
0.015526
0.002161
0.002600
0.000332
0.005047
-0.000925
0.001625
-0.000050
-0.021202
0.000649
0.006384
0.000246
-0.001303
0.003295
-0.002247
0.010153
0.026053
-0.000097
-0.005684
0.000040
0.003509
-0.004183
-0.013907
-0.003162
0.010161
-0.001165
0.009488
0.002229
-0.022755
-0.000837
-0.000431
-0.005247
0.004235
-0.003682
-0.011844
0.008640
-0.000716
-0.005256
0.002695
-0.002193
0.001266
0.006018
-0.007521
-0.006727
0.000422
-0.000675
-0.001660
-0.010857
0.007552
0.007312
-0.004549
-0.002015
0.000433
0.002699
-0.004837
0.009268
-0.000408
-0.011538
0.000482
-0.004965
-0.001638
0.006267
0.025417
0.003495
0.016699
-0.009697
-0.007244
0.003055
-0.002607
0.004935
0.042027
0.004417
0.014407
0.005278
-0.008243
-0.000004
-0.001712
0.006515
-0.001951
-0.010643
0.017255
-0.005838
0.010586
-0.000996
0.001375
0.018982
-0.001193
0.006778
0.015878
0.000321
-0.006750
-0.008916
0.000116
-0.000133
0.006990
0.000531
-0.001892
-0.000185
0.002827
0.027717
-0.002107
0.003787
-0.002491
0.006424
0.009767
-0.000197
0.001442
0.002114
0.000138
0.002531
0.001442
0.000665
-0.001765
-0.008922
-0.001494
0.000500
-0.003385
0.013679
0.015003
-0.001580
0.011755
0.003038
0.030586
0.000246
-0.001289
0.000755
0.000351
-0.000522
0.002958
-0.003985
-0.002193
0.002803
0.000105
-0.000940
-0.000031
0.002293
-0.003215
0.018452
0.000023
-0.010959
-0.006050
-0.003566
0.021414
0.000164
0.004204
0.001708
-0.002841
0.001156
0.004844
0.000111
0.020200
0.001119
-0.035043
-0.001226
0.002424
0.000467
-0.000601
-0.001413
-0.001196
0.005666
-0.003424
-0.004681
0.003250
0.007558
0.008524
0.015694
0.006776
0.003014
-0.002592
0.023036
-0.000159
0.003958
-0.000503
0.000964
-0.002784
0.001506
-0.006574
-0.002462
0.020364
0.001158
-0.019424
0.016602
0.006457
-0.006892
-0.009967
-0.003709
0.000324
0.022923
-0.001685
0.000907
0.000889
-0.000497
-0.009832
-0.000710
-0.012107
-0.002867
0.003258
-0.002660
-0.000391
-0.012597
-0.018092
0.001148
-0.012026
0.000791
-0.008061
0.007367
-0.000380
-0.004456
-0.000800
0.002159
-0.000446
-0.000611
0.011413
-0.005035
0.002728
0.021617
0.000043
-0.005417
0.006038
0.006383
0.050250
-0.012060
-0.001307
-0.001461
0.001833
-0.000401
0.022715
0.023695
-0.017075
-0.001761
0.001388
-0.014927
0.001012
-0.000002
0.015263
0.009631
0.003680
0.002947
-0.011278
0.002765
0.004707
-0.001580
-0.002379
-0.004583
0.012001
-0.027015
-0.001031
-0.002976
-0.011469
0.004496
-0.015671
0.006922
0.004783
0.004101
0.010129
-0.000042
-0.008151
-0.014745
-0.001676
-0.000767
-0.002241
-0.003148
0.005986
0.000689
0.005819
-0.003688
-0.004542
0.002914
0.001690
0.002213
0.003271
0.003966
0.000768
-0.000049
0.015283
-0.000120
0.000389
0.009714
0.000121
-0.013938
0.010274
0.001221
-0.000582
-0.000622
-0.016470
0.001551
0.002180
0.009357
0.005760
0.010850
-0.003751
0.005677
-0.009949
0.001968
0.002062
-0.010358
0.001741
-0.003228
-0.008844
-0.012544
-0.001512
-0.000647
-0.001259
0.009006
0.004677
0.006802
0.006870
0.020315
-0.001639
0.001270
-0.000490
0.011339
-0.000591
0.006647
0.001020
-0.008956
-0.003037
-0.002782
0.004092
0.006255
0.003450
0.003482
-0.001278
0.015840
-0.002442
-0.009504
0.000217
0.001889
0.005294
0.004229
0.016623
-0.005899
-0.000841
-0.000677
-0.002362
-0.017816
0.000129
-0.006881
-0.002417
-0.001473
-0.001983
0.005801
-0.004984
0.021944
-0.002610
0.000179
0.012396
0.003710
-0.000691
0.000027
-0.006710
-0.001742
-0.001707
0.002381
-0.006788
-0.009961
0.000085
0.001329
0.004260
-0.009729
0.002772
-0.000538
0.000559
-0.001409
-0.001338
0.012377
-0.000195
0.000552
-0.004877
0.004196
0.001386
0.004794
-0.007612
0.018644
-0.001219
-0.001586
-0.026072
0.001112
0.002808
0.001935
0.000102
0.000641
-0.000602
0.000204
-0.000237
0.002927
0.004297
-0.004741
-0.000158
-0.008003
-0.002697
-0.000848
0.000886
0.008932
-0.000079
-0.005482
0.003777
-0.006120
0.013215
-0.001371
-0.001887
0.001189
-0.006776
-0.000934
-0.004673
0.002183
0.008696
0.003002
0.012654
0.000563
-0.010163
-0.001325
-0.001669
0.006511
0.001347
-0.005191
-0.000121
-0.001481
-0.003343
0.008236
0.009651
0.011998
0.010177
0.001510
-0.001683
-0.009408
-0.000991
-0.000030
0.000084
0.000355
0.003061
0.005282
-0.000183
0.004377
0.005526
-0.002514
-0.015609
-0.002603
0.007914
0.006185
-0.008410
0.001836
0.001979
-0.007597
0.001452
0.002855
0.000148
0.006026
-0.003718
0.000326
-0.011715
-0.005928
0.002966
-0.005799
-0.000891
-0.010592
0.009330
0.002439
-0.000356
0.012886
-0.008539
0.012800
-0.000436
0.004412
-0.002838
0.002219
-0.001005
0.008660
-0.022957
0.018918
-0.004621
-0.011526
-0.000003
0.007636
0.000705
-0.002629
-0.000331
0.003172
0.000697
0.001889
-0.000599
0.000392
-0.001522
0.006830
0.015972
0.005497
-0.000093
-0.011499
0.001072
-0.000015
0.010209
0.000172
0.002297
-0.005889
0.001106
0.002241
0.000703
0.002983
0.000225
0.000423
0.019016
-0.016859
-0.007056
-0.006144
-0.007370
0.000106
0.037036
0.006498
0.005915
-0.005731
-0.003626
-0.000209
0.008935
-0.020412
-0.001629
-0.000797
-0.001250
0.000267
-0.034655
0.000329
-0.015954
-0.002656
0.000231
0.003389
-0.002545
-0.000161
-0.000983
0.013854
0.021296
0.000061
-0.000103
0.000061
-0.004715
0.001366
0.001488
0.000351
0.003703
0.000202
0.001807
-0.008941
0.001419
0.000520
0.003742
-0.005629
-0.000456
0.000597
0.008140
0.007887
0.001245
0.000287
0.003588
0.007082
-0.016590
-0.009344
0.006594
-0.004463
0.001608
0.000134
-0.005386
-0.008898
0.001056
0.000289
-0.003488
0.006109
0.003301
-0.010394
0.002063
0.008739
0.003222
0.016935
0.004968
0.005453
0.001490
0.007478
0.008100
-0.005769
0.013260
0.001295
-0.023986
-0.010305
-0.000747
-0.010386
-0.017252
0.000927
0.029061
0.009893
0.005951
-0.001454
0.000489
-0.007838
-0.002102
-0.002076
-0.014363
0.028995
-0.002784
0.004601
-0.001216
0.002280
0.000820
0.016987
0.015004
-0.000384
-0.015361
0.006177
-0.000161
-0.000113
0.013956
0.000560
-0.005408
-0.001408
0.011940
-0.000252
0.000305
-0.009785
0.005328
0.016807
0.000957
-0.000136
-0.001784
-0.000765
0.001309
-0.011927
0.000081
-0.001004
-0.006192
0.012965
-0.000711
-0.002551
-0.001288
0.007682
0.029857
-0.001831
-0.006853
-0.005652
-0.001635
0.000784
-0.000051
0.000663
-0.000751
-0.000226
0.000110
-0.032925
0.002047
-0.002404
-0.000029
0.001290
-0.002420
-0.002503
0.000746
0.000033
-0.000091
-0.000164
0.009155
0.004805
0.003710
-0.000813
0.008420
0.003472
0.003094
-0.001099
0.013183
0.000382
0.006094
-0.000486
-0.003769
0.000042
0.003999
-0.002363
0.001165
0.001320
-0.002003
0.001993
-0.006892
0.000002
-0.006762
-0.005142
-0.000191
-0.002716
-0.018331
0.000848
-0.006948
-0.020611
-0.000223
-0.002796
0.000443
-0.001316
0.004257
-0.008539
0.005466
-0.006616
0.000004
0.005738
-0.012222
0.021462
-0.000512
-0.020807
-0.008635
0.003326
0.002301
0.028388
0.002198
0.000599
-0.001364
0.014887
0.001671
-0.014224
-0.003109
-0.002447
0.002766
0.002589
0.000960
-0.001405
0.002453
0.008065
0.002262
0.005186
0.011984
-0.006817
-0.008841
-0.001193
0.005936
-0.000329
0.009321
-0.031792
0.007267
-0.007521
-0.004252
-0.017050
-0.000046
0.009408
-0.004886
-0.004582
-0.004121
0.004820
0.002998
0.001072
0.000823
0.000343
0.002290
0.004846
0.012254
0.002308
0.003088
0.008243
0.001105
0.000021
0.000603
0.011251
-0.009950
0.000351
0.006299
0.006880
-0.000984
0.003207
-0.000820
0.002381
0.002204
0.000723
-0.007892
0.002011
0.004586
-0.001599
-0.002508
-0.005242
0.002599
0.004857
-0.007403
-0.000251
-0.020650
-0.006830
0.021972
-0.000255
-0.012009
-0.001125
0.003407
0.000207
0.003496
-0.002743
-0.002179
-0.001308
-0.002934
-0.008853
0.028054
-0.030139
0.005591
-0.000055
0.005928
0.000007
-0.002147
-0.009307
-0.005479
0.004165
0.004338
-0.000481
0.001011
-0.001841
0.026375
-0.003958
0.001861
0.012142
-0.004972
-0.002390
-0.025768
0.008673
-0.006218
-0.003802
0.004060
0.002244
0.007177
0.007394
-0.007391
0.009633
0.003180
0.000769
0.000360
-0.002204
-0.006342
0.001671
-0.006220
0.011368
0.002943
-0.001123
-0.000953
-0.004205
0.001536
-0.014915
0.009521
0.001021
-0.004031
0.006252
-0.014111
0.001146
-0.008004
0.006562
-0.000558
-0.015815
0.018163
0.005211
0.010227
-0.001345
-0.014475
-0.002831
0.003918
-0.001872
0.003194
-0.005102
-0.001112
0.007094
-0.002302
-0.013447
0.009080
0.002426
-0.002449
-0.007447
-0.005284
0.009839
0.001703
-0.000339
0.010796
0.005800
0.000130
-0.000040
0.003845
0.000886
-0.006881
0.000891
0.034174
-0.043639
0.005755
0.008212
0.000457
0.006782
0.002312
0.001108
0.000905
-0.000937
0.001319
-0.013968
-0.000240
0.000132
-0.000097
0.012805
0.004368
0.002369
-0.001056
0.001269
-0.004710
0.000028
0.030050
0.000473
-0.006407
-0.000007
0.001244
0.000013
-0.000562
-0.001314
0.000321
-0.012647
0.000454
-0.019226
-0.000050
0.008995
-0.001394
-0.006265
-0.000794
0.007700
0.000101
-0.007617
-0.023070
0.000369
0.010439
-0.001852
0.003109
-0.011894
0.001204
-0.001995
0.002205
-0.003641
-0.010375
-0.001376
-0.002587
0.002220
-0.002566
-0.000666
-0.003835
0.003054
-0.001477
0.000927
0.005517
-0.000146
-0.002833
0.007364
-0.003963
0.002931
0.020559
-0.002725
0.001945
0.035068
-0.000793
0.000755
-0.000993
0.002118
-0.000198
-0.004873
0.003863
-0.014758
0.026015
-0.013271
-0.004022
0.017751
0.005853
0.017178
-0.000599
-0.003169
-0.000185
0.014371
0.002529
-0.000315
-0.000191
0.009811
0.008815
0.006839
-0.007367
0.005351
-0.002225
-0.011375
-0.001309
0.001302
0.011805
0.008501
0.006340
-0.010259
-0.000369
-0.014358
0.000594
0.003070
-0.002046
0.003700
-0.002315
-0.003048
-0.001122
0.002716
-0.004255
-0.002067
-0.000026
-0.004348
-0.007937
-0.004042
-0.003620
0.007804
0.002672
-0.000537
0.001168
-0.000390
-0.008984
-0.029343
-0.016388
-0.001958
0.002369
0.028326
-0.000974
0.000024
-0.002868
-0.002438
0.004690
0.005459
0.004813
0.002626
0.007338
-0.004338
0.001231
0.004090
0.023274
0.008369
0.006746
0.015590
0.002590
0.001475
-0.001225
-0.006362
0.004616
-0.002819
-0.006784
-0.000023
0.007826
-0.005153
0.006471
0.001817
0.000864
-0.004564
-0.015747
0.000729
-0.001711
0.005240
-0.000550
-0.001933
0.000557
0.006945
-0.012827
0.013867
-0.002751
-0.000202
0.001796
0.000035
-0.013593
-0.001150
0.000034
0.007275
-0.011007
0.001056
0.011629
0.005327
-0.020076
-0.001805
0.002614
-0.002393
-0.006376
0.000059
-0.015775
0.004501
0.006967
0.001758
0.000661
-0.002941
0.003194
-0.000713
0.010167
-0.000609
-0.003550
-0.000421
-0.000066
-0.002811
0.004424
0.007322
0.000548
-0.007549
0.000439
0.001256
0.007887
0.002119
0.003853
-0.018574
0.002291
0.002604
0.007979
-0.003669
-0.019778
-0.024359
-0.002487
0.000260
-0.012455
-0.001226
-0.007322
0.007776
-0.038282
0.002373
0.011390
-0.013383
0.011244
0.002312
-0.000039
0.002836
-0.001778
-0.007596
0.004334
0.013886
-0.005159
0.006175
-0.002167
0.000626
-0.005569
0.016342
0.009892
0.000016
0.016013
0.002283
0.000025
-0.000132
0.006664
-0.001929
0.007353
0.003783
0.024923
-0.019734
0.001440
0.000682
-0.005274
0.008840
-0.003099
-0.000468
0.001048
0.003533
-0.000273
-0.005744
-0.000652
-0.000119
-0.000384
-0.003081
-0.001780
0.001952
-0.002455
0.017362
-0.007658
-0.000129
-0.001522
-0.005809
0.009308
-0.000297
0.000932
0.000843
-0.000290
0.000595
0.002191
-0.037295
0.004254
0.004217
-0.000411
0.000051
0.000687
-0.002162
-0.003083
0.007655
-0.000106
0.004609
-0.004629
-0.000542
-0.004815
0.002667
-0.002277
0.005449
0.001645
-0.000377
0.015210
0.000988
0.007475
-0.000905
0.003599
-0.000671
0.001078
-0.000280
-0.003345
-0.000644
-0.003215
-0.001263
-0.006180
-0.000614
-0.008058
0.002342
-0.010615
-0.007277
0.004843
-0.005690
-0.002634
0.013785
0.000276
-0.000624
-0.000227
0.000886
0.002043
0.004369
-0.002110
0.009398
0.020507
0.009350
0.012191
0.006194
0.009155
-0.022787
-0.000516
0.001478
-0.001500
-0.038756
0.001063
-0.000300
-0.004559
0.011113
0.003595
0.001929
-0.001508
-0.017175
0.008375
-0.001767
-0.000123
-0.031647
-0.016198
0.012631
-0.004461
-0.021250
0.005339
0.002311
0.007148
0.001214
0.001599
-0.003723
0.000935
0.019027
-0.010283
0.012244
-0.002087
-0.002336
-0.000029
0.002176
-0.003513
0.001723
0.026913
-0.003728
0.001990
-0.000233
0.001481
0.000999
-0.007746
-0.017392
-0.004020
-0.002447
-0.000800
0.002946
0.000647
-0.000018
-0.014321
-0.019601
-0.004024
-0.002671
0.012914
-0.005654
0.007465
0.005537
0.001188
0.008247
0.002379
0.013533
0.002640
0.000210
-0.001481
0.005583
-0.033351
0.010225
0.006176
0.000862
0.001809
0.000178
0.010055
-0.009574
0.005115
-0.000535
0.005381
0.003675
-0.030553
0.001468
-0.008104
-0.007640
0.004942
0.001939
0.000242
-0.002091
0.019098
0.012956
0.007950
0.000049
0.007441
-0.000037
0.007908
-0.025091
-0.002678
0.003497
-0.009040
0.001365
0.010183
0.000451
0.006925
0.000798
-0.001681
0.006085
-0.009774
0.010173
0.009369
-0.008426
-0.004118
0.005191
0.001548
-0.005457
-0.011073
0.004419
-0.002808
0.007407
-0.002503
-0.000443
0.000990
0.001976
0.001246
0.000700
-0.003927
0.010967
-0.003329
0.009744
0.000377
0.010557
-0.002313
0.005128
-0.004498
-0.010974
-0.004775
-0.001198
0.005377
0.000843
-0.002939
-0.013032
0.016004
-0.004952
-0.014917
0.008291
-0.002537
-0.008497
0.004018
0.000150
-0.008131
0.002698
0.001262
0.005032
0.002417
0.002947
0.003502
0.015083
-0.010446
-0.001305
-0.001741
-0.000136
0.002808
0.013536
0.009770
0.000199
-0.000395
-0.002803
0.000314
-0.000296
-0.000781
-0.002761
-0.005738
0.001164
0.000705
-0.009685
-0.003307
-0.009771
-0.001981
-0.012322
-0.008718
0.000019
0.000912
0.002228
-0.001667
-0.005507
0.000150
0.000613
-0.001296
-0.002365
0.006099
0.002765
-0.003410
0.009777
0.018903
-0.000868
0.019080
0.001423
0.006114
-0.000037
-0.000299
0.001554
-0.000510
-0.001674
-0.000194
0.040645
0.000624
0.005496
0.000059
0.006149
-0.001859
0.001246
-0.000579
-0.001003
0.000110
0.000191
-0.003295
-0.007907
0.007461
0.000790
0.002637
0.006455
0.005667
-0.001518
-0.013963
-0.002497
0.015462
-0.002114
0.005301
-0.001711
0.002647
-0.000266
0.000618
0.004085
0.001411
0.002762
0.000339
-0.001507
-0.002771
-0.005686
-0.009687
-0.016853
-0.002703
-0.000933
-0.000009
-0.063618
-0.000169
0.002213
-0.000202
-0.001714
0.000291
-0.003379
-0.000954
0.003030
-0.011416
-0.003743
-0.002737
-0.004312
-0.006371
-0.023613
0.013807
-0.000707
0.000757
0.007527
-0.003268
-0.000926
-0.004266
-0.003009
0.006941
0.001306
0.006337
-0.034187
-0.002741
0.004493
-0.000549
0.003512
0.014765
0.000367
-0.007472
0.013887
0.000919
0.004614
-0.009508
0.007280
0.002220
-0.000495
-0.006686
-0.029301
-0.004884
-0.003450
-0.001221
0.010890
-0.000016
-0.002072
0.002569
0.005076
-0.006108
0.029140
-0.000918
-0.000242
-0.003994
-0.000364
0.025583
0.006549
-0.011048
0.003170
-0.003441
0.028204
0.001617
-0.000010
0.002626
0.000748
-0.027671
0.014041
0.005887
0.003901
0.007214
-0.008946
0.001659
0.006155
0.007566
0.002687
-0.000784
-0.005350
-0.018454
0.000529
0.019004
-0.001148
0.000158
-0.001473
-0.006421
-0.000339
-0.016769
-0.002357
0.002529
0.001140
-0.001811
-0.000002
0.001632
-0.000657
-0.011575
0.000539
0.005116
0.001027
0.001186
0.000603
0.009959
0.007812
0.011018
0.000042
0.007625
-0.000035
0.007472
0.010350
-0.001766
0.001393
-0.004719
0.001208
0.001731
-0.011786
0.012063
-0.001018
-0.004205
0.000490
0.004098
0.007638
0.012866
-0.002247
0.000216
-0.000105
0.000376
0.001265
-0.001477
-0.001645
-0.005455
0.007572
-0.002165
-0.000514
-0.005196
0.015472
-0.007043
-0.005949
0.004087
-0.012789
-0.004765
-0.003533
-0.008143
-0.009816
-0.000238
0.007549
-0.005066
0.008122
0.002383
-0.001976
-0.022704
-0.003379
0.003968
-0.010959
-0.013676
-0.008652
-0.003963
-0.003686
-0.013142
0.000247
-0.028619
-0.004359
-0.004026
-0.006190
0.000929
0.000504
0.000104
0.010261
-0.010381
0.031952
0.015753
0.004237
0.000902
0.005313
-0.004036
0.007532
0.008700
0.000069
-0.010980
0.011638
-0.000573
0.000112
0.014429
0.004067
-0.008371
-0.001406
0.005052
-0.034198
0.000865
0.010345
-0.001206
-0.008847
-0.006518
0.000433
0.003416
0.000822
0.000854
0.013633
-0.000580
0.000653
-0.000521
0.001321
0.002467
0.000866
0.004962
-0.001479
0.005262
0.000370
0.009732
0.004176
0.047133
-0.000219
0.000762
0.001851
-0.000742
-0.000152
-0.001684
-0.003152
-0.003464
0.001237
-0.000095
-0.006294
-0.003044
-0.001478
0.001747
0.012039
0.000147
0.001494
-0.013351
-0.004181
0.000900
0.000352
0.004453
0.000801
-0.000783
0.001082
0.018121
-0.003235
0.033807
-0.002821
-0.010120
-0.000187
-0.003208
0.000002
-0.004025
-0.006005
-0.004085
0.006014
0.002540
0.000176
0.001740
-0.005427
-0.008026
0.008349
-0.014171
-0.001820
-0.000687
-0.031858
0.000229
0.002733
-0.000197
0.000732
-0.001653
-0.001237
-0.004359
-0.009537
-0.027226
0.011846
-0.006631
-0.027966
-0.000546
0.042114
0.000805
0.004635
-0.000947
-0.021709
0.000251
0.000183
0.004627
-0.015982
-0.005498
0.019414
-0.005030
0.007054
-0.001902
0.001344
-0.000825
0.014534
0.010318
0.002805
-0.008582
0.005410
-0.025111
-0.011857
0.002088
0.004128
-0.001203
-0.003155
0.001521
0.024046
-0.013380
0.005658
0.004386
0.000186
-0.000043
0.004179
0.002502
-0.000546
0.025567
0.036435
-0.003256
-0.001305
0.000677
0.000219
0.002779
0.026570
0.002063
0.001380
0.001082
-0.000126
-0.000295
-0.000003
-0.003105
-0.000737
0.011608
-0.007626
0.001859
-0.002486
0.004192
-0.001064
-0.008232
0.009268
0.023220
-0.004009
-0.002347
0.015069
-0.027330
-0.005911
0.000966
-0.002599
0.004014
-0.000169
-0.002724
-0.000018
-0.016594
-0.006301
-0.004265
0.000955
-0.005449
0.000201
0.041558
0.000563
0.019093
-0.001998
0.002521
0.000430
0.000387
-0.005951
0.013366
-0.006463
-0.009601
-0.000045
-0.002848
-0.000019
-0.003894
-0.000773
-0.005509
-0.005918
0.006599
-0.000377
0.004987
-0.001632
-0.013181
-0.000595
-0.001427
-0.001908
-0.005645
0.000931
-0.001018
-0.002536
-0.000702
-0.000506
-0.001283
0.002917
-0.005983
-0.001097
0.017424
0.001224
-0.006376
-0.000309
0.000915
-0.014042
-0.001705
0.003778
-0.001085
-0.010759
-0.005771
0.012113
0.002781
0.024426
0.000068
0.008412
0.000491
0.007789
0.005127
0.012281
0.009292
0.002491
0.001352
-0.000870
0.014736
-0.009212
-0.001218
-0.023132
0.003330
0.001599
-0.011656
-0.011131
-0.002163
-0.003026
-0.003701
-0.003444
-0.000503
-0.005012
0.016363
0.004166
0.002984
-0.001703
0.000126
0.005118
-0.009346
-0.010721
0.001178
-0.000117
0.003279
-0.003249
0.000510
-0.000064
-0.002190
-0.001970
0.011427
0.001961
0.008083
0.016340
-0.002050
-0.022929
0.003401
0.002931
0.008108
-0.001383
0.000012
-0.001040
-0.000549
-0.010146
0.000606
0.000227
0.005216
-0.003619
0.007647
-0.002460
0.005956
-0.000601
-0.021586
-0.001263
-0.024631
0.001095
-0.023764
0.002734
0.001638
-0.001385
0.000239
-0.000329
-0.000118
0.040047
-0.002955
0.008437
-0.000188
0.009032
0.001674
-0.001949
-0.004045
0.003719
-0.000054
0.002884
-0.015228
0.003012
-0.001569
-0.000989
0.000461
-0.019635
0.001374
-0.000011
-0.026836
-0.000669
0.013104
-0.001432
-0.026569
0.000874
0.003657
-0.000628
-0.007872
-0.002625
0.002839
-0.001567
-0.002514
0.002576
0.000793
0.005045
-0.000708
0.011968
0.001543
0.000232
0.001414
0.030648
-0.000017
-0.001654
0.000154
-0.004785
0.000803
-0.000646
-0.004011
0.004902
0.031121
-0.003594
0.001201
0.002870
-0.004300
-0.022091
0.008431
0.002466
0.000819
0.018307
-0.000593
0.002847
0.005837
-0.010400
0.004631
-0.001721
0.012516
0.001553
0.001528
0.005929
-0.001832
0.002779
0.007831
0.021165
0.006232
0.026808
0.009960
0.001137
-0.004619
0.003974
-0.010394
-0.002378
-0.013145
-0.003702
-0.005973
0.015682
0.003613
0.002115
0.000014
-0.007338
-0.003027
0.012590
-0.004499
0.016869
-0.001123
-0.001137
-0.000347
-0.000080
0.004636
-0.014867
-0.019446
0.001214
-0.002123
-0.005998
-0.000276
0.000017
-0.001978
0.006498
0.017798
-0.005844
-0.008544
-0.009436
-0.000874
-0.004753
0.003757
0.004253
0.024022
0.017315
-0.002157
-0.000614
0.006055
0.000224
-0.039917
-0.005095
-0.005825
0.003758
-0.003792
0.000049
-0.005498
-0.003085
0.013334
0.000750
0.000913
-0.002501
0.027385
0.000029
0.006072
-0.005294
-0.003199
-0.002993
0.002986
-0.003220
0.017622
-0.000757
-0.001679
0.000091
-0.003980
-0.000018
0.000880
-0.006667
0.002512
-0.004723
0.017237
-0.000342
0.006376
0.007712
-0.012458
0.002520
0.001679
-0.000636
0.002568
0.006918
0.010113
-0.003279
0.001478
0.002462
0.001395
-0.000026
0.009879
-0.000191
-0.019026
-0.001214
-0.000754
0.000198
0.000458
0.005907
0.000745
-0.009125
-0.002154
-0.002933
0.003348
-0.010614
-0.001041
0.008595
-0.000060
-0.016001
-0.003692
-0.005559
0.001532
-0.009347
0.017000
0.006460
-0.018023
0.006531
-0.005757
-0.002559
-0.001438
0.003597
-0.023966
0.000761
0.015782
-0.015757
0.006066
0.005732
-0.000304
-0.006941
0.000482
-0.005055
-0.005547
0.023909
-0.007320
-0.000605
-0.000119
-0.000445
-0.006022
-0.013123
-0.004361
-0.000030
0.017434
0.005547
-0.000944
0.000013
0.014541
0.001511
0.007156
-0.003530
0.022010
-0.022521
-0.001519
-0.009456
-0.007772
0.001902
0.003669
-0.001254
-0.001972
-0.001316
-0.000448
0.021178
0.001506
-0.001158
-0.000405
-0.004462
-0.006724
0.002255
0.005698
0.002886
-0.020696
-0.000176
-0.024129
0.000185
0.034487
0.001571
0.000172
0.002751
0.000019
-0.000625
-0.001429
0.006630
0.001811
0.006788
0.000247
-0.004539
-0.002942
-0.003898
0.005322
0.014232
-0.000079
-0.001130
0.006160
-0.003504
0.013329
0.000857
-0.009070
0.004391
0.000744
-0.000114
-0.029716
0.000732
0.038916
0.001542
0.045615
0.002313
0.001517
0.001948
-0.001805
0.006704
0.000321
-0.001585
0.003794
0.001244
0.003352
-0.001399
0.003348
0.003208
-0.000243
-0.000077
0.000381
-0.016151
-0.000877
-0.003606
-0.000039
0.000778
0.002030
-0.000535
-0.000024
0.009117
-0.007633
-0.002566
0.016381
-0.007123
0.000212
-0.027422
0.003206
-0.000327
0.005685
-0.022090
-0.000838
0.000928
0.006496
0.006754
-0.009913
0.022268
0.002217
0.024996
-0.001219
0.004138
0.000519
0.017372
-0.002732
0.001276
0.016574
-0.009666
-0.020366
0.007131
-0.001919
0.000867
-0.000347
0.001382
0.009387
0.001585
0.023249
-0.012020
-0.013619
0.019489
-0.000056
-0.010890
-0.013310
-0.004815
-0.003364
0.053647
0.000762
0.001266
0.000171
0.000622
0.004768
0.015856
0.006641
-0.003345
-0.000689
-0.019317
0.000361
0.000018
-0.001547
-0.005796
0.000855
0.001846
-0.001944
0.002423
-0.006658
0.004375
-0.002184
0.001540
0.026640
0.000841
0.003240
0.006509
0.014178
0.005113
-0.010427
0.005148
0.006191
0.001578
-0.006916
-0.000062
0.006465
0.016163
-0.002468
-0.001559
-0.007340
0.005294
0.001911
0.000729
0.005964
-0.004320
-0.006203
-0.000873
-0.002888
-0.001533
-0.006183
0.013631
0.044161
-0.000151
0.001799
-0.000034
0.015602
-0.024924
0.007627
0.008413
0.004253
-0.000336
0.012313
-0.012316
-0.007726
0.002054
-0.003375
0.007213
-0.005448
0.002249
0.002101
-0.015898
-0.001552
-0.001683
-0.000473
-0.010016
0.007203
-0.001091
0.001121
-0.007506
-0.004206
-0.000004
-0.001402
0.004336
0.012313
-0.003872
-0.000755
-0.002140
-0.001483
0.000333
-0.007748
0.000331
-0.001246
-0.003768
-0.005600
0.001841
0.000607
-0.002331
-0.015333
-0.000063
-0.005423
0.006649
0.005697
0.014986
-0.009445
-0.014819
-0.005648
-0.000764
-0.008010
-0.002786
0.005121
-0.000944
-0.002839
-0.002616
-0.001979
-0.004490
-0.003531
0.007907
0.003081
-0.002254
0.001056
0.005160
0.002552
0.004108
0.005019
-0.000343
0.002438
0.004191
-0.000287
0.000036
0.008740
-0.000635
-0.001399
0.001759
0.032149
0.009427
-0.002159
0.011295
0.005103
-0.003793
-0.008194
0.001500
-0.001759
0.002561
0.001525
-0.002150
-0.000442
-0.000117
0.001548
0.001566
0.012466
0.001264
-0.005693
0.011375
0.008157
-0.000517
-0.012098
0.001189
-0.038758
-0.001566
0.001126
-0.000252
0.000326
0.000399
-0.000388
-0.001059
-0.002100
0.003302
-0.000483
0.003583
0.006523
0.000932
0.005115
0.003089
0.000035
0.004937
0.018001
0.007645
-0.000090
0.000345
0.006701
0.007422
-0.001818
0.001325
-0.007658
-0.001642
0.006205
0.005368
-0.014981
0.000614
-0.001167
-0.001265
0.000578
0.006181
0.002832
0.001922
0.004701
-0.003841
-0.007514
0.007919
-0.007847
0.011948
0.014372
0.002069
0.000613
0.038989
-0.000041
0.000481
-0.000068
-0.001963
-0.001871
-0.001620
0.000517
0.007434
0.017642
0.009214
0.003113
-0.017442
0.000062
0.005444
-0.000610
-0.001176
0.002983
0.012316
-0.001291
0.002689
-0.002015
0.008211
0.008465
0.015392
0.004662
-0.010991
0.003782
0.004783
0.001081
-0.014298
0.028785
0.002646
0.000987
0.018686
-0.004391
0.005399
-0.013593
0.002487
-0.002283
-0.000526
-0.014810
-0.004742
0.026670
-0.016442
-0.002398
0.035364
-0.000000
0.002382
-0.001512
0.004600
-0.007273
-0.004718
-0.001398
-0.000273
0.000860
0.000014
0.003533
0.029865
0.015211
0.003555
-0.001338
-0.027608
-0.002563
-0.000005
-0.013669
0.003040
0.007139
-0.007813
-0.002953
-0.017500
0.004523
-0.003049
-0.001874
0.004438
0.019722
-0.030029
0.003664
-0.003025
-0.001193
-0.002619
0.017898
-0.001703
0.006676
0.001313
-0.001792
-0.000061
-0.009314
-0.000433
-0.001243
0.001589
0.004743
0.004398
-0.002230
-0.000383
0.006289
0.007373
0.004549
-0.002896
0.001047
0.004143
0.011548
-0.009390
0.005780
0.000071
-0.004134
0.000006
0.008018
-0.002393
0.003793
0.007178
-0.011781
-0.000029
-0.002194
0.002183
-0.000772
0.003215
0.000141
-0.001928
0.003792
-0.001814
0.004957
-0.024090
-0.003579
0.000210
-0.002426
-0.010355
0.005378
0.006459
-0.000184
-0.007021
0.001731
0.000405
-0.000863
-0.000560
-0.000640
-0.000045
0.004236
0.009077
0.000872
0.009813
0.006155
0.005368
0.002005
0.000362
0.008073
0.000027
0.001955
0.001490
0.014733
0.002969
-0.014651
0.002112
0.004593
0.002351
0.007173
-0.000623
0.045288
0.000427
0.001488
0.012776
-0.006757
-0.001487
-0.000758
-0.003154
0.001138
-0.012194
-0.003965
-0.000616
0.003888
0.001316
0.000892
0.010674
-0.003746
0.016523
-0.006810
0.000048
0.007026
0.010601
-0.000038
0.000117
-0.006036
0.004630
0.007395
-0.001008
-0.019554
0.014005
-0.001036
0.009045
0.001870
-0.004890
0.001862
-0.003368
-0.001761
-0.001068
-0.000012
0.029992
-0.000294
-0.000770
0.005094
0.007414
0.001072
0.001470
0.002662
0.001060
0.002798
-0.000476
-0.021792
-0.004345
0.025431
-0.000000
0.000289
0.000411
0.000138
-0.001444
0.001179
-0.001123
0.000817
0.003682
-0.000034
-0.005243
0.000964
-0.000543
-0.000361
-0.004592
0.000107
-0.007130
0.004229
-0.005357
-0.009048
0.000122
-0.005971
0.002933
-0.005010
0.000533
-0.001912
-0.000315
-0.011820
-0.003032
0.013065
-0.001202
-0.000967
0.002340
-0.003519
0.006400
-0.002081
-0.008367
-0.000949
0.006619
-0.000186
-0.007614
0.003515
-0.012323
0.024579
-0.004561
-0.002517
0.000650
-0.000248
0.000836
-0.000770
-0.002927
-0.001605
-0.006024
-0.000548
-0.007214
-0.000012
0.004705
0.011162
-0.007744
-0.017731
0.017637
-0.002438
-0.000008
0.000259
-0.028642
-0.001834
0.000065
-0.000425
-0.012005
0.026818
-0.031719
0.013931
0.000899
-0.002016
0.000824
-0.000254
-0.011055
-0.012656
0.009658
-0.002172
0.000610
-0.037951
0.003953
0.000472
-0.004413
-0.005005
0.003390
-0.004856
0.013039
0.005343
-0.000919
-0.014444
-0.005250
-0.000005
-0.002694
-0.002277
0.006133
0.050250
-0.012060
-0.001307
-0.001461
0.001833
-0.000401
0.022715
0.023695
-0.017075
-0.001761
0.001388
-0.014927
0.001012
-0.000002
0.015263
0.009631
0.003680
0.002947
-0.011278
0.002765
0.004707
-0.001580
-0.002379
-0.004583
0.012001
-0.027015
-0.001031
-0.002976
-0.011469
0.004496
-0.015671
0.006922
0.004783
0.004101
0.010129
-0.000042
-0.008151
-0.014745
-0.001676
-0.000767
-0.002241
-0.003148
0.005986
0.000689
0.005819
-0.003688
-0.004542
0.002914
0.001690
0.002213
0.003271
0.003966
0.000768
-0.000049
0.015283
-0.000120
0.000389
0.009714
0.000121
-0.013938
0.010274
0.001221
-0.000582
-0.000622
-0.016470
0.001551
0.002180
0.009357
0.005760
0.010850
-0.003751
0.005677
-0.009949
0.001968
0.002062
-0.010358
0.001741
-0.003228
-0.008844
-0.012544
-0.001512
-0.000647
-0.001259
0.009006
0.004677
0.006802
0.006870
0.020315
-0.001639
0.001270
-0.000490
0.011339
-0.000591
0.006647
0.001020
-0.008956
-0.003037
-0.002782
0.004092
0.006255
0.003450
0.003482
-0.001278
0.015840
-0.002442
-0.009504
0.000217
0.001889
0.005294
0.004229
0.016623
-0.005899
-0.000841
-0.000677
-0.002362
-0.017816
0.000129
-0.006881
-0.002417
-0.001473
-0.001983
0.005801
-0.004984
0.021944
-0.002610
0.000179
0.012396
0.003710
-0.000691
0.000027
-0.006710
-0.001742
-0.001707
0.002381
-0.006788
-0.009961
0.000085
0.001329
0.004260
-0.009729
0.002772
-0.000538
0.000559
-0.001409
-0.001338
0.012377
-0.000195
0.000552
-0.004877
0.004196
0.001386
0.004794
-0.007612
0.018644
-0.001219
-0.001586
-0.026072
0.001112
0.002808
0.001935
0.000102
0.000641
-0.000602
0.000204
-0.000237
0.002927
0.004297
-0.004741
-0.000158
-0.008003
-0.002697
-0.000848
0.000886
0.008932
-0.000079
-0.005482
0.003777
-0.006120
0.013215
-0.001371
-0.001887
0.001189
-0.006776
-0.000934
-0.004673
0.002183
0.008696
0.003002
0.012654
0.000563
-0.010163
-0.001325
-0.001669
0.006511
0.001347
-0.005191
-0.000121
-0.001481
-0.003343
0.008236
0.009651
0.011998
0.010177
0.001510
-0.001683
-0.009408
-0.000991
-0.000030
0.000084
0.000355
0.003061
0.005282
-0.000183
0.004377
0.005526
-0.002514
-0.015609
-0.002603
0.007914
0.006185
-0.008410
0.001836
0.001979
-0.007597
0.001452
0.002855
0.000148
0.006026
-0.003718
0.000326
-0.011715
-0.005928
0.002966
-0.005799
-0.000891
-0.010592
0.009330
0.002439
-0.000356
0.012886
-0.008539
0.012800
-0.000436
0.004412
-0.002838
0.002219
-0.001005
0.008660
-0.022957
0.018918
-0.004621
-0.011526
-0.000003
0.007636
0.000705
-0.002629
0.001355
0.014966
-0.007482
-0.000558
-0.002696
0.000331
-0.011600
0.003293
-0.021654
-0.003756
0.001559
0.014285
-0.000922
0.000005
-0.008491
-0.007223
-0.020943
0.012829
0.003108
-0.007128
-0.003949
-0.000109
-0.003175
-0.008638
-0.009240
0.004595
-0.004210
-0.004512
-0.012866
0.001402
0.024902
-0.001001
-0.003309
-0.003721
0.001164
0.000138
0.021766
0.007371
-0.000542
0.000403
0.001736
-0.002426
0.019080
0.000188
0.004880
0.002249
0.003135
0.002499
-0.000095
0.003637
0.020988
0.002146
-0.041270
0.000072
-0.000323
0.000035
0.008384
0.007729
0.002104
-0.017169
-0.002265
-0.001978
-0.004266
0.004633
-0.006382
-0.000832
-0.001791
-0.001937
0.001596
0.001416
0.001032
-0.008821
-0.003968
0.002497
-0.001483
0.000299
0.000125
0.000613
0.008881
0.003108
-0.000741
-0.000792
-0.002638
-0.011995
0.000199
-0.003876
0.015031
0.029796
-0.001596
0.008032
0.002255
0.002147
-0.000129
-0.004623
-0.013595
0.002862
0.000936
0.001068
-0.007517
-0.006384
-0.004477
-0.007186
0.008685
-0.021367
-0.006337
-0.006874
0.006402
-0.001987
0.018361
0.012697
0.002440
0.006373
0.002271
-0.001000
-0.000815
0.000743
-0.006393
-0.014937
0.006497
-0.001784
-0.000227
-0.015053
-0.002752
-0.002474
0.010173
0.000376
-0.005581
0.001618
0.000007
0.000122
0.008450
0.000793
0.009983
-0.001289
0.035443
-0.020498
-0.004299
0.004388
-0.008433
-0.006703
-0.007100
0.001612
-0.001623
-0.000145
0.000423
-0.029339
-0.000254
-0.000591
0.001541
0.005375
0.003512
-0.000763
-0.003040
0.020153
-0.006573
-0.000398
-0.024672
-0.000356
0.029168
-0.002504
-0.000575
-0.000196
-0.000792
0.000984
0.001477
-0.006549
-0.003045
-0.000529
-0.000167
-0.005833
-0.000530
-0.002378
0.001404
-0.000597
-0.000029
-0.002138
0.006809
-0.007141
-0.008288
0.000106
0.000410
0.003547
0.002360
-0.001015
0.004077
0.004513
0.041065
0.004796
0.052384
-0.000595
-0.000168
0.000565
0.007134
0.000457
-0.000453
0.003099
-0.000345
0.002631
0.004638
-0.001423
-0.003165
0.019218
-0.005466
0.000290
0.002087
0.000161
-0.000059
-0.001724
-0.000493
0.000920
0.002133
0.008463
0.002074
0.004234
0.006866
0.013297
-0.007288
-0.020472
0.021906
-0.007389
0.004563
0.009592
-0.003236
0.047457
-0.000359
-0.002501
-0.002102
-0.000613
0.006361
-0.001424
0.004333
0.007942
0.002881
0.002279
0.000497
-0.009312
-0.000882
-0.008101
-0.021657
-0.000579
0.009540
-0.007108
0.012311
-0.007047
-0.001157
-0.003672
0.004554
-0.007586
-0.004356
0.002706
-0.002929
0.012307
-0.000020
0.003129
0.001528
-0.003351
0.013566
0.002256
-0.005792
0.001436
-0.001183
-0.000669
0.009176
-0.009901
-0.009368
-0.001597
0.001609
0.004392
0.002121
-0.000002
-0.008237
0.002736
-0.000115
0.003053
0.007253
0.005026
-0.010020
-0.004630
-0.001731
0.005749
0.033657
0.024375
0.002768
0.000859
-0.007291
0.000177
0.037641
0.017009
-0.007098
0.001410
-0.002607
-0.000188
0.009116
0.003718
0.012723
-0.000146
-0.001968
0.002283
0.013208
0.000585
0.001376
0.000007
-0.005907
-0.001249
-0.001129
0.007215
0.002224
-0.007449
-0.002074
0.000003
0.000956
-0.000031
0.008815
0.000631
-0.008834
-0.015523
-0.007102
-0.002493
0.016487
-0.000721
0.004130
0.002568
0.001847
0.002572
-0.001366
-0.005066
0.014244
0.006507
-0.002427
0.004942
0.000319
0.005384
-0.005910
-0.003982
0.002241
0.000216
-0.005210
-0.000350
0.002627
-0.000815
-0.007025
0.007638
0.004812
0.012423
0.004030
0.003010
-0.003442
-0.006745
-0.002716
-0.015688
-0.004672
0.005979
-0.005543
0.007595
0.002077
0.017063
0.004560
-0.009737
0.038298
0.014370
0.001908
0.025084
0.036549
0.000725
-0.006809
0.003439
-0.006871
0.000188
0.000922
-0.000760
0.002609
0.007563
-0.016172
-0.030088
0.004478
-0.001272
0.001710
-0.002308
0.004503
-0.006808
0.003911
0.000101
0.006200
0.004973
0.000304
0.000047
0.003874
0.003611
-0.009723
-0.003101
-0.018636
-0.021579
-0.003124
-0.003387
-0.005551
0.003527
0.002411
-0.000317
-0.001436
0.000721
0.002414
-0.006378
-0.000689
0.000404
0.003286
0.001452
-0.007061
0.004558
0.004040
0.013482
-0.002522
0.001450
0.023131
-0.004173
-0.001703
-0.000005
0.000463
-0.000858
0.000047
-0.001746
0.000670
-0.017402
0.001859
-0.017076
0.000173
-0.009127
-0.000619
0.003729
-0.004854
0.002446
-0.000026
0.000941
0.005673
-0.001603
-0.002229
0.000288
0.000398
0.002142
0.000607
-0.000283
-0.015988
-0.003774
-0.005805
0.000732
-0.011525
0.001627
0.002270
-0.000106
-0.000526
-0.003803
-0.000908
-0.001097
-0.001092
0.004727
0.004557
0.006411
0.000865
-0.008501
0.000935
0.001369
0.002913
0.036363
0.000563
0.000418
0.000795
-0.000711
0.004815
0.005247
0.006175
-0.010261
0.000723
-0.012964
0.007123
-0.000306
-0.009647
0.002086
0.006982
0.005267
0.001780
-0.047762
-0.002001
-0.001232
0.002668
0.000816
0.000436
0.010199
-0.006284
0.002854
0.000104
0.005127
-0.000507
0.000671
0.015772
-0.000127
-0.002766
0.009794
-0.006935
-0.004949
-0.009801
0.003419
-0.001425
0.003557
0.003560
-0.000954
0.010947
-0.004630
-0.008738
0.002047
0.000038
0.000512
-0.000304
0.001800
0.005001
0.027711
-0.000959
0.000066
-0.000373
0.000901
-0.013551
-0.005899
0.017816
0.001354
0.003028
0.004793
-0.000386
-0.000017
0.006323
0.013470
-0.029383
-0.004502
0.004832
0.002604
-0.002699
-0.007359
0.001627
0.000692
0.014241
-0.003092
0.002339
0.001937
-0.004167
0.001847
-0.001173
0.003182
-0.004197
0.001529
0.013571
0.000316
-0.000583
-0.002261
0.019515
-0.001471
0.001204
0.005241
-0.009235
-0.000191
-0.015692
0.007584
-0.000254
0.003116
0.000456
0.006427
0.018087
0.002107
-0.015848
-0.000170
0.003555
-0.000019
-0.011239
-0.001314
-0.000311
-0.008590
0.010340
-0.000603
0.001213
-0.001407
0.009042
-0.001635
0.001715
-0.003355
0.000501
-0.004089
0.008926
0.000923
0.008194
-0.005707
0.000429
0.001495
-0.015555
0.001923
-0.008466
0.007094
-0.001450
-0.000122
0.013762
0.000298
-0.006608
0.005597
-0.003073
-0.014351
0.002786
0.013454
-0.009230
0.003911
0.000307
0.004545
0.010299
0.001276
0.002342
-0.008423
0.014325
-0.001053
0.020620
0.000337
0.003193
0.002173
0.002415
0.002473
0.010960
0.001753
-0.012744
0.005621
0.000087
0.002461
0.000299
-0.006607
0.001054
0.002339
0.002592
-0.014621
0.002962
0.001020
0.000410
0.002760
0.003376
-0.015638
0.000440
0.000066
-0.003365
0.011785
-0.000480
0.000058
-0.018883
-0.002085
0.006104
0.002882
-0.025794
0.043624
-0.000396
0.007498
0.003013
-0.009834
-0.002195
0.000339
0.002855
0.001222
-0.004772
-0.017777
0.000342
0.001467
-0.000500
-0.003703
-0.006130
-0.000925
-0.003285
0.000903
-0.017746
-0.001020
-0.023541
0.002690
0.018347
-0.002652
0.000697
0.000073
-0.000629
-0.001304
0.000244
0.018066
0.003147
0.002809
0.000501
0.003870
-0.002155
0.000914
-0.003039
-0.002767
-0.000030
0.002707
-0.001527
0.002823
-0.002057
0.000446
-0.009162
0.000196
0.001610
0.000735
-0.018445
-0.003763
0.024967
0.002066
-0.010206
0.000605
0.001686
0.000430
-0.004441
-0.000793
0.000594
-0.000559
0.004237
-0.005934
0.003404
-0.006523
-0.007451
0.023104
0.015054
-0.000890
0.002126
-0.026795
-0.001310
-0.001549
0.000206
-0.003078
0.001799
0.005290
0.001424
-0.011691
-0.010128
0.009598
-0.010752
-0.023280
0.000702
-0.005955
0.002666
0.002294
-0.005884
0.008177
0.000656
0.002565
0.000436
-0.011095
-0.004988
-0.012508
0.020342
-0.014761
-0.004973
0.005929
-0.001341
-0.012933
-0.019500
-0.007541
0.004592
-0.005086
0.018994
-0.007109
0.001647
-0.000573
-0.004536
-0.000448
-0.002059
-0.001162
0.009324
0.001200
-0.002679
0.012812
-0.000050
0.005182
0.008298
-0.005164
0.029668
0.014489
-0.003997
0.000881
0.000777
-0.000694
-0.008019
0.034223
0.009907
-0.002855
0.002585
-0.005284
0.001621
0.000000
-0.000161
0.000636
0.009807
0.000857
-0.000342
0.007997
0.007259
-0.002370
-0.001379
-0.002280
0.007765
-0.012443
-0.002432
-0.001390
0.003023
0.002111
-0.022641
0.008578
0.003053
0.001494
0.015175
0.000285
0.019395
-0.008301
0.007683
0.000961
-0.001775
0.000249
0.003051
0.000579
0.021028
-0.002786
-0.004067
0.002359
0.001639
-0.008576
0.018076
0.002038
0.020389
0.000085
-0.005250
-0.000037
-0.002884
0.000825
0.005820
-0.003273
0.015600
-0.001405
-0.005432
-0.023274
0.008932
-0.001618
0.001046
0.002099
-0.001672
0.001390
-0.008841
0.007041
-0.005850
-0.000478
-0.001050
-0.001062
0.001817
0.008514
-0.001065
-0.009689
0.005853
0.000157
-0.001499
-0.019726
0.008190
0.006291
0.008044
-0.002785
0.006962
0.003417
0.013862
0.008843
0.000264
0.002697
-0.002005
0.002523
-0.000964
-0.000716
-0.002589
0.012543
0.007217
0.003698
-0.012002
0.008077
-0.007856
0.001355
-0.011052
-0.001126
-0.020762
-0.013664
-0.012344
0.005981
-0.000392
-0.002303
0.003835
-0.016400
-0.010375
-0.016035
-0.002989
0.000333
0.002857
0.004147
-0.005321
0.005954
-0.003330
0.000029
-0.005848
-0.015033
-0.000734
-0.000149
-0.001812
0.000699
0.001362
0.000317
-0.002574
-0.033747
0.000598
0.013609
0.004207
0.005993
-0.005057
-0.000472
0.002796
-0.000279
0.000171
-0.011691
-0.000403
-0.000285
0.000437
-0.007326
0.007622
0.000862
-0.005176
-0.030594
0.010184
0.000907
0.017530
-0.001252
0.020828
0.000284
-0.000728
0.001119
-0.000462
-0.000084
0.000453
0.004523
0.005287
0.003672
0.000547
-0.000807
-0.000987
-0.006912
-0.002163
-0.011246
-0.000077
0.005241
0.000212
-0.001788
-0.007839
-0.000136
0.000824
0.007192
-0.000274
0.001049
0.015980
0.003693
-0.004760
0.002833
0.019178
0.000166
0.000673
0.001157
0.007951
-0.008699
0.004252
-0.000565
-0.000562
-0.004522
-0.005045
0.003318
0.010194
-0.018511
0.003071
-0.000385
-0.001661
-0.054238
-0.000603
0.001606
0.000675
0.003943
0.000565
0.000696
-0.000579
0.016348
0.019317
-0.005918
0.007557
-0.014300
0.006183
0.021748
0.008254
0.000172
-0.000387
0.016033
0.002181
0.001162
0.003458
-0.000399
-0.006003
0.004029
0.002658
0.019499
0.001125
-0.005278
-0.001700
-0.007274
-0.008933
-0.006727
0.009325
-0.008561
-0.027935
-0.007145
0.001536
-0.001594
-0.003207
0.004035
-0.002055
-0.005668
0.000727
-0.012601
-0.004452
-0.003277
-0.000015
-0.001295
-0.007345
-0.002569
-0.017099
0.001329
0.002423
0.002840
-0.000363
-0.000038
0.000141
-0.011691
-0.001622
-0.000413
0.004369
0.020218
-0.002404
0.000019
0.005345
0.002500
0.008987
-0.012749
-0.001576
0.006163
0.002179
0.002739
0.002517
-0.000393
0.000318
-0.004618
-0.003136
0.006483
0.006768
-0.003591
0.020877
-0.008897
0.000702
0.001888
0.008872
-0.000020
0.032685
0.013210
0.026376
-0.001176
-0.000988
-0.006657
0.006927
0.001122
-0.015658
-0.000088
-0.003744
0.001692
0.004385
0.002660
-0.027392
0.015550
-0.013057
0.000082
0.000462
0.000016
0.007834
-0.000543
0.007024
0.006081
0.004608
-0.001140
0.000889
-0.014949
0.001790
-0.000929
0.003293
0.005199
0.003217
0.005597
0.013961
-0.011245
-0.003910
0.006512
-0.002061
-0.007525
0.001688
0.002065
0.005179
-0.001286
0.000109
0.000162
-0.000381
-0.013879
-0.005565
0.007578
0.008382
0.014052
0.004146
0.001824
-0.006491
-0.013710
-0.000004
0.002229
-0.002911
0.008225
-0.008093
-0.001397
-0.000190
-0.003498
0.014485
-0.003760
0.001708
-0.014391
-0.018539
0.006501
-0.057809
-0.001756
-0.010538
-0.015584
0.002050
-0.005114
0.000048
0.003461
-0.002462
0.033214
-0.004150
0.006785
0.002858
-0.001671
-0.000761
-0.001162
0.002391
0.006807
0.004702
0.000394
-0.003759
0.003860
-0.000272
-0.000062
0.000772
0.000923
-0.000137
-0.002563
0.015559
0.068406
-0.003249
0.000716
0.003265
0.004948
-0.000191
0.000907
0.002314
-0.000707
0.001549
-0.013760
0.000766
0.000226
-0.003520
0.007462
0.012487
0.000984
-0.004794
0.004174
-0.003289
0.000968
0.016137
-0.002998
0.014448
0.002159
0.001100
0.002345
0.000385
0.000941
0.000424
-0.009515
-0.001344
0.002258
-0.000269
-0.004433
0.006365
0.001701
0.002439
-0.004723
-0.000076
0.005955
0.019357
-0.002760
-0.007991
-0.002221
-0.000684
-0.000464
0.002043
-0.000810
-0.011618
-0.003158
0.000605
-0.001228
-0.036574
-0.000182
-0.003547
-0.000491
-0.003493
0.001774
0.002066
-0.001353
-0.001776
0.003850
0.000704
-0.002555
-0.002968
0.002143
0.008313
-0.001340
-0.004444
0.021219
-0.000482
-0.001477
0.001334
-0.000768
-0.000313
0.001311
0.001023
-0.001570
-0.004341
-0.004309
0.013536
0.008540
0.015324
0.003456
-0.011625
0.001534
-0.001911
0.003534
0.001006
0.001043
-0.002803
0.007874
-0.005715
0.035797
-0.001470
0.017580
-0.002601
0.000432
0.000093
-0.015211
-0.017335
-0.005184
0.008718
0.005924
-0.005562
0.004104
0.014433
-0.001150
-0.004486
0.001557
-0.004853
-0.018315
-0.002991
-0.010253
-0.018992
0.020143
-0.000011
0.004488
0.002295
0.010171
-0.007854
-0.007115
-0.002609
0.002140
-0.000329
0.000126
0.000578
-0.013812
0.008695
0.000004
0.004799
0.000361
0.000778
-0.000014
0.002110
-0.005500
-0.005207
-0.019135
0.002895
-0.008950
0.002434
-0.006302
0.002969
-0.000536
0.005988
-0.018212
0.010470
-0.022974
0.013631
0.002541
0.011095
0.008323
0.003643
0.000104
-0.002035
0.000007
0.004128
0.007503
-0.008171
0.000042
0.003149
-0.001531
0.002462
0.000234
0.035780
0.002174
-0.001097
-0.001813
-0.000230
0.012046
-0.015875
-0.004959
-0.020661
0.000047
0.000305
0.000116
0.006504
-0.017174
0.000562
-0.009637
0.005442
0.000049
0.011310
0.005652
0.002690
-0.000152
-0.001769
0.006403
-0.002058
-0.004637
0.002846
0.007988
0.004759
-0.001972
-0.003030
0.010519
0.001899
0.008240
0.004566
-0.021163
-0.004083
0.000558
-0.002199
0.032154
0.005727
-0.004570
0.001109
-0.001352
0.004862
0.013649
-0.008482
0.002935
-0.000467
-0.011347
0.012487
-0.000285
-0.001736
-0.001658
0.011011
0.004375
0.000036
-0.010296
-0.003006
0.003068
0.008226
0.010463
0.002147
0.003088
0.002420
0.009606
0.006239
-0.005845
-0.003080
-0.009899
-0.001102
-0.010103
-0.006126
0.005474
0.003324
0.000058
0.000081
-0.006733
0.005539
-0.002900
-0.000710
-0.000011
0.024022
-0.004207
-0.000458
-0.000132
-0.005947
-0.002635
0.001968
0.000634
0.001177
0.017319
-0.001439
-0.009961
0.002204
0.012091
0.002867
0.000911
-0.000613
-0.001551
-0.000072
-0.012131
0.000352
0.000041
-0.010483
-0.000117
0.010058
0.000454
0.010286
0.012494
0.000299
-0.001981
0.009794
-0.000726
0.001511
0.002164
-0.001005
0.001167
-0.000777
-0.000163
-0.001375
-0.013349
0.000197
-0.002181
-0.000217
0.006847
-0.000784
0.002648
0.002733
-0.001774
-0.000096
0.000016
0.008352
-0.000899
-0.011419
0.000344
-0.005921
0.019486
-0.005301
0.000584
0.024226
-0.000209
0.010021
0.002483
-0.036502
-0.000263
0.000236
-0.000065
0.002151
0.008269
-0.000024
0.001593
-0.002031
-0.003591
0.002897
-0.011593
-0.000183
-0.002081
-0.005777
-0.001034
-0.003633
0.020928
0.000239
0.000446
-0.000086
0.000478
0.002352
0.003862
-0.000479
-0.000206
-0.003006
0.005899
0.004945
0.009578
0.004159
-0.018790
-0.000845
0.000590
-0.000705
-0.015654
-0.001188
0.000350
0.004704
0.021348
-0.014066
-0.014936
-0.001129
-0.031920
-0.000389
-0.000068
0.000753
-0.006003
-0.021827
-0.002918
0.008474
0.000794
-0.029018
0.011222
0.011319
0.001957
-0.003348
0.003380
-0.002727
0.005632
0.007947
-0.017337
-0.001452
0.036384
-0.000045
-0.002622
-0.005140
0.001146
0.015213
0.009856
0.004686
0.001144
0.000675
-0.000467
-0.001294
-0.009177
0.003035
-0.001886
-0.000670
0.020348
0.002512
-0.000016
-0.009788
0.010477
-0.004902
0.002845
-0.011321
-0.011157
0.003512
-0.005209
-0.003066
0.002349
-0.006367
0.007754
0.000973
-0.010610
-0.005458
-0.004204
0.021149
0.004744
0.006134
0.003749
-0.006062
0.000179
0.000113
-0.006884
-0.007303
-0.001797
-0.000663
0.004630
-0.003877
-0.000783
-0.013443
0.000125
0.000809
0.000904
0.002965
-0.007399
0.007091
0.007188
0.005990
-0.000186
-0.000218
-0.000105
-0.001974
-0.001855
0.003821
-0.001022
0.007592
0.004287
0.005173
0.003621
0.009858
-0.001937
-0.004311
0.003118
-0.002614
-0.005458
-0.003603
-0.001045
0.012645
-0.005114
-0.000379
-0.002196
0.003272
0.001925
-0.005994
-0.013506
-0.004846
-0.000108
-0.003454
-0.011772
0.005866
-0.007250
-0.001065
-0.012822
-0.001923
-0.001155
-0.006610
0.002821
0.000919
-0.000269
0.010660
0.008726
-0.001337
-0.014193
-0.039199
0.016239
0.022233
-0.002891
-0.007030
0.023752
-0.004891
-0.004406
0.005516
-0.004221
-0.009965
0.010943
0.013255
-0.001030
0.003295
0.010646
0.002356
0.009642
-0.000612
-0.002277
0.003807
0.001474
-0.002632
0.000050
0.004856
-0.004020
-0.002550
0.000010
0.008856
0.002043
-0.000242
0.000130
0.001747
-0.003360
-0.004165
0.000319
-0.013688
-0.041664
0.002074
0.002236
0.001709
0.014354
0.002551
-0.001742
0.000707
0.000492
-0.001494
0.000254
0.000724
-0.000046
0.000553
0.000443
-0.011160
0.002126
-0.004610
-0.006128
-0.008850
0.000434
0.012836
0.003443
-0.038596
-0.003199
-0.000574
0.001864
0.000178
0.000164
0.000586
-0.023876
-0.005471
0.004450
-0.000159
0.004663
0.001031
-0.000287
0.001246
0.013429
0.000079
-0.002563
-0.010126
0.002565
-0.008395
-0.000179
-0.006902
-0.000534
0.007493
0.001301
-0.005356
0.000374
0.018668
-0.003907
0.039448
-0.000333
-0.000701
0.000029
0.005836
-0.001574
-0.004911
0.003516
0.003869
-0.001638
-0.002145
0.003124
0.001468
0.002222
-0.006013
-0.000898
0.002657
-0.008464
0.000529
0.000836
0.000193
-0.000503
0.001488
0.004839
0.000657
-0.005597
-0.017308
0.011999
0.008353
-0.032767
-0.011041
-0.003602
-0.006428
0.000737
-0.005124
0.011924
0.000481
0.000436
0.001137
-0.005070
-0.005094
-0.010717
0.002579
-0.011474
-0.005442
0.000178
0.000444
0.016586
-0.005268
-0.016634
0.005102
-0.004103
0.010581
0.002793
-0.000912
-0.000059
0.000485
0.002843
0.013734
0.009623
-0.005447
0.002126
-0.001544
0.015120
0.000039
0.004280
-0.005912
0.005705
-0.007854
-0.007115
-0.002609
0.002140
-0.000329
0.000126
0.000578
-0.013812
0.008695
0.000004
0.004799
0.000361
0.000778
-0.000014
0.002110
-0.005500
-0.005207
-0.019135
0.002895
-0.008950
0.002434
-0.006302
0.002969
-0.000536
0.005988
-0.018212
0.010470
-0.022974
0.013631
0.002541
0.011095
0.008323
0.003643
0.000104
-0.002035
0.000007
0.004128
0.007503
-0.008171
0.000042
0.003149
-0.001531
0.002462
0.000234
0.035780
0.002174
-0.001097
-0.001813
-0.000230
0.012046
-0.015875
-0.004959
-0.020661
0.000047
0.000305
0.000116
0.006504
-0.017174
0.000562
-0.009637
0.005442
0.000049
0.011310
0.005652
0.002690
-0.000152
-0.001769
0.006403
-0.002058
-0.004637
0.002846
0.007988
0.004759
-0.001972
-0.003030
0.010519
0.001899
0.008240
0.004566
-0.021163
-0.004083
0.000558
-0.002199
0.032154
0.005727
-0.004570
0.001109
-0.001352
0.004862
0.013649
-0.008482
0.002935
-0.000467
-0.011347
0.012487
-0.000285
-0.001736
-0.001658
0.011011
0.004375
0.000036
-0.010296
-0.003006
0.003068
0.008226
0.010463
0.002147
0.003088
0.002420
0.009606
0.006239
-0.005845
-0.003080
-0.009899
-0.001102
-0.010103
-0.006126
0.005474
0.003324
0.000058
0.000081
-0.006733
0.005539
-0.002900
-0.000710
-0.000011
0.024022
-0.004207
-0.000458
-0.000132
-0.005947
-0.002635
0.001968
0.000634
0.001177
0.017319
-0.001439
-0.009961
0.002204
0.012091
0.002867
0.000911
-0.000613
-0.001551
-0.000072
-0.012131
0.000352
0.000041
-0.010483
-0.000117
0.010058
0.000454
0.010286
0.012494
0.000299
-0.001981
0.009794
-0.000726
0.001511
0.002164
-0.001005
0.001167
-0.000777
-0.000163
-0.001375
-0.013349
0.000197
-0.002181
-0.000217
0.006847
-0.000784
0.002648
0.002733
-0.001774
-0.000096
0.000016
0.008352
-0.000899
-0.011419
0.000344
-0.005921
0.019486
-0.005301
0.000584
0.024226
-0.000209
0.010021
0.002483
-0.036502
-0.000263
0.000236
-0.000065
0.002151
0.008269
-0.000024
0.001593
-0.002031
-0.003591
0.002897
-0.011593
-0.000183
-0.002081
-0.005777
-0.001034
-0.003633
0.020928
0.000239
0.000446
-0.000086
0.000478
0.002352
0.003862
-0.000479
-0.000206
-0.003006
0.005899
0.004945
0.009578
0.004159
-0.018790
-0.000845
0.000590
-0.000705
-0.015654
-0.001188
0.000350
0.004704
0.021348
-0.014066
-0.014936
-0.001129
-0.031920
-0.000389
-0.000068
0.000753
-0.006003
-0.021827
-0.002918
0.008474
0.000794
-0.029018
0.011222
0.011319
0.001957
-0.003348
0.003380
-0.002727
0.005632
0.007947
-0.017337
-0.001452
0.036384
-0.000045
-0.002622
-0.005140
0.001146
-0.005028
-0.014098
0.010507
0.000674
0.001103
0.000498
-0.000263
-0.020878
0.007236
0.000039
-0.000809
-0.025584
-0.001279
0.000013
0.006932
0.004379
0.003811
0.010618
-0.010004
-0.011331
0.004410
-0.005418
-0.002593
-0.002581
0.003088
-0.006602
-0.004166
-0.007905
0.003790
-0.002947
0.036142
0.004705
0.005611
0.000715
0.006973
0.000049
0.008790
0.001696
-0.028903
-0.000697
-0.010987
0.001199
-0.003688
-0.000033
0.006883
-0.000331
0.005198
0.004701
-0.000162
-0.000525
0.019109
0.005791
0.018559
0.000054
-0.003553
-0.000067
-0.005917
0.000818
-0.001873
0.002531
-0.000627
0.002908
-0.007503
0.004972
0.012618
0.002506
-0.002055
-0.008385
-0.004467
-0.004320
-0.009076
-0.010897
0.004151
-0.000656
0.002103
-0.001997
0.003148
-0.003712
0.002106
0.007602
-0.007043
-0.000366
0.002441
-0.025306
-0.002237
-0.000893
0.006153
0.004418
-0.001748
-0.005735
-0.010627
-0.000881
-0.001193
0.004953
-0.006417
0.004947
-0.001663
0.011833
-0.002467
-0.002009
0.002094
0.004563
0.004059
-0.020950
-0.003412
0.010998
0.011287
-0.003318
0.016204
-0.000933
-0.000762
-0.000829
0.002820
0.012578
-0.001512
0.002555
0.003716
0.005011
-0.002952
-0.004452
0.001115
-0.001828
0.004449
-0.004380
-0.010278
-0.000141
0.007107
0.004960
0.000125
0.000062
0.011680
0.001095
0.008392
0.001259
0.014742
-0.019521
0.001631
0.011016
-0.004642
0.003751
0.007462
0.001047
-0.001358
-0.000898
0.000623
0.000777
-0.001157
-0.001205
0.002862
0.011174
-0.001460
-0.002590
0.001313
0.004645
-0.009757
0.000738
0.001465
0.002886
-0.000803
-0.003000
0.000725
-0.001306
0.000661
0.000164
0.001044
-0.000875
-0.004306
0.009000
-0.000618
0.006867
-0.002460
-0.003449
-0.001355
0.005856
-0.000128
0.000379
0.004393
-0.002206
0.020554
0.001336
0.001904
-0.002289
0.001094
0.000737
-0.026547
0.002207
0.009534
-0.006658
-0.051177
0.001590
0.003713
0.000065
-0.004976
0.006133
-0.006529
0.000799
-0.001408
-0.001896
-0.001062
0.001859
0.001692
-0.001112
-0.000107
-0.001979
-0.004425
-0.000472
0.001159
0.002124
0.000189
0.001703
0.006596
0.003486
0.003358
0.003943
-0.002590
0.006644
-0.001865
-0.001939
0.000634
0.012958
0.003355
-0.001065
-0.000047
0.008023
0.000690
0.004771
0.000203
0.004016
0.003160
0.013077
-0.008469
-0.003163
0.005585
-0.006232
-0.000297
-0.036144
0.040081
-0.004416
0.021195
-0.006609
0.052242
0.019906
0.002720
0.003501
0.006121
0.001572
0.003488
-0.014675
-0.005252
-0.011908
-0.013043
0.006951
-0.000023
-0.003986
0.000001
0.000020
-0.010805
-0.015036
-0.004755
0.000637
0.000969
-0.000040
0.016716
-0.004169
-0.000318
0.002562
0.002285
0.013950
0.001676
-0.000004
-0.003767
0.016485
-0.014680
0.004562
-0.001045
-0.006098
0.001492
-0.006108
-0.002377
-0.002818
0.020541
-0.005409
-0.000989
-0.009451
-0.016944
0.004975
0.010366
-0.007130
0.003684
-0.000309
-0.014758
-0.000073
-0.006444
-0.004516
-0.005851
-0.000513
0.006150
0.001210
0.002500
-0.001306
-0.000306
0.005461
0.000373
-0.001450
-0.001392
-0.001640
0.003312
-0.000111
0.033144
-0.000176
0.002836
-0.000030
0.000711
-0.012245
-0.001264
-0.006493
0.018085
0.001426
0.003090
-0.008122
0.009072
0.003340
-0.000901
0.005900
0.003943
0.003456
-0.023071
0.003587
0.010244
-0.012831
0.000855
-0.008822
-0.003845
-0.004927
0.001571
-0.005008
-0.002265
-0.000004
-0.002099
-0.009130
0.006935
0.000452
-0.004603
0.014319
0.000693
0.006696
-0.008807
-0.012595
-0.000871
0.006219
0.010999
-0.001460
-0.005649
-0.001623
0.022677
0.007045
0.002038
-0.009247
0.004615
-0.005061
0.010893
0.008772
-0.005050
-0.000382
-0.002772
-0.004424
0.000171
0.009807
0.001215
0.004699
0.000852
-0.014939
0.016211
0.012435
-0.008317
0.000389
0.003080
0.003160
0.003714
-0.001264
0.005925
-0.000102
-0.000566
0.007548
0.000772
0.000046
0.006095
0.001323
0.004547
-0.000238
0.002071
-0.028971
0.001038
0.012122
0.000803
-0.002384
0.007460
0.000665
0.000397
0.001176
-0.000018
0.006376
-0.001772
0.000648
0.005883
-0.012940
-0.007134
0.001739
-0.000426
0.033086
0.006965
0.000181
0.006118
0.000140
0.000057
-0.002276
0.000644
-0.000616
-0.000706
-0.001523
0.000926
0.024413
-0.005704
-0.002745
0.000020
0.006522
0.005094
-0.000664
0.004084
0.001536
-0.000041
0.001686
-0.001273
-0.001492
-0.003340
-0.001947
-0.004921
-0.000100
-0.000489
0.001866
-0.008372
0.009069
-0.041542
-0.001550
-0.079899
-0.000762
0.001070
-0.000087
0.000761
-0.002172
-0.004652
-0.005123
-0.001089
-0.000998
0.001546
0.011424
-0.001226
-0.004670
0.003001
0.001045
-0.001870
0.030868
0.000472
-0.000976
-0.000201
-0.001513
0.002270
0.003762
0.000127
-0.000845
0.009379
0.007117
0.006035
0.018381
0.014931
0.001009
0.012425
0.006241
-0.001487
0.019287
0.000423
0.000951
-0.003365
0.003394
-0.008375
-0.009668
-0.004890
-0.002336
-0.002096
0.006930
-0.000943
0.015484
0.011445
-0.003993
0.022380
-0.019851
0.028332
0.008446
-0.008748
-0.007442
-0.000969
0.002189
-0.006949
0.001142
0.009473
0.001758
0.010338
-0.017291
-0.000044
0.002611
-0.002589
-0.001779
-0.017823
0.013282
0.005614
0.002324
-0.001309
0.000179
0.022899
0.000700
0.004163
0.001775
-0.005142
0.016634
-0.000578
-0.000034
-0.009419
0.010807
-0.012433
-0.000621
0.008497
-0.012477
-0.004853
-0.000404
0.001453
0.003091
-0.024101
0.018733
0.011480
-0.009741
-0.006519
0.002852
0.008830
0.004564
-0.005411
-0.005315
-0.000441
-0.000108
0.013904
0.015689
-0.001016
-0.000763
0.008340
-0.000907
0.004258
0.001692
0.015989
-0.002885
-0.001761
-0.000108
-0.000241
0.004150
-0.001044
-0.015763
0.004444
0.000052
-0.004920
-0.000046
0.004141
0.004234
-0.008764
0.001268
0.017634
0.001306
0.003148
-0.008338
-0.000302
-0.002006
-0.001672
-0.002741
-0.003665
0.001785
0.021109
-0.004293
-0.001004
-0.004882
0.001734
-0.004284
-0.014517
0.000065
0.000172
-0.003702
-0.001943
0.000081
-0.008614
0.010813
0.002464
-0.007528
-0.003695
0.017227
-0.004926
-0.005104
0.002568
0.030972
0.000188
0.008523
0.004496
-0.001192
0.008103
-0.005033
-0.009755
-0.003810
-0.012438
0.011965
-0.011397
0.001337
-0.010026
0.000488
-0.014679
-0.002430
-0.011459
0.012215
0.007303
-0.006520
-0.000177
0.000527
0.001071
0.014840
0.000184
-0.006192
-0.000245
0.001960
0.004007
0.005289
-0.007385
0.003688
-0.000051
-0.000366
-0.010657
-0.001507
-0.000688
-0.000017
-0.002491
-0.001487
-0.003974
-0.001357
-0.042881
0.025722
-0.002776
-0.000729
0.001480
-0.002440
-0.000924
-0.000621
-0.002475
0.002960
0.002325
-0.010632
-0.001078
-0.000717
0.004568
-0.004881
-0.000851
0.000939
0.000030
0.017269
-0.001711
-0.000563
0.039510
0.002711
-0.045245
-0.001501
-0.000054
-0.000489
-0.000441
0.000898
-0.001624
0.004426
-0.000973
0.006399
0.000618
-0.006560
0.004459
0.000453
0.000380
-0.006158
0.000010
-0.003261
0.010979
-0.003244
0.002679
-0.000210
0.005999
-0.011374
-0.002731
-0.000584
0.016362
-0.004462
0.017572
0.000723
-0.012421
0.000607
-0.001497
-0.000457
0.009010
0.003779
0.001216
0.000391
0.005413
0.001676
-0.003389
0.004617
0.004958
0.018562
-0.011942
0.000597
0.002931
-0.009743
0.000132
0.001722
-0.000908
0.002298
-0.003347
0.005107
0.001259
-0.001314
0.011727
0.002790
0.000657
-0.000460
-0.006880
0.007451
-0.008253
-0.003394
-0.000592
0.001921
-0.001122
0.000305
-0.002273
0.002512
0.001409
0.002333
-0.021970
0.001659
-0.000657
0.003222
0.000515
-0.000770
0.033037
-0.001760
-0.008967
-0.005309
-0.003025
-0.011918
0.006206
-0.004989
-0.002995
-0.001911
-0.001930
0.001196
-0.000053
-0.002775
0.012432
0.023291
0.000055
-0.001303
0.000463
-0.010797
0.025004
0.000485
-0.002818
0.000490
0.000594
-0.000341
0.010644
-0.019028
-0.014927
-0.002623
-0.002523
0.021144
-0.001090
-0.000024
-0.010422
-0.014761
-0.002991
-0.001789
-0.010281
-0.011568
0.005186
0.001989
-0.000848
0.001079
-0.017539
-0.019340
-0.002750
-0.004474
0.007235
0.003768
0.005717
-0.003139
-0.002716
0.003088
-0.004535
0.000546
0.006988
-0.001220
-0.000999
0.001813
-0.001634
0.002086
-0.000823
0.000820
-0.019575
0.003273
-0.005935
-0.002891
-0.002023
0.002663
-0.016797
0.002316
-0.008572
0.000144
-0.004423
-0.000019
0.003860
0.011253
0.001558
-0.002924
0.016713
-0.000927
-0.007181
-0.002777
-0.017381
-0.001845
-0.001780
-0.016285
-0.001539
0.000994
0.011442
-0.011133
-0.005103
0.000279
0.000192
0.011994
-0.000019
-0.000584
-0.003692
0.008371
0.000198
0.000783
0.009013
0.032808
-0.002166
-0.004986
-0.000575
0.010277
0.005110
-0.002791
-0.015685
-0.009968
-0.003162
-0.009924
0.000617
-0.011173
-0.003799
-0.005013
0.009899
-0.004724
-0.010063
-0.006941
0.009308
0.004928
0.000947
0.016092
0.048048
0.004050
-0.015568
-0.013145
-0.005085
0.002373
-0.000480
-0.008012
0.002448
0.011232
-0.013644
0.016181
-0.004625
-0.000498
-0.005414
-0.003963
0.005150
-0.009091
-0.005309
-0.000064
0.004249
0.006931
0.000028
0.000127
-0.001248
-0.000214
-0.000867
-0.002679
-0.016119
0.022122
0.003762
-0.011478
-0.000227
-0.000048
-0.000457
-0.000549
-0.000151
-0.002831
0.000671
0.008767
0.000325
-0.000929
0.000003
0.005524
0.003923
-0.002327
0.001328
-0.003117
0.003782
0.001542
-0.011773
0.001611
-0.017621
0.001728
-0.000099
0.000681
-0.000286
-0.000005
0.000049
-0.005338
0.003607
-0.006989
-0.000248
-0.004604
-0.006848
-0.000639
-0.005416
-0.000914
0.000141
0.003628
-0.002610
0.005008
-0.008699
0.001095
-0.004351
0.002225
-0.001146
-0.001083
-0.019676
-0.000441
0.057652
0.001339
0.030174
0.000263
-0.001490
0.000025
0.001696
0.001406
0.000516
-0.004002
0.000028
0.002466
0.000537
-0.000307
-0.007604
0.001176
0.008285
0.001756
-0.002700
0.036138
-0.000464
0.002507
-0.000355
0.001022
-0.005231
0.003567
0.002001
-0.010555
0.009320
0.005481
0.004977
0.021743
-0.004432
0.007395
-0.003562
-0.004094
-0.003935
0.018088
0.000560
0.001612
0.005464
0.004417
-0.002429
0.000641
-0.002761
0.005251
-0.005441
0.008041
-0.000420
0.022835
0.005956
-0.022565
-0.015002
-0.016292
0.029176
0.001346
-0.001839
-0.006097
-0.003305
0.000125
-0.003750
-0.006805
-0.000426
-0.006772
-0.003400
0.018079
0.000043
-0.007595
0.008048
0.002175
0.013566
0.002256
-0.005792
0.001436
-0.001183
-0.000669
0.009176
-0.009901
-0.009368
-0.001597
0.001609
0.004392
0.002121
-0.000002
-0.008237
0.002736
-0.000115
0.003053
0.007253
0.005026
-0.010020
-0.004630
-0.001731
0.005749
0.033657
0.024375
0.002768
0.000859
-0.007291
0.000177
0.037641
0.017009
-0.007098
0.001410
-0.002607
-0.000188
0.009116
0.003718
0.012723
-0.000146
-0.001968
0.002283
0.013208
0.000585
0.001376
0.000007
-0.005907
-0.001249
-0.001129
0.007215
0.002224
-0.007449
-0.002074
0.000003
0.000956
-0.000031
0.008815
0.000631
-0.008834
-0.015523
-0.007102
-0.002493
0.016487
-0.000721
0.004130
0.002568
0.001847
0.002572
-0.001366
-0.005066
0.014244
0.006507
-0.002427
0.004942
0.000319
0.005384
-0.005910
-0.003982
0.002241
0.000216
-0.005210
-0.000350
0.002627
-0.000815
-0.007025
0.007638
0.004812
0.012423
0.004030
0.003010
-0.003442
-0.006745
-0.002716
-0.015688
-0.004672
0.005979
-0.005543
0.007595
0.002077
0.017063
0.004560
-0.009737
0.038298
0.014370
0.001908
0.025084
0.036549
0.000725
-0.006809
0.003439
-0.006871
0.000188
0.000922
-0.000760
0.002609
0.007563
-0.016172
-0.030088
0.004478
-0.001272
0.001710
-0.002308
0.004503
-0.006808
0.003911
0.000101
0.006200
0.004973
0.000304
0.000047
0.003874
0.003611
-0.009723
-0.003101
-0.018636
-0.021579
-0.003124
-0.003387
-0.005551
0.003527
0.002411
-0.000317
-0.001436
0.000721
0.002414
-0.006378
-0.000689
0.000404
0.003286
0.001452
-0.007061
0.004558
0.004040
0.013482
-0.002522
0.001450
0.023131
-0.004173
-0.001703
-0.000005
0.000463
-0.000858
0.000047
-0.001746
0.000670
-0.017402
0.001859
-0.017076
0.000173
-0.009127
-0.000619
0.003729
-0.004854
0.002446
-0.000026
0.000941
0.005673
-0.001603
-0.002229
0.000288
0.000398
0.002142
0.000607
-0.000283
-0.015988
-0.003774
-0.005805
0.000732
-0.011525
0.001627
0.002270
-0.000106
-0.000526
-0.003803
-0.000908
-0.001097
-0.001092
0.004727
0.004557
0.006411
0.000865
-0.008501
0.000935
0.001369
0.002913
0.036363
0.000563
0.000418
0.000795
-0.000711
0.004815
0.005247
0.006175
-0.010261
0.000723
-0.012964
0.007123
-0.000306
-0.009647
0.002086
0.006982
0.005267
0.001780
-0.047762
-0.002001
-0.001232
0.002668
0.000816
0.000436
0.010199
-0.006284
0.002854
0.000104
0.005127
-0.000507
0.000671
0.015772
-0.000127
-0.002766
0.009794
-0.006935
-0.004949
-0.009801
0.003419
-0.001425
0.003557
0.003560
-0.000954
0.010947
-0.004630
-0.008738
0.002047
0.000038
0.000512
-0.000304
0.001800
0.007356
-0.003004
0.005265
-0.000627
-0.000424
0.000499
0.023513
-0.004605
-0.002080
-0.000265
0.001242
-0.023006
0.000818
-0.000004
-0.003980
-0.006840
0.012709
-0.000783
0.012094
-0.007962
0.008868
0.003435
-0.001484
0.005661
0.021443
-0.004532
-0.006252
0.011322
0.016086
0.001461
0.007700
-0.004832
0.000562
0.000844
0.004230
0.000029
-0.011202
0.005837
-0.007572
-0.001589
0.001237
-0.001894
0.002146
0.000585
0.017950
-0.001308
0.002296
0.002286
-0.000460
-0.000984
-0.029520
-0.000288
0.010496
-0.000205
0.001105
-0.000006
0.001659
0.020030
-0.003260
-0.007841
0.007290
0.001417
-0.005665
-0.019793
0.005327
0.000522
-0.000922
0.007337
0.005275
0.000247
0.004311
-0.000476
0.003643
0.004489
-0.002039
0.006148
0.001165
-0.001646
-0.000933
-0.002442
-0.004135
0.000936
-0.004204
-0.005357
0.006225
0.001503
-0.004840
-0.001455
0.001797
0.008097
0.004173
0.011207
-0.001016
0.021008
-0.003162
0.004043
0.003406
-0.002061
-0.005290
0.007952
-0.015673
0.005556
0.002194
0.013479
-0.007417
-0.008098
-0.015625
-0.005504
0.017224
0.003373
-0.000563
0.004546
-0.001950
0.002909
-0.002404
-0.005886
0.000742
0.018361
-0.006809
-0.001908
0.001353
-0.014702
-0.004589
0.005412
0.010033
-0.000319
-0.023283
-0.003597
-0.000140
-0.000021
-0.002868
0.000385
-0.002480
-0.000178
0.023852
0.006874
-0.003332
0.012226
-0.005091
-0.014665
0.000520
-0.000820
-0.001391
-0.001556
0.000556
0.006590
0.000743
0.001856
0.004847
-0.005754
-0.002203
0.002898
0.007876
-0.024983
0.000994
0.000402
-0.032945
-0.003998
-0.005871
0.001694
0.001034
0.001926
0.000406
-0.000164
0.000598
0.004114
-0.003131
-0.007801
-0.000169
-0.004599
-0.002977
0.004152
0.001075
-0.005240
-0.000104
-0.001140
-0.005478
-0.001652
-0.015615
0.000428
0.003688
-0.005861
-0.000458
-0.001392
-0.004385
-0.003090
-0.006444
-0.000248
0.042820
-0.000530
0.000132
0.000193
0.000493
0.003553
-0.000852
0.002662
0.003017
0.000941
-0.012443
0.012007
-0.006705
-0.001837
0.010467
0.001470
-0.003057
-0.034855
0.000183
-0.004093
-0.000041
-0.002979
-0.002972
-0.000684
-0.001642
-0.016533
0.023772
0.009881
-0.006613
0.026130
0.005994
0.019524
0.006590
-0.004846
-0.002259
0.019407
0.000331
-0.001285
0.003915
-0.011282
-0.011919
-0.019994
-0.006839
0.000336
-0.000296
-0.000060
-0.000236
-0.015757
-0.018083
0.008129
-0.008585
0.000102
0.023469
0.020104
-0.014435
-0.003535
-0.007337
-0.006183
0.024138
-0.006121
0.014725
0.028659
-0.003478
0.023641
0.000019
0.005415
-0.002980
0.000745
-0.033621
-0.008307
0.010058
0.001461
0.001785
-0.000332
-0.001926
0.017644
-0.030296
0.000208
0.001048
-0.023123
-0.000090
0.000035
0.003396
-0.003236
-0.015474
-0.006941
-0.000566
0.002749
0.004159
-0.003402
-0.001290
-0.002057
0.032141
0.008821
0.002964
0.010438
-0.002556
0.008584
-0.003664
0.008828
0.004488
0.001176
0.001503
-0.000215
-0.006146
-0.003484
-0.017704
0.001546
0.010751
-0.006150
0.003924
0.001899
-0.027828
-0.000695
0.001949
-0.000931
-0.002110
0.000067
-0.000654
0.002182
-0.007745
-0.000138
-0.002767
0.000091
0.006551
-0.008693
-0.001519
-0.004973
0.001645
0.000418
0.001406
-0.012187
-0.019602
0.003670
-0.000375
-0.004017
0.003404
0.001583
0.021546
0.005119
-0.004625
0.002795
0.001529
-0.003915
0.006325
0.006029
-0.000867
-0.008865
-0.003313
-0.000693
0.002025
0.013239
-0.000428
0.000972
0.000840
-0.000753
0.000447
-0.003570
-0.004601
-0.005503
-0.001737
0.003719
-0.004895
-0.002266
0.007014
-0.004380
0.020661
-0.003454
-0.007235
-0.001461
-0.012966
0.001181
-0.002342
0.003188
-0.019791
0.003128
-0.028047
0.001844
0.003371
0.010274
-0.002341
-0.009218
-0.000691
-0.018213
-0.007964
0.010212
-0.004296
0.000268
-0.001560
-0.004499
0.001158
0.009684
0.000007
-0.000225
0.013097
-0.000329
-0.000201
-0.000082
-0.013846
0.001468
0.008097
-0.001948
-0.023880
0.026489
-0.002238
-0.021476
0.007539
-0.006058
-0.004682
0.000197
0.001425
0.000988
-0.001028
-0.021406
0.001080
-0.000740
0.001649
-0.001620
0.003072
-0.001640
0.006398
-0.013672
0.008792
-0.000759
0.014831
-0.000385
0.024154
-0.000112
-0.000306
-0.000039
0.000046
-0.001829
-0.000265
-0.014884
-0.002367
-0.007062
-0.000300
-0.007140
-0.000120
0.004330
-0.000575
0.004022
0.000128
-0.002280
0.002565
-0.005795
-0.003717
-0.000301
-0.003565
0.007350
0.001201
0.001146
0.000602
-0.004227
0.032221
0.000427
0.011727
0.001628
-0.004585
-0.000014
0.000504
-0.003113
-0.004408
-0.000244
-0.004665
0.000595
0.006930
0.006214
-0.006180
-0.005701
0.000734
-0.003059
-0.001133
-0.017097
0.000530
-0.001374
-0.000720
0.001459
0.002279
-0.014738
0.000477
0.004660
0.009679
0.000864
0.019771
-0.000273
-0.008410
-0.026429
-0.008026
0.000680
-0.001939
-0.013905
0.000322
-0.001933
-0.003413
-0.004175
-0.001077
0.010359
0.005467
-0.027552
0.002680
0.005167
0.001240
-0.007042
-0.000960
-0.012041
-0.024363
-0.025072
0.027338
0.003723
-0.003886
-0.008634
-0.013299
-0.001003
0.016305
-0.010605
0.010673
0.008013
-0.000187
0.014392
-0.000021
0.000077
-0.001393
-0.002018
0.010005
0.023259
-0.006568
0.002130
0.001495
0.000095
-0.001194
-0.001743
0.003799
-0.001531
0.009509
0.001336
0.000885
0.000004
0.000162
-0.004394
0.013327
-0.008035
-0.013154
-0.001193
0.003451
0.007497
0.000153
-0.000656
0.021957
0.013934
-0.002107
-0.010702
-0.008518
0.001036
0.011139
-0.002285
0.002749
-0.003620
-0.001690
-0.000133
0.003339
-0.006588
-0.007742
0.000957
0.006235
0.000859
0.006382
0.001139
0.003335
0.000229
0.001049
0.002407
0.003277
-0.010981
-0.004059
0.002819
0.000631
-0.000100
0.000041
-0.000047
0.004348
0.000311
0.000440
-0.005578
0.021387
-0.001018
0.002018
-0.007271
0.027316
-0.000414
-0.004266
-0.000422
0.003383
-0.004235
-0.022746
0.007126
-0.004144
0.002203
0.000554
0.007108
0.007633
-0.006993
-0.002422
0.004930
0.001101
0.000350
0.002927
-0.008676
0.009607
-0.000388
0.000756
0.001478
-0.004718
-0.000601
-0.000511
-0.013184
0.001424
-0.009277
-0.005966
0.010034
0.000244
-0.000569
0.001241
-0.015710
0.010662
0.004649
0.015665
0.002974
0.008843
-0.013326
-0.023495
-0.002070
0.006972
0.012922
0.001419
-0.006374
-0.002154
0.000114
0.000390
-0.004801
-0.008425
-0.031756
0.003869
-0.005105
0.000349
-0.005559
-0.006374
-0.003787
0.008540
0.000288
-0.007348
-0.005792
0.000226
0.000033
0.012034
0.000430
-0.001605
-0.003371
-0.038453
0.059247
-0.001257
0.015826
0.005480
0.013643
-0.008038
-0.000456
-0.000343
-0.001183
0.000809
-0.011282
0.001093
0.000809
-0.006144
0.009986
-0.006915
0.001036
-0.002003
-0.014918
-0.015418
-0.000311
0.030329
0.001194
-0.008646
-0.002206
0.000134
0.001321
-0.000542
0.001458
-0.000509
0.018859
0.002785
-0.005752
0.000241
0.004332
0.002133
0.000109
0.004821
0.013482
-0.000140
-0.000746
-0.012317
0.009549
-0.014937
-0.000648
-0.003141
0.012245
0.000343
0.000674
0.003035
0.003932
0.004961
-0.000287
-0.015837
-0.000465
0.001312
0.001985
0.003152
-0.001665
-0.003531
-0.003333
0.008599
-0.000066
-0.006619
-0.005677
-0.003434
0.007053
0.015227
-0.002122
0.000389
-0.019524
0.000598
0.001631
0.000252
0.000446
0.003288
0.004220
-0.000963
-0.002051
-0.021049
0.003597
0.020111
0.017470
-0.011574
-0.011533
0.006818
-0.001105
-0.001568
0.033565
-0.001871
-0.000682
0.001232
0.004531
-0.002692
-0.033081
0.004929
-0.012511
-0.002623
-0.001555
-0.000267
-0.003838
0.009638
-0.003927
0.000423
0.011493
0.012018
-0.000310
0.008284
0.006627
0.003599
0.000539
-0.014299
-0.020722
0.012753
-0.004590
-0.018775
0.000149
0.000038
-0.003240
0.012099
-0.010856
-0.001494
-0.017130
0.000181
0.002284
-0.000023
-0.000328
-0.017127
-0.006642
-0.007404
-0.000627
-0.002420
-0.015963
-0.002345
-0.000027
-0.001232
0.001554
0.005507
0.011739
0.006744
-0.007937
0.005358
0.004102
0.002331
-0.006957
-0.009868
-0.019510
0.005766
0.010227
0.000617
0.003904
-0.000545
-0.000433
-0.001748
-0.000635
0.001930
0.000015
0.014131
0.001872
0.014907
-0.000659
-0.004600
0.004484
0.024703
-0.000325
-0.014073
-0.002189
-0.004064
-0.001259
0.001221
-0.008934
-0.025601
0.013340
0.011317
-0.000021
0.000233
0.000005
0.001653
-0.000877
0.006099
0.012098
-0.008122
0.000172
-0.004445
-0.002280
-0.026993
0.003279
-0.001009
0.004180
-0.000038
0.002703
-0.016980
0.005946
-0.001729
-0.004367
0.000551
-0.009433
-0.004419
0.004012
0.004361
0.006817
0.001180
-0.000600
-0.001645
0.003562
-0.001664
-0.004774
-0.002209
0.010266
-0.001673
0.005307
0.001662
0.001189
0.001488
0.012178
-0.006527
-0.000113
-0.003392
-0.004075
0.002334
0.006434
0.009829
-0.017315
0.001875
-0.007412
0.004089
-0.019787
0.011156
0.000096
0.009023
-0.000643
-0.001307
-0.003148
0.000601
-0.008262
-0.000498
-0.018432
0.000872
0.007973
0.002450
0.000811
-0.001601
-0.007304
-0.005395
-0.013340
-0.008567
0.000225
0.018254
0.006957
-0.000460
-0.000087
0.002039
0.001387
0.015092
0.000918
-0.035349
-0.105762
0.001824
-0.005921
0.004126
0.000298
0.006517
-0.000877
0.001349
-0.000800
0.001515
-0.019692
0.000257
0.000994
-0.002688
-0.011932
-0.013351
-0.003628
-0.005718
-0.024220
0.000834
0.000580
-0.003538
-0.001542
-0.054238
-0.000254
0.000410
0.001234
0.000816
-0.000015
0.000519
-0.034257
0.000723
-0.003177
-0.000221
-0.007179
-0.001832
-0.006640
-0.004145
-0.003871
0.000071
0.005747
0.002003
-0.001689
-0.010780
-0.002943
0.006291
-0.011491
0.000852
0.000145
-0.011084
-0.007316
0.014197
0.002371
0.020789
-0.001871
0.004617
0.000471
-0.003779
0.000823
0.001177
-0.002449
0.000897
0.005922
-0.011445
-0.004640
0.006555
-0.001738
-0.010162
0.000213
-0.001356
-0.028019
0.000098
-0.006355
-0.000099
0.000103
-0.003522
-0.001556
0.000440
0.006176
0.003152
0.002266
0.014050
0.026604
0.002972
-0.007032
0.011658
0.002564
0.000466
-0.006821
0.002299
0.001606
-0.000442
0.002205
-0.008901
-0.012472
-0.017743
0.008974
-0.000219
0.000712
0.001709
-0.027939
0.001966
0.005428
-0.006751
0.007738
-0.014084
0.011456
0.005108
-0.005224
-0.000487
-0.000193
0.011105
0.007494
-0.006804
0.005460
-0.007387
0.005593
-0.000004
0.001137
0.007480
-0.000663
0.015213
0.009856
0.004686
0.001144
0.000675
-0.000467
-0.001294
-0.009177
0.003035
-0.001886
-0.000670
0.020348
0.002512
-0.000016
-0.009788
0.010477
-0.004902
0.002845
-0.011321
-0.011157
0.003512
-0.005209
-0.003066
0.002349
-0.006367
0.007754
0.000973
-0.010610
-0.005458
-0.004204
0.021149
0.004744
0.006134
0.003749
-0.006062
0.000179
0.000113
-0.006884
-0.007303
-0.001797
-0.000663
0.004630
-0.003877
-0.000783
-0.013443
0.000125
0.000809
0.000904
0.002965
-0.007399
0.007091
0.007188
0.005990
-0.000186
-0.000218
-0.000105
-0.001974
-0.001855
0.003821
-0.001022
0.007592
0.004287
0.005173
0.003621
0.009858
-0.001937
-0.004311
0.003118
-0.002614
-0.005458
-0.003603
-0.001045
0.012645
-0.005114
-0.000379
-0.002196
0.003272
0.001925
-0.005994
-0.013506
-0.004846
-0.000108
-0.003454
-0.011772
0.005866
-0.007250
-0.001065
-0.012822
-0.001923
-0.001155
-0.006610
0.002821
0.000919
-0.000269
0.010660
0.008726
-0.001337
-0.014193
-0.039199
0.016239
0.022233
-0.002891
-0.007030
0.023752
-0.004891
-0.004406
0.005516
-0.004221
-0.009965
0.010943
0.013255
-0.001030
0.003295
0.010646
0.002356
0.009642
-0.000612
-0.002277
0.003807
0.001474
-0.002632
0.000050
0.004856
-0.004020
-0.002550
0.000010
0.008856
0.002043
-0.000242
0.000130
0.001747
-0.003360
-0.004165
0.000319
-0.013688
-0.041664
0.002074
0.002236
0.001709
0.014354
0.002551
-0.001742
0.000707
0.000492
-0.001494
0.000254
0.000724
-0.000046
0.000553
0.000443
-0.011160
0.002126
-0.004610
-0.006128
-0.008850
0.000434
0.012836
0.003443
-0.038596
-0.003199
-0.000574
0.001864
0.000178
0.000164
0.000586
-0.023876
-0.005471
0.004450
-0.000159
0.004663
0.001031
-0.000287
0.001246
0.013429
0.000079
-0.002563
-0.010126
0.002565
-0.008395
-0.000179
-0.006902
-0.000534
0.007493
0.001301
-0.005356
0.000374
0.018668
-0.003907
0.039448
-0.000333
-0.000701
0.000029
0.005836
-0.001574
-0.004911
0.003516
0.003869
-0.001638
-0.002145
0.003124
0.001468
0.002222
-0.006013
-0.000898
0.002657
-0.008464
0.000529
0.000836
0.000193
-0.000503
0.001488
0.004839
0.000657
-0.005597
-0.017308
0.011999
0.008353
-0.032767
-0.011041
-0.003602
-0.006428
0.000737
-0.005124
0.011924
0.000481
0.000436
0.001137
-0.005070
-0.005094
-0.010717
0.002579
-0.011474
-0.005442
0.000178
0.000444
0.016586
-0.005268
-0.016634
0.005102
-0.004103
0.010581
0.002793
-0.000912
-0.000059
0.000485
0.002843
0.013734
0.009623
-0.005447
0.002126
-0.001544
0.015120
0.000039
0.004280
-0.005912
0.005705
0.023783
0.013636
0.011170
-0.000222
-0.000922
0.000898
0.000407
0.014988
0.005260
-0.001781
0.000309
-0.016319
-0.000013
-0.000010
0.001651
-0.004927
0.009441
0.001117
0.007433
-0.001155
0.012017
-0.000347
0.006002
0.007647
-0.023976
0.003483
-0.004317
-0.004483
-0.007310
0.002877
-0.019698
0.004754
0.000205
-0.002832
0.002081
-0.000242
0.006686
0.001329
-0.007307
-0.001797
0.006265
0.002373
-0.019761
-0.001536
0.006416
0.012181
-0.004401
-0.004245
-0.000940
0.007860
0.019199
-0.004740
0.007026
0.000041
0.011211
-0.000035
0.006086
-0.001452
0.000960
0.001437
0.008044
0.001578
0.003840
-0.002229
-0.018655
-0.002161
-0.000508
0.006958
-0.000327
-0.002726
-0.005576
0.002853
0.009298
0.002691
0.001730
0.005484
-0.002410
0.010200
-0.000543
0.007517
-0.000662
-0.000135
0.000290
-0.006757
-0.010198
0.001974
-0.007173
-0.005753
0.001685
0.002536
-0.005986
-0.001760
0.001436
-0.010280
-0.014411
0.014429
-0.000802
0.008379
0.019403
-0.002372
-0.007859
-0.003875
0.006835
-0.017015
0.005708
0.007027
-0.004681
-0.008692
-0.002794
0.006250
-0.003483
-0.002805
-0.000154
0.015340
-0.001018
0.005463
0.003223
-0.019724
-0.004391
0.003379
-0.000038
-0.002705
-0.004372
-0.015392
-0.004756
-0.000018
0.006569
0.000025
0.000041
0.000037
0.001140
-0.001959
-0.003848
-0.000567
-0.018855
0.014470
0.001404
0.009925
-0.001917
0.016764
0.005507
0.000824
-0.002782
0.000326
-0.003355
-0.032779
0.000796
-0.000709
-0.003183
0.005625
0.005448
-0.005487
-0.002095
-0.005313
-0.012144
-0.000044
-0.021473
-0.000076
-0.008246
0.000009
-0.000629
-0.000231
-0.000215
0.000748
-0.000159
-0.010370
-0.002395
-0.005752
-0.000167
-0.000293
0.000963
-0.001083
0.005557
0.002201
0.000139
-0.000202
0.000077
-0.000004
0.012949
0.001397
-0.001317
0.008995
0.002488
-0.000043
0.008248
0.002503
-0.013167
0.001292
-0.014570
0.001101
-0.002548
0.002147
-0.002233
-0.000613
0.006810
-0.003347
-0.002042
-0.008178
-0.008323
0.000486
0.001510
-0.013168
-0.005128
-0.001601
0.001678
0.015696
-0.000020
-0.000904
0.000450
0.001292
-0.001209
0.002389
-0.002918
0.000465
-0.007864
0.011794
0.009558
-0.017859
-0.006497
-0.001980
-0.009567
-0.001856
0.000712
0.006134
-0.000017
0.004198
0.008110
-0.001612
0.005978
-0.011982
0.012676
0.018623
0.008278
-0.005571
0.000275
-0.006598
-0.000394
-0.006037
0.022946
-0.016555
-0.044741
-0.001715
-0.000771
0.003332
-0.002422
-0.000513
0.016874
0.006743
-0.002862
-0.015649
0.018541
-0.017376
-0.000027
-0.001759
-0.001316
0.008563
-0.000891
0.018475
0.001964
-0.001236
-0.000488
-0.000454
-0.009858
-0.009098
-0.002421
-0.002031
-0.004302
0.014234
0.001301
0.000025
0.002693
-0.000960
-0.034141
0.003345
-0.000114
0.007014
0.005334
-0.003373
0.004552
-0.002708
0.000699
-0.006583
0.002815
0.002854
-0.005229
-0.001673
0.017129
-0.016893
0.001690
0.000523
-0.001133
0.000191
-0.006076
-0.006409
0.002014
0.001929
0.008609
-0.000489
0.002123
-0.000035
-0.024493
0.001610
-0.006165
0.001974
-0.000304
0.004570
-0.002097
-0.016359
-0.011331
-0.000105
0.000350
-0.000039
0.005480
-0.007203
-0.010502
-0.008246
-0.000184
0.001761
-0.000540
-0.014542
-0.017160
-0.002530
-0.003556
0.000390
0.000059
0.003664
0.000313
0.000763
0.008990
-0.001750
-0.000450
-0.004414
-0.007778
0.002290
0.002619
0.004256
-0.002819
-0.000146
0.003269
0.036988
-0.006164
-0.007293
-0.011589
0.008445
-0.000346
0.003766
-0.007153
0.001543
-0.001295
-0.010349
0.012267
0.001602
-0.002704
-0.005248
-0.013547
0.004925
-0.003601
0.000672
-0.001320
-0.016639
-0.009926
0.001079
0.000925
-0.003615
-0.005164
-0.003198
0.002217
0.004527
-0.001115
-0.003771
0.001198
0.027354
-0.013190
0.014861
0.001923
-0.004419
0.001652
0.001094
0.007377
-0.012757
0.000941
-0.000257
0.001641
-0.012699
-0.000844
-0.000106
0.008045
-0.003405
-0.009247
0.002816
0.010346
0.047048
0.002196
0.009231
-0.001559
0.005750
-0.003736
0.001298
-0.003854
-0.001394
-0.003321
-0.014874
0.000821
-0.001189
-0.001571
0.009528
-0.009300
-0.001296
0.007726
0.005989
0.019336
-0.000207
0.021104
-0.003887
0.027022
-0.000265
0.000673
-0.000175
0.000916
0.000238
0.001432
-0.008728
0.007710
0.002651
-0.000117
0.001119
0.004824
-0.001560
-0.000434
0.008296
0.000070
-0.000087
-0.011239
-0.006582
-0.008831
-0.000594
-0.010665
-0.000871
0.000367
0.000517
-0.009686
-0.001956
0.003486
-0.002706
-0.002170
-0.001877
0.001530
-0.000285
-0.003337
0.002286
-0.001259
0.001287
-0.002914
-0.004336
0.006287
-0.000878
-0.006389
-0.010247
-0.006587
0.004677
-0.001457
0.004998
-0.000574
0.003881
-0.000367
-0.000429
-0.001613
0.001395
-0.001177
-0.004129
0.004445
-0.003178
0.002103
0.019977
-0.000273
0.003120
0.002448
0.002908
-0.001332
0.045221
0.000475
-0.002392
0.001622
-0.003791
0.003761
0.018408
0.014805
-0.017577
-0.003170
0.001381
0.000195
-0.010644
-0.001860
-0.014797
-0.006329
0.016921
-0.026533
-0.012767
0.002107
-0.001348
-0.003155
-0.002966
0.003180
0.009319
0.011414
-0.004394
0.008301
0.017935
-0.000060
0.001687
0.004552
-0.012046
0.011058
-0.011575
0.000772
-0.000738
0.000271
-0.000385
-0.010019
-0.005670
-0.003812
0.001748
0.000022
-0.000200
0.000616
0.000017
0.002792
0.001099
0.002503
0.002146
-0.007582
0.007441
-0.000819
-0.004535
-0.005338
-0.001814
-0.026197
-0.010400
0.010058
0.001589
0.033935
0.001569
0.009999
-0.001690
0.001273
-0.001957
0.007630
0.000128
-0.016528
-0.001829
0.000242
0.000101
0.005602
0.006825
0.005850
0.000598
-0.025165
0.002269
0.005733
0.005384
0.001126
-0.005132
0.019080
-0.006449
0.027475
-0.000074
-0.004407
-0.000079
-0.003327
0.001653
0.002313
0.000253
-0.001752
0.000662
0.008681
0.008493
-0.020454
0.000830
-0.000469
0.007397
0.000540
-0.005981
0.008794
-0.003161
-0.000644
0.006938
-0.003702
0.004904
0.003536
0.003232
-0.007830
0.001377
-0.003030
-0.000388
0.003065
0.010759
-0.001628
0.001773
-0.003437
0.025874
0.000706
-0.013438
0.007328
0.004613
-0.001019
0.005515
-0.005462
0.000608
0.001104
-0.007868
-0.002946
-0.004721
0.005337
-0.003421
-0.030059
0.015897
-0.005119
0.007026
-0.003194
0.001777
-0.000267
0.000864
0.001048
0.002758
0.000741
-0.013164
-0.000884
-0.012532
-0.007500
-0.014684
-0.006049
-0.002840
-0.003593
-0.002670
-0.003491
-0.002444
-0.016614
-0.000109
0.003563
-0.003133
0.001053
0.000145
-0.001304
-0.001697
-0.008850
0.001738
0.003265
0.055758
-0.001447
-0.003166
-0.002721
0.000839
0.012423
0.000916
-0.002488
-0.001010
-0.001342
0.025882
0.000518
0.000379
-0.000816
0.001085
0.005188
0.000272
-0.001312
0.000360
-0.013635
-0.000349
-0.033385
-0.000214
0.025140
-0.000592
0.002361
-0.000070
0.000665
-0.000071
0.002499
-0.004833
0.001754
0.004525
-0.000415
0.001836
0.003972
-0.001906
0.002331
-0.013657
0.000035
0.003984
0.008675
0.004107
0.003977
-0.000652
-0.001579
0.011083
-0.003955
-0.002025
0.003765
-0.003645
0.003675
0.002140
0.006135
-0.000767
0.002078
-0.000511
-0.000783
-0.004429
-0.000554
-0.004348
0.002208
-0.002692
-0.001486
0.017591
0.008952
-0.006636
0.002955
-0.002635
0.001739
0.042298
-0.000353
-0.004038
-0.000597
0.001196
-0.000516
0.007424
-0.000523
-0.007702
0.001227
-0.003808
-0.026995
-0.022002
-0.002516
-0.003637
-0.010677
0.002552
-0.003901
0.011904
-0.003546
0.000473
-0.000030
0.017827
-0.014376
0.022539
-0.002203
-0.005202
0.001527
0.006389
-0.000782
-0.016972
0.021043
-0.015048
0.014644
-0.006058
0.027280
0.007129
0.006249
0.000879
-0.001157
-0.001657
0.033115
0.012002
0.010915
-0.002361
-0.003457
-0.002708
0.000030
-0.003872
-0.003870
-0.000164
-0.003364
0.053647
0.000762
0.001266
0.000171
0.000622
0.004768
0.015856
0.006641
-0.003345
-0.000689
-0.019317
0.000361
0.000018
-0.001547
-0.005796
0.000855
0.001846
-0.001944
0.002423
-0.006658
0.004375
-0.002184
0.001540
0.026640
0.000841
0.003240
0.006509
0.014178
0.005113
-0.010427
0.005148
0.006191
0.001578
-0.006916
-0.000062
0.006465
0.016163
-0.002468
-0.001559
-0.007340
0.005294
0.001911
0.000729
0.005964
-0.004320
-0.006203
-0.000873
-0.002888
-0.001533
-0.006183
0.013631
0.044161
-0.000151
0.001799
-0.000034
0.015602
-0.024924
0.007627
0.008413
0.004253
-0.000336
0.012313
-0.012316
-0.007726
0.002054
-0.003375
0.007213
-0.005448
0.002249
0.002101
-0.015898
-0.001552
-0.001683
-0.000473
-0.010016
0.007203
-0.001091
0.001121
-0.007506
-0.004206
-0.000004
-0.001402
0.004336
0.012313
-0.003872
-0.000755
-0.002140
-0.001483
0.000333
-0.007748
0.000331
-0.001246
-0.003768
-0.005600
0.001841
0.000607
-0.002331
-0.015333
-0.000063
-0.005423
0.006649
0.005697
0.014986
-0.009445
-0.014819
-0.005648
-0.000764
-0.008010
-0.002786
0.005121
-0.000944
-0.002839
-0.002616
-0.001979
-0.004490
-0.003531
0.007907
0.003081
-0.002254
0.001056
0.005160
0.002552
0.004108
0.005019
-0.000343
0.002438
0.004191
-0.000287
0.000036
0.008740
-0.000635
-0.001399
0.001759
0.032149
0.009427
-0.002159
0.011295
0.005103
-0.003793
-0.008194
0.001500
-0.001759
0.002561
0.001525
-0.002150
-0.000442
-0.000117
0.001548
0.001566
0.012466
0.001264
-0.005693
0.011375
0.008157
-0.000517
-0.012098
0.001189
-0.038758
-0.001566
0.001126
-0.000252
0.000326
0.000399
-0.000388
-0.001059
-0.002100
0.003302
-0.000483
0.003583
0.006523
0.000932
0.005115
0.003089
0.000035
0.004937
0.018001
0.007645
-0.000090
0.000345
0.006701
0.007422
-0.001818
0.001325
-0.007658
-0.001642
0.006205
0.005368
-0.014981
0.000614
-0.001167
-0.001265
0.000578
0.006181
0.002832
0.001922
0.004701
-0.003841
-0.007514
0.007919
-0.007847
0.011948
0.014372
0.002069
0.000613
0.038989
-0.000041
0.000481
-0.000068
-0.001963
-0.001871
-0.001620
0.000517
0.007434
0.017642
0.009214
0.003113
-0.017442
0.000062
0.005444
-0.000610
-0.001176
0.002983
0.012316
-0.001291
0.002689
-0.002015
0.008211
0.008465
0.015392
0.004662
-0.010991
0.003782
0.004783
0.001081
-0.014298
0.028785
0.002646
0.000987
0.018686
-0.004391
0.005399
-0.013593
0.002487
-0.002283
-0.000526
-0.014810
-0.004742
0.026670
-0.016442
-0.002398
0.035364
-0.000000
0.002382
-0.001512
0.004600
0.001355
0.014966
-0.007482
-0.000558
-0.002696
0.000331
-0.011600
0.003293
-0.021654
-0.003756
0.001559
0.014285
-0.000922
0.000005
-0.008491
-0.007223
-0.020943
0.012829
0.003108
-0.007128
-0.003949
-0.000109
-0.003175
-0.008638
-0.009240
0.004595
-0.004210
-0.004512
-0.012866
0.001402
0.024902
-0.001001
-0.003309
-0.003721
0.001164
0.000138
0.021766
0.007371
-0.000542
0.000403
0.001736
-0.002426
0.019080
0.000188
0.004880
0.002249
0.003135
0.002499
-0.000095
0.003637
0.020988
0.002146
-0.041270
0.000072
-0.000323
0.000035
0.008384
0.007729
0.002104
-0.017169
-0.002265
-0.001978
-0.004266
0.004633
-0.006382
-0.000832
-0.001791
-0.001937
0.001596
0.001416
0.001032
-0.008821
-0.003968
0.002497
-0.001483
0.000299
0.000125
0.000613
0.008881
0.003108
-0.000741
-0.000792
-0.002638
-0.011995
0.000199
-0.003876
0.015031
0.029796
-0.001596
0.008032
0.002255
0.002147
-0.000129
-0.004623
-0.013595
0.002862
0.000936
0.001068
-0.007517
-0.006384
-0.004477
-0.007186
0.008685
-0.021367
-0.006337
-0.006874
0.006402
-0.001987
0.018361
0.012697
0.002440
0.006373
0.002271
-0.001000
-0.000815
0.000743
-0.006393
-0.014937
0.006497
-0.001784
-0.000227
-0.015053
-0.002752
-0.002474
0.010173
0.000376
-0.005581
0.001618
0.000007
0.000122
0.008450
0.000793
0.009983
-0.001289
0.035443
-0.020498
-0.004299
0.004388
-0.008433
-0.006703
-0.007100
0.001612
-0.001623
-0.000145
0.000423
-0.029339
-0.000254
-0.000591
0.001541
0.005375
0.003512
-0.000763
-0.003040
0.020153
-0.006573
-0.000398
-0.024672
-0.000356
0.029168
-0.002504
-0.000575
-0.000196
-0.000792
0.000984
0.001477
-0.006549
-0.003045
-0.000529
-0.000167
-0.005833
-0.000530
-0.002378
0.001404
-0.000597
-0.000029
-0.002138
0.006809
-0.007141
-0.008288
0.000106
0.000410
0.003547
0.002360
-0.001015
0.004077
0.004513
0.041065
0.004796
0.052384
-0.000595
-0.000168
0.000565
0.007134
0.000457
-0.000453
0.003099
-0.000345
0.002631
0.004638
-0.001423
-0.003165
0.019218
-0.005466
0.000290
0.002087
0.000161
-0.000059
-0.001724
-0.000493
0.000920
0.002133
0.008463
0.002074
0.004234
0.006866
0.013297
-0.007288
-0.020472
0.021906
-0.007389
0.004563
0.009592
-0.003236
0.047457
-0.000359
-0.002501
-0.002102
-0.000613
0.006361
-0.001424
0.004333
0.007942
0.002881
0.002279
0.000497
-0.009312
-0.000882
-0.008101
-0.021657
-0.000579
0.009540
-0.007108
0.012311
-0.007047
-0.001157
-0.003672
0.004554
-0.007586
-0.004356
0.002706
-0.002929
0.012307
-0.000020
0.003129
0.001528
-0.003351
-0.004499
0.016869
-0.001123
-0.001137
-0.000347
-0.000080
0.004636
-0.014867
-0.019446
0.001214
-0.002123
-0.005998
-0.000276
0.000017
-0.001978
0.006498
0.017798
-0.005844
-0.008544
-0.009436
-0.000874
-0.004753
0.003757
0.004253
0.024022
0.017315
-0.002157
-0.000614
0.006055
0.000224
-0.039917
-0.005095
-0.005825
0.003758
-0.003792
0.000049
-0.005498
-0.003085
0.013334
0.000750
0.000913
-0.002501
0.027385
0.000029
0.006072
-0.005294
-0.003199
-0.002993
0.002986
-0.003220
0.017622
-0.000757
-0.001679
0.000091
-0.003980
-0.000018
0.000880
-0.006667
0.002512
-0.004723
0.017237
-0.000342
0.006376
0.007712
-0.012458
0.002520
0.001679
-0.000636
0.002568
0.006918
0.010113
-0.003279
0.001478
0.002462
0.001395
-0.000026
0.009879
-0.000191
-0.019026
-0.001214
-0.000754
0.000198
0.000458
0.005907
0.000745
-0.009125
-0.002154
-0.002933
0.003348
-0.010614
-0.001041
0.008595
-0.000060
-0.016001
-0.003692
-0.005559
0.001532
-0.009347
0.017000
0.006460
-0.018023
0.006531
-0.005757
-0.002559
-0.001438
0.003597
-0.023966
0.000761
0.015782
-0.015757
0.006066
0.005732
-0.000304
-0.006941
0.000482
-0.005055
-0.005547
0.023909
-0.007320
-0.000605
-0.000119
-0.000445
-0.006022
-0.013123
-0.004361
-0.000030
0.017434
0.005547
-0.000944
0.000013
0.014541
0.001511
0.007156
-0.003530
0.022010
-0.022521
-0.001519
-0.009456
-0.007772
0.001902
0.003669
-0.001254
-0.001972
-0.001316
-0.000448
0.021178
0.001506
-0.001158
-0.000405
-0.004462
-0.006724
0.002255
0.005698
0.002886
-0.020696
-0.000176
-0.024129
0.000185
0.034487
0.001571
0.000172
0.002751
0.000019
-0.000625
-0.001429
0.006630
0.001811
0.006788
0.000247
-0.004539
-0.002942
-0.003898
0.005322
0.014232
-0.000079
-0.001130
0.006160
-0.003504
0.013329
0.000857
-0.009070
0.004391
0.000744
-0.000114
-0.029716
0.000732
0.038916
0.001542
0.045615
0.002313
0.001517
0.001948
-0.001805
0.006704
0.000321
-0.001585
0.003794
0.001244
0.003352
-0.001399
0.003348
0.003208
-0.000243
-0.000077
0.000381
-0.016151
-0.000877
-0.003606
-0.000039
0.000778
0.002030
-0.000535
-0.000024
0.009117
-0.007633
-0.002566
0.016381
-0.007123
0.000212
-0.027422
0.003206
-0.000327
0.005685
-0.022090
-0.000838
0.000928
0.006496
0.006754
-0.009913
0.022268
0.002217
0.024996
-0.001219
0.004138
0.000519
0.017372
-0.002732
0.001276
0.016574
-0.009666
-0.020366
0.007131
-0.001919
0.000867
-0.000347
0.001382
0.009387
0.001585
0.023249
-0.012020
-0.013619
0.019489
-0.000056
-0.010890
-0.013310
-0.004815
0.013566
0.002256
-0.005792
0.001436
-0.001183
-0.000669
0.009176
-0.009901
-0.009368
-0.001597
0.001609
0.004392
0.002121
-0.000002
-0.008237
0.002736
-0.000115
0.003053
0.007253
0.005026
-0.010020
-0.004630
-0.001731
0.005749
0.033657
0.024375
0.002768
0.000859
-0.007291
0.000177
0.037641
0.017009
-0.007098
0.001410
-0.002607
-0.000188
0.009116
0.003718
0.012723
-0.000146
-0.001968
0.002283
0.013208
0.000585
0.001376
0.000007
-0.005907
-0.001249
-0.001129
0.007215
0.002224
-0.007449
-0.002074
0.000003
0.000956
-0.000031
0.008815
0.000631
-0.008834
-0.015523
-0.007102
-0.002493
0.016487
-0.000721
0.004130
0.002568
0.001847
0.002572
-0.001366
-0.005066
0.014244
0.006507
-0.002427
0.004942
0.000319
0.005384
-0.005910
-0.003982
0.002241
0.000216
-0.005210
-0.000350
0.002627
-0.000815
-0.007025
0.007638
0.004812
0.012423
0.004030
0.003010
-0.003442
-0.006745
-0.002716
-0.015688
-0.004672
0.005979
-0.005543
0.007595
0.002077
0.017063
0.004560
-0.009737
0.038298
0.014370
0.001908
0.025084
0.036549
0.000725
-0.006809
0.003439
-0.006871
0.000188
0.000922
-0.000760
0.002609
0.007563
-0.016172
-0.030088
0.004478
-0.001272
0.001710
-0.002308
0.004503
-0.006808
0.003911
0.000101
0.006200
0.004973
0.000304
0.000047
0.003874
0.003611
-0.009723
-0.003101
-0.018636
-0.021579
-0.003124
-0.003387
-0.005551
0.003527
0.002411
-0.000317
-0.001436
0.000721
0.002414
-0.006378
-0.000689
0.000404
0.003286
0.001452
-0.007061
0.004558
0.004040
0.013482
-0.002522
0.001450
0.023131
-0.004173
-0.001703
-0.000005
0.000463
-0.000858
0.000047
-0.001746
0.000670
-0.017402
0.001859
-0.017076
0.000173
-0.009127
-0.000619
0.003729
-0.004854
0.002446
-0.000026
0.000941
0.005673
-0.001603
-0.002229
0.000288
0.000398
0.002142
0.000607
-0.000283
-0.015988
-0.003774
-0.005805
0.000732
-0.011525
0.001627
0.002270
-0.000106
-0.000526
-0.003803
-0.000908
-0.001097
-0.001092
0.004727
0.004557
0.006411
0.000865
-0.008501
0.000935
0.001369
0.002913
0.036363
0.000563
0.000418
0.000795
-0.000711
0.004815
0.005247
0.006175
-0.010261
0.000723
-0.012964
0.007123
-0.000306
-0.009647
0.002086
0.006982
0.005267
0.001780
-0.047762
-0.002001
-0.001232
0.002668
0.000816
0.000436
0.010199
-0.006284
0.002854
0.000104
0.005127
-0.000507
0.000671
0.015772
-0.000127
-0.002766
0.009794
-0.006935
-0.004949
-0.009801
0.003419
-0.001425
0.003557
0.003560
-0.000954
0.010947
-0.004630
-0.008738
0.002047
0.000038
0.000512
-0.000304
0.001800
-0.011402
-0.035012
-0.001186
-0.000246
-0.000032
-0.000298
0.010693
0.016629
-0.003232
-0.001452
-0.002680
-0.002219
0.001924
0.000022
-0.012113
0.003006
-0.019681
-0.002552
0.013505
-0.001480
0.004403
-0.002052
-0.001506
0.003054
0.028656
0.014539
0.005281
-0.008468
-0.006936
-0.000284
0.004818
-0.001903
0.000575
-0.007080
0.001798
-0.000170
-0.009042
-0.007905
0.012668
-0.001859
-0.006160
0.003804
0.016539
0.000394
0.004568
-0.006599
0.004036
0.000495
-0.002300
-0.004352
-0.002579
-0.001571
0.025472
0.000130
-0.007590
0.000031
-0.003941
0.011252
-0.005498
0.001793
-0.005208
-0.000607
0.013503
-0.003049
0.003383
-0.002102
-0.001707
0.008589
0.000761
-0.008417
0.029305
0.002057
-0.005441
0.000186
-0.001570
0.003577
0.004476
0.005010
-0.018895
0.002109
0.002302
0.000858
0.000648
-0.008129
-0.004351
0.000806
-0.008565
0.010578
0.002184
-0.000837
-0.006025
0.007764
-0.000179
-0.012697
0.009386
-0.001803
0.008829
-0.001702
0.002314
-0.009535
-0.008414
-0.003834
-0.009405
0.016410
-0.012550
-0.000049
-0.018301
-0.004854
0.004679
0.005303
0.002393
0.001391
0.002208
0.012200
-0.002316
0.005765
-0.009352
0.009273
-0.003686
0.000608
0.000912
-0.000097
-0.001184
0.001257
-0.008655
-0.000012
0.015581
0.008791
-0.000435
-0.000173
-0.014050
-0.002488
-0.000278
-0.000839
-0.003802
-0.022520
-0.004725
-0.003957
-0.004306
0.012220
-0.004075
-0.000101
-0.002464
0.001183
-0.000840
0.004619
-0.000195
-0.000874
0.000237
0.008679
0.022443
-0.003744
0.003250
-0.002754
0.006883
0.001000
-0.016496
-0.002179
0.000083
0.002535
-0.000119
-0.000871
0.000182
-0.000305
0.000006
-0.018799
-0.002240
-0.002539
-0.000422
0.000438
-0.000109
-0.002590
0.000809
-0.001080
0.000071
-0.000143
0.007382
0.013057
-0.000782
0.000661
0.009504
0.010952
-0.000756
0.004514
-0.029093
0.002371
-0.006861
0.004565
0.006901
-0.001164
-0.000707
-0.000537
-0.000628
-0.003576
-0.001713
0.003963
-0.000683
-0.001283
0.004014
0.000460
-0.004936
0.000687
-0.007416
0.000768
0.000614
0.008737
-0.000990
0.000323
0.001120
0.002276
0.001495
0.001650
0.001439
-0.011923
-0.003971
0.010002
-0.022229
0.002938
-0.001910
0.027745
0.007485
-0.000116
0.003835
-0.015599
0.000115
0.000030
-0.002979
-0.007442
0.008403
-0.036643
-0.003479
0.012184
0.001129
0.003159
-0.000906
0.038815
0.007331
-0.017925
0.012120
-0.007411
-0.009164
0.007938
-0.009094
-0.006778
0.000991
0.000456
0.010793
0.010867
0.010896
-0.005809
0.000647
-0.000641
-0.000013
-0.004226
0.009193
0.003218
-0.017796
-0.001125
-0.002354
-0.002907
0.002933
-0.000302
-0.004707
-0.023428
0.039874
-0.000661
0.004139
0.011368
0.000902
0.000025
-0.009344
-0.003975
-0.004351
-0.001391
-0.005020
-0.003893
0.000556
-0.001454
-0.001931
0.007969
0.003507
-0.005955
-0.006175
0.000246
0.018165
-0.001849
0.023767
0.006519
-0.005073
-0.003455
0.020714
0.000103
-0.009571
-0.006989
-0.011844
-0.000100
-0.012284
-0.002199
0.014127
0.000053
0.004678
-0.001070
0.004143
-0.001095
-0.004846
0.008051
-0.001573
0.006617
0.033735
0.000083
0.000077
-0.000037
-0.003758
0.002052
-0.007715
-0.004210
0.008980
0.001044
-0.015706
-0.007283
0.016723
-0.003017
-0.001437
0.000412
0.001975
-0.014976
0.018987
-0.007763
0.001553
-0.000981
0.002116
0.002610
-0.008288
-0.001051
-0.010077
-0.014512
0.002895
0.000552
-0.000599
0.033596
0.001586
-0.000830
0.015122
0.003082
-0.004273
-0.005133
0.002146
0.002977
-0.001223
0.003649
-0.002246
-0.004281
-0.000079
-0.000451
0.001040
0.006496
0.007302
-0.002280
0.011912
0.020069
0.000964
-0.004153
0.006455
-0.002462
-0.015395
0.007599
0.008469
0.007331
0.002022
0.003805
-0.000101
-0.001586
-0.011709
-0.012128
-0.000070
0.004943
0.000166
-0.007038
0.008678
0.024099
0.010166
0.000077
-0.003284
0.002782
0.000227
0.000072
0.008321
-0.002129
0.001527
-0.000962
0.022212
0.010393
-0.002298
-0.014162
0.001941
0.002700
-0.007357
0.000156
0.000994
0.002383
-0.001382
-0.002816
0.000477
-0.000911
-0.001414
-0.008426
0.002035
0.001367
-0.004838
-0.019649
0.018306
-0.000087
-0.018607
0.002455
0.040206
0.002026
-0.000323
-0.001080
0.000374
0.001057
-0.000028
0.001494
-0.003103
-0.006050
0.000239
-0.007224
0.005219
0.001626
-0.002635
-0.004349
-0.000067
-0.003438
-0.000090
0.007742
-0.005425
-0.000249
-0.006074
-0.007490
0.000394
0.000056
0.020430
-0.000995
0.018323
0.000942
-0.034118
-0.002247
0.002608
0.000864
0.005741
0.011676
0.002793
0.000050
0.001948
-0.000349
0.002922
0.010910
-0.001618
-0.004617
0.007928
-0.001493
0.000009
-0.027807
-0.000114
-0.000829
0.000257
-0.000609
-0.001683
0.000466
0.000662
0.001829
-0.021837
-0.002768
0.007475
0.002311
-0.005053
-0.002132
0.006591
0.003966
-0.004499
-0.016299
0.000937
-0.001001
-0.001967
-0.001603
-0.001215
0.002592
0.005122
0.006340
0.000482
0.006594
-0.000084
0.002796
-0.008553
0.012353
0.022148
0.000493
0.025413
-0.002726
0.008732
0.000043
-0.002677
-0.000900
-0.016622
-0.007982
-0.002434
-0.005683
0.021121
-0.034045
0.000010
-0.007944
-0.005650
0.002682
0.005196
0.024192
-0.003796
-0.001035
0.001092
-0.000245
-0.001768
-0.001056
-0.011282
-0.000575
-0.006134
0.013689
0.001186
0.000041
0.005530
0.002778
-0.028233
-0.014854
0.000374
0.004239
0.001386
-0.002942
-0.000440
-0.002009
-0.003389
0.000975
0.002909
-0.002025
0.015794
-0.001910
0.018748
0.004832
-0.002838
0.002888
0.007074
-0.000143
-0.010435
-0.020456
0.011841
0.000193
-0.000110
0.003691
-0.046302
0.000110
0.030010
0.003878
-0.003958
-0.001102
0.000562
-0.007124
0.019780
-0.003627
0.012805
0.000135
0.003134
-0.000059
0.006562
0.000742
0.000855
0.015432
-0.009007
-0.000912
-0.007496
0.001699
0.017956
-0.002289
0.004513
-0.001292
0.004945
0.012529
0.000819
0.010327
-0.007370
0.000226
0.000913
0.005379
0.011212
0.000133
0.007747
0.002761
0.000978
0.000590
0.002337
0.007161
0.000184
0.001024
0.001687
-0.014168
-0.002297
-0.006690
-0.001315
0.011051
-0.002104
-0.004845
0.006332
-0.000121
0.005026
-0.005486
-0.005585
0.005866
0.006371
-0.010549
-0.005056
-0.011384
-0.007644
0.022669
0.009510
0.002879
0.004679
0.007868
0.006511
0.002723
-0.001106
-0.011493
0.000398
0.007350
0.004538
0.020776
-0.007030
0.000175
-0.002457
0.008991
-0.004887
0.017395
-0.011621
-0.000491
0.006301
0.006146
0.000384
-0.000055
-0.004294
-0.002169
0.006630
-0.000136
0.022702
0.025989
0.004421
-0.008259
-0.000201
-0.005970
-0.008949
-0.001369
0.000158
-0.002958
-0.001858
0.017955
0.000056
0.000036
-0.002077
-0.005367
-0.003867
0.002394
0.003510
-0.020700
0.019780
-0.000671
-0.000472
0.004315
0.010036
-0.003066
-0.000002
0.000484
-0.000308
0.001228
-0.000141
-0.016258
0.000680
0.002347
-0.000272
-0.005786
0.003773
-0.000628
-0.002079
0.003496
-0.000045
-0.002208
0.002768
-0.010365
-0.006487
-0.000307
-0.001565
0.003820
-0.004312
-0.001571
-0.014415
-0.004647
0.021139
0.004341
-0.010804
-0.000178
0.000614
0.001651
0.003970
0.000339
0.002617
-0.006763
0.001600
-0.000688
-0.002245
0.013075
0.000065
-0.016592
0.007324
-0.002889
-0.001088
-0.019930
0.000237
0.002426
0.000288
-0.002693
0.000570
-0.001842
0.001302
-0.005885
0.001605
0.000900
0.002015
0.004618
-0.009747
0.029936
0.013334
0.000833
0.000166
0.014270
-0.001712
0.001534
0.006729
-0.011775
0.005065
0.000729
0.015174
-0.012720
0.003766
0.005541
0.000549
0.018631
-0.006618
-0.007413
-0.004039
-0.019715
-0.035481
-0.008640
-0.003131
0.004437
0.000310
-0.002111
0.016267
0.024211
0.017558
0.019616
0.009324
0.020154
0.000002
0.006279
-0.010716
-0.004688
-0.015103
0.018406
0.001811
0.000300
0.000904
-0.000237
0.002336
-0.015214
-0.029068
-0.003299
-0.001260
0.010083
-0.001537
0.000036
0.014626
-0.011507
0.026073
0.006317
0.003407
0.005268
0.001547
-0.005568
0.003484
-0.000147
-0.009941
0.001020
-0.001261
0.007402
0.005044
-0.003584
-0.024930
0.007734
-0.004956
-0.002210
0.004636
-0.000199
0.015526
0.002161
0.002600
0.000332
0.005047
-0.000925
0.001625
-0.000050
-0.021202
0.000649
0.006384
0.000246
-0.001303
0.003295
-0.002247
0.010153
0.026053
-0.000097
-0.005684
0.000040
0.003509
-0.004183
-0.013907
-0.003162
0.010161
-0.001165
0.009488
0.002229
-0.022755
-0.000837
-0.000431
-0.005247
0.004235
-0.003682
-0.011844
0.008640
-0.000716
-0.005256
0.002695
-0.002193
0.001266
0.006018
-0.007521
-0.006727
0.000422
-0.000675
-0.001660
-0.010857
0.007552
0.007312
-0.004549
-0.002015
0.000433
0.002699
-0.004837
0.009268
-0.000408
-0.011538
0.000482
-0.004965
-0.001638
0.006267
0.025417
0.003495
0.016699
-0.009697
-0.007244
0.003055
-0.002607
0.004935
0.042027
0.004417
0.014407
0.005278
-0.008243
-0.000004
-0.001712
0.006515
-0.001951
-0.010643
0.017255
-0.005838
0.010586
-0.000996
0.001375
0.018982
-0.001193
0.006778
0.015878
0.000321
-0.006750
-0.008916
0.000116
-0.000133
0.006990
0.000531
-0.001892
-0.000185
0.002827
0.027717
-0.002107
0.003787
-0.002491
0.006424
0.009767
-0.000197
0.001442
0.002114
0.000138
0.002531
0.001442
0.000665
-0.001765
-0.008922
-0.001494
0.000500
-0.003385
0.013679
0.015003
-0.001580
0.011755
0.003038
0.030586
0.000246
-0.001289
0.000755
0.000351
-0.000522
0.002958
-0.003985
-0.002193
0.002803
0.000105
-0.000940
-0.000031
0.002293
-0.003215
0.018452
0.000023
-0.010959
-0.006050
-0.003566
0.021414
0.000164
0.004204
0.001708
-0.002841
0.001156
0.004844
0.000111
0.020200
0.001119
-0.035043
-0.001226
0.002424
0.000467
-0.000601
-0.001413
-0.001196
0.005666
-0.003424
-0.004681
0.003250
0.007558
0.008524
0.015694
0.006776
0.003014
-0.002592
0.023036
-0.000159
0.003958
-0.000503
0.000964
-0.002784
0.001506
-0.006574
-0.002462
0.020364
0.001158
-0.019424
0.016602
0.006457
-0.006892
-0.009967
-0.003709
0.000324
0.022923
-0.001685
0.000907
0.000889
-0.000497
-0.009832
-0.000710
-0.012107
-0.002867
0.003258
-0.002660
-0.000391
-0.012597
-0.018092
0.001148
-0.012026
0.000791
-0.008061
0.007367
-0.000380
-0.004456
-0.000800
0.002159
-0.000446
-0.000611
0.011413
-0.005035
0.002728
0.021617
0.000043
-0.005417
0.006038
0.006383
0.002237
0.018840
0.000153
0.000803
0.001160
-0.000403
-0.004028
-0.010362
0.008501
0.004916
-0.002233
-0.008778
0.002519
-0.000015
-0.009400
0.001732
-0.000271
0.003575
0.006535
-0.006205
0.004121
0.004083
0.000155
0.007668
0.000094
0.009381
0.006541
0.006097
-0.013718
0.007540
0.003191
-0.004955
0.003149
0.002761
-0.006454
0.000231
0.029554
-0.015264
-0.031411
0.001611
-0.003053
-0.004453
0.009064
-0.000101
-0.007713
0.001819
0.001981
-0.001363
0.002027
0.007297
-0.014574
-0.008284
0.009919
-0.000039
-0.001001
0.000019
-0.002969
0.017417
-0.003556
-0.016422
0.005252
-0.000229
0.002096
0.001294
-0.019478
0.005188
-0.004061
0.010161
0.003001
-0.002208
0.006335
-0.003625
0.001000
-0.001272
0.001717
0.004343
-0.003425
0.011818
-0.006267
-0.003828
-0.007751
-0.000232
-0.004116
-0.019053
0.007243
-0.006821
0.012025
0.000603
0.002817
0.000839
-0.005211
0.009356
-0.003193
0.017952
-0.005655
0.004253
-0.002467
-0.006063
-0.001245
-0.015894
-0.001657
0.006033
0.006302
-0.006563
-0.001604
0.013757
-0.017438
0.004000
-0.019303
0.004414
-0.003051
0.005806
0.002161
0.003509
-0.001518
-0.007363
-0.002235
0.002714
0.005004
0.005317
-0.001441
0.001621
0.003804
-0.012930
-0.004890
-0.000091
-0.010125
0.005190
-0.000615
0.000046
0.000689
-0.001523
0.000743
0.001644
0.006919
0.006124
-0.001287
0.022351
-0.000043
0.009403
-0.006644
0.000320
-0.000373
-0.003068
0.000417
0.016445
0.000053
0.001953
0.003711
-0.018135
-0.002303
0.001830
0.004792
-0.020524
-0.001375
-0.000337
-0.004605
0.001403
-0.017711
-0.000037
0.001170
-0.000757
0.001170
-0.002558
0.001098
-0.017967
0.002906
-0.008158
-0.000206
-0.009689
0.000820
0.000047
0.001156
0.003537
0.000028
0.005903
0.006885
0.006634
-0.002302
0.002129
0.001017
0.001230
0.000621
-0.002050
-0.000808
0.004347
-0.007836
0.000767
0.058889
0.000157
0.006208
-0.000415
-0.001178
-0.000110
0.004632
-0.001005
-0.002817
-0.001464
-0.002332
0.007498
0.006189
-0.016581
-0.005800
0.000901
-0.000673
-0.040352
0.000021
0.000796
0.000388
-0.000646
0.000140
-0.003058
-0.001064
-0.004147
-0.006532
0.002853
0.023711
-0.023235
-0.010766
0.002663
-0.010750
0.002432
0.002755
0.003943
-0.000692
0.000811
-0.001767
-0.001828
-0.010680
-0.005146
0.000642
-0.009573
-0.000035
0.006071
-0.000485
-0.009906
-0.008898
-0.005263
0.000240
-0.008383
0.004616
-0.000379
-0.002236
0.002162
0.001497
-0.002101
0.025875
-0.013678
0.003599
-0.006854
0.027236
-0.005560
0.000049
-0.007443
-0.001055
-0.003325
-0.012672
0.016096
0.004263
0.000703
0.002163
0.000865
0.003264
-0.010898
0.010120
-0.003175
-0.000199
0.002805
-0.001317
0.000001
0.000928
0.001013
0.017915
-0.003604
0.002185
-0.001254
0.001937
-0.003508
-0.004621
0.001399
0.005954
0.031014
-0.008504
-0.001469
-0.005255
-0.001834
0.019428
-0.010275
-0.001618
-0.002779
0.000529
0.000012
-0.009988
-0.008932
0.020248
0.000838
-0.008868
-0.004924
-0.007044
-0.000443
-0.005866
0.006116
0.003175
0.001094
-0.003039
-0.002839
0.001176
-0.008644
-0.000959
-0.000099
-0.001991
-0.000014
0.004759
-0.009557
-0.003664
-0.005366
0.000599
-0.000342
0.018737
0.000791
0.025480
-0.001575
0.000951
0.001035
0.003190
0.003412
-0.022101
0.001415
0.001249
-0.003608
0.001188
-0.005978
0.004162
0.000435
-0.007059
-0.004267
-0.014004
-0.000465
0.005649
-0.014522
0.002456
0.002538
-0.000138
-0.006437
0.001121
-0.000918
-0.007190
-0.028539
-0.000177
0.006825
0.001127
-0.007656
-0.004417
0.002849
-0.022453
0.007679
-0.012865
0.002393
0.003969
-0.008029
-0.000259
-0.017588
0.034626
0.002043
-0.006649
-0.002974
0.000453
-0.001860
0.000397
-0.006590
-0.003078
-0.001116
-0.006179
-0.028847
-0.002779
-0.000094
0.001462
-0.006151
-0.001194
-0.006450
0.005284
0.000152
0.011288
-0.001540
0.000648
-0.000038
0.019075
0.000087
-0.007934
-0.000470
0.013936
-0.034409
-0.000045
0.008983
-0.008878
0.013145
-0.002766
0.000452
0.003434
0.001017
0.000353
-0.000109
-0.001231
-0.001471
0.003276
0.017621
-0.003955
-0.000440
-0.011060
0.008051
-0.001665
-0.000178
-0.004318
-0.001136
-0.001213
-0.001281
-0.001086
0.000097
0.000386
-0.000940
0.000720
0.019434
-0.003152
0.001404
0.000118
0.002681
-0.000128
0.000201
0.000655
0.015121
-0.000077
-0.002056
-0.007224
-0.005211
-0.012800
-0.000809
-0.003886
0.016266
0.002058
-0.000403
-0.024250
-0.001923
-0.047231
-0.004469
0.051443
0.000994
0.004778
-0.000753
-0.002371
-0.001673
0.000219
0.000211
0.007042
0.005054
-0.000688
-0.009315
0.004816
-0.007377
0.002850
-0.002364
0.000007
0.009943
0.000189
-0.003248
0.000066
-0.002494
-0.001343
0.003841
0.000686
0.002668
0.007522
-0.002449
-0.004304
0.000723
-0.000763
0.007977
-0.000318
0.004492
0.001479
-0.013487
0.000347
0.000422
0.004129
-0.008773
0.002863
0.028952
-0.010831
0.002746
0.006292
0.004573
-0.002025
0.031061
-0.016437
-0.005097
0.029141
-0.008878
-0.018718
0.021778
0.011745
0.007003
-0.000668
-0.000923
-0.001627
0.006042
-0.006842
-0.002431
0.004487
0.013872
-0.000026
-0.000603
-0.006851
-0.006868
0.035680
-0.006081
0.002185
0.002391
0.000249
-0.000050
-0.007535
-0.009554
-0.003671
-0.003603
-0.000147
0.003581
0.000665
0.000031
-0.000887
-0.003230
-0.016588
0.006819
-0.002643
0.001321
-0.004272
0.001233
0.005454
0.006499
-0.000565
-0.015564
-0.000536
0.004423
0.007447
-0.005514
0.008135
-0.012084
-0.000370
0.000539
0.001913
0.000126
-0.011939
-0.005436
-0.016689
-0.001474
-0.008886
0.002721
-0.042487
0.000156
0.033438
0.000621
-0.001264
-0.000100
0.002387
-0.004918
-0.006311
-0.008174
-0.000938
0.000132
0.005295
-0.000009
0.002827
0.003252
0.011147
-0.001214
0.008588
0.000803
-0.025918
-0.003008
-0.010459
-0.001555
-0.000396
-0.004227
-0.002588
0.004626
0.013102
-0.002007
0.008492
0.001049
-0.001026
-0.003440
-0.016844
0.000770
0.002429
-0.005470
-0.004343
0.001067
-0.002876
0.010408
-0.008840
0.000584
-0.009880
0.011567
0.004639
-0.003614
-0.011314
-0.008024
-0.000447
0.013045
0.000376
0.000158
0.002851
-0.014557
0.014858
-0.000334
0.009873
-0.001567
-0.004174
0.003396
-0.001251
-0.000295
0.027693
0.002881
0.016873
-0.005718
-0.010790
-0.000371
-0.000514
0.003679
0.001029
-0.011778
0.004054
0.023672
-0.002642
-0.001300
0.001034
0.007533
-0.002783
-0.001659
-0.010043
-0.000211
-0.027490
-0.004334
0.000461
0.000351
0.004944
-0.000374
-0.000617
0.000858
0.035527
0.002010
-0.002426
0.005289
0.003221
-0.004654
0.001616
-0.000593
0.001829
0.000930
-0.000764
0.017332
0.001618
0.001056
0.002049
-0.009418
0.003241
0.001330
0.001823
0.000349
-0.024559
-0.000109
-0.017508
0.000325
0.001501
-0.000161
-0.000785
0.000480
-0.000126
-0.001104
0.000480
-0.004816
-0.006463
-0.002552
0.000269
0.000124
-0.006996
-0.004834
-0.004307
-0.002674
0.000158
-0.002461
-0.015979
0.000335
0.001256
-0.000141
-0.000206
0.000460
-0.005145
0.000503
0.018856
0.004801
0.015092
0.000620
0.000205
0.001842
0.001546
-0.000131
-0.002143
-0.006498
-0.004507
-0.000033
-0.000591
0.004513
0.005061
0.003936
-0.007940
-0.001918
-0.019635
0.000641
0.003271
0.000794
0.001286
0.002206
-0.000177
-0.002204
-0.002160
0.002290
0.002230
0.003302
0.012138
0.014085
0.018745
0.015708
0.007084
0.020672
0.000640
-0.000610
-0.003987
-0.029274
-0.000645
-0.001551
-0.004321
-0.001632
0.004157
0.004706
0.008787
0.014126
-0.002159
0.008645
-0.001179
-0.013415
0.007683
0.004686
0.015138
-0.004514
0.020140
-0.004521
-0.000011
0.004260
-0.001435
0.001854
0.011205
0.018299
0.010172
0.003634
-0.011365
0.005956
0.000022
0.013053
0.003928
0.005265
0.005657
-0.000467
0.000739
-0.000937
-0.002248
0.000493
0.006655
0.008873
-0.017467
-0.001443
-0.001605
-0.000372
0.001132
0.000015
0.001137
-0.004640
-0.009345
-0.001430
-0.001022
-0.012752
-0.016541
0.002879
0.003066
0.002812
0.012151
-0.002458
-0.000416
0.010425
0.011409
0.000360
-0.013591
0.005084
-0.004985
0.000889
0.004248
-0.000077
-0.025213
-0.002110
-0.006097
0.002012
-0.004324
0.005099
-0.005059
-0.000209
-0.018337
0.006233
0.002926
-0.001037
0.001009
0.012425
-0.005106
-0.030193
0.020623
0.000024
-0.001051
0.000071
0.003313
-0.002230
-0.002370
0.000272
0.001738
-0.000258
0.004795
-0.008348
0.014657
-0.001120
0.002130
-0.001542
-0.008512
0.010250
-0.019756
-0.001045
-0.003016
-0.002524
-0.006811
-0.005494
0.001018
-0.000366
0.003900
0.003967
0.002890
0.000114
-0.015419
-0.017957
-0.003516
-0.001984
-0.002550
0.003204
0.000913
-0.011334
-0.004754
0.001046
-0.002921
0.016386
-0.002021
-0.012785
0.000920
-0.008851
-0.005289
0.012763
0.017558
0.016995
-0.000862
0.013619
0.005837
0.009427
0.013439
0.001434
0.017588
0.000141
-0.006238
-0.000434
0.001284
-0.011496
0.000628
-0.007105
-0.008573
0.050445
0.001330
-0.001605
-0.000896
-0.001956
0.004558
-0.005682
-0.000760
-0.000098
0.005090
-0.004717
0.000130
0.000106
0.008252
-0.001160
0.003792
0.000351
0.014878
0.008350
0.003738
-0.008077
0.002231
0.010031
-0.000666
-0.000942
-0.000331
-0.000214
-0.000656
0.005974
0.000467
0.001296
0.002197
0.007200
-0.015058
-0.002071
-0.003533
0.038399
0.002353
-0.001047
-0.003584
-0.002145
-0.017088
-0.001236
0.001215
-0.000494
-0.000026
-0.000213
-0.000238
0.004311
-0.000249
-0.004005
0.000155
0.002966
-0.003194
0.000159
-0.001874
0.002850
-0.000134
0.004609
-0.006878
0.006298
-0.001745
0.002672
-0.004159
0.001017
0.001896
-0.002483
0.011438
-0.000253
-0.025380
-0.001907
0.003571
0.000814
-0.001967
0.001463
0.000949
-0.002617
0.001549
0.003998
-0.002602
0.002907
0.008899
0.004881
0.009657
-0.003915
0.019559
-0.002203
0.001680
0.040095
0.000731
-0.002224
-0.000477
-0.001218
-0.000731
-0.001537
-0.001406
-0.008482
-0.001301
0.004439
-0.002936
-0.025717
0.003679
0.013003
-0.003484
-0.001066
0.001643
0.015580
0.000487
0.001316
0.000109
-0.006444
0.000773
-0.006718
0.015513
0.003054
0.000304
0.001495
0.001794
-0.019821
0.006976
0.009505
0.013766
0.012014
-0.021057
-0.009703
0.001690
-0.002019
-0.003950
-0.000433
-0.006754
-0.001474
-0.005344
0.001531
0.005612
0.000236
-0.000054
-0.009142
0.000842
-0.009786
-0.000891
0.018475
0.001964
-0.001236
-0.000488
-0.000454
-0.009858
-0.009098
-0.002421
-0.002031
-0.004302
0.014234
0.001301
0.000025
0.002693
-0.000960
-0.034141
0.003345
-0.000114
0.007014
0.005334
-0.003373
0.004552
-0.002708
0.000699
-0.006583
0.002815
0.002854
-0.005229
-0.001673
0.017129
-0.016893
0.001690
0.000523
-0.001133
0.000191
-0.006076
-0.006409
0.002014
0.001929
0.008609
-0.000489
0.002123
-0.000035
-0.024493
0.001610
-0.006165
0.001974
-0.000304
0.004570
-0.002097
-0.016359
-0.011331
-0.000105
0.000350
-0.000039
0.005480
-0.007203
-0.010502
-0.008246
-0.000184
0.001761
-0.000540
-0.014542
-0.017160
-0.002530
-0.003556
0.000390
0.000059
0.003664
0.000313
0.000763
0.008990
-0.001750
-0.000450
-0.004414
-0.007778
0.002290
0.002619
0.004256
-0.002819
-0.000146
0.003269
0.036988
-0.006164
-0.007293
-0.011589
0.008445
-0.000346
0.003766
-0.007153
0.001543
-0.001295
-0.010349
0.012267
0.001602
-0.002704
-0.005248
-0.013547
0.004925
-0.003601
0.000672
-0.001320
-0.016639
-0.009926
0.001079
0.000925
-0.003615
-0.005164
-0.003198
0.002217
0.004527
-0.001115
-0.003771
0.001198
0.027354
-0.013190
0.014861
0.001923
-0.004419
0.001652
0.001094
0.007377
-0.012757
0.000941
-0.000257
0.001641
-0.012699
-0.000844
-0.000106
0.008045
-0.003405
-0.009247
0.002816
0.010346
0.047048
0.002196
0.009231
-0.001559
0.005750
-0.003736
0.001298
-0.003854
-0.001394
-0.003321
-0.014874
0.000821
-0.001189
-0.001571
0.009528
-0.009300
-0.001296
0.007726
0.005989
0.019336
-0.000207
0.021104
-0.003887
0.027022
-0.000265
0.000673
-0.000175
0.000916
0.000238
0.001432
-0.008728
0.007710
0.002651
-0.000117
0.001119
0.004824
-0.001560
-0.000434
0.008296
0.000070
-0.000087
-0.011239
-0.006582
-0.008831
-0.000594
-0.010665
-0.000871
0.000367
0.000517
-0.009686
-0.001956
0.003486
-0.002706
-0.002170
-0.001877
0.001530
-0.000285
-0.003337
0.002286
-0.001259
0.001287
-0.002914
-0.004336
0.006287
-0.000878
-0.006389
-0.010247
-0.006587
0.004677
-0.001457
0.004998
-0.000574
0.003881
-0.000367
-0.000429
-0.001613
0.001395
-0.001177
-0.004129
0.004445
-0.003178
0.002103
0.019977
-0.000273
0.003120
0.002448
0.002908
-0.001332
0.045221
0.000475
-0.002392
0.001622
-0.003791
0.003761
0.018408
0.014805
-0.017577
-0.003170
0.001381
0.000195
-0.010644
-0.001860
-0.014797
-0.006329
0.016921
-0.026533
-0.012767
0.002107
-0.001348
-0.003155
-0.002966
0.003180
0.009319
0.011414
-0.004394
0.008301
0.017935
-0.000060
0.001687
0.004552
-0.012046
-0.000891
0.018475
0.001964
-0.001236
-0.000488
-0.000454
-0.009858
-0.009098
-0.002421
-0.002031
-0.004302
0.014234
0.001301
0.000025
0.002693
-0.000960
-0.034141
0.003345
-0.000114
0.007014
0.005334
-0.003373
0.004552
-0.002708
0.000699
-0.006583
0.002815
0.002854
-0.005229
-0.001673
0.017129
-0.016893
0.001690
0.000523
-0.001133
0.000191
-0.006076
-0.006409
0.002014
0.001929
0.008609
-0.000489
0.002123
-0.000035
-0.024493
0.001610
-0.006165
0.001974
-0.000304
0.004570
-0.002097
-0.016359
-0.011331
-0.000105
0.000350
-0.000039
0.005480
-0.007203
-0.010502
-0.008246
-0.000184
0.001761
-0.000540
-0.014542
-0.017160
-0.002530
-0.003556
0.000390
0.000059
0.003664
0.000313
0.000763
0.008990
-0.001750
-0.000450
-0.004414
-0.007778
0.002290
0.002619
0.004256
-0.002819
-0.000146
0.003269
0.036988
-0.006164
-0.007293
-0.011589
0.008445
-0.000346
0.003766
-0.007153
0.001543
-0.001295
-0.010349
0.012267
0.001602
-0.002704
-0.005248
-0.013547
0.004925
-0.003601
0.000672
-0.001320
-0.016639
-0.009926
0.001079
0.000925
-0.003615
-0.005164
-0.003198
0.002217
0.004527
-0.001115
-0.003771
0.001198
0.027354
-0.013190
0.014861
0.001923
-0.004419
0.001652
0.001094
0.007377
-0.012757
0.000941
-0.000257
0.001641
-0.012699
-0.000844
-0.000106
0.008045
-0.003405
-0.009247
0.002816
0.010346
0.047048
0.002196
0.009231
-0.001559
0.005750
-0.003736
0.001298
-0.003854
-0.001394
-0.003321
-0.014874
0.000821
-0.001189
-0.001571
0.009528
-0.009300
-0.001296
0.007726
0.005989
0.019336
-0.000207
0.021104
-0.003887
0.027022
-0.000265
0.000673
-0.000175
0.000916
0.000238
0.001432
-0.008728
0.007710
0.002651
-0.000117
0.001119
0.004824
-0.001560
-0.000434
0.008296
0.000070
-0.000087
-0.011239
-0.006582
-0.008831
-0.000594
-0.010665
-0.000871
0.000367
0.000517
-0.009686
-0.001956
0.003486
-0.002706
-0.002170
-0.001877
0.001530
-0.000285
-0.003337
0.002286
-0.001259
0.001287
-0.002914
-0.004336
0.006287
-0.000878
-0.006389
-0.010247
-0.006587
0.004677
-0.001457
0.004998
-0.000574
0.003881
-0.000367
-0.000429
-0.001613
0.001395
-0.001177
-0.004129
0.004445
-0.003178
0.002103
0.019977
-0.000273
0.003120
0.002448
0.002908
-0.001332
0.045221
0.000475
-0.002392
0.001622
-0.003791
0.003761
0.018408
0.014805
-0.017577
-0.003170
0.001381
0.000195
-0.010644
-0.001860
-0.014797
-0.006329
0.016921
-0.026533
-0.012767
0.002107
-0.001348
-0.003155
-0.002966
0.003180
0.009319
0.011414
-0.004394
0.008301
0.017935
-0.000060
0.001687
0.004552
-0.012046
-0.000784
-0.003567
-0.009300
0.000112
-0.000021
-0.000719
-0.003157
0.015455
0.015705
0.004056
-0.002205
0.010891
-0.001114
-0.000002
0.006425
0.002191
-0.012014
0.003143
-0.006606
-0.008744
-0.003245
-0.001729
0.003838
-0.003091
-0.018145
0.010717
0.004263
0.005639
-0.001361
-0.012138
-0.001628
-0.017565
0.001687
0.000063
-0.007743
0.000094
0.015361
0.017329
0.011027
-0.000471
-0.000605
0.001549
-0.023344
0.000265
0.019538
0.002183
-0.001425
0.000978
0.005183
-0.009605
0.019841
0.008487
0.014784
0.000001
-0.003453
-0.000040
-0.011635
0.000302
0.002688
0.016352
0.000670
-0.000134
-0.003299
0.009366
-0.037304
-0.003385
0.002404
-0.011220
-0.000745
0.004688
0.021915
0.010667
-0.006425
0.000328
0.001584
-0.005873
0.001111
0.001853
0.006219
0.012077
-0.004563
0.000444
-0.005491
-0.021731
-0.000760
0.000568
-0.004104
0.003530
-0.001297
-0.005915
0.010142
0.011752
-0.002343
-0.001640
-0.000352
-0.004167
0.002676
0.002288
0.018627
0.000466
-0.008063
-0.006105
-0.001520
-0.006904
0.000145
-0.001232
0.017873
-0.006227
-0.006501
-0.007252
-0.004269
-0.004638
-0.003467
-0.012710
-0.000644
-0.004094
0.005048
-0.023384
0.002419
0.000121
-0.002216
0.000815
-0.007004
-0.015751
0.007469
-0.000108
0.002492
0.003511
0.000519
-0.000068
0.000582
-0.000253
0.001591
0.001754
0.006887
-0.046260
-0.002360
-0.000006
-0.002330
-0.000814
-0.002933
-0.000312
-0.004106
0.000775
-0.000862
0.001017
0.000648
0.000605
0.002452
0.000425
-0.003914
-0.001564
0.000172
-0.002702
-0.023806
-0.000279
0.019369
-0.000763
0.013316
0.000322
0.000738
-0.000681
0.000790
-0.003268
0.000485
0.002035
0.000927
0.001319
-0.000634
-0.003489
0.000033
0.004090
0.003845
0.002563
0.000148
0.003350
-0.006477
-0.006356
0.002779
-0.001350
-0.013564
0.014918
-0.000116
-0.000445
-0.010558
0.002056
-0.012443
-0.000910
-0.006540
0.000402
0.002582
-0.000798
-0.000488
0.004885
-0.002327
0.006662
0.001883
0.000651
-0.001110
-0.004963
0.001821
-0.012342
-0.006056
0.002481
0.001859
-0.034346
-0.000530
-0.000236
-0.000093
-0.002561
-0.005123
-0.002876
0.002918
-0.005373
-0.023292
0.000515
0.038179
0.003373
-0.018049
-0.007725
0.004408
-0.001037
0.000856
0.003723
0.004420
0.000915
-0.001309
0.017620
0.002687
-0.004976
0.006478
0.003191
-0.004624
-0.002751
0.000985
-0.009405
0.013891
-0.010087
-0.020657
0.020141
0.007641
0.000570
0.000721
-0.006183
-0.000031
0.001898
-0.030295
0.004985
0.001219
-0.000068
0.018326
0.008884
-0.000028
0.004651
0.002590
0.001166
-0.011402
-0.035012
-0.001186
-0.000246
-0.000032
-0.000298
0.010693
0.016629
-0.003232
-0.001452
-0.002680
-0.002219
0.001924
0.000022
-0.012113
0.003006
-0.019681
-0.002552
0.013505
-0.001480
0.004403
-0.002052
-0.001506
0.003054
0.028656
0.014539
0.005281
-0.008468
-0.006936
-0.000284
0.004818
-0.001903
0.000575
-0.007080
0.001798
-0.000170
-0.009042
-0.007905
0.012668
-0.001859
-0.006160
0.003804
0.016539
0.000394
0.004568
-0.006599
0.004036
0.000495
-0.002300
-0.004352
-0.002579
-0.001571
0.025472
0.000130
-0.007590
0.000031
-0.003941
0.011252
-0.005498
0.001793
-0.005208
-0.000607
0.013503
-0.003049
0.003383
-0.002102
-0.001707
0.008589
0.000761
-0.008417
0.029305
0.002057
-0.005441
0.000186
-0.001570
0.003577
0.004476
0.005010
-0.018895
0.002109
0.002302
0.000858
0.000648
-0.008129
-0.004351
0.000806
-0.008565
0.010578
0.002184
-0.000837
-0.006025
0.007764
-0.000179
-0.012697
0.009386
-0.001803
0.008829
-0.001702
0.002314
-0.009535
-0.008414
-0.003834
-0.009405
0.016410
-0.012550
-0.000049
-0.018301
-0.004854
0.004679
0.005303
0.002393
0.001391
0.002208
0.012200
-0.002316
0.005765
-0.009352
0.009273
-0.003686
0.000608
0.000912
-0.000097
-0.001184
0.001257
-0.008655
-0.000012
0.015581
0.008791
-0.000435
-0.000173
-0.014050
-0.002488
-0.000278
-0.000839
-0.003802
-0.022520
-0.004725
-0.003957
-0.004306
0.012220
-0.004075
-0.000101
-0.002464
0.001183
-0.000840
0.004619
-0.000195
-0.000874
0.000237
0.008679
0.022443
-0.003744
0.003250
-0.002754
0.006883
0.001000
-0.016496
-0.002179
0.000083
0.002535
-0.000119
-0.000871
0.000182
-0.000305
0.000006
-0.018799
-0.002240
-0.002539
-0.000422
0.000438
-0.000109
-0.002590
0.000809
-0.001080
0.000071
-0.000143
0.007382
0.013057
-0.000782
0.000661
0.009504
0.010952
-0.000756
0.004514
-0.029093
0.002371
-0.006861
0.004565
0.006901
-0.001164
-0.000707
-0.000537
-0.000628
-0.003576
-0.001713
0.003963
-0.000683
-0.001283
0.004014
0.000460
-0.004936
0.000687
-0.007416
0.000768
0.000614
0.008737
-0.000990
0.000323
0.001120
0.002276
0.001495
0.001650
0.001439
-0.011923
-0.003971
0.010002
-0.022229
0.002938
-0.001910
0.027745
0.007485
-0.000116
0.003835
-0.015599
0.000115
0.000030
-0.002979
-0.007442
0.008403
-0.036643
-0.003479
0.012184
0.001129
0.003159
-0.000906
0.038815
0.007331
-0.017925
0.012120
-0.007411
-0.009164
0.007938
-0.009094
-0.006778
0.000991
0.000456
0.010793
0.010867
0.010896
-0.005809
0.000647
-0.000641
-0.000013
-0.004226
0.009193
0.003218
-0.004499
0.016869
-0.001123
-0.001137
-0.000347
-0.000080
0.004636
-0.014867
-0.019446
0.001214
-0.002123
-0.005998
-0.000276
0.000017
-0.001978
0.006498
0.017798
-0.005844
-0.008544
-0.009436
-0.000874
-0.004753
0.003757
0.004253
0.024022
0.017315
-0.002157
-0.000614
0.006055
0.000224
-0.039917
-0.005095
-0.005825
0.003758
-0.003792
0.000049
-0.005498
-0.003085
0.013334
0.000750
0.000913
-0.002501
0.027385
0.000029
0.006072
-0.005294
-0.003199
-0.002993
0.002986
-0.003220
0.017622
-0.000757
-0.001679
0.000091
-0.003980
-0.000018
0.000880
-0.006667
0.002512
-0.004723
0.017237
-0.000342
0.006376
0.007712
-0.012458
0.002520
0.001679
-0.000636
0.002568
0.006918
0.010113
-0.003279
0.001478
0.002462
0.001395
-0.000026
0.009879
-0.000191
-0.019026
-0.001214
-0.000754
0.000198
0.000458
0.005907
0.000745
-0.009125
-0.002154
-0.002933
0.003348
-0.010614
-0.001041
0.008595
-0.000060
-0.016001
-0.003692
-0.005559
0.001532
-0.009347
0.017000
0.006460
-0.018023
0.006531
-0.005757
-0.002559
-0.001438
0.003597
-0.023966
0.000761
0.015782
-0.015757
0.006066
0.005732
-0.000304
-0.006941
0.000482
-0.005055
-0.005547
0.023909
-0.007320
-0.000605
-0.000119
-0.000445
-0.006022
-0.013123
-0.004361
-0.000030
0.017434
0.005547
-0.000944
0.000013
0.014541
0.001511
0.007156
-0.003530
0.022010
-0.022521
-0.001519
-0.009456
-0.007772
0.001902
0.003669
-0.001254
-0.001972
-0.001316
-0.000448
0.021178
0.001506
-0.001158
-0.000405
-0.004462
-0.006724
0.002255
0.005698
0.002886
-0.020696
-0.000176
-0.024129
0.000185
0.034487
0.001571
0.000172
0.002751
0.000019
-0.000625
-0.001429
0.006630
0.001811
0.006788
0.000247
-0.004539
-0.002942
-0.003898
0.005322
0.014232
-0.000079
-0.001130
0.006160
-0.003504
0.013329
0.000857
-0.009070
0.004391
0.000744
-0.000114
-0.029716
0.000732
0.038916
0.001542
0.045615
0.002313
0.001517
0.001948
-0.001805
0.006704
0.000321
-0.001585
0.003794
0.001244
0.003352
-0.001399
0.003348
0.003208
-0.000243
-0.000077
0.000381
-0.016151
-0.000877
-0.003606
-0.000039
0.000778
0.002030
-0.000535
-0.000024
0.009117
-0.007633
-0.002566
0.016381
-0.007123
0.000212
-0.027422
0.003206
-0.000327
0.005685
-0.022090
-0.000838
0.000928
0.006496
0.006754
-0.009913
0.022268
0.002217
0.024996
-0.001219
0.004138
0.000519
0.017372
-0.002732
0.001276
0.016574
-0.009666
-0.020366
0.007131
-0.001919
0.000867
-0.000347
0.001382
0.009387
0.001585
0.023249
-0.012020
-0.013619
0.019489
-0.000056
-0.010890
-0.013310
-0.004815
0.002688
-0.012223
0.002412
0.000413
0.000987
0.000318
0.017229
-0.021452
-0.009072
-0.002105
-0.001342
0.002771
0.002196
0.000000
0.002795
0.011070
-0.010452
0.004402
0.002419
-0.004301
0.001762
0.001261
0.002502
0.002471
0.003818
0.011386
-0.007708
-0.003387
0.016309
-0.007572
0.008210
0.007292
0.000578
0.001181
0.001225
-0.000247
0.008947
0.011547
0.007765
0.000265
-0.005801
-0.003529
0.005429
0.000558
-0.000018
0.004900
-0.000941
0.002232
0.005663
-0.002228
0.028689
0.010097
0.004068
0.000106
0.005978
-0.000031
-0.002758
0.001274
0.006289
0.002932
0.007405
0.001915
0.003916
0.012764
-0.002023
-0.003894
-0.000437
0.010863
0.003509
0.004087
0.025459
0.009384
0.011905
-0.001761
-0.001016
0.006485
0.003235
-0.007866
0.017986
-0.003643
0.004550
-0.000533
-0.000371
0.004473
0.002014
-0.000843
-0.001007
0.016225
0.002611
-0.000854
0.010461
0.000978
0.000449
-0.010228
0.000204
-0.007014
-0.000272
-0.004342
0.022423
-0.010575
0.002087
-0.006602
0.004046
-0.005798
0.009867
0.019025
-0.031596
-0.000333
-0.009092
0.006235
0.001062
0.006532
-0.004210
-0.012607
-0.001646
-0.013644
-0.005382
-0.045458
-0.002760
-0.004143
0.003218
0.010125
0.009573
0.030681
-0.009279
-0.000030
0.001481
-0.000443
-0.000147
0.000071
0.009213
-0.000877
0.003422
-0.002659
0.006978
-0.039614
0.003054
0.024154
0.001185
0.002029
0.006210
-0.001634
-0.001658
-0.002268
-0.001636
0.008502
0.000661
0.000383
-0.000160
-0.015188
-0.007542
-0.001908
0.006604
0.013086
-0.004536
0.001022
0.035644
0.004009
0.040429
-0.000535
-0.000586
0.001427
0.000615
0.001136
0.000840
-0.000178
-0.000894
-0.003268
-0.000064
0.002686
0.001695
0.000161
-0.002216
0.002974
0.000151
0.000998
0.006343
-0.010496
0.015141
0.001119
0.009674
0.004579
0.001881
-0.000057
-0.008742
-0.000815
-0.004230
0.001612
0.019396
-0.000428
0.002743
0.000442
-0.002988
-0.005411
0.004642
0.000091
0.000872
-0.001139
-0.004009
0.004488
-0.001967
0.023105
0.002717
-0.001449
0.001147
0.008771
0.000342
-0.001938
-0.000071
-0.000383
0.005609
-0.005107
-0.003217
-0.001902
-0.004895
-0.001109
0.011346
-0.009558
0.014035
-0.000307
0.014434
-0.001909
0.001083
-0.017467
0.000691
0.000409
-0.000076
-0.009630
-0.007240
-0.000095
0.002475
0.002977
0.000926
0.004337
0.001405
0.018802
0.016118
0.001280
0.012047
0.015504
-0.031108
0.001971
0.004568
0.000806
0.007959
0.002038
0.001040
-0.028397
-0.002507
-0.009087
-0.008337
0.013696
0.000001
0.003499
-0.002084
-0.008819
0.000651
0.020099
0.000301
0.001812
0.002629
0.000221
0.004170
-0.044834
-0.013942
-0.002614
0.004866
0.008699
0.000329
0.000011
-0.006466
-0.007123
0.007278
0.000725
0.011303
0.003649
-0.003462
0.000318
-0.000881
0.001928
-0.040533
0.009990
0.003277
0.004805
-0.003105
-0.005958
-0.011632
-0.004404
-0.002689
0.001929
0.010922
-0.000286
-0.008958
-0.007264
-0.018821
0.000846
0.003509
0.003305
0.001743
-0.000173
-0.030353
-0.002349
-0.002933
-0.003200
-0.001764
0.000211
0.000500
-0.003456
0.012890
-0.000067
-0.001473
0.000017
-0.000518
0.002178
-0.005390
-0.013632
-0.007657
0.000316
0.001368
0.005510
-0.010282
0.000595
-0.001458
-0.000807
-0.002121
-0.010600
-0.012218
0.003817
0.000851
-0.001818
0.004940
-0.006013
0.004208
-0.002651
-0.009717
-0.015130
-0.004237
0.000439
0.005424
0.010997
0.002886
0.002395
-0.003941
-0.003646
0.003004
0.004209
0.006202
-0.005027
-0.000381
-0.016399
0.002885
-0.005415
0.003209
-0.005414
0.012658
-0.004302
-0.012978
0.004213
0.018720
0.000798
-0.012650
-0.001724
-0.012615
-0.001897
-0.014669
0.024783
0.001117
0.006312
0.000296
0.012271
-0.000822
0.013425
0.005899
0.026440
0.002139
-0.003288
0.001672
0.006561
0.005645
0.006389
0.006674
-0.000129
-0.011699
0.000473
0.000185
0.000135
0.001975
0.001913
-0.000044
-0.000219
0.039579
-0.015471
0.003945
0.006835
0.003235
-0.015336
0.004720
0.001546
0.002883
0.000668
-0.000057
-0.012343
-0.000408
-0.000290
-0.007591
0.007014
0.001220
-0.000973
-0.006673
-0.001510
0.013874
-0.000097
0.007943
0.003485
0.032680
-0.000826
0.000978
-0.000747
0.000215
0.000650
-0.001418
-0.010885
0.000299
0.005282
0.000200
0.000460
-0.005631
-0.001983
-0.000626
-0.013896
0.000005
0.003532
-0.001858
-0.005934
-0.007118
0.001034
-0.001712
-0.008329
-0.002708
0.003144
-0.015002
-0.006102
-0.023337
-0.001215
0.011531
0.000849
0.000056
0.000705
0.000999
0.000384
0.001870
-0.001084
-0.000586
0.002589
-0.007236
0.003036
-0.010211
-0.009435
0.005747
-0.002463
0.004400
0.008261
-0.000535
0.000544
0.000546
0.000615
-0.006181
-0.002036
0.000613
-0.004214
0.008053
-0.006725
0.015581
0.016155
0.005704
0.018221
0.001737
-0.005756
-0.000861
-0.000438
0.002551
-0.001151
-0.003272
-0.018454
0.000116
0.045764
0.007252
0.015880
0.002537
0.009198
-0.000057
0.006014
0.006070
0.011511
-0.016477
-0.001953
0.019375
-0.025481
-0.002789
-0.006314
0.000326
0.000735
-0.005453
0.001414
-0.005915
-0.011413
0.016540
-0.003673
0.000011
0.007474
0.001479
-0.001145
0.003267
-0.014064
-0.004838
-0.002357
-0.000161
-0.000537
0.008922
0.016207
0.028163
0.001131
-0.000612
-0.019966
0.001544
-0.000001
0.008093
-0.002467
0.020237
-0.001248
0.007048
0.003665
-0.000093
-0.007451
-0.001252
0.000602
-0.001544
0.003992
-0.000610
-0.012828
-0.004098
-0.011304
-0.030496
-0.004035
-0.002091
0.001083
0.006315
0.000261
-0.010524
-0.002628
-0.000525
-0.001631
-0.011434
-0.002704
-0.006555
0.000402
-0.015079
0.000587
0.000367
0.000330
-0.000800
-0.005194
0.033717
-0.007867
-0.014721
0.000106
-0.004765
-0.000017
-0.003293
0.003244
0.009869
0.003317
-0.006587
0.000300
0.006116
0.002499
-0.010421
0.004077
-0.004980
-0.008430
0.000753
0.004068
0.002175
-0.004645
-0.001275
0.003529
0.000516
0.003614
0.015684
0.003917
0.022152
0.010505
-0.000773
0.000489
0.002126
0.012223
-0.006247
-0.001145
0.000360
-0.004855
0.000532
0.006411
-0.003863
-0.012047
0.000039
-0.009291
0.004191
0.011211
-0.006288
0.001497
-0.019180
-0.001887
0.015391
0.007791
0.017299
-0.007311
0.002046
-0.007167
-0.011743
-0.002141
-0.017351
0.009055
-0.008643
-0.001759
-0.001030
0.010185
0.000914
-0.015498
0.013479
-0.009585
0.002927
-0.003947
0.001010
-0.002667
0.001954
0.015720
0.002800
-0.000035
0.018700
-0.005275
-0.000528
-0.000208
-0.014155
-0.000087
-0.007403
0.001959
0.011324
0.021600
-0.001728
0.000439
-0.002050
-0.002213
-0.000836
0.000653
-0.002376
-0.000590
0.000379
0.017182
0.000331
-0.001296
0.000921
0.010111
0.001026
0.003243
-0.010689
0.000596
-0.002074
0.002075
-0.001116
0.001990
0.015363
-0.000893
-0.001256
-0.000210
0.000565
0.000038
0.000199
-0.043996
0.005704
-0.002899
-0.000123
0.006340
-0.001905
-0.001955
0.001872
-0.001161
0.000014
-0.000118
-0.006674
0.005501
0.017687
0.000467
-0.005365
-0.001439
0.008530
-0.000738
0.001852
0.003292
0.011698
0.003225
-0.003137
-0.001719
-0.000170
0.001406
-0.003855
-0.003244
-0.000242
0.003437
-0.001543
-0.006017
-0.004224
0.006098
0.008851
0.008565
-0.008579
-0.000201
-0.002254
-0.009191
0.000972
-0.002941
0.000510
0.001564
0.000923
0.003783
0.000812
-0.008196
0.027871
0.008055
-0.014818
0.009500
0.002702
0.021907
0.005909
-0.005388
-0.001782
-0.001225
-0.000668
0.002208
0.000003
-0.009545
-0.004686
-0.002088
0.001332
-0.002043
-0.002001
-0.012676
-0.000091
0.008468
0.001047
0.009635
0.019456
-0.009950
-0.007222
-0.002680
-0.005396
-0.002641
-0.002392
-0.001383
-0.028140
0.005678
0.002117
-0.009279
0.011731
0.029536
0.000012
-0.005143
-0.012652
0.003622
