
Data:
0.174563
0.471302
-0.747025
-0.751767
0.198356
-0.310380
-0.737562
1.484020
-1.313612
-1.098448
-1.003351
1.788825
0.160721
0.322151
0.624549
-1.077316
-0.567204
0.019238
0.217962
-0.983948
0.455911
-0.276065
0.570771
-0.732378
1.885450
0.837907
0.187040
-1.466131
0.704211
-1.014937
-0.245614
0.086182
0.992181
0.636747
0.649006
-1.445012
0.062414
0.353742
1.047271
-0.098824
-0.173622
-0.028897
-1.479732
-0.715590
-0.601228
1.202926
-0.147359
1.297336
0.912766
-2.220889
0.399820
-0.236707
0.773744
-0.011989
1.474516
-0.200791
0.748256
-0.144619
-1.094797
1.078892
0.322391
-1.031085
-0.537629
0.331967
-0.306169
0.143854
-0.698676
0.817906
-2.052089
-0.604538
1.159977
-0.367543
1.875554
0.430608
0.402627
0.150698
0.768806
-3.178612
-0.679384
-0.495749
-0.564494
-0.540819
-0.989275
-0.036897
-0.491180
-1.494796
-0.945561
-0.254469
0.526436
0.345945
1.425953
-0.204524
-0.311754
-0.370906
0.337934
1.272911
-0.616849
0.125600
0.007547
-0.655625
-0.285400
1.496176
-0.558801
-1.280713
-2.480740
-1.867942
0.485971
1.276486
-0.236410
-0.293160
1.742233
-0.552505
0.206330
-1.158897
0.331859
1.419342
0.145732
0.768006
0.032651
0.953362
-0.885214
-1.568409
0.122760
-0.745738
0.272118
0.147244
-0.671407
1.447869
-0.852337
-0.894790
0.051361
-2.127187
-0.424757
0.677177
-0.534882
0.664542
1.821796
-0.239620
-0.765765
0.237333
0.419245
-0.715869
-1.475911
-0.919579
-1.771337
-0.751261
-0.562802
-0.133182
-0.044301
-1.472013
0.754175
1.057593
-0.191770
-0.327888
-0.605273
-0.202597
1.414267
-0.841177
-0.364527
0.395601
-1.808878
-0.638105
0.353546
-0.678350
-0.454105
-0.680358
-0.098651
0.295159
-1.551114
0.221948
-0.151733
-1.346295
1.701004
1.424275
0.185304
-0.112736
0.336721
0.417930
1.753218
1.060189
-0.422050
0.164650
0.625322
0.737768
1.144360
0.311325
-0.948682
-0.293329
1.129558
0.960570
1.324407
-0.573372
-1.150275
-0.123122
0.288821
-0.906909
0.256162
2.936072
0.418483
-0.509709
-1.831859
0.310490
0.415036
-0.568943
-1.603711
1.460329
0.100312
0.237166
0.147443
0.184263
0.923817
0.864989
0.894277
0.081232
-1.475339
-0.042786
-0.295201
0.198155
-0.376404
0.922905
-0.097295
-1.463133
-0.377859
0.031820
0.251745
-0.135270
0.276311
-0.545977
-0.872767
-2.191372
0.312558
0.099092
-1.153179
0.825974
-1.981935
-0.376450
-1.282293
-0.671107
-0.131771
-1.713512
-0.724990
-0.671335
-0.306741
0.596848
-0.879025
-0.404236
1.415986
-0.961213
2.446345
0.769203
2.395268
0.064101
1.523198
-0.674959
0.399561
-1.169652
0.670055
0.666741
0.933593
-1.108547
0.112387
-0.527739
0.606449
1.004193
0.946924
-0.124200
-0.146488
1.682230
-0.919117
0.935682
0.710020
-0.349381
0.161952
0.164990
-0.934790
0.952682
1.472110
-0.602314
0.644724
-0.900708
1.313187
-1.101545
1.364952
0.870995
0.022960
-1.046751
0.843215
-0.005062
-0.028898
0.944307
-0.439679
-1.674051
-1.173935
-0.368183
0.052375
1.293907
0.925772
1.881314
-0.690045
0.349785
-0.207145
1.041797
-1.497192
0.544567
-0.011407
0.422452
0.628575
0.364213
-1.222844
-0.954487
0.739652
-1.356387
-0.504129
0.482251
-2.582264
-0.191862
0.695578
0.217961
-1.452086
-1.319464
-2.319457
1.742218
1.134309
-0.839335
0.373991
-0.834046
1.344450
2.152457
-0.164091
-0.611213
0.800379
-0.791533
1.005763
-1.669677
-0.564007
0.628359
0.669113
3.618856
-0.740173
0.836091
-0.076280
-0.065251
0.343911
1.666651
1.247327
1.323942
0.574057
-1.128065
-1.129244
-1.784881
0.902111
-1.090303
1.437708
-0.218461
-1.073149
-0.829831
0.373746
-0.838752
0.032450
0.686618
-0.175141
0.124202
0.894393
-0.091126
0.066929
-0.705102
1.926057
-0.994089
-0.810315
-0.846343
0.291347
-1.019157
-1.083957
-1.761475
0.560890
-0.253630
-0.162886
1.238407
0.189388
-0.460322
1.397525
0.017296
0.655915
-0.816840
0.067658
0.998085
0.717246
0.565589
0.928878
-0.456034
-0.122848
-0.306810
0.456881
0.670097
-0.721039
0.455426
-1.056826
1.046964
0.782255
-0.157485
-1.715354
0.347413
-0.386581
-1.296774
1.939006
0.229938
-0.857228
0.746151
0.713563
0.604167
-1.730241
0.126612
-1.886586
0.612444
1.278882
-1.144865
0.211739
-0.857644
-1.257031
0.357575
0.646279
0.127362
1.381802
0.382859
-0.752694
-1.205033
-0.994691
0.345291
0.682923
0.313720
-0.002771
0.530387
0.549054
0.401303
0.145198
0.751658
-0.884361
-0.651555
-1.196003
-0.777569
-0.235494
-1.523839
0.234487
-0.027263
0.052094
1.687190
-0.142762
-0.356940
0.776164
0.224589
0.414548
0.219408
-0.574700
-0.358705
-2.058280
-0.623829
-0.395628
0.593731
-1.092073
-2.088534
-0.739685
-0.305483
0.512102
-0.088946
0.870864
0.096409
1.278483
-0.424625
0.539490
-0.619637
-1.050352
-0.493629
-2.902706
0.626852
-1.322414
0.524278
0.480372
-0.064133
0.205592
-0.093655
-0.044563
0.640818
0.532615
-0.500777
1.004099
1.172089
1.601184
-0.292413
-0.088402
0.483573
0.416502
-0.307053
1.200868
1.136556
-0.360474
1.426391
0.933136
0.819424
0.737004
0.045654
-0.899744
0.604403
-0.813080
1.023431
-0.708887
0.513201
-0.316531
-0.208421
-1.416324
1.728084
-1.240230
0.415251
1.608340
-0.626484
-0.385924
-0.646723
1.046763
-0.444541
-1.017441
0.900095
0.038261
0.252059
0.273749
-0.834959
-0.398819
0.586888
-0.721040
1.748199
1.407495
-0.466044
0.132118
0.188438
0.699429
-0.171763
-0.401652
-0.799886
-0.998538
1.710418
-0.623236
-0.979638
-0.151038
-0.122445
-0.913893
0.375384
-0.730749
0.605107
0.870111
0.699865
-0.397303
-0.918699
1.296466
0.187363
0.584641
0.087117
-0.097579
0.591294
-1.300479
-0.631238
-0.522524
-1.148887
-0.510361
-1.702695
-0.171186
2.076131
0.369836
1.184015
-1.227055
0.120274
-0.614695
-1.706242
-0.927362
-1.656100
-0.385237
-0.739285
-0.282236
1.889592
0.213598
-0.872384
-1.271669
0.298044
-0.510081
0.619991
-0.218816
0.569561
-1.016257
-1.451076
0.186593
0.479565
-2.213338
0.396596
0.883228
0.393151
0.634964
-0.699528
0.463066
-0.465538
-0.626408
0.912753
1.060545
-0.894101
1.805856
-0.722900
-0.690952
-0.791458
0.057003
-2.072008
-0.694552
0.765627
-0.714056
-0.530152
-1.197244
1.577970
-0.564171
-0.275769
-1.177185
0.927670
0.188529
-0.186084
-0.088070
0.515855
-0.690150
0.980213
-0.337920
0.189903
0.142832
0.787671
-0.168347
-0.659660
0.514849
-0.628737
-0.168435
-0.427629
0.807624
-0.423179
-0.008249
-0.968880
0.266683
-0.170245
-0.622254
2.992119
-1.451779
1.990426
0.873796
0.134877
-1.251923
0.266541
-1.303019
0.041118
-1.099817
-2.097753
-0.240408
0.728747
-0.172840
1.948397
0.977672
-0.855096
-0.414934
-0.271416
1.063759
-0.583389
0.553699
0.003352
1.419600
-1.691698
0.226660
-0.304086
0.257527
0.722702
0.309362
-0.132956
1.220387
0.575091
0.069098
-0.766783
-0.908695
-0.643148
-0.416550
0.452094
0.090021
-0.555490
1.717818
-0.635786
0.292034
1.688756
1.442881
0.181752
-1.132368
-1.041456
-0.266854
1.490102
1.910531
-0.200297
-1.214378
0.499242
-0.936721
2.125724
0.883810
-0.368464
-2.113171
-0.459871
-0.474248
-1.333117
1.419428
0.018151
-0.306468
1.194615
-1.296892
1.234752
0.331004
-0.814476
-0.555160
0.895477
0.629676
-1.000248
-0.381391
-0.618337
0.506305
-0.377788
-0.167430
1.953486
1.386779
0.623680
0.969655
0.312206
-0.252259
-1.022134
-0.408699
-2.722302
-0.480272
0.110008
0.720756
-0.999988
0.371267
-1.455092
0.757072
1.787115
-0.683897
0.983324
-0.781959
-0.085310
1.285198
-0.200452
0.799022
0.292121
1.337372
1.310843
-2.429244
-0.414242
-0.583980
0.134088
-2.197685
-0.243247
0.627272
0.126665
0.212469
0.207047
-0.553905
1.397485
-0.650482
0.683469
0.037074
-0.166517
2.527322
-0.547482
-0.523652
0.034356
-0.697804
-0.756580
0.345324
0.160087
1.234620
0.462180
-0.286694
-0.834913
2.132035
-0.252389
0.131571
-0.100605
0.341417
-1.507947
-0.561269
0.202528
-0.572890
-0.829352
-0.851396
-0.110292
-1.592339
0.960405
1.499616
-0.843215
-0.454468
1.381731
1.108416
-0.336321
-1.353191
-1.387234
1.220942
0.315578
0.396169
-0.580850
-0.139985
0.258481
0.595170
0.134359
-0.885188
-0.475279
0.427576
1.452013
-0.184300
0.508886
-0.098359
0.756453
-1.018818
0.259263
0.477816
0.837461
-0.177967
0.170072
-1.577825
0.025612
-0.704167
1.877110
0.166698
-0.106558
0.284512
-2.131938
-0.477873
-1.048156
0.582329
-1.064072
-0.676954
2.221917
0.242679
0.225352
-0.350572
0.982552
1.376861
-0.048610
-0.330540
0.051806
0.730644
-1.122028
0.890812
0.986711
0.147258
-0.283065
-0.102293
-0.371454
-0.945768
1.718970
0.880583
-0.353730
-1.116760
0.352976
0.661560
0.120098
-0.532285
-0.995437
-0.570190
-0.871749
-0.591387
-1.809457
-0.452447
-0.654957
-0.657436
0.317474
-0.342851
-1.009264
-1.485894
-0.538762
0.153610
-1.157103
0.797185
0.616578
-0.813221
1.297199
-1.349475
0.344456
0.095866
-0.800730
0.982742
0.328835
-1.545298
-0.430677
-0.090981
0.996922
-1.136393
0.608823
-0.727690
-2.026072
-0.784111
-0.519504
1.078122
-1.651167
-1.866518
0.630441
-0.330526
0.168987
0.315979
0.214423
-0.383274
0.095827
-1.277547
-0.240458
1.315927
1.129062
-1.316908
1.604838
-0.095637
0.819950
0.579731
-0.868811
0.362137
0.439416
0.842684
-1.801405
-1.220396
0.609941
-0.303888
-1.106071
-1.284886
1.640852
0.079022
-0.421894
-1.767813
-1.355753
-0.247526
-0.969944
1.027225
-1.568685
0.721720
0.138853
0.543412
-0.243126
0.955684
-1.023233
0.598990
-0.773234
-0.985640
1.461210
-0.353688
0.765409
0.917434
-0.262475
-0.535082
0.266562
1.321776
0.363584
0.664797
-0.531214
-0.124963
1.085123
-0.277887
0.814023
-0.300233
-0.087908
-1.433166
-0.458070
-0.043484
-0.189912
0.122838
0.683467
0.245441
-0.713871
-0.792374
-0.284271
-2.210814
-1.678941
1.130651
0.185355
0.871921
-0.594441
1.061502
-1.294972
0.304389
-1.510833
0.092439
-1.534206
-0.822967
0.152814
-0.587526
-2.099144
1.611322
1.261400
-0.424768
-1.390205
-0.656713
0.937377
0.914815
-1.523738
0.795370
1.061671
0.234456
-0.770313
-1.056512
-0.981175
1.338934
1.274039
0.712893
-0.025208
-0.095110
-0.011504
0.249481
0.942613
-1.112679
-0.684549
-0.689566
-0.007033
1.034662
2.063366
2.039985
-0.825230
-1.676481
-2.293789
1.781752
0.429727
1.369182
2.582646
-0.315481
1.244259
-0.579442
-0.980768
0.528110
0.125608
-1.186554
0.377643
-0.040329
0.489132
-0.032179
-1.401686
-1.027242
-0.677975
-0.487603
-1.539951
1.206523
0.566823
0.443114
-0.268711
-0.427663
1.332149
0.392227
0.274561
-1.760917
-1.255058
-1.424032
0.622027
0.797800
-1.046780
-1.435104
-2.365346
-0.017109
0.932455
-0.606853
-1.311123
-0.764786
1.379960
-2.326700
-1.498883
-1.303207
-0.539188
-0.774460
-0.124311
-1.326276
-1.117983
0.686682
1.050098
0.666611
-0.535078
-0.138999
-0.036929
-0.382426
1.145712
0.750966
0.589351
0.972007
0.628682
0.000194
-0.373911
1.974662
0.295285
-0.830792
-0.171191
0.045749
-1.204656
0.706152
1.607279
2.388821
-0.451025
-0.724110
0.258671
1.086677
0.311107
0.461125
-0.405918
-0.491854
0.368279
1.155331
0.068529
-1.353605
-0.480970
0.593502
0.536345
0.737717
1.491210
-1.253782
-1.300816
-1.780696
-1.158905
-0.565555
-0.494215
1.534059
0.332806
-0.428053
-2.043015
-0.368394
-0.482246
0.422200
0.988032
1.691489
-1.112744
0.834429
0.439869
-0.424933
-1.548585
-0.357042
1.721120
0.892778
-1.047769
0.816226
-2.154599
0.162156
1.246108
-0.301548
0.475050
0.789845
0.524794
-1.048526
-0.166350
1.963562
0.715777
-1.282641
-1.477557
-0.093529
0.205022
-0.726431
0.689349
-0.580130
0.218874
-0.727248
-0.230786
0.029185
0.340675
-0.413277
0.171337
0.670296
-1.475851
1.212537
0.422034
1.484612
1.639949
0.520991
0.400537
-0.449431
-0.354421
-0.265449
1.417089
0.053989
0.290356
0.141282
0.027767
-1.210098
0.627998
-1.529840
1.451201
0.180964
0.057356
1.110715
-0.015817
-0.172007
-0.565223
-1.506394
0.510089
-0.286018
1.182194
0.045446
0.355686
0.738016
-0.479630
-1.288370
0.420417
0.900929
-1.095777
0.822876
-0.415189
0.466642
0.425636
-0.139896
0.519693
0.473581
-0.522722
-1.354601
2.911037
0.448416
0.095646
-0.340446
-0.875867
0.497770
0.713561
0.300275
0.735579
0.005802
0.593811
-0.688218
0.490569
1.265214
0.443139
-1.865221
-1.486973
1.073083
0.422210
0.587674
0.203697
0.208980
1.351886
0.920323
-1.132418
0.427566
-1.113152
-0.551939
-0.637287
-0.482918
-0.379826
2.444035
-0.535534
0.202471
-0.459417
-2.027882
-0.329831
0.008824
0.654976
-0.098191
-0.726659
-0.798484
-0.483067
-1.799217
-0.143873
-0.446717
-1.703911
-1.058894
0.048971
-0.076273
-2.602141
-0.189819
-1.851874
0.997700
-0.451088
0.567065
-0.516235
0.385688
0.032471
-0.212175
-0.836939
0.494694
0.931273
-0.085576
-0.394590
-0.333058
0.556829
-0.413879
-1.429528
1.315915
1.969902
-0.555311
0.762937
-0.296473
-0.561250
0.527491
-0.621164
1.527812
-0.174800
0.933570
-0.085123
-1.360541
-0.757518
1.857870
-1.906896
1.572510
0.807793
0.126295
0.293433
-0.283278
0.002134
0.722688
-1.947268
-0.740134
-0.464118
1.405162
1.980268
0.446498
-1.321185
0.255302
1.412942
1.065647
-1.291503
0.441236
0.041864
-0.635240
-1.687310
0.848057
-0.525341
0.457726
-0.245222
0.997494
-0.349908
-1.139870
-0.205306
1.054609
-1.516236
0.012780
0.486119
-1.177829
-0.391849
-0.470090
-2.360960
-1.303319
-1.221944
-0.026411
-1.201234
-0.343907
-1.476753
-1.880458
-1.084568
-0.440819
-1.429286
-1.354450
1.289067
0.720808
1.095147
1.015456
1.245272
-0.691608
1.155151
-0.618285
2.133937
1.353059
-0.813826
0.275182
0.551570
0.508993
0.936001
1.035517
0.604454
0.539966
-0.341699
0.449477
1.051069
-1.402813
0.844870
1.851585
1.840292
0.152828
-0.215891
1.123148
1.966496
0.674132
1.727409
0.560804
1.226685
1.279297
-0.861436
0.412967
0.456558
-0.942095
-0.373492
-2.957483
-0.010774
-0.040941
-1.933043
1.020596
-0.942370
-0.482866
0.189071
-1.049296
-0.916318
-1.572382
-1.488059
-2.133838
-0.774669
0.615864
-0.578671
-0.360204
1.154518
0.955752
0.401680
-1.315888
0.330652
-0.864448
0.700037
-1.280373
-1.270662
0.608056
0.081727
-0.427896
-0.779694
-0.626147
-0.168912
-0.203114
-1.425315
-0.043934
-0.582534
-1.369231
0.386717
0.962593
0.048403
-0.323415
1.782280
-1.121402
0.589182
0.525197
0.623461
-0.290824
-0.585860
-0.566096
-0.220663
-0.231434
1.222044
-0.014674
-0.722871
-0.419332
0.660163
1.925564
0.301412
-1.101901
0.048226
-1.336737
0.250925
0.597585
0.788456
-0.565801
-0.125004
1.666382
0.893833
-0.470402
-0.151702
0.094410
-0.398791
0.128552
-0.497493
-0.917161
0.892318
0.079306
-0.975611
0.647943
0.532738
0.602233
-0.515492
1.248134
-1.178661
0.514912
-0.421549
-0.045712
-0.131231
-1.749369
-0.211668
-0.545571
-0.908954
-1.097909
1.010684
0.644107
-0.643116
0.539444
-1.890913
-0.439955
0.549825
0.929638
-0.035658
-0.145130
0.504688
-0.785504
-0.214795
-0.609302
-1.576159
1.574384
1.250376
-1.143319
0.021704
-0.308278
-0.784858
-0.365951
0.107833
-1.148232
-0.469848
-0.293651
-0.149124
1.144357
0.114960
0.698530
0.468823
0.524840
0.712526
-0.656645
-0.818442
-0.170071
0.224642
1.162325
0.948594
-0.698674
-1.264041
-0.324239
-1.133180
-0.940102
-0.294374
-0.794335
1.005025
0.325296
-0.905502
-0.502625
0.731471
-0.965154
-0.025754
0.309731
-0.292461
-0.483271
0.260333
-1.407156
-0.666698
0.887415
0.188966
0.121963
0.495887
0.367926
-1.209982
0.504141
-0.564172
-0.607885
1.399618
-0.070131
0.913002
0.042520
-1.684320
-0.015785
0.547889
-1.553014
-0.364033
0.468413
-0.237644
-0.665394
-1.046304
1.609166
1.218380
-0.177321
0.188403
-0.368938
1.653186
-0.888003
0.957295
0.906077
-1.007119
0.714076
-1.698055
-0.510077
-1.447697
1.248131
-1.253091
0.046836
0.843351
-0.028032
-0.052061
0.435645
-0.194525
0.271603
0.070630
1.116584
-0.152451
-0.841803
0.601753
0.685153
-1.204398
-1.132176
-0.420398
0.798781
0.433799
-0.845635
-0.461209
0.472580
1.544423
-1.368349
-1.186318
-0.759283
0.188334
0.035203
0.089568
0.283471
0.093391
0.894018
1.617075
-0.648762
-0.128913
-0.531137
0.255971
-1.229620
1.414450
-0.383409
0.559737
-0.010039
-0.531935
1.301994
-0.646861
-0.346732
1.091508
-0.240801
-1.513901
-0.558541
0.689871
0.478194
1.036944
0.269822
-1.101170
0.344435
0.235208
0.298541
-1.120939
0.301982
-0.847379
0.495600
-0.652436
-0.227019
-0.092522
0.866489
-1.048946
-0.933854
0.018281
0.654750
0.627584
0.151255
-0.816658
0.931812
1.679046
0.131246
0.636293
-0.439494
1.506614
0.580636
-0.022536
-0.706932
-0.065678
0.222758
0.554524
-0.303147
-0.933932
-0.320373
-1.348610
-0.106997
0.432891
0.408879
-0.258755
0.860651
-1.006551
-0.921792
1.280439
-0.920545
1.163277
1.463370
-1.219404
-1.085185
0.694201
-0.224627
0.772605
2.332881
-0.493936
1.893314
3.699748
-0.720514
-0.546777
1.067265
-0.032625
-1.199326
0.876925
-0.561966
-0.446514
0.987341
-1.312990
0.291870
-0.964540
0.676845
1.264802
-1.841635
1.384383
0.932830
1.590743
0.066310
-0.608263
-0.189829
-0.522852
-2.286618
0.145322
0.407661
-1.005031
1.448661
0.013120
0.471799
2.024586
-0.220530
-0.416696
0.783083
-1.206875
-0.606650
-2.336706
1.364000
0.565342
-0.625345
1.323580
0.195638
0.272455
0.912525
-2.499787
1.133964
-1.041549
0.232185
-0.113240
-0.702368
1.927237
0.661452
0.841721
-0.695814
-1.616246
-1.524418
-0.463577
-0.941322
0.158265
-0.339171
0.656718
-0.235671
-1.788853
-2.033576
0.648734
-1.105367
0.175373
-0.846527
-0.086163
0.470653
-1.041000
0.162301
-2.345851
0.221461
0.052883
-0.975476
0.347338
0.157289
0.784097
0.213668
0.289216
0.902418
-1.415432
-0.325585
-0.337605
1.618186
0.806138
-0.163993
-0.373155
1.627623
0.963071
0.119246
0.191721
0.999874
0.794761
1.849525
-0.673328
-0.070530
0.136956
-1.809762
1.671391
0.120966
-0.457079
-0.542235
-0.534538
-0.620886
1.175749
-0.721866
-1.219633
-0.111179
-0.071426
0.819728
-0.526115
-0.632706
0.492079
-0.669947
0.294360
0.122078
-0.205908
-1.325557
-0.111866
0.412611
1.596845
-0.420514
-0.785129
0.506189
1.171347
0.445628
-1.761944
-0.270426
-2.540858
-0.139816
0.914181
0.019750
0.091847
0.934411
0.597635
0.275429
-0.672337
-0.267761
0.152223
0.758045
-1.349133
-0.876225
-0.406627
0.092283
-0.438493
1.051912
1.071163
-0.947066
0.152491
0.253185
0.211727
0.486538
1.095307
-0.366490
-0.243398
0.267903
-0.077165
-0.768957
1.796151
2.512347
0.129043
2.476519
-1.562983
-0.853222
-0.738029
1.622356
0.665059
-0.677265
0.841265
-0.768063
1.488101
0.040611
-0.224474
-0.079166
0.390573
-0.228053
0.952056
0.674419
0.751887
-0.131849
-0.879191
-0.081610
0.631194
0.373728
-1.308296
0.307908
0.130948
-0.696781
1.056303
0.501157
-1.511617
-0.149894
0.014526
1.737535
0.741682
0.601163
1.890161
0.694730
1.248233
-0.263563
-0.751954
-0.132557
-1.709533
-1.278914
1.792291
-0.790609
-0.343301
-0.513089
1.983395
-0.051297
1.059584
1.079287
-0.697178
0.309092
-0.806139
1.320652
-0.512787
0.944118
0.879698
-1.489695
0.906213
0.100542
-0.564337
-0.584884
-0.746738
-0.150256
-0.179697
-1.548629
-1.936959
-0.681893
1.482161
0.338820
1.740561
0.154863
-1.276076
-0.457395
0.741847
-0.729907
0.270760
-1.574955
1.370008
-1.218927
0.686792
-0.140011
0.569806
-0.827129
0.297095
1.202992
0.460590
-0.130005
-1.248795
-0.775936
1.926042
0.467123
1.230026
-1.479843
-1.268883
0.192386
0.052977
0.024238
-2.055769
1.367937
-0.787389
-0.699096
1.856220
1.435727
-0.407343
0.941737
-0.931168
-0.779516
1.059516
-0.249941
1.052032
0.172979
1.305160
-0.908308
0.921970
-0.399669
1.155728
-0.650312
-1.049252
-0.494673
1.289120
1.448832
1.582201
0.596627
0.174538
0.248728
-0.430811
-1.135842
-0.748867
-0.091647
1.169819
1.284808
-1.051589
2.204916
0.415727
-0.474232
-0.136757
-0.369985
0.141921
-0.169072
0.653040
-2.270525
0.509997
0.620035
0.048131
-0.012923
-1.454157
0.495221
0.623426
1.569648
1.995088
-0.132806
0.350744
0.550952
-0.482355
0.961418
0.169354
-0.364303
-1.264073
-0.025066
-0.307111
-1.141210
0.902640
0.277046
-0.414354
0.623268
0.749117
1.108624
-0.426608
-0.219990
1.304194
0.099092
-0.102547
0.395457
0.452693
-0.815722
-0.326061
-0.033294
0.330232
0.236696
-1.171200
1.069643
-1.023849
-0.393369
-0.641564
0.030661
0.760936
2.296575
-0.708498
-0.259438
1.482185
-0.613417
0.814869
-0.756560
-0.843522
-0.819847
0.922970
-0.258111
0.518656
-0.346605
1.902215
0.238778
-0.898094
0.480357
0.134833
-0.980457
0.684317
-0.589384
-0.577803
0.225083
2.466439
-0.339365
-0.591603
0.125411
0.837445
0.208873
0.806372
0.256615
-0.090601
1.538093
-0.687787
0.294779
-1.241651
1.366115
1.361403
-0.282288
-0.552000
1.121457
0.145232
-0.073180
0.753688
-0.301873
1.232882
0.299900
-0.279301
-0.734014
0.708324
-0.460543
-1.130574
-0.137573
-0.333876
0.154023
-0.546719
1.523912
0.801145
0.782217
-0.072546
-0.211759
-1.314877
1.067936
0.627506
-0.913267
-0.174711
0.660767
-1.072334
1.271811
-1.273712
-0.476306
0.082881
0.024326
-0.594864
0.904869
-0.764575
0.515880
-2.576062
1.146238
-0.592425
-0.415469
0.419117
-0.201560
0.236643
-1.035128
-0.898208
0.409313
-0.022458
-0.345773
0.071219
-0.801142
-2.455552
-0.291448
0.153814
-0.599590
-0.231660
-0.975394
-1.332256
0.553894
0.548817
-0.201345
-0.524126
-0.222829
0.324800
0.589524
-0.603122
0.703505
1.033077
-1.392556
-0.280602
0.555578
-0.251206
0.906589
-0.414246
1.494698
0.273908
-0.205856
0.181330
0.565627
-0.017953
-0.322135
1.170065
0.605295
1.242611
-0.143934
-0.456293
-0.354273
-0.141331
0.171506
-1.037351
-0.505990
1.258454
-1.373317
-0.596960
1.053917
0.460861
-1.847867
1.542354
0.433693
0.661623
-0.158620
-0.030780
1.046802
0.186107
0.214872
-1.341039
0.025026
-1.439796
0.010967
-0.039063
1.394899
-0.932805
0.109275
-0.637754
-0.242216
-1.006765
-1.778023
0.991892
-0.318335
0.546866
-1.663079
-2.179923
1.067668
1.255826
-1.056229
2.096520
1.091914
0.998789
-1.497800
0.411225
1.684479
-1.029168
0.590991
-0.991659
-0.762636
0.000235
-1.231026
0.559196
1.757996
1.002468
-0.218947
1.096306
0.203303
-0.080389
-0.138639
2.169251
-0.965833
0.421830
-0.321929
0.060612
0.967370
1.214591
-0.877216
-0.072786
-0.766563
-0.878570
0.081424
-2.654789
1.734927
-0.593709
-0.076119
-1.337019
0.187981
-0.098269
0.231790
1.179435
-0.232490
0.479302
2.493385
-0.500293
-0.724856
-0.141363
-0.011211
-1.020776
0.375693
-1.222613
-0.895532
0.221665
1.278380
-0.452216
-0.065017
-1.134782
-0.983281
-1.031190
0.181173
-0.267585
0.636941
-0.773650
-0.922592
-0.028196
-0.346698
0.244165
-0.134622
-1.123119
0.370415
0.048707
-0.603741
-0.825556
-1.782318
1.197549
-2.926441
2.000822
-1.066667
0.132919
-0.586454
0.584589
0.735657
-0.415602
2.275865
0.392852
0.836872
-0.961692
-0.231118
1.904919
-0.705635
0.354351
-1.632746
-0.077132
0.019336
-1.384270
-2.627576
0.280918
-1.679647
0.062699
0.421975
0.317959
-1.761562
-1.337462
0.163224
-1.176937
-1.033642
-0.119911
-0.904164
0.316367
0.183095
1.640363
0.129965
0.993775
0.005322
-1.380081
-0.836032
-0.906612
0.683159
0.066960
-0.085244
1.273596
1.760096
0.792216
-0.832483
2.038409
-0.063994
-0.664814
-0.158255
1.603634
-0.869806
0.733758
-0.408982
0.108980
0.316491
0.505186
1.473167
-0.394177
0.743004
-0.285534
0.272188
-0.089340
-2.019228
1.616750
0.023295
0.016541
1.009837
1.128409
-1.511061
-0.746969
-0.377787
-0.927359
-0.111851
-0.494096
-1.680998
-0.216494
-0.013389
-1.795187
2.520286
0.295761
-0.533490
0.004860
-0.880570
-2.118983
0.720971
-0.115043
0.483974
1.396929
-0.073527
-1.690499
0.718831
-1.273296
-0.691236
-0.785862
0.846713
-0.716146
0.277090
0.469429
-1.178218
1.185959
-0.223129
0.721645
-0.016418
1.377415
2.512849
0.263679
1.544884
-1.192098
-0.093830
0.075683
-0.436232
0.672899
-0.853725
0.146353
0.102075
-0.166692
0.498331
0.680783
1.469278
1.665649
0.226233
0.015720
1.745012
0.187117
1.814167
0.305052
1.475596
-0.570432
0.964083
-0.933846
0.306834
1.072366
1.020239
-0.987046
0.653933
0.514801
-2.000707
0.501790
1.819412
-1.075781
1.129305
0.340443
-0.168934
-0.898559
-0.524377
-0.217012
-0.043318
-0.449327
-0.789062
1.759486
-0.171047
1.371317
-0.505119
-0.000574
-0.283539
1.419894
-1.309395
-1.623673
0.531594
-2.126250
-0.469922
-1.543467
-0.244606
2.314610
-0.096248
0.022461
-0.481385
3.252914
0.285643
0.865865
-0.440180
0.159182
-0.831093
0.507119
0.299137
-0.610359
0.299565
-0.444592
0.156432
0.361921
-1.102122
-1.036324
-0.720069
1.098248
-0.379223
0.649550
1.131547
-0.372212
0.193724
-0.527632
0.426104
0.659159
0.540319
1.821294
1.740851
0.320059
-0.421534
-2.076425
0.334925
0.258483
0.654590
0.171963
-0.467873
0.681664
0.008843
0.038413
0.228782
-0.601555
0.427888
1.211425
-0.335098
0.533707
-0.387375
-0.687240
-0.736384
0.141595
-1.200092
-0.562134
0.007180
1.170463
-0.632834
-0.434735
-0.149695
1.722383
0.788795
2.067707
-0.451129
-0.888945
-0.247799
-0.389901
-0.596196
-0.355550
0.269889
-0.279880
0.981947
-0.685312
-0.036251
-0.971374
0.246625
0.572790
0.944222
-0.790192
-1.254380
0.382061
1.029897
-0.254230
1.023163
0.131931
-1.809779
0.531352
0.094968
-1.153743
0.177907
-1.575596
0.234844
0.022233
-0.700108
0.200338
0.748028
1.408250
-0.931190
0.879836
-0.471954
0.400355
0.067809
-0.448775
-0.032308
-0.631760
-1.348961
1.273067
1.497107
0.414098
-1.335396
0.344805
0.467273
-0.523467
1.030399
0.773824
-1.328550
1.395026
-0.598445
-2.487410
-0.545072
0.612375
0.604156
0.912934
-0.790384
1.227895
-0.816972
0.162521
0.094476
0.179382
-0.327029
0.359289
-0.835389
0.059939
-0.552037
2.143489
1.982311
0.505598
-0.426776
-1.284119
-2.522670
-0.250385
1.137952
0.745122
-0.618995
-1.148149
-1.345071
-0.481995
0.291491
-0.195881
0.660994
0.469589
0.094093
0.356972
-0.591362
1.944958
0.181297
-0.441883
-1.336493
-0.030148
1.378808
-0.399527
1.222839
0.783732
1.264385
-1.058332
2.914462
0.477291
-0.756303
0.569070
0.668824
0.091168
1.829639
0.590582
-0.647487
0.068757
-0.265540
0.211955
0.861947
-0.401075
-1.875577
-1.391835
-0.084051
-0.588448
-2.263279
-0.758114
0.011687
-0.637954
-0.644572
-0.218380
-1.130939
-0.562699
0.717309
-0.783982
-1.876893
0.817524
0.761757
-1.301293
-0.546330
0.055139
0.515496
2.946906
-1.455943
0.844598
0.311542
0.245272
-0.924798
0.418861
-1.047680
-0.180676
-1.104885
-2.207292
0.662135
1.013082
0.125530
2.218500
-0.284494
-0.194887
-2.066931
-0.254385
1.265883
0.631021
-0.293200
-0.231594
-0.712194
-0.314327
-0.321319
0.693560
0.015243
0.069489
0.067414
-0.824556
0.692288
0.221070
0.833838
-1.722847
-0.103662
0.316199
0.335949
0.580324
1.206125
0.776056
-1.443112
-1.291242
-1.019104
0.430116
-0.064938
-0.116072
1.436392
-0.658497
-0.011657
-1.577408
-0.089096
-0.969902
1.482814
-2.313185
1.092375
0.397130
-0.263269
-0.487648
0.536303
-0.574746
-0.916905
-1.185780
0.236044
0.517560
-1.189674
-0.363568
0.907611
-1.307837
0.502034
-0.295457
1.353872
-0.155689
-0.414354
1.330271
-0.900297
-0.187756
0.541105
0.883540
0.356017
0.893226
0.280713
-0.521695
0.789230
1.290503
1.454861
0.091086
-0.998429
0.832465
1.695064
-1.160261
-0.320602
0.879736
0.665033
-0.895703
-0.025019
-0.088314
0.947049
-0.793504
-0.847804
-1.214483
1.728027
0.572349
0.867099
0.635236
0.590308
-0.791718
-0.008802
-1.249217
0.459236
-0.211465
-1.094720
-0.678875
0.107318
-0.043714
1.294570
0.262080
0.853717
0.334477
1.141921
-1.941049
-0.861067
-0.851206
1.430087
2.246367
-0.804968
-0.013494
-0.511765
0.105451
0.519125
-1.525535
0.272830
0.465828
0.660463
0.603749
-0.003163
-1.033127
-0.190137
-0.306101
-0.575458
-0.313512
-0.465968
-0.104056
0.236961
0.232239
-1.480170
-0.353347
0.480144
-0.122947
0.553631
-0.102344
0.914956
1.247004
1.583850
-0.891608
0.663317
-0.600232
0.530890
-0.139429
0.136514
-0.165190
-0.533916
-0.475647
0.155249
1.268375
0.089105
-0.167255
-0.526296
-1.040217
1.779040
-0.034026
1.120347
-0.279740
-1.234097
0.010139
-0.611584
-0.333907
-1.226994
0.560412
-0.226300
-0.512175
1.915611
-1.791835
-0.296580
1.438793
1.001275
0.452357
-0.708981
-0.981016
0.424671
-0.221404
0.611022
0.396067
0.211818
-0.833896
1.839037
-1.250119
-0.346500
0.660857
1.055008
-1.638144
2.105530
-1.395125
-1.746751
0.889560
-0.448642
-0.635453
0.261599
1.366935
1.067320
-0.035794
-0.513890
0.075701
-0.272908
-0.906938
0.382855
-0.774358
-1.282678
0.929759
1.235279
-0.677138
0.652289
-0.926233
1.226804
-0.175973
-0.146797
-0.303538
-0.751793
0.248345
-0.074484
-0.064247
1.203436
-0.128705
1.328253
0.090066
-0.504302
-0.569649
-0.120078
-0.902946
-1.747870
0.884647
-0.857321
0.685808
0.601842
0.445188
-2.038553
-0.422712
0.811686
0.874916
1.133854
-0.250247
-1.036557
-0.360991
-0.163920
-0.702713
1.105474
0.724537
0.908166
-0.939970
-0.143604
1.313649
-1.177758
-0.352017
0.160070
1.034778
-0.824617
-1.023201
0.096617
-1.240078
0.347618
-0.716955
-1.354745
1.716872
0.621825
0.166300
-0.128139
-0.331843
0.660897
-0.720929
-0.237582
0.993827
0.068917
0.804401
0.316102
-0.965073
1.647301
-0.443570
1.583171
0.940341
-0.507053
-0.262264
0.280172
-0.375772
2.187423
-1.041072
-1.128761
0.538981
1.404644
0.000646
0.863073
0.736488
-1.254244
-0.778723
-2.116801
-0.316958
1.766723
0.317688
-0.739461
2.615932
-0.203906
-0.650575
1.706145
1.662329
-0.541136
1.562622
0.272715
1.056462
-0.770193
0.295698
-0.292395
0.099381
-0.151411
-0.969586
0.831974
0.349726
-0.644292
-0.702983
-1.797325
0.196596
-0.600906
1.179762
0.089918
0.168788
1.635850
-0.645014
0.444327
0.945763
-0.206086
-0.190934
0.552172
-0.898440
1.192391
1.656823
0.630755
1.030482
1.289481
-0.140962
-1.280995
-0.615180
0.623537
0.442643
2.688114
0.235507
0.669360
0.367649
-0.371265
-0.158106
-0.010353
0.806826
1.058141
-2.695185
-0.198384
-2.523987
-0.590958
0.575425
-1.812703
0.139216
0.757733
0.154837
-0.774527
-0.901664
0.306923
-0.029233
0.941164
0.397221
1.172888
-1.059046
-0.800527
-0.459602
-0.149809
-0.271853
0.344841
-1.519278
0.899319
1.413816
0.577524
-1.056845
-1.437319
-1.583405
0.564493
-1.218393
0.900042
0.855871
-0.264355
1.461151
1.128449
0.496268
-0.771152
-0.336180
-2.351714
-0.312616
1.380356
0.147795
-1.247612
-0.883250
-0.707393
-0.330902
-1.383591
-1.166101
-0.113931
1.253985
-1.192877
0.543703
-0.239934
-0.043200
1.104464
0.045248
1.262088
0.215122
1.048277
-0.511564
0.414120
0.753600
-1.113255
-0.096705
-0.966007
-0.054655
-0.355358
0.756140
0.053704
-1.040415
-0.182744
0.800803
-0.032946
0.042896
1.061281
-0.453727
0.247379
1.137745
-1.330199
0.981051
-1.070073
1.076831
2.358867
0.642797
-0.306436
1.076943
1.238765
0.670100
2.059690
1.298754
1.080270
-0.667481
0.381493
-0.978393
-0.694592
0.091093
2.197194
1.167687
-0.246560
0.415031
1.484981
-0.333538
0.795894
0.387810
-0.728791
-1.118647
0.620369
-2.004652
-0.223253
0.364690
-0.870529
0.971396
-0.806287
0.832111
-1.192019
1.256503
1.425088
-0.195309
-0.644061
1.200545
0.094658
0.701139
0.333773
0.845683
-0.274352
0.891149
-0.330300
0.730895
-0.944984
1.067723
0.653944
-0.382569
0.174860
-0.352705
-0.051528
0.445934
2.304998
-2.051519
0.066743
-1.033966
0.017793
-1.863095
0.820680
-0.916991
-0.069535
0.069877
-0.750258
0.669027
0.828467
1.253079
1.503541
-2.134957
0.287640
-0.617665
-1.995645
-0.491979
-0.901151
-1.662275
0.220095
-0.555077
-0.969697
-1.907988
-0.345786
-1.189086
0.263598
0.594710
-0.839053
1.597233
-0.939052
-1.676801
0.485591
-0.156137
0.067007
-0.881985
-0.343958
-0.572534
0.145929
1.451092
0.586177
0.428432
0.265229
-0.793897
0.327035
-0.337648
-0.089426
-1.359820
0.262486
0.723618
0.011307
-0.445198
-0.414770
0.431874
-2.832557
1.039068
0.423904
-0.076538
-1.518131
-1.303509
-0.015776
-0.373618
-0.403326
0.469935
1.066123
0.799397
-0.851622
-2.106325
-0.280485
0.927655
0.993754
-0.650198
-1.632483
-0.210883
0.739405
-0.970239
-0.263814
-1.280407
0.363587
0.348449
-0.033431
0.122768
1.101989
1.064653
-0.510107
0.537963
-0.233008
-0.786722
-0.871538
0.825295
-0.221368
-0.535417
1.228048
-0.444799
0.191233
-1.829650
1.241822
-1.224484
-0.096903
1.662870
-1.399006
0.377029
0.118398
-1.108259
0.101588
-0.521925
-1.069707
-0.172715
-0.215744
-0.172963
-1.311435
-0.621810
0.561075
-1.345482
-0.892905
-0.298572
-0.291540
-1.304568
0.698671
-1.262650
0.368892
0.987578
-1.118646
-1.164619
-0.340106
0.107747
-1.847035
0.728192
-0.296084
-0.574942
0.405155
1.065411
-0.423519
0.486554
3.355985
1.305197
-0.415798
1.252696
-0.388088
1.391831
0.031875
0.447260
-0.593909
-1.151631
-1.627357
-1.210467
0.847828
-0.610657
0.584172
-0.349523
-1.648237
-0.011034
-0.187676
0.182875
0.847645
-1.179323
-0.065544
0.555789
0.374549
-0.320963
-1.002554
0.138489
-0.867060
0.296961
-1.167344
0.577220
-0.696820
-0.415590
1.027611
1.711783
-0.039953
0.524101
0.417678
-0.020749
1.221194
0.444745
0.954537
-1.115392
0.943930
0.633649
0.574089
-0.205365
-0.028628
-0.890220
-0.376447
1.313686
0.061684
1.030143
-0.648452
0.823319
-0.074210
-0.607985
-2.134650
1.704834
-0.419147
-0.606653
0.085073
-1.382960
-0.125006
-0.443493
-0.015534
-0.169038
0.163475
-1.392877
-0.404520
-0.655539
-0.138008
0.374330
-1.010465
2.083395
-0.025587
-0.753678
-0.735487
0.693404
1.469606
0.020850
-0.153901
-0.829263
-0.145652
-0.270261
0.118813
-0.732325
0.068836
0.103219
0.982978
-1.251049
-1.527273
0.752823
-0.559378
0.022814
1.905512
0.781115
-1.474266
-1.755666
-0.510138
-0.969813
0.706025
1.661947
0.091987
0.728477
0.186219
-0.071767
1.588288
0.425601
0.905574
0.526350
0.048085
1.241830
-0.985129
0.027768
-0.052562
-1.232025
-1.428722
-0.557881
-0.015609
1.037824
-0.808731
-0.145371
0.218126
0.046951
0.295799
-0.152003
0.215989
1.003697
0.064651
0.224318
1.422402
-0.753909
-0.118982
-0.117491
-0.624182
-0.858088
0.249739
-0.071798
-1.568053
1.136595
-2.097048
-1.606870
0.723002
-0.678925
0.367678
0.246797
1.128125
-0.587568
-0.189519
0.067784
0.476783
-0.504252
-0.977868
1.277898
-0.281869
-0.679740
1.875728
-1.458647
0.710768
-0.883540
-0.287684
-1.151667
0.524967
0.732234
1.257126
-0.125624
-1.679003
0.884647
0.080259
0.790775
-0.897907
-0.218383
-2.276822
1.010369
-1.013982
0.256159
-0.246599
-0.886007
-1.351406
-0.151919
1.762099
1.574291
-0.464732
-1.468068
0.654011
0.314209
0.140153
-1.630521
1.612310
-1.991191
-1.231383
-1.082599
-0.379395
0.902757
-1.537814
0.311679
-0.835859
0.757143
-0.639540
0.008799
-0.120448
-0.903593
1.378333
-1.839269
-0.176058
0.136053
0.743301
-0.427214
0.853109
-0.795285
0.092015
0.974686
1.559238
-1.374304
-0.098128
0.973527
0.210102
-0.504549
2.372883
1.920127
-0.367751
-1.916726
-0.068937
-0.449116
-0.050965
-0.539848
-1.333956
0.191809
0.100027
1.945879
-0.624812
-0.315259
0.104076
0.216946
-0.801341
-0.880883
-0.245442
-0.004787
0.795768
-0.037786
0.894252
-0.775304
-0.314064
-0.690951
1.517664
0.314662
0.843561
0.856974
0.835389
-0.100753
0.283935
-0.172602
0.126134
0.036088
-1.320511
2.326978
0.290087
0.253917
0.577422
-0.534373
1.810161
-0.000477
-1.201370
0.718932
0.032235
0.274025
-1.527033
-0.342723
2.412127
-0.765743
-0.371116
-1.032120
-0.993920
-0.677818
1.179061
1.906559
1.955275
-0.840052
0.000283
0.732456
-0.784980
-1.141841
0.056067
-0.998975
-1.198607
1.045866
-0.810282
1.552968
1.556020
0.359215
0.367998
1.294666
-0.187697
0.906406
0.324104
0.183564
0.890173
0.497907
-1.016962
0.084036
0.150938
-0.679135
0.181656
-0.358261
0.528305
-0.699687
1.249446
-0.278440
1.356312
-0.122006
0.688061
2.232028
0.675716
-0.677742
-0.385666
-0.897377
1.419177
-1.703866
0.865830
-0.773027
-0.193442
-0.256912
0.703009
-0.790777
0.556225
-0.573296
0.207632
0.265613
-0.775280
0.874856
0.849001
0.540271
-0.758709
-0.950159
0.086868
1.364064
0.666573
0.049401
-0.829321
-0.829845
-0.166355
-0.787426
-0.251223
0.581186
0.113906
0.053685
-1.708283
-0.246363
0.348104
-0.345341
-0.129062
-0.630195
-0.647852
1.487875
-1.041592
-1.167465
-1.631746
0.556092
-1.240754
0.232665
1.788682
0.302190
-0.156134
0.267633
-0.198450
0.543504
-0.453437
-0.479294
-1.135713
1.530478
1.499476
2.680293
-0.375091
0.507214
0.894128
0.114881
-0.368279
0.990630
-0.803166
0.556775
0.346498
0.361553
0.120861
0.206612
1.201438
-1.707194
0.707239
1.626020
-1.297771
0.470259
1.975916
-0.943559
-1.247169
0.950192
-1.774269
0.360073
0.907136
1.271402
-0.810400
1.465305
0.727217
1.411928
-0.075387
-0.145543
1.137677
0.392312
0.850142
-0.938334
-0.871852
0.138045
0.130208
0.327074
0.894314
1.284638
1.362337
-0.165446
0.778013
-0.962894
-0.914578
-0.145408
-0.758832
-0.636351
-0.039050
1.357648
-1.952223
-0.396737
0.532292
0.317007
1.134065
-0.289111
-0.667554
0.329657
-1.610135
-0.576737
-0.714595
0.519035
0.282453
-0.730114
1.515443
-0.774095
1.316832
-1.026346
-0.902871
-0.944383
0.182956
-1.754277
0.865469
-1.016562
0.308043
0.322083
-0.423653
0.493511
-1.063660
-0.479367
-1.830381
1.526561
-2.272917
0.758356
0.118240
-0.742191
-0.425512
-1.108147
-0.377049
-0.523263
0.859527
-0.931376
-0.271642
-0.127631
0.024398
-1.357394
0.602467
-0.904171
0.172272
-0.083334
-0.374306
-0.029599
1.612494
0.160292
-0.270121
0.004290
1.236317
-0.010954
-0.997195
1.113350
0.292170
0.747419
-0.138444
-2.521765
0.178942
1.512174
-0.461496
-2.204615
0.261322
-1.124671
-0.887970
-1.754420
-2.253364
-0.059530
-0.883680
-1.572998
0.560335
-1.077993
0.328111
1.555608
0.139700
0.959057
-0.483393
-0.488361
0.086571
1.917854
0.847416
0.655484
-0.955174
0.587586
0.425630
-0.248565
-1.448954
0.044107
-0.503268
-1.029727
0.668204
-0.295715
1.712641
1.101827
-0.675319
1.302885
-1.319403
0.278540
2.226552
1.090984
-0.054704
1.087989
1.381751
-1.873780
1.763391
-1.694191
-0.258310
-0.944406
-0.641304
0.824754
-0.083136
-0.996385
0.065080
0.786178
1.790219
-0.188902
0.051575
0.853212
-0.990226
-0.435796
0.767980
-0.401478
-0.715834
-2.187933
1.386361
-0.077891
0.726376
-0.715864
0.509260
0.708710
-0.016258
-1.473602
-0.083955
0.716764
-0.467495
1.372602
-0.170917
0.213964
-0.104317
0.244713
-0.385928
-0.108778
0.802216
0.787559
1.406666
-0.681807
-0.169928
-0.415918
0.626632
0.395912
0.789374
0.652361
-0.814639
-1.608294
1.036808
-0.742076
0.651153
1.856629
0.668686
-1.067920
-0.412908
-0.295547
-0.314186
0.768789
-0.633686
-0.316706
1.240866
1.065033
0.377235
0.998350
1.203073
0.621028
1.460122
-1.910261
0.196612
0.318686
-0.063026
-0.764803
-1.150573
-0.863682
-0.954451
-0.105716
0.618430
0.419593
-0.365404
-1.660406
-0.128739
1.225870
0.721731
0.943067
0.097108
-1.038286
-0.114462
-0.708109
0.215702
-1.200677
-0.685583
-1.233216
0.184539
1.847954
0.270798
0.590380
-2.331617
0.122384
0.005008
0.972456
-0.879233
-0.793470
1.389755
-0.597956
-0.914524
-0.778723
0.993600
-0.320528
-1.664216
-0.011520
1.209618
-0.489651
1.397361
-0.439410
-0.288993
-0.472015
0.403743
-0.122564
1.114766
-0.092680
-0.811972
-0.772843
0.013834
-0.185596
-0.793733
1.719335
-0.074877
0.623059
-0.130121
-0.154474
-1.077592
-0.164824
2.242784
1.599815
0.327796
-0.421920
-1.540198
0.565059
-1.281875
3.091825
-0.235781
-0.025244
-0.871831
0.105279
0.786971
-0.592076
-1.992480
-0.559228
-0.892362
-1.366758
-1.916045
-0.407156
0.019728
0.320555
-1.142839
-0.555751
-0.531635
0.753949
-0.861056
-1.970281
1.165474
0.086274
-0.951591
-1.568651
1.062925
0.082611
1.283704
-0.400202
0.059013
1.053370
-0.734344
-1.074547
1.136515
-2.034830
-1.334889
0.690331
-0.568829
0.062950
-1.364323
-0.967368
0.570259
0.467699
-0.436716
1.972010
-0.178200
-0.383012
-0.739002
0.115109
0.096767
0.326633
-0.245585
-0.745118
0.400495
-1.140284
-0.608656
0.135627
-0.081694
-1.970204
0.392417
0.170129
0.926066
-0.686735
-0.514532
-0.504271
1.991209
2.204165
-1.298354
0.553084
1.457384
0.008509
0.227450
-0.760713
1.014546
-1.118109
0.927511
1.061570
-0.452149
0.087440
0.407623
2.265111
-0.410388
0.493881
0.448405
0.294165
0.963793
-0.260213
0.348280
-0.321386
-0.120452
-0.579551
-0.356097
0.275571
-0.833233
-0.123821
0.926614
0.338655
1.623146
0.185531
-1.431696
-0.327427
1.789924
0.734212
0.403439
2.300465
0.914543
0.512167
0.459391
-0.230159
0.507935
0.456267
0.565857
-0.975530
-0.754687
1.193213
1.390039
1.193582
0.783044
-0.329530
-1.003032
-1.094021
-0.071682
0.464724
0.528030
-2.120150
0.752719
-0.179793
1.230100
0.966503
-0.403826
-0.122911
0.157230
1.288585
2.694978
-0.339924
0.130108
1.893214
-0.996719
-1.063615
-0.358340
1.467978
0.235373
0.237214
-1.010123
0.283336
0.365373
-1.381052
0.069031
-1.335861
-0.956207
1.103403
-0.189285
-0.122965
0.901411
-0.394021
0.622640
0.290627
1.263363
0.198721
0.466723
0.171665
1.000917
-1.670354
-0.702328
-0.953279
0.254331
-0.927561
-0.219860
0.193085
-0.444377
0.829073
-2.061631
-2.376547
0.269580
-0.376166
-1.700390
0.682033
1.262267
-1.359283
0.364012
2.012928
0.122979
1.004225
0.571422
-0.025680
-0.112397
1.206163
-1.715932
1.229249
-1.539364
0.264092
0.254455
0.825439
0.794510
0.779552
-0.288816
0.488839
-0.801561
-0.987286
1.400313
1.898038
0.459966
1.513888
1.028248
0.710622
0.093707
0.361406
1.020801
-1.152186
-0.533394
-0.446231
1.122294
-0.624870
1.356494
2.670667
-0.392502
0.467429
-0.722093
-1.025400
1.216864
-0.050576
0.315454
0.344283
-0.638963
0.814889
-2.551169
-2.001711
-0.718429
0.916730
-0.825900
-1.297468
-0.676423
-0.875803
-1.399674
0.759909
-0.307854
1.126614
-0.572324
-0.812977
-0.207306
0.130511
-0.223445
0.164415
0.536785
-0.905232
0.986136
-1.198016
-0.051458
-0.821198
-1.346730
-0.441704
-0.643619
1.778032
0.921772
0.184464
0.348521
-0.107007
-0.278662
1.263696
1.120282
0.425139
1.603386
-0.631300
-0.132049
2.002662
-0.314795
0.015311
1.385582
-0.475225
-0.636216
0.568824
1.553810
0.215646
-0.429601
0.818924
-1.743510
0.416459
0.936114
-0.018802
0.479889
-1.299315
1.049888
1.032554
-0.031641
0.491365
0.741505
2.358068
0.086054
-1.537776
-0.886925
-0.626302
-0.037751
0.338793
1.305849
-0.902290
-0.512437
1.348482
1.604329
-0.018761
-0.379893
1.243641
-1.086408
-0.367204
0.170562
-0.595199
0.326328
0.250678
0.841382
-1.055030
0.556305
-0.642134
1.502335
0.910166
1.023817
0.482721
0.257780
0.020987
-0.297473
-1.266214
-0.905234
1.418580
-0.176120
-2.402178
-0.190531
0.720821
-0.209303
1.033754
-0.615654
0.438625
0.190423
0.146489
-0.966009
0.043878
-0.321837
1.275842
-0.631575
0.670889
0.475352
0.585059
1.544905
1.183411
-0.884769
0.657642
0.720423
-0.750311
-0.177422
-1.478136
-0.874078
0.261892
0.153913
0.785895
-0.406633
-0.740537
-0.089090
0.455334
-0.492283
0.795084
1.633418
1.700355
-0.225147
0.377061
0.002975
-2.363607
-0.281760
0.816936
0.452646
-0.882911
0.080578
0.754389
-0.341249
0.384657
-0.773805
-0.477874
-0.175799
0.229404
0.697962
-1.133722
1.916577
-0.222424
-0.266673
0.411737
-2.313660
-0.554966
1.151128
-0.261713
-0.779785
-0.083195
-0.660534
2.564951
-0.881977
0.864222
0.582031
-0.210121
0.908567
-0.030901
-0.600143
-0.959379
0.040499
0.473549
1.343778
1.699750
0.507162
-0.183698
-0.493526
2.057197
-0.454129
-0.310943
-0.110732
0.573150
0.482275
0.375354
-0.455325
0.856344
-0.286703
-1.553116
-0.215190
0.178468
-2.699102
0.609293
2.319701
0.358963
0.698976
1.201197
-0.946034
1.848596
-1.109641
0.476032
0.377969
0.090662
1.853795
1.977280
-0.775078
-0.470503
1.219863
2.196195
0.508085
1.502282
0.391124
0.199387
-0.169695
0.655531
-1.400713
0.114263
0.977783
-0.137977
-0.039475
-0.451336
-0.903450
-1.573564
-1.325056
0.191911
-0.142825
-1.041229
0.269681
0.000615
-0.074817
-0.850119
0.657017
-0.106850
1.064367
0.376171
0.458886
-0.104200
0.532287
-0.694751
-0.739199
-0.383533
1.150062
-0.595456
1.281772
-1.101652
-0.258905
0.186229
-0.376949
-0.907401
0.206848
1.323091
0.549489
-0.439254
-1.598356
0.065555
1.069563
-1.502849
-0.986584
0.244421
0.043260
0.026303
-0.164110
0.203000
-0.186663
-0.282905
-0.598062
1.151781
-0.495101
-0.943733
1.088350
1.021672
1.263514
-1.396915
-0.558597
1.055596
1.411573
0.434415
1.112563
0.763561
-0.138397
-0.650210
-0.724848
-1.315947
-0.459972
0.304299
-1.471469
0.428875
0.376233
1.062736
-0.957300
0.742759
0.425932
0.280623
-0.684036
-0.058123
2.242195
-0.445171
0.686032
1.090235
-0.468307
0.056999
0.066725
0.750756
1.273573
1.734802
2.629117
-1.352084
-0.485185
0.732198
-0.689566
-0.722993
0.934853
0.356839
-0.880181
-2.039715
-1.352472
-0.894062
-1.589929
2.265716
-1.293998
0.755961
-0.270608
1.196295
-0.341655
0.955295
-0.311907
0.968191
1.199457
-0.433189
-1.423352
0.458931
0.556309
0.908985
-0.657256
-0.633372
0.131233
-0.140081
0.340273
-0.330640
-0.809508
0.097165
0.418209
-0.387923
0.522197
1.416215
1.987090
0.125208
0.757081
-1.507994
-1.317227
0.128535
-1.530269
0.186263
1.057180
0.162253
0.336398
-1.058090
-1.008063
-0.519929
-0.574946
-1.758481
-1.290112
0.344024
-1.304056
0.674710
-0.076186
0.298944
0.802642
0.072558
-0.213523
-0.843918
1.148275
0.852013
1.575122
-1.001110
0.338709
-0.161258
1.059175
-0.002179
-1.002567
-1.155310
1.177376
-1.612449
-0.667090
-0.053144
0.309159
0.758874
1.353342
-0.842382
-1.180506
0.735656
0.238409
-1.183619
0.380483
1.008899
0.441021
0.377124
-0.457681
0.276280
-1.559376
-1.210854
-1.845480
1.512274
-0.425912
1.487867
0.059787
2.021982
0.111770
1.457206
0.333509
-1.187585
0.177779
0.109651
-1.248444
-1.389930
0.617583
-1.237136
0.524378
-0.529235
-0.612111
0.258456
0.873769
-0.869468
0.634880
-0.236182
-0.689308
-0.373719
-1.107019
-1.216959
-0.295079
0.963653
-0.274828
-1.170231
0.112255
-1.688213
-1.244182
0.509923
0.397777
0.009771
1.340141
-0.756870
-0.443410
-0.092080
1.200174
-1.941941
-0.763542
0.962464
0.457348
-0.366632
0.251969
1.456331
-0.130530
0.522933
0.297449
-0.008249
0.202693
0.125009
-0.446974
-0.089374
-0.777643
-1.073868
-0.244761
0.299889
0.708888
0.261276
-2.521669
2.261952
1.200254
-0.297479
-0.508101
-1.846332
-2.074413
-1.277103
0.049726
-0.312423
-1.000468
-0.051755
-0.383258
-0.082114
-1.311215
0.513043
0.240861
-0.872722
0.811639
-0.053915
-1.904693
0.728402
-1.083717
0.395927
0.524475
0.157377
0.149739
1.028844
0.714426
0.574773
0.644098
0.411613
-0.429588
-0.319270
-0.667945
0.082295
-0.807510
-0.791106
0.527171
0.282989
0.595953
0.183176
-0.600421
-0.256501
-0.542539
-0.255492
-1.473535
-0.183283
0.078023
0.275948
-0.140776
0.126399
0.560770
0.468137
-0.756235
-0.188687
1.910426
0.186191
-1.458183
-0.567797
-0.191580
-0.927261
0.305850
0.887025
0.148296
0.888051
1.709668
-1.489297
-0.379986
-1.899974
0.039834
-0.724555
0.070299
-1.261946
-0.989678
-1.891404
0.602229
-0.316114
0.128147
0.084368
1.031528
0.790839
0.130937
1.761326
0.173316
-0.376912
0.913196
-1.136701
0.368583
0.532926
1.865729
-0.389328
-0.323646
-0.366732
-2.007422
0.226176
0.497991
0.543265
-0.067920
0.705259
-1.596948
1.029113
0.126603
-0.607767
0.262829
0.569400
1.203352
0.505874
0.241294
-1.097229
1.766238
-1.054672
-0.432914
-0.571588
0.809679
-2.117394
0.879638
-0.320784
-1.492176
1.382944
-0.005156
-0.580389
-0.357931
-0.676525
0.687366
-0.220671
-1.313560
0.383592
1.054849
0.938627
-0.971559
0.039465
-1.715525
1.324822
-1.321695
0.371215
-1.001874
-1.565435
1.627070
1.128394
0.424480
0.279163
-0.106996
-2.366830
0.902018
1.106588
0.667284
1.518411
0.554182
-0.685682
1.331161
-0.543186
0.471855
0.664234
-1.487415
-0.485960
0.132785
-0.840140
0.083170
-1.779667
0.374637
0.008799
-1.700500
0.176173
0.610564
-0.508291
0.889248
0.755392
-1.207680
0.618732
-1.960837
-0.505050
-0.818184
0.420253
0.660206
-0.778067
0.140953
-0.705420
0.119389
-1.207519
0.128506
-0.093690
-0.490810
1.138670
-0.028370
-0.610649
-0.345857
-2.464429
0.222461
0.144267
-1.434917
0.622423
2.109463
-0.458789
0.077145
-0.152716
0.471110
-1.060604
1.170331
0.775413
-0.288204
1.001472
-0.419526
1.706775
-1.575044
-0.904449
-0.520195
0.109642
-1.304695
-0.116551
0.491723
1.140370
1.940905
-0.166235
0.481898
-1.782251
0.500561
-1.851991
0.439092
0.116673
0.652819
0.927813
-2.374813
-0.882240
-0.970306
0.259898
-0.555400
1.413191
0.327729
0.111299
-0.423375
1.329057
0.536536
2.123781
-0.211186
-0.899117
-0.263270
0.838282
-0.234705
0.134573
0.420358
-0.814867
1.230297
0.460222
-0.583525
-0.393170
0.189360
-0.758820
-0.284706
0.787781
-1.192372
-0.822931
1.124970
1.138128
-0.147801
1.166723
1.150851
1.037958
1.241728
1.284868
-0.466784
0.075230
0.459608
0.048401
-2.053723
-0.612440
1.451762
1.151389
-0.533504
0.229196
-0.434433
0.251214
-0.752944
-0.685397
-0.136046
0.671732
-1.255092
0.038045
-0.344620
1.049162
-0.665683
-1.096454
1.155532
0.556603
0.941872
0.067336
0.112616
-0.835408
-0.600327
-0.299809
0.150996
0.709584
0.368216
-0.631269
1.376897
0.257173
0.762004
-0.865746
-0.567474
1.086963
0.638290
-0.085198
0.670301
-1.361174
-0.775443
0.356791
0.296514
-0.615447
-0.609663
-0.004124
1.248799
-0.032877
-2.085993
-0.184598
-0.172513
0.362829
-0.095845
0.390040
-0.133607
-2.142544
0.294435
0.242103
-0.991791
1.304908
0.142280
-0.668554
-0.035011
1.378228
-0.528244
0.900625
-0.295717
1.439460
1.101836
-0.820001
-1.708633
-0.633313
-0.403016
0.219690
0.154590
-0.273895
-1.247360
-0.179338
-1.236493
-1.609140
-1.033599
-1.009518
0.153174
-0.784652
0.309872
-0.369891
0.680558
1.298153
-1.221639
0.193097
0.063828
-0.061349
-1.028998
1.259612
-0.468574
-0.155529
1.397634
-0.972288
-2.228462
-0.100205
-1.602280
0.841485
1.106080
1.898381
-1.178866
0.787828
0.599773
-0.873259
-2.010315
-0.208117
-0.675121
1.253315
0.821827
-0.734790
-0.291997
1.412110
1.708202
1.124081
0.101934
0.473000
-0.927494
-0.860580
-0.929466
-0.189572
-1.644794
0.184315
-1.294770
0.062696
1.453936
-0.899538
0.171372
-2.241381
0.033076
0.529833
-1.298339
-0.391843
-0.552661
0.890309
-0.875423
-0.763146
-0.974128
-1.371753
-1.751367
-2.078814
0.693667
-0.260288
0.601730
0.565453
-1.128282
0.727568
-1.634898
0.397969
0.202754
0.088869
-1.882992
-0.192813
1.813161
0.547146
-1.526717
1.998402
-0.500949
-1.917863
-0.449477
1.289856
-0.092377
0.424951
-0.996548
-0.375861
0.595534
0.195662
-0.564504
-0.323637
-0.020275
0.031303
-0.132143
-0.600069
-1.458439
-1.331047
0.086866
0.400657
0.562228
0.119511
-0.008652
1.157502
-0.517389
-0.327545
1.052165
0.378954
-0.023270
-1.316597
0.445084
-0.102892
-2.001756
-1.208410
-0.593521
0.556131
-1.752822
0.587417
1.113663
-1.418961
-0.231097
-1.875418
-0.392306
0.796021
-0.549772
-1.039229
-0.168134
-0.107429
1.331313
0.667758
-0.897841
0.731874
0.271181
0.202434
-0.079375
0.512843
0.692933
-0.111307
2.161807
-1.083219
-1.235257
1.025715
1.740050
1.972386
2.358776
-0.812171
-0.157893
-2.859293
0.178664
-0.933237
0.115505
-1.039727
0.432352
0.869092
-0.420168
-1.267820
-0.189351
-1.266102
-0.247897
-0.838322
-0.222733
-0.702772
-0.057259
0.259935
0.256029
-0.292315
-1.125843
-1.074110
-0.668976
0.375908
1.377085
0.062412
0.701273
-0.797526
1.076126
1.104615
-0.536471
0.618883
-1.542986
0.483377
-0.973016
-0.288974
0.510882
-1.315998
0.139346
1.424189
1.093222
-1.421999
-0.087562
0.942196
-0.338545
0.855984
-1.290585
-0.319976
-1.117890
0.265065
-0.330463
-1.212255
-2.962794
1.380684
0.271318
-0.581552
2.676173
2.652873
1.118014
1.124526
0.339727
0.252361
1.471440
1.382551
-0.351957
0.886079
-1.282919
0.965971
-1.421971
-0.442519
-0.161091
1.729568
-0.311215
0.420589
0.206669
-1.607459
0.910484
-0.187555
0.122874
-1.141740
-0.961826
-0.007183
0.293570
0.286317
-2.208980
-0.909205
0.103249
0.176617
0.439496
-0.040894
1.058672
-0.025777
-0.725520
0.324567
-0.801319
-0.298251
-0.117174
0.358982
-0.993773
0.007983
-0.514144
-0.644789
0.398812
-1.286515
1.015255
1.128366
-0.293976
0.180097
0.627559
-0.284471
-0.872643
0.166297
1.431187
-0.295703
-1.271962
-0.328486
0.433160
0.429296
0.514194
0.719136
-0.567649
0.711051
0.436131
-0.394356
0.539311
-1.779318
0.195404
-0.734618
-0.677418
-0.286548
-0.963032
-0.353858
-0.216279
-0.946253
-1.721908
-0.329772
0.852573
1.043060
1.320078
0.415067
1.508017
-1.500063
0.732992
1.429584
0.993679
-0.143364
-0.501727
0.113171
-0.389913
-0.166030
1.719638
-0.482491
0.928692
-0.747102
0.648267
0.542463
-0.649157
0.403095
-1.633985
0.896459
1.118238
0.204896
0.579082
-0.338290
-0.353022
0.062611
0.641076
0.433034
1.715526
0.602394
2.160001
0.328091
-1.683120
-0.451261
-0.307267
1.137180
1.758255
-1.233646
0.007615
0.293282
1.207793
0.672741
-0.495458
-1.033442
-0.485233
0.432484
0.289117
1.905160
0.501423
0.530328
0.385227
1.245788
0.143939
1.189209
-0.816207
-0.515379
-1.234733
1.160233
-1.335069
-1.107320
1.323181
-1.205498
1.197235
-0.836359
-0.212954
1.448566
-0.068331
0.177682
0.152716
-1.011220
-0.518068
0.361641
0.185087
0.943850
1.195828
1.176283
0.199919
0.927945
-0.006843
0.261363
-0.084692
-0.369612
-1.050275
0.673744
-0.913551
1.611850
0.543709
0.714061
-0.950913
-0.980791
-0.485932
0.824599
1.216890
0.919993
-1.145206
0.855365
1.771236
-0.222810
0.079251
-1.290841
-0.193561
0.554097
1.921077
0.580690
-0.521724
-0.195162
-1.093224
0.332923
2.479933
-1.481711
-0.217456
1.861284
0.002811
-0.431485
0.267890
0.775968
-0.341433
0.251485
-0.327916
0.201167
0.581474
-0.023015
0.320310
1.636899
-0.962326
1.347291
-0.367878
-1.809588
1.758881
0.231678
-1.967731
0.368594
-0.478292
-1.100320
0.388813
2.110783
0.764798
0.748597
-0.573999
1.083207
1.019465
-2.228302
0.793121
0.370650
-0.090541
-0.565721
0.920840
-0.204722
-1.663917
0.402122
-0.252171
-0.281551
-0.735992
0.035274
0.070175
-1.451999
-0.706526
-1.181365
0.102199
-0.495331
-0.356951
-1.461056
0.946538
-1.061250
0.405193
-0.716200
0.617247
0.835017
-0.387778
-0.650835
-0.623485
0.107684
1.375340
0.254672
0.556077
0.959487
-0.941088
0.022091
-0.262226
-0.245040
-0.035157
1.387089
0.053637
-0.258140
0.989680
0.357004
-0.380080
2.620862
-0.717786
-0.052542
1.059956
-1.661811
0.679768
1.110685
-0.020150
-1.067985
0.395894
0.744721
0.180694
-0.036948
0.114845
-0.010670
-0.578992
-0.749203
-0.258396
-1.206503
-0.840965
-0.417579
1.166926
-0.031181
1.155040
-0.004371
-0.377344
-0.229416
0.954864
-0.376787
-1.388991
-0.204810
0.321509
-0.201856
-0.770941
0.047443
2.357140
-0.100730
-0.116567
1.304713
1.151402
0.261930
0.382065
-0.356595
0.731542
-0.892174
0.486433
-0.033433
0.648898
-0.419826
-0.479477
1.471007
-0.640060
-1.585999
-0.731794
0.251036
0.563275
-1.858090
-0.089178
-0.933807
0.665070
2.579329
1.143105
0.542069
1.047341
-0.489919
0.408997
0.835236
0.483744
0.535153
-0.342683
3.366959
0.733868
-0.595992
-0.008097
1.999773
-0.333734
0.746871
-1.282825
-0.785942
0.147814
-0.561171
-0.434249
-0.069640
0.222376
0.499500
-1.169388
-1.473630
1.072137
0.000204
0.286922
-0.334674
0.244783
1.224157
1.071170
0.066382
-0.249212
0.482893
0.121188
-0.881460
0.319342
-0.191026
0.118695
0.670722
-0.939319
-1.642061
0.413059
0.864432
0.765946
0.103208
-1.076157
0.265834
-1.365786
-0.415982
-0.121181
0.082948
-0.550723
-1.076265
-0.437273
-1.038036
0.319324
-2.303986
-0.876470
1.231391
0.599656
2.243490
0.249312
-1.999108
-0.032978
1.064584
-0.592659
1.243287
2.047508
1.844022
0.873834
0.024164
-0.413104
0.308559
1.725834
-1.507770
-0.444417
1.345012
-0.195889
-0.915984
-0.000828
0.600636
0.716898
0.411980
1.942647
0.846791
-0.338472
-0.002506
-0.091194
-1.566828
-1.298045
0.038943
0.114685
-1.044013
-3.012639
2.021200
-1.452243
-0.067484
-0.648597
0.158449
0.268767
0.661318
-0.778780
-0.813316
-0.174443
-0.042135
-1.673094
0.405726
-0.066658
-1.030261
-1.143516
1.257718
-0.358460
-0.915470
0.496802
-0.082854
-1.310047
-0.276325
0.152413
0.487867
0.403586
1.034667
2.358867
0.642797
-0.306436
1.076943
1.238765
0.670100
2.059690
1.298754
1.080270
-0.667481
0.381493
-0.978393
-0.694592
0.091093
2.197194
1.167687
-0.246560
0.415031
1.484981
-0.333538
0.795894
0.387810
-0.728791
-1.118647
0.620369
-2.004652
-0.223253
0.364690
-0.870529
0.971396
-0.806287
0.832111
-1.192019
1.256503
1.425088
-0.195309
-0.644061
1.200545
0.094658
0.701139
0.333773
0.845683
-0.274352
0.891149
-0.330300
0.730895
-0.944984
1.067723
0.653944
-0.382569
0.174860
-0.352705
-0.051528
0.445934
2.304998
-2.051519
0.066743
-1.033966
0.017793
-1.863095
0.820680
-0.916991
-0.069535
0.069877
-0.750258
0.669027
0.828467
1.253079
1.503541
-2.134957
0.287640
-0.617665
-1.995645
-0.491979
-0.901151
-1.662275
0.220095
-0.555077
-0.969697
-1.907988
-0.345786
-1.189086
0.263598
0.594710
-0.839053
1.597233
-0.939052
-1.676801
0.485591
-0.156137
0.067007
-0.881985
-0.343958
-0.572534
0.145929
1.451092
0.586177
0.428432
0.265229
-0.793897
0.327035
-0.337648
-0.089426
-1.359820
0.262486
0.723618
0.011307
-0.445198
-0.414770
0.431874
-2.832557
1.039068
0.423904
-0.076538
-1.518131
-1.303509
-0.015776
-0.373618
-0.403326
0.469935
1.066123
0.799397
-0.851622
-2.106325
-0.280485
0.927655
0.993754
-0.650198
-1.632483
-0.210883
0.739405
-0.970239
-0.263814
-1.280407
0.363587
0.348449
-0.033431
0.122768
1.101989
1.064653
-0.510107
0.537963
-0.233008
-0.786722
-0.871538
0.825295
-0.221368
-0.535417
1.228048
-0.444799
0.191233
-1.829650
1.241822
-1.224484
-0.096903
1.662870
-1.399006
0.377029
0.118398
-1.108259
0.101588
-0.521925
-1.069707
-0.172715
-0.215744
-0.172963
-1.311435
-0.621810
0.561075
-1.345482
-0.892905
-0.298572
-0.291540
-1.304568
0.698671
-1.262650
0.368892
0.987578
-1.118646
-1.164619
-0.340106
0.107747
-1.847035
0.728192
-0.296084
-0.574942
0.405155
1.065411
-0.423519
0.486554
3.355985
1.305197
-0.415798
1.252696
-0.388088
1.391831
0.031875
0.447260
-0.593909
-1.151631
-1.627357
-1.210467
0.847828
-0.610657
0.584172
-0.349523
-1.648237
-0.011034
-0.187676
0.182875
0.847645
-1.179323
-0.065544
0.555789
0.374549
-0.320963
-1.002554
0.138489
-0.867060
0.296961
-1.167344
0.577220
-0.696820
-0.415590
1.027611
1.711783
-0.039953
0.524101
0.417678
-0.020749
1.221194
0.444745
0.954537
-1.115392
0.943930
0.633649
0.574089
-0.205365
-0.028628
-0.890220
-0.376447
1.313686
0.061684
1.030143
-0.648452
0.823319
-0.074210
-0.607985
-2.134650
1.704834
-0.419147
-0.606653
0.085073
-1.382960
-0.125006
-0.443493
0.063587
-0.797656
-1.754351
0.411381
-1.821723
-0.553811
-1.051820
0.180501
1.369950
-1.423542
0.428545
0.936340
0.632886
-0.208627
-1.222279
-0.875780
1.403068
1.806616
-0.409163
0.859721
-0.667689
0.026672
-0.972671
-2.108188
-0.477633
0.340956
-0.911166
0.552865
-0.976533
0.302916
1.281187
-0.120375
0.824632
-1.140069
0.163734
0.639393
1.719917
-0.600170
0.030617
-0.368213
-0.258553
0.651668
-0.874454
0.242753
-0.276963
-0.445683
0.652335
0.915709
-0.036808
-0.628799
1.121781
-0.190827
2.768782
-0.655761
-0.048768
0.604515
1.438198
-0.822716
0.308380
-2.294895
-0.180922
1.485945
-0.509753
-0.520045
-0.290725
-0.358786
-0.680877
-0.259459
0.416461
-0.278630
-0.079122
0.959691
-0.795940
-0.624199
0.647898
0.048050
0.015741
0.105470
0.973748
0.472678
-0.169456
-1.454784
0.552578
-0.792044
-0.035701
-0.910234
-2.054433
-2.459375
0.472874
-0.987496
-0.308061
-0.166973
-0.075144
0.398190
-1.945149
-0.463718
-0.180665
-0.164480
-0.487214
0.810242
-0.424488
0.696862
0.607939
1.834293
0.681188
0.523376
0.333223
0.468428
-1.438531
1.296702
-0.415863
-1.122486
-1.144553
-0.113017
-0.524152
0.054331
0.784250
-0.810995
1.084340
0.569266
0.121946
-2.074446
-0.470208
0.237470
1.093145
1.950204
-0.447388
-0.283625
0.015732
-0.971130
-0.931122
0.441649
1.543078
0.693060
-1.898378
0.717066
1.697793
0.405215
-2.181352
0.733494
1.306534
-1.611414
0.676435
-0.081167
0.275702
-1.956256
-0.288541
0.573250
-0.387922
-0.569780
0.484452
0.291120
0.495909
-1.323625
-0.522419
0.416815
-1.323925
-0.120814
1.229703
1.433965
-0.571612
0.159303
-1.406908
-0.834232
1.342682
0.387028
0.929372
-0.069434
0.593229
-0.980571
-0.175483
-0.836710
-0.461936
0.087249
0.258860
-0.492386
0.665119
1.152185
0.701561
0.090058
0.073883
0.321533
0.643293
0.791580
0.258357
-1.188751
1.913322
1.702141
-1.753274
-0.513747
0.055374
-0.556428
1.776864
0.088005
0.130547
-0.830921
0.090680
-0.794556
0.824068
0.199038
0.533618
-1.938925
-0.455354
-0.117230
-0.724646
0.005967
-0.098137
-0.636386
1.105963
0.473724
0.590698
-1.889602
0.741737
0.537543
0.465411
1.697459
-0.468133
1.089170
-2.400025
-0.354764
0.633398
3.015659
1.139501
2.596110
-0.254171
-1.499543
0.567074
-0.053334
-0.714552
0.090713
-0.451671
-0.595880
0.927188
0.438317
-0.525969
0.557056
-0.054273
0.682136
-1.739566
0.039969
0.420599
-0.729536
-1.739808
-1.645374
-0.264392
-1.362090
0.336136
0.532598
-0.405046
0.243878
-0.265684
0.647763
0.620066
-0.566672
-0.270742
-0.565314
0.636828
-0.120253
-1.358042
-1.058510
-0.799292
1.118685
0.832035
-0.542694
0.592710
-0.605214
0.442447
0.287858
-1.455771
0.083549
-1.185730
0.331674
0.007673
0.429950
-0.955001
-0.606258
-1.694349
1.136752
-0.530291
1.403104
1.739789
1.808751
0.599182
-0.105257
-0.553415
0.038182
1.936634
2.044680
1.769022
0.432001
-0.366746
-0.870899
0.720302
-0.302714
-0.718459
0.133202
0.293137
-0.613111
-0.605333
0.756460
-0.078081
-0.001293
-1.229004
-0.457540
-0.436861
-1.247311
0.118873
0.662469
0.139156
-0.031258
0.144257
-0.528265
1.512103
-0.067124
-1.294946
-2.074891
-0.567326
1.872837
1.970315
0.080982
0.188144
1.107839
0.701822
0.344388
-0.356648
0.996899
-1.092207
-0.707935
-0.486802
-1.235244
-0.139548
0.864035
-0.747091
-0.684711
0.245653
0.032843
-1.191477
-0.643039
-0.550240
-0.053824
1.260248
1.793407
-0.657773
-1.025359
-1.193878
-0.370082
0.470252
0.524628
-1.580833
1.351226
-0.668543
-0.968767
1.069882
-1.169680
0.134622
-2.165771
0.432276
0.944226
2.680883
-1.233614
-0.205087
-1.909889
1.902305
-0.170815
0.533467
0.351189
1.170781
-0.033062
-0.464849
-0.085865
1.677019
0.553344
1.984011
-1.633639
0.747365
0.405757
-0.919687
-0.318027
0.769413
0.653503
0.420293
0.521362
0.497022
-0.871593
0.717266
-0.374377
-0.426881
2.011270
-1.502964
1.667740
0.998143
0.754876
1.233701
-0.312756
-1.435995
-0.385943
-0.443621
0.317265
0.598369
0.402430
1.572802
-0.425275
-0.781416
-0.391824
-0.827343
-0.153958
-0.974024
-1.739309
-0.658989
-0.885512
-0.200461
-1.520500
1.241193
-1.415253
-0.071816
0.002886
0.460275
0.698643
0.083467
1.479668
0.608760
1.028460
-0.567464
-2.239738
-0.613828
-1.534428
-0.205065
1.312272
1.597342
-0.357341
0.227956
0.216753
0.554081
0.258664
0.188723
0.244866
0.071771
0.194165
0.165349
0.220722
-1.013083
0.994210
-0.270489
0.259935
0.385736
1.405919
-0.749566
0.104389
-0.131081
-0.731611
0.261669
0.294199
0.286759
-1.427655
0.809705
-0.896443
-0.145897
0.857738
0.077925
-0.553408
-1.011227
1.351000
0.936635
0.154147
-1.782302
-0.366263
1.333537
-1.171479
2.209027
-1.302765
0.049020
-1.654983
0.457493
0.016291
1.056883
0.100142
0.969127
1.656122
-0.626615
-2.612799
-1.416572
-0.738690
-0.719861
0.070954
-0.048944
-0.649895
0.655101
-0.214147
0.033435
0.986159
0.536921
-0.040117
0.970534
0.010668
-0.222210
-0.676613
-0.305732
-0.507942
1.385188
0.798239
-0.325533
1.319488
0.262772
0.066951
1.017903
-0.417259
-0.792521
0.107715
-1.170201
-0.092756
0.053925
0.303568
0.234754
-1.476957
-0.224830
-0.048524
-0.251895
-1.506281
-1.228752
-0.323325
-1.127150
0.513102
0.832528
0.314161
0.265044
0.780405
0.910169
1.633152
1.968471
-0.633972
-0.636284
-0.314143
-0.456345
1.806564
0.498372
0.168814
0.736125
-0.229455
0.506356
-0.237374
-0.316278
0.398953
-0.060346
0.382582
1.046109
0.468391
1.909414
1.468606
-0.046105
0.184121
-1.101997
1.343610
-0.179270
-1.407815
0.423278
-0.247460
0.890669
-1.502808
-0.052861
1.141819
0.176567
-1.111014
0.966763
-0.187392
1.063234
1.559720
0.536112
-0.330871
-1.927897
0.139873
-0.045659
-1.148267
0.825997
0.452759
0.144943
0.157977
0.411879
-0.705281
0.651799
-0.449261
0.130681
0.804679
-0.684471
-0.100430
1.643515
1.426264
-0.187646
0.239936
-1.966151
0.330672
-0.928231
1.079069
-0.331601
-0.224215
-2.882290
0.019706
1.185457
1.314244
0.420012
1.184506
-0.825493
-1.654115
1.261164
-0.304196
0.178772
-0.391504
1.473642
-0.206751
-0.452027
1.297164
0.928445
0.133658
1.954923
-0.032696
0.223515
-0.186524
-0.259614
-0.188308
0.570433
-0.413070
0.998446
0.574016
-0.014783
-0.433467
-0.150794
-0.746897
0.677294
0.171119
-0.317983
-0.793869
0.494277
-0.325598
-0.220305
0.380371
0.576951
1.501103
0.047231
0.343725
-0.269768
-2.065512
-1.133405
-0.462696
2.080640
-1.161621
0.943468
-1.550264
1.381561
-1.526047
0.156565
0.692378
0.779418
1.076196
0.403881
-0.338896
-1.189541
0.682260
-3.109608
-1.185344
0.387631
-1.423182
0.125975
0.392546
-0.845629
0.353044
0.535917
-0.059333
-1.410341
1.069658
-1.263200
0.912328
0.773486
1.518601
0.692390
-0.059462
-1.117520
1.105024
0.222170
-1.067732
-0.960533
0.368425
-1.779612
0.650620
-0.713494
0.321562
1.000130
0.404111
0.262197
0.623466
-0.149130
-0.455582
0.174127
0.378920
-1.651356
0.017792
0.438824
-0.573373
-1.168822
0.991133
1.163239
0.733133
0.341601
0.522380
-0.556703
-0.423900
-1.106101
-0.152567
-0.171246
0.149967
-1.112880
1.792227
0.604871
0.912120
1.256368
-2.331007
1.254038
0.359796
-0.737950
-0.995502
-2.177948
-0.571929
-0.461152
-1.585436
0.498307
-1.181035
0.509444
-1.484372
-0.686493
1.225302
-0.690623
1.238554
-0.076954
-0.285899
0.370042
0.721103
2.071649
0.447300
0.464435
1.537912
-0.117606
-0.964924
0.560294
0.797030
-2.120443
1.107465
-1.600241
1.140500
1.420011
0.773694
-1.199903
0.635023
0.368815
0.351319
0.837375
-0.729635
-0.232742
-0.133840
-1.036438
-0.166033
-0.152024
0.081584
0.866956
0.108178
-0.242976
0.674309
1.551234
-0.938537
-1.470647
-0.871133
1.392694
-0.772237
-0.937224
-0.649443
0.525083
1.159984
-0.727109
1.875802
-0.626760
-1.082043
0.710707
-0.346357
-1.112370
-0.002130
-0.023137
0.077106
-0.657019
0.120701
0.045068
-0.964570
1.227460
0.581831
-0.422315
-0.556386
0.401399
-0.923342
-0.526474
0.170270
0.229448
0.456142
-1.164898
1.031146
-0.760873
0.457798
2.135083
1.322405
1.532577
0.675854
-0.433886
-0.878140
0.264450
-0.066821
-0.139819
0.748340
-1.193540
0.552141
-0.846220
0.864489
0.634418
1.482568
0.966167
-0.181244
-1.367891
-0.780464
-0.791742
-0.628398
-0.494731
-0.087802
0.853100
-0.437498
1.246139
1.055649
-0.649196
2.612582
0.406897
-0.697808
0.397613
0.281106
-0.436311
-0.273428
0.677898
-0.766063
-1.173369
0.119389
0.458862
-0.170499
0.229648
1.464155
-0.116751
-1.473713
1.338498
0.287558
0.314024
-1.302587
-1.469323
1.477161
-1.099418
0.229883
-2.062521
-0.420067
-1.893997
-0.687869
0.153770
-0.232301
-0.286931
-0.408688
0.186123
0.110228
-0.167813
-1.591992
0.684215
-0.358611
-0.840133
-0.693384
0.844427
-0.103145
-0.575256
0.265318
1.626615
-1.395443
2.103387
-1.053379
0.197572
-0.260346
2.465408
-1.199960
1.272758
-0.870592
-0.498888
-0.106179
-1.536376
0.571500
-0.909168
-0.571496
-0.357789
0.147830
-0.468836
2.634874
-1.733333
1.186070
0.199676
0.389627
0.210507
-0.170287
0.137853
1.180521
-0.236358
1.256770
1.088130
-0.655818
0.930610
0.472288
-1.165147
-0.155711
0.111413
-0.779509
-0.457280
0.276174
-0.109949
0.776593
1.051457
-0.328872
0.844422
2.009379
0.809349
-0.951398
0.940668
-0.424758
0.878074
-0.162895
-0.723640
-0.911947
-0.819840
0.071210
0.411898
-0.267292
-1.613699
0.481690
-1.942218
-0.135656
-0.326689
-2.432134
0.711930
1.642574
0.678074
1.207120
0.020746
0.288462
0.663591
-0.115882
0.148533
0.651821
-0.074650
-0.817650
1.012617
-0.972908
-0.221796
1.005602
-0.641891
0.143006
-0.222207
-1.139390
1.980531
-1.673641
-1.225405
0.151628
0.147502
1.365781
-0.896351
-0.463945
-1.718934
1.867599
0.255812
0.155461
0.576630
-2.015088
-1.002602
0.592811
-1.512701
2.030810
0.156477
-0.155387
-0.207060
2.075617
1.309346
-0.755445
0.485368
0.760775
-0.677471
1.044163
1.145759
0.054016
0.136235
0.877055
1.543607
0.696869
-0.933132
-0.034742
0.674326
-0.256711
-0.277024
-1.462926
0.362065
-1.015248
1.800445
0.435151
-0.549681
0.566455
0.749051
0.591426
-1.231556
-0.733381
-0.217142
-0.372160
-0.732826
1.496909
-0.151697
0.397967
0.067561
-1.135517
-0.403830
-0.172498
0.459477
0.234471
1.301752
-0.433349
-0.802664
-0.070840
0.568251
-2.094276
-0.245165
0.064090
0.012784
-0.640806
0.102597
-0.156446
1.201061
1.325179
1.649945
-0.858943
0.769482
0.303061
-0.602101
-1.795315
0.207462
-0.743323
0.368413
-0.672349
0.770876
-0.095912
0.016438
-0.342650
-0.678696
-0.794380
0.513719
-0.775772
1.074121
-1.069597
-0.174888
0.578494
1.248314
-0.091388
2.582713
-1.075567
-1.489468
1.074728
0.147141
1.788029
-0.317460
1.450979
0.888739
0.017431
-0.779056
0.619912
1.697000
-0.459756
-1.464079
-1.382868
0.876013
-0.748107
0.069648
0.275215
1.343711
0.057790
1.029567
0.812889
0.368076
0.855945
0.106187
1.678102
0.081548
-0.400678
1.251490
0.696206
0.839642
-1.101268
-1.070513
1.223384
-0.784345
-1.627615
0.900457
-1.207604
0.213392
0.355061
0.567884
-0.195636
0.025030
0.296645
0.079850
-0.916502
0.998316
1.779304
-1.145717
-1.159842
-1.228284
-0.224223
0.886896
1.066419
-0.002341
-0.192029
-0.416532
-1.332560
1.562196
0.215090
-0.012294
0.444027
1.373220
0.364585
0.119556
1.235420
1.992652
-0.494967
-3.008858
0.413793
0.825596
-1.591489
-0.349369
0.900673
-0.024357
0.391195
-1.582724
2.430159
0.509177
0.368396
0.476944
0.533289
0.409205
-0.160091
0.408591
-0.653401
0.505308
2.042411
-0.301304
-0.676520
-0.642374
0.496153
-0.085042
0.513904
-0.021243
1.378720
-0.833331
-2.392986
1.282935
0.066116
0.844599
-0.541479
0.035084
-0.906930
-0.964212
-0.394435
1.009176
-0.917459
0.869161
-0.219220
0.886307
-0.790963
1.722473
-0.375380
0.782059
-0.274115
-0.261386
-1.014585
0.865928
-1.016793
0.609126
-1.236089
1.092613
-1.910417
0.683748
-0.797863
0.384981
0.562328
0.410090
0.296135
0.954090
-0.745225
2.107738
0.598509
-0.802491
0.689860
0.668366
1.371465
1.890728
0.445327
0.676476
-1.886858
-0.123298
-0.042070
0.556894
0.631839
-0.736224
0.831969
0.028203
-0.436021
1.224139
-0.157440
1.171393
0.483758
-0.870178
0.341229
-0.595514
0.362808
0.466396
-1.163020
0.125140
0.357224
0.500512
-0.216182
0.692503
0.541856
1.542729
0.788347
-0.801287
-0.545189
-2.989726
-0.395568
-0.086793
-0.292676
0.365847
-0.199287
-0.294275
-0.550051
0.869417
-0.454349
-1.678931
0.165939
-1.613618
0.482354
0.672733
0.193353
0.711916
0.625505
0.756288
0.684798
0.642022
-2.281071
0.153199
-1.318979
-0.836817
0.083029
-0.098116
0.909972
-1.066679
0.436494
0.700284
-0.409251
-0.245209
0.421192
-2.039669
-0.268592
-1.025062
0.577430
-0.358227
1.285861
-0.278141
-0.923948
-1.722549
1.060167
0.333134
-0.812799
-0.406657
1.715763
-0.368667
0.379223
-0.611856
-1.578149
-0.222242
-0.210833
0.052454
-0.757056
-0.550127
0.001609
1.319349
0.023650
-0.534268
0.615185
0.303783
-0.666884
0.348831
-2.694598
-0.381223
1.079529
0.411562
1.547163
0.909615
-0.130738
0.309510
-1.351412
2.266150
2.814983
1.034641
0.548860
0.570852
1.000502
-0.908050
0.031714
-0.286295
0.032859
0.326205
-0.610865
0.461440
-0.038096
-0.469104
0.411251
-0.112824
0.302391
-2.030857
-0.430711
-0.228339
-0.664398
-0.089139
-2.082445
-0.848521
0.440966
1.386153
-0.425563
0.046056
1.980155
1.115625
1.828023
0.082430
-1.288181
0.434683
-0.036546
1.351561
-0.634440
0.122549
-0.065365
-0.672456
0.857543
-0.537204
0.912429
-0.218262
-0.869058
0.954482
0.492779
1.324001
1.688224
0.240005
1.416950
0.500606
-3.219033
-0.933804
1.024660
0.460606
2.123276
-1.027433
-1.073044
-0.151569
0.111565
-1.440380
-1.678074
1.158984
-0.228278
-0.271573
0.977377
1.786715
0.046104
0.335092
0.255390
0.713635
-0.555365
0.003435
0.998393
-0.210400
-0.263394
-0.884214
-0.796693
0.111722
-0.727761
-0.189597
0.981031
-1.063146
1.029526
1.552450
-1.119068
-0.708529
-0.739225
0.751558
0.297226
0.554711
-0.018471
-0.043655
-0.927900
0.946381
0.278334
-0.076292
-0.056724
1.925700
0.737404
-1.082029
1.049291
0.655247
-1.467805
0.304271
-0.340790
-0.063020
-0.605862
0.568198
-0.919822
0.570150
-1.323152
-0.527592
-0.911076
0.255595
-0.865709
-0.047014
-0.808892
0.399387
-0.039958
2.639729
0.012366
1.387469
-0.173297
-1.677955
-0.820574
0.023788
2.077499
0.525534
-0.246289
0.063682
-1.239125
-0.998336
-0.950878
-1.380035
0.138017
-1.249417
0.788928
-0.060149
-0.286037
0.769729
1.151072
-0.259501
0.931742
-0.899269
0.259141
0.840672
0.003785
0.815825
0.145021
0.966634
0.291861
-1.067168
1.766190
-1.445010
-0.455594
1.535128
0.055110
0.466890
0.881225
1.221723
-0.227119
-0.077861
0.063772
0.535722
1.590858
0.006860
-0.427165
0.533541
1.084514
0.514766
1.620999
0.030805
0.209997
-0.481278
0.418100
1.261323
0.777544
0.397441
0.164451
0.193126
0.246262
0.651474
-0.862359
-0.171491
-0.026120
-0.203747
0.753021
0.317626
-0.509597
-0.455694
-0.902119
-0.117348
0.185346
0.248387
-0.856327
-0.840685
0.209728
-1.269201
1.856619
1.580184
0.951729
0.117695
2.394867
-0.125174
-0.012988
-0.797863
0.359129
-1.343098
0.245692
0.680681
-0.054818
-1.279291
1.151753
-1.599702
0.456975
-0.765035
1.253840
-0.201281
-0.395418
0.738939
-1.562348
-0.131729
1.914979
1.394235
0.474952
0.910959
0.193324
0.714154
-0.525329
1.098737
-0.843241
0.456289
0.781412
-0.117364
-0.502991
-0.192042
-0.714703
-0.184320
1.333695
-1.723826
0.720967
-1.409075
1.270240
0.328407
0.400620
1.490638
1.345767
0.593866
1.278888
-0.939083
0.573372
-0.329098
0.575375
0.210668
1.299986
-0.414246
-0.908121
1.088120
0.570321
-1.528747
1.148596
-0.852897
0.830730
0.008948
0.560468
0.412428
1.642131
0.098722
-1.243809
0.177713
-1.012918
0.763021
-0.024685
0.168323
0.331045
1.147356
1.279067
0.379035
-0.639257
-0.401858
1.700827
-0.032899
-1.799784
-0.338579
0.197459
0.560059
-0.136548
0.606432
-3.219652
0.618225
-0.406503
0.449067
-0.835771
-1.638439
0.417515
-0.682210
1.073951
0.276250
0.113648
2.536375
1.278130
0.165718
-0.352422
0.413551
0.331018
-0.657179
-2.054286
-1.108308
-0.197609
0.723376
-0.777319
-1.052413
-1.702348
0.145605
1.058314
0.569782
0.142056
0.903097
-0.219397
0.535094
0.023146
1.525229
-1.413804
0.258080
2.185840
-2.540572
-2.061202
2.107771
0.280377
-0.492092
-2.039017
0.525760
0.335463
0.287086
0.994752
0.780740
1.117511
-2.258601
0.181388
-1.660668
1.203433
1.514282
0.705460
0.075060
-0.123629
0.635336
-0.470380
1.415139
0.006822
0.829692
0.385899
-0.274007
0.050070
0.709951
-0.358146
-0.571924
-1.035333
-0.192544
-1.871876
-0.643857
-0.171821
0.733141
1.457492
-0.818944
0.206478
0.441945
-1.570813
-0.469397
1.741820
-0.294671
0.274615
-0.973595
0.016956
0.820841
0.045115
-0.139186
-0.046929
-1.539475
-0.811501
0.751992
0.402470
-0.703370
-0.455555
0.688788
1.167829
-1.627185
1.831737
-0.570018
-1.518862
0.316254
-0.139294
0.532353
1.411103
1.669649
0.583641
0.564674
0.783849
0.341535
-0.101016
-0.409969
-1.961470
-0.695135
-0.590294
-0.989023
-0.413835
0.710633
-0.152196
-1.244127
-0.048434
2.042635
-1.014157
-0.339385
-0.098605
0.869783
-1.386866
-1.320307
-0.287716
0.231513
-0.028620
1.453607
-0.302786
1.415566
-0.942709
-1.016216
0.494855
-0.381185
-0.436818
-0.247574
-0.224223
-0.500945
0.363161
-0.922593
-0.314461
0.879590
0.308608
-0.432782
-0.258877
0.412094
-1.080450
0.235146
-0.710631
-1.173169
1.531778
0.536475
1.743302
1.209700
-0.172960
-0.892338
0.231650
1.803959
0.652276
0.340798
0.261435
-0.306725
-0.440893
0.572264
0.682883
-0.268870
0.860895
-1.751032
0.034218
-0.470720
-0.992205
-0.324186
1.400734
0.409795
0.283418
0.466475
0.286667
0.128844
-0.013860
0.110798
1.054556
1.013787
-0.675595
-0.506531
0.191620
-0.140071
0.795772
-1.200676
-0.775167
1.047689
0.962442
-0.368667
0.379223
-0.611856
-1.578149
-0.222242
-0.210833
0.052454
-0.757056
-0.550127
0.001609
1.319349
0.023650
-0.534268
0.615185
0.303783
-0.666884
0.348831
-2.694598
-0.381223
1.079529
0.411562
1.547163
0.909615
-0.130738
0.309510
-1.351412
2.266150
2.814983
1.034641
0.548860
0.570852
1.000502
-0.908050
0.031714
-0.286295
0.032859
0.326205
-0.610865
0.461440
-0.038096
-0.469104
0.411251
-0.112824
0.302391
-2.030857
-0.430711
-0.228339
-0.664398
-0.089139
-2.082445
-0.848521
0.440966
1.386153
-0.425563
0.046056
1.980155
1.115625
1.828023
0.082430
-1.288181
0.434683
-0.036546
1.351561
-0.634440
0.122549
-0.065365
-0.672456
0.857543
-0.537204
0.912429
-0.218262
-0.869058
0.954482
0.492779
1.324001
1.688224
0.240005
1.416950
0.500606
-3.219033
-0.933804
1.024660
0.460606
2.123276
-1.027433
-1.073044
-0.151569
0.111565
-1.440380
-1.678074
1.158984
-0.228278
-0.271573
0.977377
1.786715
0.046104
0.335092
0.255390
0.713635
-0.555365
0.003435
0.998393
-0.210400
-0.263394
-0.884214
-0.796693
0.111722
-0.727761
-0.189597
0.981031
-1.063146
1.029526
1.552450
-1.119068
-0.708529
-0.739225
0.751558
0.297226
0.554711
-0.018471
-0.043655
-0.927900
0.946381
0.278334
-0.076292
-0.056724
1.925700
0.737404
-1.082029
1.049291
0.655247
-1.467805
0.304271
-0.340790
-0.063020
-0.605862
0.568198
-0.919822
0.570150
-1.323152
-0.527592
-0.911076
0.255595
-0.865709
-0.047014
-0.808892
0.399387
-0.039958
2.639729
0.012366
1.387469
-0.173297
-1.677955
-0.820574
0.023788
2.077499
0.525534
-0.246289
0.063682
-1.239125
-0.998336
-0.950878
-1.380035
0.138017
-1.249417
0.788928
-0.060149
-0.286037
0.769729
1.151072
-0.259501
0.931742
-0.899269
0.259141
0.840672
0.003785
0.815825
0.145021
0.966634
0.291861
-1.067168
1.766190
-1.445010
-0.455594
1.535128
0.055110
0.466890
0.881225
1.221723
-0.227119
-0.077861
0.063772
0.535722
1.590858
0.006860
-0.427165
0.533541
1.084514
0.514766
1.620999
0.030805
0.209997
-0.481278
0.418100
1.261323
0.777544
0.397441
0.164451
0.193126
0.246262
0.651474
-0.862359
-0.171491
-0.026120
-0.203747
0.753021
0.317626
-0.509597
-0.455694
-0.902119
-0.117348
0.185346
0.248387
-0.856327
-0.840685
0.209728
-1.269201
1.856619
1.580184
0.951729
0.117695
2.394867
-0.125174
-0.012988
-0.797863
0.359129
-1.343098
0.245692
0.680681
-0.054818
-1.279291
1.151753
-1.599702
0.456975
-0.765035
1.253840
-0.201281
-0.395418
0.738939
-1.562348
-0.131729
1.914979
1.394235
0.474952
0.910959
0.193324
-0.236045
0.751415
2.463734
-0.497226
0.745636
-0.832662
-0.023805
-1.144345
-0.457826
0.014693
-0.222353
-1.676926
0.878052
-0.605561
0.997971
0.530877
-0.255302
1.495237
1.317168
1.366779
0.745717
1.330076
-0.794396
-0.629856
0.159603
-0.489890
-0.901818
0.968577
0.287678
-0.636654
1.859505
0.565606
-1.398389
0.219182
0.981123
0.227591
0.694566
-0.138083
1.632153
0.636424
1.636477
-0.321950
0.169027
-0.042404
-0.390694
0.065654
1.081427
1.722450
-0.062599
0.090830
1.021341
-0.514964
-1.245114
-0.493367
-0.535864
-1.138099
-1.015002
-0.087091
-0.274499
0.338364
-0.050050
-2.184005
-0.896585
-0.558119
0.574759
1.080920
-0.781003
-1.122918
-1.165830
0.850122
0.695971
1.185572
0.832571
0.164007
-0.918854
-0.320560
0.397949
-0.638311
0.230920
1.156284
-1.610688
-0.673079
-0.511234
-1.671042
0.401338
-0.209573
-0.840992
-0.364633
0.517853
0.705038
1.451991
0.068513
-0.694618
-0.426623
-0.918172
-0.801441
0.320962
-1.822361
-0.159883
0.255055
0.198523
-0.442483
0.284107
1.798516
0.366718
-0.837430
0.587448
0.782143
-1.269548
-0.095254
0.129929
0.145997
-1.421630
1.421857
-0.972198
0.186954
-0.455841
0.272053
-0.492748
1.420683
-0.599429
-0.251860
0.760196
0.420432
-1.104408
-0.731137
0.569726
-0.869303
0.295586
-0.492372
-1.286966
0.610001
1.297112
-0.676962
-0.789612
0.682866
-0.644132
1.017264
-1.200874
-0.410439
-1.373213
-1.046441
0.565977
-0.501204
0.406026
0.051801
-1.312070
1.169083
-0.720785
-1.184510
-0.201455
0.988447
-0.214112
-0.305050
-0.775445
-0.774205
0.078631
0.978623
-0.033845
1.717686
0.720635
1.064131
1.172984
-0.139200
0.948702
0.051688
1.314107
1.180459
2.192786
1.154491
-0.814598
-1.213541
0.445963
-0.855383
1.125982
0.087311
0.429104
0.355878
-1.739926
1.134842
0.343255
-0.207441
0.298235
-0.574446
-1.682172
-0.581352
0.444200
-2.363325
1.712881
1.374001
-1.225924
-0.063649
-1.239346
1.179841
1.881661
-0.214213
0.369891
0.572795
-0.188730
-0.259930
-0.285376
0.112239
-0.008941
0.800148
1.536180
-0.017541
1.927061
0.783976
-0.424340
0.877023
1.826669
-0.778322
1.201160
0.500579
-0.175579
0.848196
-0.119789
0.103169
-0.069407
0.622154
0.465716
-0.334825
0.016670
0.438880
0.488658
2.860320
-0.054703
0.349296
-0.355009
-0.833319
0.882820
0.237340
1.797093
-1.198670
0.314734
2.162235
2.466334
0.371838
1.702489
0.456582
2.303136
2.043114
-0.384397
0.817480
1.398616
0.583097
0.257439
1.030302
-0.488388
-1.073064
-1.182993
0.365830
0.723198
0.721872
-0.000228
0.003390
-0.507214
0.801397
-1.114941
-0.469831
0.654943
0.066878
1.515670
-0.228530
0.020106
0.971001
0.628228
0.914371
-1.149944
0.177663
-0.542299
1.998709
0.983443
0.642431
0.137623
0.735525
0.252313
1.499597
-0.728238
-0.687856
1.061779
-0.401406
-0.214139
1.157985
-1.286070
1.074706
0.533319
-0.857074
-0.918182
-0.094612
-2.076422
-0.337440
-0.509197
0.367728
0.330415
0.468367
-0.916106
-0.324908
-0.114559
-1.688513
0.017365
-1.082124
0.077709
-0.531255
-0.538703
0.283470
0.177030
0.009886
-2.223624
1.608869
0.427731
-0.520541
0.121946
1.303319
-0.185287
-0.867901
1.444659
-1.071391
0.369277
0.911755
0.413237
1.440751
-0.342353
0.790192
1.029146
-0.680100
1.769089
-0.390241
2.054852
3.206981
-0.373477
-1.415866
-0.486070
-0.847166
0.172205
-0.761782
-0.518056
-0.007223
0.439594
-0.602916
-1.244063
0.106045
0.629159
-1.181918
-0.205169
-0.823272
1.203300
0.979697
-0.507298
-0.535664
1.573785
0.236558
1.090422
0.249878
1.469754
-0.894146
0.193244
0.896687
0.323057
0.434438
-1.170809
-0.667875
-0.262856
0.090067
0.217199
-0.451749
-0.029096
-1.727380
-0.612238
0.531226
0.547732
-1.093051
-1.988773
0.675138
-1.388132
-0.124050
-1.656148
0.435467
0.634594
0.121297
0.636697
-0.525813
-0.045407
-1.322956
1.823778
-0.367640
-0.671648
0.736692
0.702778
0.127809
-0.110898
1.013463
-0.409965
1.119429
0.207721
0.260930
-1.372822
-0.665198
-0.165526
0.656628
-0.011466
0.425140
-2.010091
-0.628862
-1.481269
1.371661
-0.984083
-0.663453
0.069445
-2.173067
0.553546
-0.189704
0.328267
0.047493
0.002399
1.303032
0.639722
0.501486
-1.254470
1.290970
0.841449
-1.442810
1.741008
-0.359990
-0.071328
1.096504
1.686787
-0.233740
-1.343843
-0.224288
0.359236
0.388238
-0.124342
0.240737
0.282769
-1.653788
-0.886977
-0.009070
-0.133228
-1.454715
-0.530499
-2.388829
-1.935539
-0.550196
2.674209
-0.658745
-0.353202
0.085763
0.189637
-0.417923
1.340772
1.373732
0.286010
0.301423
0.274649
-1.597389
0.206690
0.471151
0.250025
-0.422401
0.649229
1.146838
0.784281
-0.360391
0.449815
-0.779277
0.628710
-0.840042
0.045584
-0.107275
0.635761
0.908526
0.387596
-0.977927
-1.635827
0.048451
1.724780
1.962325
0.523715
1.055071
0.299314
0.570145
0.908150
0.295167
0.940885
0.616082
0.509762
0.175281
-0.674607
1.333053
0.998819
-0.926286
0.704260
0.336215
1.797615
1.371361
1.249029
0.866865
1.236236
-1.737607
-0.221360
0.811907
-0.512981
-0.080194
0.880823
0.158424
0.937682
-0.910068
1.360985
-0.472803
0.458745
-0.300044
-0.836667
-0.707896
1.316442
-1.713483
-0.884447
-0.299889
2.076307
0.038344
-0.263376
0.672535
-1.413675
1.090276
0.396848
1.535460
-1.355948
1.310265
0.832933
-0.087411
-1.118823
1.504927
-0.820655
0.099129
0.445050
0.754397
-1.245842
1.390060
2.484909
1.193522
-0.494777
0.616119
0.454312
0.548668
1.348556
-1.628184
-0.062040
-0.500172
1.098633
-1.277452
0.057378
0.696865
-1.242281
0.243615
-0.195171
2.187639
-0.907544
0.571754
-0.366450
-0.039692
-0.093100
-0.717355
-0.055826
1.401832
-0.298149
-0.480100
-0.742064
-0.784361
0.710275
-0.450689
-1.284648
0.169481
1.408661
-0.981239
0.376144
0.935958
-0.013747
-0.865190
-0.635553
-0.367092
-0.956676
-0.351185
-1.618633
0.467071
-0.201420
1.220085
-0.757914
-0.687452
-1.834946
0.011234
0.018843
-0.563025
-0.444384
0.148874
1.804181
0.714003
-0.442040
-1.767544
0.504986
-1.421899
1.459539
0.627479
-0.350930
-2.409193
0.109616
-0.734070
0.643364
0.193074
-1.564135
0.775160
-0.632246
0.483611
-1.179188
-1.160270
-0.797795
-0.114773
1.077667
-0.037174
-0.763999
0.572837
0.897790
1.247435
-1.244365
1.148458
0.089451
0.059524
0.688523
1.085802
-0.022600
-0.336195
-0.040835
-0.625544
-2.154559
0.728844
-1.261974
-0.354022
-0.005429
-1.896857
-0.854288
0.264117
-1.624305
0.136914
0.274493
-0.828430
-0.614226
0.729687
2.296738
-0.899788
1.096190
-0.067306
0.382764
0.267035
0.169997
0.621333
1.031170
1.652217
1.514667
-0.708905
-1.222200
0.696106
-1.150179
0.517373
-0.117346
-0.358282
-0.004907
-1.134205
-0.135995
0.590011
2.120129
0.919574
-1.907484
0.859767
-0.053754
0.398545
-0.784037
-0.760857
-1.476011
-0.261600
0.296855
0.839326
-2.193571
-1.102839
1.476585
0.159416
-0.125034
0.899493
-0.087807
-0.751080
1.072432
0.523395
-0.226738
-0.178729
1.081295
-1.030933
-0.744417
0.455532
1.036815
1.175221
0.818709
0.256495
0.415720
0.524182
0.494181
0.450416
2.244251
0.726966
-0.350581
-0.104714
-1.421627
-0.506181
-0.602085
-0.645539
-0.836075
-1.872737
-0.994839
-0.241358
-1.017595
-0.361993
0.219111
0.635531
2.035768
1.183620
-0.926893
-1.140355
0.450356
-0.166872
0.794913
0.356183
0.042210
0.024499
0.753808
0.357720
-1.145664
-1.067139
0.208603
0.105109
-0.794372
0.183114
0.613249
0.218458
-0.158254
-0.148673
2.290208
-0.124503
-0.211407
0.619746
-0.545305
0.046076
2.032892
0.148232
-0.720242
0.366739
-0.133372
-1.223213
-0.877055
-1.164868
-0.684313
-0.708743
-0.142447
-0.083974
-0.004929
-0.250055
1.127592
1.225855
-1.702929
0.236065
-0.081967
-1.821390
1.173744
-0.025838
-0.660736
-0.361078
0.401249
0.570562
0.965132
-1.042958
0.944370
-0.994087
-0.693612
1.385876
0.748373
1.071289
-1.500328
-1.789703
0.200403
-0.251958
1.353639
1.395320
0.876862
-0.488257
-0.259787
0.263466
-0.906604
-1.435151
-0.595264
0.548212
0.549194
0.813933
0.294128
-0.377304
0.676857
0.945947
-0.638016
2.533703
0.552208
0.099302
0.056420
-1.656508
0.243401
-0.560399
0.037700
1.060010
1.111093
-0.648492
-1.234881
-1.059134
-0.782795
-0.460364
-0.897817
-0.205958
0.575080
-1.321884
-0.667123
-0.329693
0.662116
-1.197761
0.228400
-0.390789
1.335017
0.696127
-0.858165
0.311765
-0.791765
-0.795736
-0.676376
-2.180885
-0.401612
-0.195572
-0.877339
1.211265
-1.023658
-0.069650
-0.083748
1.924861
-0.002376
-0.100499
-0.404851
1.273297
0.045344
1.438478
-1.887604
2.166451
0.388553
-1.170701
0.078571
-0.848302
-1.513880
0.343187
2.143134
0.775368
-1.840766
0.854773
0.088345
1.810174
0.733284
0.771960
0.641597
0.599612
-0.954066
0.673122
0.651573
-0.423013
-0.101741
-1.225260
2.500785
-0.954609
1.219670
-1.342447
0.866508
-0.417911
0.241764
-0.905670
1.573651
0.821798
1.673839
0.878524
-0.771873
0.158763
2.911365
-0.546210
0.879965
0.872629
-0.570451
-0.331933
0.340643
-1.214778
0.066180
-1.010708
0.137514
-0.119433
-0.134034
1.441125
0.863369
-0.773858
-1.485607
-1.059965
-0.058784
0.005251
0.084130
0.548794
0.063066
-1.580155
0.437090
0.584564
0.368598
0.901010
-0.000796
-0.585567
0.541087
0.888149
-0.216702
0.204722
0.300576
-1.616848
-0.631734
0.546407
-0.742882
-0.989786
-0.098743
-0.555124
-0.507268
0.004659
0.044198
0.315473
-1.100858
-0.916725
0.878823
-0.773969
-2.267439
-0.224996
1.782324
0.133545
-1.240110
0.835495
-0.254964
-0.808098
0.736333
0.929710
-0.784225
0.201706
-0.312411
0.844757
-1.246778
0.116064
2.686112
0.475271
-1.009924
0.227569
0.491953
-0.025043
0.422564
0.270425
-0.148638
1.073157
-0.007274
-0.744766
0.095463
0.042960
1.282177
-0.118679
0.690158
-0.709987
0.937521
1.342639
-0.771899
0.925492
0.795948
0.526349
-1.448581
-0.796445
0.715902
-1.340155
0.631707
0.699730
0.319649
-1.156770
0.485553
0.355057
-0.494502
-1.287168
1.385329
0.989504
0.396132
0.966342
-1.474503
0.384113
0.272925
-0.040856
0.287824
-0.393989
-1.750862
1.546719
0.445198
-1.366028
0.366470
1.900169
-1.205023
1.125512
1.286264
0.138124
0.259877
-1.423558
-0.755130
0.046195
-0.276791
0.477780
-0.039628
-0.610280
-0.308411
0.951550
-1.324619
1.375631
-1.426234
0.366861
0.636828
-0.120253
-1.358042
-1.058510
-0.799292
1.118685
0.832035
-0.542694
0.592710
-0.605214
0.442447
0.287858
-1.455771
0.083549
-1.185730
0.331674
0.007673
0.429950
-0.955001
-0.606258
-1.694349
1.136752
-0.530291
1.403104
1.739789
1.808751
0.599182
-0.105257
-0.553415
0.038182
1.936634
2.044680
1.769022
0.432001
-0.366746
-0.870899
0.720302
-0.302714
-0.718459
0.133202
0.293137
-0.613111
-0.605333
0.756460
-0.078081
-0.001293
-1.229004
-0.457540
-0.436861
-1.247311
0.118873
0.662469
0.139156
-0.031258
0.144257
-0.528265
1.512103
-0.067124
-1.294946
-2.074891
-0.567326
1.872837
1.970315
0.080982
0.188144
1.107839
0.701822
0.344388
-0.356648
0.996899
-1.092207
-0.707935
-0.486802
-1.235244
-0.139548
0.864035
-0.747091
-0.684711
0.245653
0.032843
-1.191477
-0.643039
-0.550240
-0.053824
1.260248
1.793407
-0.657773
-1.025359
-1.193878
-0.370082
0.470252
0.524628
-1.580833
1.351226
-0.668543
-0.968767
1.069882
-1.169680
0.134622
-2.165771
0.432276
0.944226
2.680883
-1.233614
-0.205087
-1.909889
1.902305
-0.170815
0.533467
0.351189
1.170781
-0.033062
-0.464849
-0.085865
1.677019
0.553344
1.984011
-1.633639
0.747365
0.405757
-0.919687
-0.318027
0.769413
0.653503
0.420293
0.521362
0.497022
-0.871593
0.717266
-0.374377
-0.426881
2.011270
-1.502964
1.667740
0.998143
0.754876
1.233701
-0.312756
-1.435995
-0.385943
-0.443621
0.317265
0.598369
0.402430
1.572802
-0.425275
-0.781416
-0.391824
-0.827343
-0.153958
-0.974024
-1.739309
-0.658989
-0.885512
-0.200461
-1.520500
1.241193
-1.415253
-0.071816
0.002886
0.460275
0.698643
0.083467
1.479668
0.608760
1.028460
-0.567464
-2.239738
-0.613828
-1.534428
-0.205065
1.312272
1.597342
-0.357341
0.227956
0.216753
0.554081
0.258664
0.188723
0.244866
0.071771
0.194165
0.165349
0.220722
-1.013083
0.994210
-0.270489
0.259935
0.385736
1.405919
-0.749566
0.104389
-0.131081
-0.731611
0.261669
0.294199
0.286759
-1.427655
0.809705
-0.896443
-0.145897
0.857738
0.077925
-0.553408
-1.011227
1.351000
0.936635
0.154147
-1.782302
-0.366263
1.333537
-1.171479
2.209027
-1.302765
0.049020
-1.654983
0.457493
0.016291
1.056883
0.100142
0.969127
1.656122
-0.626615
-2.612799
-1.416572
-0.738690
-0.719861
0.070954
-0.048944
-0.649895
0.655101
-0.214147
0.033435
0.986159
0.536921
-0.040117
0.970534
0.010668
-0.222210
-0.676613
-0.305732
-0.507942
1.385188
0.798239
-0.325533
1.319488
0.262772
0.066951
1.017903
-0.417259
-0.792521
0.107715
-1.170201
-0.092756
0.053925
0.303568
0.345324
0.160087
1.234620
0.462180
-0.286694
-0.834913
2.132035
-0.252389
0.131571
-0.100605
0.341417
-1.507947
-0.561269
0.202528
-0.572890
-0.829352
-0.851396
-0.110292
-1.592339
0.960405
1.499616
-0.843215
-0.454468
1.381731
1.108416
-0.336321
-1.353191
-1.387234
1.220942
0.315578
0.396169
-0.580850
-0.139985
0.258481
0.595170
0.134359
-0.885188
-0.475279
0.427576
1.452013
-0.184300
0.508886
-0.098359
0.756453
-1.018818
0.259263
0.477816
0.837461
-0.177967
0.170072
-1.577825
0.025612
-0.704167
1.877110
0.166698
-0.106558
0.284512
-2.131938
-0.477873
-1.048156
0.582329
-1.064072
-0.676954
2.221917
0.242679
0.225352
-0.350572
0.982552
1.376861
-0.048610
-0.330540
0.051806
0.730644
-1.122028
0.890812
0.986711
0.147258
-0.283065
-0.102293
-0.371454
-0.945768
1.718970
0.880583
-0.353730
-1.116760
0.352976
0.661560
0.120098
-0.532285
-0.995437
-0.570190
-0.871749
-0.591387
-1.809457
-0.452447
-0.654957
-0.657436
0.317474
-0.342851
-1.009264
-1.485894
-0.538762
0.153610
-1.157103
0.797185
0.616578
-0.813221
1.297199
-1.349475
0.344456
0.095866
-0.800730
0.982742
0.328835
-1.545298
-0.430677
-0.090981
0.996922
-1.136393
0.608823
-0.727690
-2.026072
-0.784111
-0.519504
1.078122
-1.651167
-1.866518
0.630441
-0.330526
0.168987
0.315979
0.214423
-0.383274
0.095827
-1.277547
-0.240458
1.315927
1.129062
-1.316908
1.604838
-0.095637
0.819950
0.579731
-0.868811
0.362137
0.439416
0.842684
-1.801405
-1.220396
0.609941
-0.303888
-1.106071
-1.284886
1.640852
0.079022
-0.421894
-1.767813
-1.355753
-0.247526
-0.969944
1.027225
-1.568685
0.721720
0.138853
0.543412
-0.243126
0.955684
-1.023233
0.598990
-0.773234
-0.985640
1.461210
-0.353688
0.765409
0.917434
-0.262475
-0.535082
0.266562
1.321776
0.363584
0.664797
-0.531214
-0.124963
1.085123
-0.277887
0.814023
-0.300233
-0.087908
-1.433166
-0.458070
-0.043484
-0.189912
0.122838
0.683467
0.245441
-0.713871
-0.792374
-0.284271
-2.210814
-1.678941
1.130651
0.185355
0.871921
-0.594441
1.061502
-1.294972
0.304389
-1.510833
0.092439
-1.534206
-0.822967
0.152814
-0.587526
-2.099144
1.611322
1.261400
-0.424768
-1.390205
-0.656713
0.937377
0.914815
-1.523738
0.795370
1.061671
0.234456
-0.770313
-1.056512
-0.981175
1.338934
1.274039
0.712893
-0.025208
-0.095110
-0.011504
0.249481
0.942613
-1.112679
-0.684549
-0.689566
-0.007033
1.034662
2.063366
2.039985
-0.825230
-1.676481
-2.293789
1.781752
0.429727
1.369182
2.582646
-0.315481
1.244259
-0.579442
-0.980768
0.528110
0.125608
-1.578246
0.442728
2.358353
-1.077107
1.206556
0.555941
-0.174674
0.967085
1.916749
0.078955
0.288027
-1.515568
0.061944
-1.601041
0.488923
-0.392339
1.036647
-0.977517
0.074561
-0.331637
0.703198
0.835210
-0.395242
-0.502112
1.661413
0.654545
0.641651
-1.278958
-0.194035
1.854387
-0.188501
1.061265
-1.118468
0.360217
0.211434
-0.998937
-0.485656
0.283707
0.999763
-1.412169
-1.601289
1.652085
-0.179837
2.455459
1.579503
0.137681
0.405459
-0.341004
-0.816596
-0.011582
-0.034947
-0.194005
0.519612
1.265267
-0.417310
1.553399
1.123668
0.925233
-0.222649
-0.664747
0.131441
-0.313907
0.168068
1.368112
-0.892921
1.583078
-0.142354
-0.537934
0.888552
-0.311401
-1.652172
-0.556869
-0.927648
-0.698457
-0.668010
-0.628327
0.799476
1.036763
-0.095081
-1.348458
-0.757667
-1.273143
-0.424031
0.874225
0.076747
0.228129
-0.114751
0.062144
-0.132376
0.438978
0.628594
0.428023
-1.011276
-0.320316
-0.700427
0.367093
-1.353966
0.674585
1.339052
0.438346
-0.685946
0.141649
-0.907585
-0.101358
0.251763
-0.242726
-1.030053
-0.737231
2.197405
0.188270
-0.574355
-1.809658
1.180089
-1.042044
-0.444419
-1.332592
0.976984
0.554459
-0.717048
-0.085506
0.838817
-0.620052
0.197823
-0.929564
0.000706
-1.167902
1.049946
0.057622
-0.474587
0.649913
1.525632
0.817944
1.251593
1.047925
1.279028
-0.926626
0.883763
-1.983223
1.950130
0.662907
0.861686
-0.197377
-0.593803
0.551344
-0.670119
-1.427322
1.224429
0.717953
-0.415199
0.171758
0.423758
0.625863
-1.043646
0.897950
0.698753
0.795412
0.795851
-0.130539
1.018321
0.063896
-0.304246
0.031667
0.082498
1.550131
-0.240654
0.879677
0.722527
-0.926214
1.063391
-1.200379
-0.039778
1.523725
0.189341
-0.587459
-1.128245
-0.525089
0.250494
0.935093
0.314672
-0.255445
-0.642578
0.666142
0.327260
-0.893669
0.038119
1.113542
1.501219
0.151677
-0.392511
1.406108
1.514122
0.014208
0.125608
-0.598947
1.270547
0.065393
1.225188
-0.179713
1.231348
-0.868921
1.042046
0.575227
0.061185
1.236567
0.393221
-0.635216
0.881905
-0.507084
1.614774
0.751684
0.631248
3.290654
0.170473
0.591623
0.656059
0.110336
1.269904
0.014509
0.921462
-1.268880
-1.114160
0.213666
0.682630
-0.760641
0.228197
-1.158679
0.921007
-0.363078
0.121007
-0.660129
-0.569874
2.067180
0.862425
0.993791
-1.313173
0.421268
-0.059087
1.013965
-1.956940
1.732061
1.205230
0.382089
0.549197
-2.015814
-3.038590
-0.372094
1.203556
0.744542
0.992453
0.722132
-0.016930
0.757452
0.661113
-0.013995
0.246813
-0.340459
0.469667
-1.239686
-1.540177
-1.570768
1.010106
-0.158850
-0.108243
-0.095508
-0.240326
-0.580118
2.614099
0.087598
-0.607622
-0.199076
0.023280
-0.532728
-0.892820
-1.131533
1.732015
0.143951
0.583523
-1.840500
0.046905
-0.160035
1.134992
1.033955
-0.456109
1.311310
-0.646540
0.223881
0.573112
-0.274710
-0.685052
-1.109026
-0.237761
-0.618321
0.263863
0.536432
0.437208
-0.874743
-0.928759
-0.230657
-0.292500
1.473249
-0.189307
-0.045452
0.218215
0.881947
1.268128
1.898320
-0.216964
-0.250702
-0.042360
0.913501
0.006112
-0.811202
0.745867
-0.033105
0.064438
-0.745568
1.708413
0.764302
0.241142
0.816179
1.244311
-0.178563
-1.621423
-0.056472
0.882921
0.833395
1.744131
-0.775327
-0.831210
-0.550598
-0.242079
1.140781
0.964781
-1.202571
-0.265582
0.749850
0.251856
0.642169
-0.612976
-0.572919
-1.723451
-0.091174
-0.103358
-0.121990
1.397817
0.073867
0.069773
1.025516
0.829128
0.799025
-0.853617
-1.625683
-0.047080
0.087687
0.080408
1.994033
1.010833
-0.450797
1.096527
-0.255348
-0.950504
1.014645
-1.222883
0.487837
-0.546269
1.319670
-0.241727
1.122678
1.085563
0.012876
0.250527
-0.351245
1.033566
-1.724175
0.645790
1.628882
-0.187823
-0.766045
-1.089115
0.363536
0.917689
1.489676
-0.589083
1.015132
0.533922
-0.265089
-1.326024
0.239704
-0.248152
1.813021
2.059555
-2.072560
0.496568
1.461515
1.417503
-1.493048
1.479177
0.455982
0.142872
-0.660478
0.527278
-0.752268
1.239086
-0.785209
1.547009
-1.058590
-0.953819
-0.395323
0.326738
0.979796
-1.225363
0.326022
1.627465
0.404812
-0.364506
1.263216
0.133105
-1.075842
-0.961812
-1.235900
-0.462929
-1.114568
-0.850021
-0.754411
-0.853927
0.728296
0.706196
0.038271
-1.586618
-1.969257
1.226312
-0.171805
-1.203049
-1.540760
1.264421
-0.550169
-0.566082
1.109873
0.093466
-0.525423
0.192290
-1.035702
0.231155
-0.101711
0.530052
-0.402003
-0.433142
-1.954616
0.785011
-0.320330
1.017606
0.893601
-2.258582
0.019906
-1.176074
0.793794
0.579072
-0.711587
1.268457
0.857896
-0.134946
-0.725373
0.995222
0.602099
-0.564058
0.229535
0.910570
-0.942184
-0.344477
-0.260407
-1.426797
0.459238
1.291688
-0.929472
1.268104
-0.553699
0.946397
-0.347388
0.552141
1.836147
-1.324716
-0.409027
-0.332529
0.394059
0.302364
2.108027
-0.513771
0.938695
-0.843968
-0.299042
0.283325
0.229616
0.593046
0.330652
0.033956
-0.793942
0.529831
-0.031768
-1.170674
1.547240
0.822390
0.199830
-1.055532
1.454877
1.185823
-0.413608
-1.702877
0.007861
-1.183841
0.586832
-2.144245
-1.831284
-0.070131
0.913002
0.042520
-1.684320
-0.015785
0.547889
-1.553014
-0.364033
0.468413
-0.237644
-0.665394
-1.046304
1.609166
1.218380
-0.177321
0.188403
-0.368938
1.653186
-0.888003
0.957295
0.906077
-1.007119
0.714076
-1.698055
-0.510077
-1.447697
1.248131
-1.253091
0.046836
0.843351
-0.028032
-0.052061
0.435645
-0.194525
0.271603
0.070630
1.116584
-0.152451
-0.841803
0.601753
0.685153
-1.204398
-1.132176
-0.420398
0.798781
0.433799
-0.845635
-0.461209
0.472580
1.544423
-1.368349
-1.186318
-0.759283
0.188334
0.035203
0.089568
0.283471
0.093391
0.894018
1.617075
-0.648762
-0.128913
-0.531137
0.255971
-1.229620
1.414450
-0.383409
0.559737
-0.010039
-0.531935
1.301994
-0.646861
-0.346732
1.091508
-0.240801
-1.513901
-0.558541
0.689871
0.478194
1.036944
0.269822
-1.101170
0.344435
0.235208
0.298541
-1.120939
0.301982
-0.847379
0.495600
-0.652436
-0.227019
-0.092522
0.866489
-1.048946
-0.933854
0.018281
0.654750
0.627584
0.151255
-0.816658
0.931812
1.679046
0.131246
0.636293
-0.439494
1.506614
0.580636
-0.022536
-0.706932
-0.065678
0.222758
0.554524
-0.303147
-0.933932
-0.320373
-1.348610
-0.106997
0.432891
0.408879
-0.258755
0.860651
-1.006551
-0.921792
1.280439
-0.920545
1.163277
1.463370
-1.219404
-1.085185
0.694201
-0.224627
0.772605
2.332881
-0.493936
1.893314
3.699748
-0.720514
-0.546777
1.067265
-0.032625
-1.199326
0.876925
-0.561966
-0.446514
0.987341
-1.312990
0.291870
-0.964540
0.676845
1.264802
-1.841635
1.384383
0.932830
1.590743
0.066310
-0.608263
-0.189829
-0.522852
-2.286618
0.145322
0.407661
-1.005031
1.448661
0.013120
0.471799
2.024586
-0.220530
-0.416696
0.783083
-1.206875
-0.606650
-2.336706
1.364000
0.565342
-0.625345
1.323580
0.195638
0.272455
0.912525
-2.499787
1.133964
-1.041549
0.232185
-0.113240
-0.702368
1.927237
0.661452
0.841721
-0.695814
-1.616246
-1.524418
-0.463577
-0.941322
0.158265
-0.339171
0.656718
-0.235671
-1.788853
-2.033576
0.648734
-1.105367
0.175373
-0.846527
-0.086163
0.470653
-1.041000
0.162301
-2.345851
0.221461
0.052883
-0.975476
0.347338
0.157289
0.784097
0.213668
0.289216
0.902418
-1.415432
-0.325585
-0.337605
1.618186
0.806138
-0.163993
-0.373155
1.627623
0.963071
0.119246
0.191721
0.999874
0.794761
1.849525
-0.673328
-0.070530
0.136956
-1.809762
1.671391
0.120966
-0.457079
-0.542235
-0.534538
-0.620886
1.175749
-0.721866
-1.219633
-0.111179
-0.071426
0.819728
-0.526115
-0.632706
0.492079
-0.669947
0.294360
0.122078
-0.205908
-1.325557
-0.111866
0.714154
-0.525329
1.098737
-0.843241
0.456289
0.781412
-0.117364
-0.502991
-0.192042
-0.714703
-0.184320
1.333695
-1.723826
0.720967
-1.409075
1.270240
0.328407
0.400620
1.490638
1.345767
0.593866
1.278888
-0.939083
0.573372
-0.329098
0.575375
0.210668
1.299986
-0.414246
-0.908121
1.088120
0.570321
-1.528747
1.148596
-0.852897
0.830730
0.008948
0.560468
0.412428
1.642131
0.098722
-1.243809
0.177713
-1.012918
0.763021
-0.024685
0.168323
0.331045
1.147356
1.279067
0.379035
-0.639257
-0.401858
1.700827
-0.032899
-1.799784
-0.338579
0.197459
0.560059
-0.136548
0.606432
-3.219652
0.618225
-0.406503
0.449067
-0.835771
-1.638439
0.417515
-0.682210
1.073951
0.276250
0.113648
2.536375
1.278130
0.165718
-0.352422
0.413551
0.331018
-0.657179
-2.054286
-1.108308
-0.197609
0.723376
-0.777319
-1.052413
-1.702348
0.145605
1.058314
0.569782
0.142056
0.903097
-0.219397
0.535094
0.023146
1.525229
-1.413804
0.258080
2.185840
-2.540572
-2.061202
2.107771
0.280377
-0.492092
-2.039017
0.525760
0.335463
0.287086
0.994752
0.780740
1.117511
-2.258601
0.181388
-1.660668
1.203433
1.514282
0.705460
0.075060
-0.123629
0.635336
-0.470380
1.415139
0.006822
0.829692
0.385899
-0.274007
0.050070
0.709951
-0.358146
-0.571924
-1.035333
-0.192544
-1.871876
-0.643857
-0.171821
0.733141
1.457492
-0.818944
0.206478
0.441945
-1.570813
-0.469397
1.741820
-0.294671
0.274615
-0.973595
0.016956
0.820841
0.045115
-0.139186
-0.046929
-1.539475
-0.811501
0.751992
0.402470
-0.703370
-0.455555
0.688788
1.167829
-1.627185
1.831737
-0.570018
-1.518862
0.316254
-0.139294
0.532353
1.411103
1.669649
0.583641
0.564674
0.783849
0.341535
-0.101016
-0.409969
-1.961470
-0.695135
-0.590294
-0.989023
-0.413835
0.710633
-0.152196
-1.244127
-0.048434
2.042635
-1.014157
-0.339385
-0.098605
0.869783
-1.386866
-1.320307
-0.287716
0.231513
-0.028620
1.453607
-0.302786
1.415566
-0.942709
-1.016216
0.494855
-0.381185
-0.436818
-0.247574
-0.224223
-0.500945
0.363161
-0.922593
-0.314461
0.879590
0.308608
-0.432782
-0.258877
0.412094
-1.080450
0.235146
-0.710631
-1.173169
1.531778
0.536475
1.743302
1.209700
-0.172960
-0.892338
0.231650
1.803959
0.652276
0.340798
0.261435
-0.306725
-0.440893
0.572264
0.682883
-0.268870
0.860895
-1.751032
0.034218
-0.470720
-0.992205
-0.324186
1.400734
0.409795
0.283418
0.466475
0.286667
0.128844
-0.013860
0.110798
1.054556
1.013787
-0.675595
-0.506531
0.191620
-0.140071
0.795772
-1.200676
-0.775167
1.047689
0.962442
1.116434
-0.726786
2.619135
0.163397
-0.623185
-1.502228
0.036909
0.821516
-0.332798
-0.674807
0.084985
-1.069605
0.009066
0.469970
0.237631
-0.597350
-0.632472
0.157323
-0.978644
0.139256
2.031960
0.085191
1.838669
1.866534
-1.239383
0.258429
-0.934375
0.549241
-0.554858
0.621452
-1.013447
0.571455
-0.051158
-0.867723
0.292803
-1.123110
0.528341
-0.108210
0.412600
1.641438
-0.933132
-0.637404
0.905669
-1.986868
-0.364163
-2.413783
-0.915626
-1.555317
-0.363948
-1.358867
1.026196
0.421501
-0.471386
-0.374323
1.690854
-0.599585
1.043928
0.154599
0.140661
0.192137
0.642592
-1.185172
0.458881
0.250171
-0.849759
-0.932168
-0.192995
0.931862
-0.085431
0.536302
0.427543
-0.310420
1.864978
-0.672488
-0.755836
0.880091
-0.304610
1.753927
-0.059491
1.143385
-0.151441
-0.248201
-0.060672
-0.446171
1.829451
0.463447
0.980478
0.474822
-0.499265
-0.311795
0.817923
0.136894
0.836092
0.885419
-2.061916
-2.337765
0.154783
-1.290446
1.257537
0.301039
-0.745112
0.375728
0.478442
1.460688
-0.613563
-0.535047
-0.243615
2.048561
0.218883
0.638255
0.593522
0.493969
0.077555
1.734142
-0.654484
0.399689
-0.395353
-1.070897
-0.732911
-1.078331
0.020577
-0.372780
-0.747117
1.477420
-0.511092
-0.095714
0.526567
-0.004397
0.097841
-0.294069
-0.125660
-1.091410
-0.594774
0.305164
1.009896
-0.506178
-0.554467
0.916558
-0.495974
-1.834589
-1.013432
-0.824021
1.159062
0.182003
-2.186215
-2.185652
0.902191
0.688205
0.801614
-0.596282
0.751558
2.093848
0.341829
0.348940
-0.965159
0.046312
-1.152251
-0.025752
-0.347657
-0.004937
-0.625344
0.188302
-0.382063
-0.634070
-0.144705
0.612897
0.730850
-0.754492
0.594290
-0.049245
0.318826
-0.381098
-1.828543
-0.321489
-1.221525
-0.046521
0.007541
0.000576
-1.096122
1.186514
-0.237450
0.815316
0.678180
0.033241
0.522662
-0.659260
-0.613497
0.458548
0.487663
0.951396
0.841530
-2.114538
-0.556212
-0.117920
-1.962805
0.897555
0.536346
2.470128
-1.478824
-0.067891
-0.254609
1.328546
-0.427161
0.647255
-0.582562
0.583141
-0.033233
-0.333688
-1.009002
0.665276
-0.334726
-0.533451
-1.043647
0.059014
-0.533045
1.505588
0.613881
0.950148
0.711825
-0.095080
-1.328039
-0.583442
-0.250519
0.335570
-0.012241
2.516476
-2.188308
-0.140183
-0.671593
0.763514
-1.321355
-1.397227
2.663712
-1.071565
-0.291681
0.394742
-0.024216
0.508381
1.843157
1.143637
-1.972424
-0.176051
0.109016
0.777856
-0.553458
-0.190192
1.245553
-0.473387
-0.266084
-1.410263
1.681671
-0.914554
0.830075
0.318598
0.233219
1.444478
-0.041817
-0.984667
0.460615
0.911081
-0.329466
0.758969
-0.893901
-0.498692
0.153149
-0.769903
-1.182767
0.932938
-0.892758
-1.131921
0.387717
-0.116371
2.287246
0.471018
0.014954
-0.845996
0.901916
0.827964
1.394426
-0.661045
0.036117
-0.488491
0.609226
-0.349662
-0.396928
-0.361406
0.881269
-2.030817
-0.421163
0.160204
-0.159347
0.885617
-0.480124
0.521790
-0.113705
-1.762355
-1.282362
0.131299
-0.097288
-0.045023
1.390236
-0.318991
-1.282734
0.723307
-0.117566
-0.790025
-0.112095
1.454819
0.760180
0.958627
0.052724
-0.672016
0.939952
0.766733
-1.539502
-1.102201
-0.014701
-1.322593
-0.064525
1.632395
-0.781696
-1.091527
-1.351534
0.052231
0.015512
-0.721042
-0.023966
-0.083032
1.803199
0.437334
0.196585
-0.708385
-0.983129
0.393706
0.287144
0.647424
-0.644706
-0.267565
-0.684624
2.442439
1.105770
-1.712550
1.583982
-0.697011
0.102436
-0.463014
0.977330
-0.120028
-0.753936
0.891361
1.755221
-0.259568
0.521911
0.808259
-0.877988
-0.625060
-0.341428
-0.065156
-0.092366
1.428424
1.066918
-0.082185
0.048137
0.852059
0.404614
-0.326638
-0.377806
-0.797325
0.562159
-0.426336
0.770376
2.001385
1.618144
0.806851
0.320893
1.410013
-0.888106
0.150701
1.260590
1.224493
0.101122
-1.332499
0.131521
2.225778
-1.991788
0.839753
-0.886469
-1.896568
-1.429375
-1.514288
-0.554123
-1.645829
-0.867290
0.852484
-0.403317
-0.629275
0.687541
-1.297348
1.605712
-0.777918
-2.164072
-0.991761
0.930648
1.153363
0.395716
-1.009984
-1.282856
0.494704
-1.260332
-0.393348
1.536717
0.216774
1.132442
-1.318177
1.139231
0.151566
0.668167
0.142201
1.626256
-0.201427
1.301129
0.515830
-2.353024
0.347655
0.415168
0.188147
1.597323
-0.549118
0.142676
-1.211698
-0.616036
-0.019957
-1.097818
1.062107
0.747509
-0.504220
-1.922258
-0.078954
0.100045
-0.402802
-0.613775
0.515104
0.162421
-0.960634
0.072637
-1.621176
-0.505109
0.280878
-0.831202
0.439802
0.362777
-0.345061
0.765224
1.309557
1.117046
0.122706
1.077320
1.033892
-0.548729
-1.890939
0.505967
0.185687
-0.954532
1.432604
0.823595
-0.221202
-0.446697
-0.311560
-0.421193
-0.524253
0.301292
-0.405650
0.135066
-1.062818
0.029918
0.149809
0.339805
0.914145
0.468818
2.473782
0.335904
-1.433939
-0.437765
-0.329728
-0.422498
-1.173016
-1.543297
1.318724
-1.019897
0.265584
-0.206936
0.636749
-0.114452
1.245991
-0.508396
-1.168942
-1.169708
-1.310328
-0.297807
-0.314766
-0.720848
-1.100299
0.234704
-0.654281
1.061349
-0.396004
0.752885
0.943954
1.860461
-0.305476
-0.806621
-2.032094
0.519112
0.616908
0.180972
0.544259
0.183434
0.643609
-0.908429
-0.310757
0.241159
0.662312
0.006009
-0.013124
-0.422490
-0.762013
0.401978
0.133289
-0.167710
0.302198
0.998265
-0.897527
-0.138458
1.113260
-1.635072
-0.442659
-1.354149
-0.771735
2.177085
-0.194655
2.575779
0.339065
0.514473
-0.203163
-0.317328
-0.599462
1.073473
0.593189
-1.306020
0.148932
-0.013686
-0.092219
-0.834369
-1.833175
-0.268135
0.773860
1.428388
-0.449708
1.192903
1.972544
0.435680
0.887171
1.019818
0.573499
-1.843323
0.678257
-0.664614
-1.352162
-0.570643
-0.175981
0.339006
0.033766
-0.139933
-0.497451
1.037431
-0.953399
-0.931710
0.357955
-0.178404
0.990578
0.140884
1.176914
-0.674348
0.343905
-0.129119
-1.733961
1.617710
0.787062
0.446932
0.555841
-0.858541
0.209454
-0.693065
-0.712363
-0.641995
0.710439
0.292150
0.416338
0.469781
-2.135637
-0.209252
1.652134
-1.001234
-0.358826
-0.593064
-0.475010
-0.781498
-0.098565
-0.213028
1.211658
-0.190945
0.599231
0.505951
0.331724
-2.104150
-1.364753
0.550197
-0.534972
-0.166231
-0.418869
0.020913
0.088273
-0.178529
-0.485818
-0.373686
-1.488097
-0.568172
-0.916961
0.920154
-0.797271
-1.009536
0.906384
1.932029
-0.367988
-0.596585
0.234591
-1.785224
-0.563691
0.285606
0.549143
2.485198
-1.151304
0.143644
-0.945279
-1.367989
-0.934840
-0.174870
-1.950515
0.571349
-0.292360
-0.703937
-0.091817
-2.286172
-0.916093
1.036691
-0.563716
-0.874395
1.725753
0.587368
-0.368160
0.205506
-0.114995
0.715680
-0.103668
0.214024
-0.023626
-1.083669
0.366051
-1.791443
-0.072626
1.059885
0.338886
2.345338
0.056775
1.180582
0.059888
2.271538
0.285617
-0.535296
0.593446
1.472861
0.308615
1.315351
-0.670542
-0.767132
1.994741
-0.306590
0.917509
0.847294
-0.662639
-0.336675
-0.553491
-0.284629
1.004544
-1.078066
1.578790
0.238556
0.960202
0.171242
0.759634
-0.205330
-0.662225
-0.686078
0.503098
-0.194939
-0.852151
0.159728
1.165733
-0.579956
0.813038
-0.264016
-2.459728
-1.509585
0.669534
0.246132
1.065276
-0.603786
1.571496
-0.587192
-1.490643
1.337471
0.615998
-0.142769
-1.657728
-0.187106
-0.977916
0.083193
-0.486115
-1.733879
1.170570
0.275647
-0.174635
-1.482072
0.802515
1.373587
0.651199
-2.509986
0.283536
0.008050
1.550328
1.615031
-1.436271
0.229634
0.390320
0.491464
1.228884
0.828797
1.015331
1.294871
1.267116
1.176244
0.418476
1.202639
0.731663
-0.883178
0.205182
-0.264350
-0.614539
2.444450
-0.842626
1.014937
-0.212737
-0.313582
-0.142538
-0.933200
0.701280
0.685876
-0.027637
-0.157893
-2.859293
0.178664
-0.933237
0.115505
-1.039727
0.432352
0.869092
-0.420168
-1.267820
-0.189351
-1.266102
-0.247897
-0.838322
-0.222733
-0.702772
-0.057259
0.259935
0.256029
-0.292315
-1.125843
-1.074110
-0.668976
0.375908
1.377085
0.062412
0.701273
-0.797526
1.076126
1.104615
-0.536471
0.618883
-1.542986
0.483377
-0.973016
-0.288974
0.510882
-1.315998
0.139346
1.424189
1.093222
-1.421999
-0.087562
0.942196
-0.338545
0.855984
-1.290585
-0.319976
-1.117890
0.265065
-0.330463
-1.212255
-2.962794
1.380684
0.271318
-0.581552
2.676173
2.652873
1.118014
1.124526
0.339727
0.252361
1.471440
1.382551
-0.351957
0.886079
-1.282919
0.965971
-1.421971
-0.442519
-0.161091
1.729568
-0.311215
0.420589
0.206669
-1.607459
0.910484
-0.187555
0.122874
-1.141740
-0.961826
-0.007183
0.293570
0.286317
-2.208980
-0.909205
0.103249
0.176617
0.439496
-0.040894
1.058672
-0.025777
-0.725520
0.324567
-0.801319
-0.298251
-0.117174
0.358982
-0.993773
0.007983
-0.514144
-0.644789
0.398812
-1.286515
1.015255
1.128366
-0.293976
0.180097
0.627559
-0.284471
-0.872643
0.166297
1.431187
-0.295703
-1.271962
-0.328486
0.433160
0.429296
0.514194
0.719136
-0.567649
0.711051
0.436131
-0.394356
0.539311
-1.779318
0.195404
-0.734618
-0.677418
-0.286548
-0.963032
-0.353858
-0.216279
-0.946253
-1.721908
-0.329772
0.852573
1.043060
1.320078
0.415067
1.508017
-1.500063
0.732992
1.429584
0.993679
-0.143364
-0.501727
0.113171
-0.389913
-0.166030
1.719638
-0.482491
0.928692
-0.747102
0.648267
0.542463
-0.649157
0.403095
-1.633985
0.896459
1.118238
0.204896
0.579082
-0.338290
-0.353022
0.062611
0.641076
0.433034
1.715526
0.602394
2.160001
0.328091
-1.683120
-0.451261
-0.307267
1.137180
1.758255
-1.233646
0.007615
0.293282
1.207793
0.672741
-0.495458
-1.033442
-0.485233
0.432484
0.289117
1.905160
0.501423
0.530328
0.385227
1.245788
0.143939
1.189209
-0.816207
-0.515379
-1.234733
1.160233
-1.335069
-1.107320
1.323181
-1.205498
1.197235
-0.836359
-0.212954
1.448566
-0.068331
0.177682
0.152716
-1.011220
-0.518068
0.361641
0.185087
0.943850
1.195828
1.176283
0.199919
0.927945
-0.006843
0.261363
-0.084692
-0.369612
-1.050275
0.673744
-0.913551
1.611850
0.543709
0.714061
-0.950913
-0.980791
-0.485932
0.824599
1.216890
0.919993
-1.145206
0.855365
1.771236
-0.222810
0.079251
-1.290841
-0.193561
0.554097
1.921077
0.580690
-0.521724
-0.195162
-1.093224
0.332923
2.479933
-1.481711
-0.217456
1.861284
0.002811
-0.431485
0.267890
0.775968
0.063587
-0.797656
-1.754351
0.411381
-1.821723
-0.553811
-1.051820
0.180501
1.369950
-1.423542
0.428545
0.936340
0.632886
-0.208627
-1.222279
-0.875780
1.403068
1.806616
-0.409163
0.859721
-0.667689
0.026672
-0.972671
-2.108188
-0.477633
0.340956
-0.911166
0.552865
-0.976533
0.302916
1.281187
-0.120375
0.824632
-1.140069
0.163734
0.639393
1.719917
-0.600170
0.030617
-0.368213
-0.258553
0.651668
-0.874454
0.242753
-0.276963
-0.445683
0.652335
0.915709
-0.036808
-0.628799
1.121781
-0.190827
2.768782
-0.655761
-0.048768
0.604515
1.438198
-0.822716
0.308380
-2.294895
-0.180922
1.485945
-0.509753
-0.520045
-0.290725
-0.358786
-0.680877
-0.259459
0.416461
-0.278630
-0.079122
0.959691
-0.795940
-0.624199
0.647898
0.048050
0.015741
0.105470
0.973748
0.472678
-0.169456
-1.454784
0.552578
-0.792044
-0.035701
-0.910234
-2.054433
-2.459375
0.472874
-0.987496
-0.308061
-0.166973
-0.075144
0.398190
-1.945149
-0.463718
-0.180665
-0.164480
-0.487214
0.810242
-0.424488
0.696862
0.607939
1.834293
0.681188
0.523376
0.333223
0.468428
-1.438531
1.296702
-0.415863
-1.122486
-1.144553
-0.113017
-0.524152
0.054331
0.784250
-0.810995
1.084340
0.569266
0.121946
-2.074446
-0.470208
0.237470
1.093145
1.950204
-0.447388
-0.283625
0.015732
-0.971130
-0.931122
0.441649
1.543078
0.693060
-1.898378
0.717066
1.697793
0.405215
-2.181352
0.733494
1.306534
-1.611414
0.676435
-0.081167
0.275702
-1.956256
-0.288541
0.573250
-0.387922
-0.569780
0.484452
0.291120
0.495909
-1.323625
-0.522419
0.416815
-1.323925
-0.120814
1.229703
1.433965
-0.571612
0.159303
-1.406908
-0.834232
1.342682
0.387028
0.929372
-0.069434
0.593229
-0.980571
-0.175483
-0.836710
-0.461936
0.087249
0.258860
-0.492386
0.665119
1.152185
0.701561
0.090058
0.073883
0.321533
0.643293
0.791580
0.258357
-1.188751
1.913322
1.702141
-1.753274
-0.513747
0.055374
-0.556428
1.776864
0.088005
0.130547
-0.830921
0.090680
-0.794556
0.824068
0.199038
0.533618
-1.938925
-0.455354
-0.117230
-0.724646
0.005967
-0.098137
-0.636386
1.105963
0.473724
0.590698
-1.889602
0.741737
0.537543
0.465411
1.697459
-0.468133
1.089170
-2.400025
-0.354764
0.633398
3.015659
1.139501
2.596110
-0.254171
-1.499543
0.567074
-0.053334
-0.714552
0.090713
-0.451671
-0.595880
0.927188
0.438317
-0.525969
0.557056
-0.054273
0.682136
-1.739566
0.039969
0.420599
-0.729536
-1.739808
-1.645374
-0.264392
-1.362090
0.336136
0.532598
-0.405046
0.243878
-0.265684
0.647763
0.620066
-0.566672
-0.270742
-0.565314
-0.211186
-0.899117
-0.263270
0.838282
-0.234705
0.134573
0.420358
-0.814867
1.230297
0.460222
-0.583525
-0.393170
0.189360
-0.758820
-0.284706
0.787781
-1.192372
-0.822931
1.124970
1.138128
-0.147801
1.166723
1.150851
1.037958
1.241728
1.284868
-0.466784
0.075230
0.459608
0.048401
-2.053723
-0.612440
1.451762
1.151389
-0.533504
0.229196
-0.434433
0.251214
-0.752944
-0.685397
-0.136046
0.671732
-1.255092
0.038045
-0.344620
1.049162
-0.665683
-1.096454
1.155532
0.556603
0.941872
0.067336
0.112616
-0.835408
-0.600327
-0.299809
0.150996
0.709584
0.368216
-0.631269
1.376897
0.257173
0.762004
-0.865746
-0.567474
1.086963
0.638290
-0.085198
0.670301
-1.361174
-0.775443
0.356791
0.296514
-0.615447
-0.609663
-0.004124
1.248799
-0.032877
-2.085993
-0.184598
-0.172513
0.362829
-0.095845
0.390040
-0.133607
-2.142544
0.294435
0.242103
-0.991791
1.304908
0.142280
-0.668554
-0.035011
1.378228
-0.528244
0.900625
-0.295717
1.439460
1.101836
-0.820001
-1.708633
-0.633313
-0.403016
0.219690
0.154590
-0.273895
-1.247360
-0.179338
-1.236493
-1.609140
-1.033599
-1.009518
0.153174
-0.784652
0.309872
-0.369891
0.680558
1.298153
-1.221639
0.193097
0.063828
-0.061349
-1.028998
1.259612
-0.468574
-0.155529
1.397634
-0.972288
-2.228462
-0.100205
-1.602280
0.841485
1.106080
1.898381
-1.178866
0.787828
0.599773
-0.873259
-2.010315
-0.208117
-0.675121
1.253315
0.821827
-0.734790
-0.291997
1.412110
1.708202
1.124081
0.101934
0.473000
-0.927494
-0.860580
-0.929466
-0.189572
-1.644794
0.184315
-1.294770
0.062696
1.453936
-0.899538
0.171372
-2.241381
0.033076
0.529833
-1.298339
-0.391843
-0.552661
0.890309
-0.875423
-0.763146
-0.974128
-1.371753
-1.751367
-2.078814
0.693667
-0.260288
0.601730
0.565453
-1.128282
0.727568
-1.634898
0.397969
0.202754
0.088869
-1.882992
-0.192813
1.813161
0.547146
-1.526717
1.998402
-0.500949
-1.917863
-0.449477
1.289856
-0.092377
0.424951
-0.996548
-0.375861
0.595534
0.195662
-0.564504
-0.323637
-0.020275
0.031303
-0.132143
-0.600069
-1.458439
-1.331047
0.086866
0.400657
0.562228
0.119511
-0.008652
1.157502
-0.517389
-0.327545
1.052165
0.378954
-0.023270
-1.316597
0.445084
-0.102892
-2.001756
-1.208410
-0.593521
0.556131
-1.752822
0.587417
1.113663
-1.418961
-0.231097
-1.875418
-0.392306
0.796021
-0.549772
-1.039229
-0.168134
-0.107429
1.331313
0.667758
-0.897841
0.731874
0.271181
0.202434
-0.079375
0.512843
0.692933
-0.111307
2.161807
-1.083219
-1.235257
1.025715
1.740050
1.972386
2.358776
-0.812171
0.636828
-0.120253
-1.358042
-1.058510
-0.799292
1.118685
0.832035
-0.542694
0.592710
-0.605214
0.442447
0.287858
-1.455771
0.083549
-1.185730
0.331674
0.007673
0.429950
-0.955001
-0.606258
-1.694349
1.136752
-0.530291
1.403104
1.739789
1.808751
0.599182
-0.105257
-0.553415
0.038182
1.936634
2.044680
1.769022
0.432001
-0.366746
-0.870899
0.720302
-0.302714
-0.718459
0.133202
0.293137
-0.613111
-0.605333
0.756460
-0.078081
-0.001293
-1.229004
-0.457540
-0.436861
-1.247311
0.118873
0.662469
0.139156
-0.031258
0.144257
-0.528265
1.512103
-0.067124
-1.294946
-2.074891
-0.567326
1.872837
1.970315
0.080982
0.188144
1.107839
0.701822
0.344388
-0.356648
0.996899
-1.092207
-0.707935
-0.486802
-1.235244
-0.139548
0.864035
-0.747091
-0.684711
0.245653
0.032843
-1.191477
-0.643039
-0.550240
-0.053824
1.260248
1.793407
-0.657773
-1.025359
-1.193878
-0.370082
0.470252
0.524628
-1.580833
1.351226
-0.668543
-0.968767
1.069882
-1.169680
0.134622
-2.165771
0.432276
0.944226
2.680883
-1.233614
-0.205087
-1.909889
1.902305
-0.170815
0.533467
0.351189
1.170781
-0.033062
-0.464849
-0.085865
1.677019
0.553344
1.984011
-1.633639
0.747365
0.405757
-0.919687
-0.318027
0.769413
0.653503
0.420293
0.521362
0.497022
-0.871593
0.717266
-0.374377
-0.426881
2.011270
-1.502964
1.667740
0.998143
0.754876
1.233701
-0.312756
-1.435995
-0.385943
-0.443621
0.317265
0.598369
0.402430
1.572802
-0.425275
-0.781416
-0.391824
-0.827343
-0.153958
-0.974024
-1.739309
-0.658989
-0.885512
-0.200461
-1.520500
1.241193
-1.415253
-0.071816
0.002886
0.460275
0.698643
0.083467
1.479668
0.608760
1.028460
-0.567464
-2.239738
-0.613828
-1.534428
-0.205065
1.312272
1.597342
-0.357341
0.227956
0.216753
0.554081
0.258664
0.188723
0.244866
0.071771
0.194165
0.165349
0.220722
-1.013083
0.994210
-0.270489
0.259935
0.385736
1.405919
-0.749566
0.104389
-0.131081
-0.731611
0.261669
0.294199
0.286759
-1.427655
0.809705
-0.896443
-0.145897
0.857738
0.077925
-0.553408
-1.011227
1.351000
0.936635
0.154147
-1.782302
-0.366263
1.333537
-1.171479
2.209027
-1.302765
0.049020
-1.654983
0.457493
0.016291
1.056883
0.100142
0.969127
1.656122
-0.626615
-2.612799
-1.416572
-0.738690
-0.719861
0.070954
-0.048944
-0.649895
0.655101
-0.214147
0.033435
0.986159
0.536921
-0.040117
0.970534
0.010668
-0.222210
-0.676613
-0.305732
-0.507942
1.385188
0.798239
-0.325533
1.319488
0.262772
0.066951
1.017903
-0.417259
-0.792521
0.107715
-1.170201
-0.092756
0.053925
0.303568
-0.535242
1.866074
-0.278129
0.181079
-0.021599
0.497873
0.969570
0.911459
0.204485
-0.550300
-0.736812
-0.145442
-1.320647
-0.987459
-1.743802
0.364495
1.318504
-0.359413
-1.778141
0.178554
0.744545
0.503703
-0.461353
0.745288
1.481290
1.078854
1.143095
1.037515
-0.526497
-0.061273
0.247911
-0.228774
-0.143319
-2.168854
0.252980
-0.790708
-0.714485
0.643627
-0.715337
1.698122
0.917551
-1.021821
-0.758012
0.509107
-0.259254
1.307597
0.839642
0.181252
-0.890102
0.752366
-0.137859
0.139713
-1.708943
-1.186602
-1.144705
0.535857
-0.675965
-1.197660
-0.805979
0.239665
-0.416038
0.456242
1.613662
0.342238
0.154118
-0.906694
-0.648806
1.150261
0.198712
1.656159
-2.247082
-0.223810
-1.091390
-0.046498
0.686103
0.574049
0.565766
0.861494
-2.071727
0.320750
0.526580
1.576362
-0.135646
-0.536766
0.780542
0.189287
1.170737
-0.873086
-0.647043
0.102890
0.823234
-0.603968
-0.104284
1.093652
1.342903
0.292035
-1.704211
0.262104
0.149994
1.210252
-0.797657
0.371788
-0.658346
-1.408737
1.348927
0.003742
-0.952530
1.144047
-0.366587
0.541602
-0.407802
-0.245062
-1.113061
1.379145
-1.488650
0.421835
1.147307
0.503481
-0.615168
-0.193940
-0.490250
-0.013415
-0.202366
-0.120634
-0.930047
-0.062717
1.249025
-1.540728
-1.026249
1.373331
1.548137
-1.385694
-0.042986
0.451500
0.203658
0.787776
1.866227
-0.365422
-1.113817
-1.337348
0.749864
0.100637
1.026605
0.660350
-0.547654
0.307966
-0.220707
0.848451
-0.059748
-0.920023
3.095884
1.428738
-0.530237
0.180890
0.547021
-1.048472
-0.885198
-0.738898
0.003507
-1.451622
-0.118215
0.709523
0.323813
0.258805
0.005541
1.111033
0.683730
-0.333085
1.497317
0.073690
-0.036090
-0.911556
-0.266195
0.157753
-0.627248
-0.032855
0.721026
-2.106857
0.066239
0.561333
1.713042
0.992670
-0.206133
-3.519934
-1.843543
-0.624639
-0.319664
1.620458
-0.230961
-1.005837
0.233571
0.529243
-0.156346
-0.688005
0.493843
-1.062650
0.179295
0.387679
0.713158
-0.064279
0.832300
-0.069333
-0.617773
-0.310448
-0.213001
0.324624
-1.646065
0.119146
-2.510202
1.172182
0.414109
-0.368400
0.514640
-1.513801
-0.269163
1.276894
-1.427781
-0.156320
0.209298
1.332090
1.039061
-0.036438
-1.350190
-0.853325
0.081225
0.017755
0.803899
-0.647179
-0.943957
2.334957
0.362620
-0.914117
0.363257
0.607552
0.960161
-2.322022
0.451077
1.509396
0.973518
0.512002
-0.404012
0.814733
1.285224
-1.582486
0.226452
0.169326
0.796694
-0.762975
1.013136
-0.523446
0.058647
-0.033756
0.404856
0.765350
-1.629175
0.542823
-0.835389
0.059939
-0.552037
2.143489
1.982311
0.505598
-0.426776
-1.284119
-2.522670
-0.250385
1.137952
0.745122
-0.618995
-1.148149
-1.345071
-0.481995
0.291491
-0.195881
0.660994
0.469589
0.094093
0.356972
-0.591362
1.944958
0.181297
-0.441883
-1.336493
-0.030148
1.378808
-0.399527
1.222839
0.783732
1.264385
-1.058332
2.914462
0.477291
-0.756303
0.569070
0.668824
0.091168
1.829639
0.590582
-0.647487
0.068757
-0.265540
0.211955
0.861947
-0.401075
-1.875577
-1.391835
-0.084051
-0.588448
-2.263279
-0.758114
0.011687
-0.637954
-0.644572
-0.218380
-1.130939
-0.562699
0.717309
-0.783982
-1.876893
0.817524
0.761757
-1.301293
-0.546330
0.055139
0.515496
2.946906
-1.455943
0.844598
0.311542
0.245272
-0.924798
0.418861
-1.047680
-0.180676
-1.104885
-2.207292
0.662135
1.013082
0.125530
2.218500
-0.284494
-0.194887
-2.066931
-0.254385
1.265883
0.631021
-0.293200
-0.231594
-0.712194
-0.314327
-0.321319
0.693560
0.015243
0.069489
0.067414
-0.824556
0.692288
0.221070
0.833838
-1.722847
-0.103662
0.316199
0.335949
0.580324
1.206125
0.776056
-1.443112
-1.291242
-1.019104
0.430116
-0.064938
-0.116072
1.436392
-0.658497
-0.011657
-1.577408
-0.089096
-0.969902
1.482814
-2.313185
1.092375
0.397130
-0.263269
-0.487648
0.536303
-0.574746
-0.916905
-1.185780
0.236044
0.517560
-1.189674
-0.363568
0.907611
-1.307837
0.502034
-0.295457
1.353872
-0.155689
-0.414354
1.330271
-0.900297
-0.187756
0.541105
0.883540
0.356017
0.893226
0.280713
-0.521695
0.789230
1.290503
1.454861
0.091086
-0.998429
0.832465
1.695064
-1.160261
-0.320602
0.879736
0.665033
-0.895703
-0.025019
-0.088314
0.947049
-0.793504
-0.847804
-1.214483
1.728027
0.572349
0.867099
0.635236
0.590308
-0.791718
-0.008802
-1.249217
0.459236
-0.211465
-1.094720
-0.678875
0.107318
-0.043714
1.294570
0.262080
0.853717
0.334477
1.141921
-1.941049
-0.861067
-0.851206
1.430087
2.246367
-0.804968
-0.013494
-0.511765
0.105451
0.519125
-1.525535
0.272830
0.465828
0.660463
0.603749
-0.003163
-1.033127
-0.190137
-0.306101
-0.575458
-0.313512
-0.465968
-0.104056
0.236961
0.232239
-1.480170
-0.353347
0.480144
-0.122947
0.553631
-0.102344
0.914956
1.247004
1.583850
-0.891608
0.663317
-0.600232
0.530890
-0.139429
0.136514
-0.165190
-0.533916
-0.475647
0.155249
1.268375
0.089105
-0.167255
-0.526296
-1.040217
1.779040
-0.034026
1.120347
-0.279740
-1.234097
0.010139
-0.611584
-0.333907
-1.226994
0.560412
-0.226300
-0.512175
1.915611
-1.791835
-0.296580
1.438793
1.001275
0.452357
0.243913
-1.289407
-0.890051
0.762895
0.738124
0.409101
-0.160341
-0.057902
0.713744
-0.218089
-1.686334
0.897250
-0.813949
-1.874190
0.796073
0.336844
1.891417
-2.091813
-0.049249
-0.511352
0.234401
0.722359
-0.134695
-0.490332
-0.175202
0.072328
0.629542
0.248066
1.198778
-0.412734
0.964608
0.580923
0.707456
0.884731
0.995278
-0.664563
-0.824544
1.665514
-0.668666
-0.176276
0.016428
-0.991320
2.122095
0.141696
-1.703354
-0.768456
-0.823575
-0.403788
0.217487
1.231604
1.057211
0.322570
-0.859055
-1.235328
0.472694
-1.012966
1.125659
-0.079014
0.125346
2.062756
-0.719475
0.685185
-0.895813
-0.190673
0.817962
-0.987449
1.715351
-0.173084
1.290678
-2.465269
-0.062768
-1.123534
-1.478306
-0.056499
-0.398956
0.863238
1.417225
0.022920
0.849417
0.419937
0.223735
1.084119
-0.489483
0.472889
-0.033058
0.240419
-0.230544
1.169449
0.680598
0.822475
0.179617
-0.859624
-1.224662
0.417280
0.905927
0.019647
-0.970207
0.844902
-0.361962
-0.744511
0.604005
1.022963
-0.353954
0.977250
0.821611
-1.726023
0.494981
-0.678477
-0.366551
0.803539
-1.109502
-0.479648
0.557609
-1.299202
0.255824
0.537780
-0.556684
1.128007
-1.173317
-0.055967
1.321131
1.239085
-0.835108
-1.669710
-1.248770
-2.543334
0.505120
-1.077176
0.907013
0.436239
0.473145
-1.207922
1.024840
0.073290
-1.215946
-0.909137
-1.745940
-0.762717
-0.052058
0.653357
1.646848
1.368993
-0.065848
-1.651386
-1.210720
1.197165
0.063480
-0.035349
0.523103
0.568889
-0.533364
-0.913713
-0.572641
1.359581
1.572049
0.703389
-0.025325
1.463542
0.423117
1.755757
-0.002201
-0.394467
-0.547581
-1.041101
-0.127980
0.960887
-0.207652
0.307902
0.965372
-0.972766
1.249433
-0.221154
0.684131
-0.510629
0.395171
-0.508620
0.270412
1.672458
0.549161
-0.260388
-0.282100
0.346251
-1.175449
1.224811
-0.913449
1.224122
0.984890
1.540770
0.361607
-0.154088
-0.202637
-1.626100
0.988827
0.065177
-0.754328
1.813244
-0.420205
0.207846
-0.398907
-1.828212
-0.011032
1.673986
0.610095
1.168093
0.377788
-0.740475
0.394469
0.895652
-0.644377
-1.387310
0.157897
0.411289
0.465573
-0.747145
0.108816
0.114931
0.129427
-0.245693
1.067913
1.437294
1.850889
0.261769
-0.058402
0.780632
-1.211596
0.919859
-1.815649
-1.024060
-0.569004
-0.046436
-1.581797
0.954351
1.211915
1.065882
-0.581316
-1.114562
-0.407200
0.624258
-0.324454
1.361980
-1.564188
-0.886786
0.442428
1.035984
0.070816
-0.783253
1.200804
-1.699830
1.632640
1.767707
0.845656
1.060741
-0.073274
-1.137190
1.899092
-0.790892
-0.708981
-0.981016
0.424671
-0.221404
0.611022
0.396067
0.211818
-0.833896
1.839037
-1.250119
-0.346500
0.660857
1.055008
-1.638144
2.105530
-1.395125
-1.746751
0.889560
-0.448642
-0.635453
0.261599
1.366935
1.067320
-0.035794
-0.513890
0.075701
-0.272908
-0.906938
0.382855
-0.774358
-1.282678
0.929759
1.235279
-0.677138
0.652289
-0.926233
1.226804
-0.175973
-0.146797
-0.303538
-0.751793
0.248345
-0.074484
-0.064247
1.203436
-0.128705
1.328253
0.090066
-0.504302
-0.569649
-0.120078
-0.902946
-1.747870
0.884647
-0.857321
0.685808
0.601842
0.445188
-2.038553
-0.422712
0.811686
0.874916
1.133854
-0.250247
-1.036557
-0.360991
-0.163920
-0.702713
1.105474
0.724537
0.908166
-0.939970
-0.143604
1.313649
-1.177758
-0.352017
0.160070
1.034778
-0.824617
-1.023201
0.096617
-1.240078
0.347618
-0.716955
-1.354745
1.716872
0.621825
0.166300
-0.128139
-0.331843
0.660897
-0.720929
-0.237582
0.993827
0.068917
0.804401
0.316102
-0.965073
1.647301
-0.443570
1.583171
0.940341
-0.507053
-0.262264
0.280172
-0.375772
2.187423
-1.041072
-1.128761
0.538981
1.404644
0.000646
0.863073
0.736488
-1.254244
-0.778723
-2.116801
-0.316958
1.766723
0.317688
-0.739461
2.615932
-0.203906
-0.650575
1.706145
1.662329
-0.541136
1.562622
0.272715
1.056462
-0.770193
0.295698
-0.292395
0.099381
-0.151411
-0.969586
0.831974
0.349726
-0.644292
-0.702983
-1.797325
0.196596
-0.600906
1.179762
0.089918
0.168788
1.635850
-0.645014
0.444327
0.945763
-0.206086
-0.190934
0.552172
-0.898440
1.192391
1.656823
0.630755
1.030482
1.289481
-0.140962
-1.280995
-0.615180
0.623537
0.442643
2.688114
0.235507
0.669360
0.367649
-0.371265
-0.158106
-0.010353
0.806826
1.058141
-2.695185
-0.198384
-2.523987
-0.590958
0.575425
-1.812703
0.139216
0.757733
0.154837
-0.774527
-0.901664
0.306923
-0.029233
0.941164
0.397221
1.172888
-1.059046
-0.800527
-0.459602
-0.149809
-0.271853
0.344841
-1.519278
0.899319
1.413816
0.577524
-1.056845
-1.437319
-1.583405
0.564493
-1.218393
0.900042
0.855871
-0.264355
1.461151
1.128449
0.496268
-0.771152
-0.336180
-2.351714
-0.312616
1.380356
0.147795
-1.247612
-0.883250
-0.707393
-0.330902
-1.383591
-1.166101
-0.113931
1.253985
-1.192877
0.543703
-0.239934
-0.043200
1.104464
0.045248
1.262088
0.215122
1.048277
-0.511564
0.414120
0.753600
-1.113255
-0.096705
-0.966007
-0.054655
-0.355358
0.756140
0.053704
-1.040415
-0.182744
0.800803
-0.032946
0.042896
1.061281
-0.453727
0.247379
1.137745
-1.330199
0.981051
-1.070073
1.076831
0.105021
-1.004170
0.035922
-0.592126
0.783625
0.674109
-0.365260
-0.567961
-0.537853
1.862998
-0.613945
-0.575340
-1.729074
0.664413
-1.353223
0.210047
0.018174
0.503495
-0.860493
0.748382
0.696858
-1.002383
0.047359
1.871488
0.004880
0.696117
1.415859
-0.747038
-1.041201
1.628859
0.164174
-0.595712
-0.784852
0.845740
-0.908083
1.071904
2.335320
1.242788
1.773785
-1.471992
0.454691
1.196168
-0.415411
-0.130187
0.437808
-0.360532
0.412199
-0.499412
0.784587
-1.261368
-0.778965
0.736690
-0.665445
0.356254
-0.151014
0.322636
-0.509295
-1.853854
-0.521293
-2.195046
0.419522
0.171737
0.250505
-0.145251
-0.887286
2.237844
-1.543605
1.360780
0.783301
0.434566
-0.485801
0.394384
0.200624
0.318016
-0.750343
0.696943
-0.432907
2.032310
-0.687108
-0.582246
-1.772747
-0.426082
0.862067
-1.258116
-1.299385
-1.601599
-1.643579
-0.049755
-0.834427
-0.103105
0.711997
-0.727775
-1.858523
-1.546258
-0.809111
-0.689135
0.476248
0.933677
-0.080675
2.017371
-0.157119
-0.585045
0.441172
0.563439
0.172455
-1.047453
-0.907626
-0.942808
1.512341
0.450820
0.519890
-1.022587
-1.089081
0.396702
-0.975542
-0.538718
0.274170
0.147370
0.835227
-1.696792
0.774814
0.223408
0.650058
1.241161
-0.525418
-0.471591
-0.811703
-0.909569
-1.451718
-0.368891
-0.075935
-0.848601
0.114844
-0.883986
-0.370570
-0.214228
0.508337
2.064040
-0.011233
-1.028993
1.222677
-0.319608
0.155413
-1.712582
0.271413
1.096494
0.060417
-1.894665
-0.934497
1.922364
-0.317741
-0.698444
-0.781736
1.347968
-0.109254
0.353654
-0.247090
0.475948
-0.746660
0.021328
1.162647
0.616910
2.077691
2.167978
0.997954
1.061843
-0.886981
-1.070034
0.732066
-1.628817
0.271503
0.016476
-0.380581
-0.516601
-0.242707
1.359586
0.672494
-1.070450
0.194858
1.808689
0.183379
0.111518
0.169184
1.598329
-0.051199
-1.145131
-0.365108
0.272193
-1.971009
0.135877
-2.050090
0.408230
-0.293465
-0.021173
-1.334998
0.269347
0.739998
0.442246
-0.414267
-1.048492
-1.043683
1.672866
-0.483136
-0.364343
0.233824
-1.499210
0.034822
0.293875
-0.869743
-0.332934
0.038733
0.682830
-0.380730
-0.526516
-0.442727
0.364219
1.522937
1.236186
1.179498
0.127874
-1.492144
0.764688
-0.969975
0.215684
-0.490113
0.486299
0.476759
-0.158963
1.199756
0.327898
-0.066952
0.718258
-0.011181
1.167693
0.513628
0.592589
-0.547499
0.443162
0.019317
0.579119
0.203508
-0.038872
0.315971
0.504764
0.341959
-0.779393
1.909997
0.960295
0.334666
-0.617661
2.470280
-0.292657
-1.518905
1.348086
0.187054
-0.560922
-0.594858
-0.857898
0.999493
-0.518667
1.461946
-1.446255
0.295915
-0.597343
-0.640237
-1.203178
-0.054803
0.183845
0.903625
-0.052117
0.133572
0.122864
-1.200207
-0.507530
-0.287683
0.151215
0.327614
0.861130
-1.415416
0.341512
0.307766
2.301407
-1.840652
0.179996
-0.398835
-0.396140
0.999578
-1.235165
0.403237
-0.851299
0.074388
0.057430
-0.789188
0.727216
-1.143389
-0.765834
1.320815
1.322577
0.322819
-0.573260
0.332936
-1.211930
0.660595
0.400667
-1.176105
0.490809
0.062833
0.768695
0.064308
0.901724
-0.300274
-0.241488
0.816281
1.017202
-0.537071
-0.717215
0.047885
0.257083
2.239164
-0.088828
1.160662
-0.679622
0.361381
0.138641
0.832697
-0.671400
1.694701
-0.153970
0.250430
0.901810
-0.518962
-0.959432
0.526049
0.074805
-0.773967
-0.649068
-3.202614
-0.854782
-1.183188
-0.958962
-0.440582
0.595995
0.018843
0.531268
-0.332083
0.112834
0.982439
2.219964
-0.102818
-0.587823
0.161260
1.240343
0.852570
-0.438793
-1.455197
-0.974670
-1.219689
-0.232089
0.277799
0.689292
0.027827
1.339137
1.802197
-0.481495
0.520900
-0.303685
-0.077253
0.327574
-0.199938
-0.744916
-1.978518
-0.081671
0.758017
-1.566247
-0.463759
0.029884
-0.786371
-0.847653
-0.203976
0.619138
0.567838
0.785093
0.904929
0.269929
1.529972
0.301933
-2.101873
0.048731
-1.226403
0.252840
-0.746434
1.203705
0.017694
0.829555
-2.296429
-1.438536
0.509031
-0.451578
-1.430926
0.567859
0.230000
-0.007285
-1.396570
1.427782
-0.824994
-1.867852
-0.545634
0.168030
1.804262
-0.528773
-0.132339
0.186300
-0.231681
-0.385425
-0.051140
0.733349
-1.079352
-0.079251
0.685046
0.796318
0.654609
-1.148553
0.962042
0.184098
-0.417386
0.450664
-0.042410
0.070571
-0.215590
-2.208633
0.676899
-0.473505
-0.705616
0.840908
1.083544
-0.687495
-0.700363
1.474291
0.561040
0.314118
-1.536659
0.506546
-2.200568
-1.586103
-1.721777
0.858620
-1.577582
0.741946
-0.590496
-0.321772
-0.063162
-0.056522
-1.849685
-1.526600
-0.122319
1.302513
-0.812125
0.744258
0.237459
0.955922
-0.002413
0.369410
0.314788
-1.198793
-0.147793
-1.284522
-0.371825
-0.857662
0.245472
0.338748
0.509889
-0.312589
-0.276416
-0.038474
0.083633
0.382980
-0.044193
1.412325
-0.520704
-0.737785
0.245366
0.253006
-1.114145
-0.762991
-0.321665
-1.844890
1.129084
-0.206020
2.024497
0.879559
2.145339
-1.858178
-1.011420
0.429191
2.340729
0.613322
-0.825176
2.235188
-1.659896
1.634939
-0.152596
-0.342536
-0.120103
-0.424192
-0.636178
-0.219098
0.406928
0.730124
0.810505
0.109179
1.214165
-1.158509
1.674901
0.324104
0.512386
-1.763024
0.167945
0.083371
-0.683262
-0.523660
0.232237
-1.365615
-0.040527
0.234720
-0.456097
-1.394315
-0.127687
-0.391623
1.111300
0.960224
0.347988
-0.159297
-0.722344
-0.302799
1.670592
1.586230
-0.029183
-1.154950
-0.116059
-0.541945
0.565214
-1.191295
0.418541
-1.452640
0.092177
0.165209
0.269125
0.584230
-0.943407
0.442637
0.942447
1.346887
1.323564
-0.730961
1.947284
0.201349
-1.897926
-0.123116
-0.263003
-0.036797
0.923894
0.850119
-0.337340
0.726947
0.062929
-1.210295
0.798653
-0.153092
0.484906
-0.346181
1.634037
-0.162328
0.686059
-0.602761
-3.097251
0.337664
-0.476431
-0.670658
-0.150386
-0.566086
-0.675593
-0.910286
-1.004646
0.218388
1.703369
-0.262259
0.448222
-0.552116
-2.129074
0.132414
0.266285
-0.832017
-0.993190
1.959343
0.602453
0.687287
1.585932
0.137097
1.350487
-0.954775
-1.374471
0.444342
1.545887
0.624133
-0.260267
-1.123578
0.053865
-0.025522
-0.550306
2.241796
0.962977
0.042425
0.936026
0.151908
-0.292189
-0.291540
0.134465
0.022426
1.441352
-0.679144
-1.321921
-0.583907
1.838688
0.065360
0.259117
0.415880
0.661365
-0.861737
-0.497319
1.285266
-0.440945
0.414905
-0.555752
1.038080
-0.475526
0.159275
-1.079187
-1.092403
-2.203778
0.759649
1.087849
-2.794539
-0.544785
-0.208147
-0.095436
-0.461429
-1.902827
-0.070331
0.958220
0.488461
0.833114
0.509280
-0.297377
0.593042
-0.762240
0.519208
-0.497679
1.155633
1.834996
-1.024944
-0.515830
0.998384
0.447120
-0.507704
-0.297435
-0.022949
-1.951841
0.114016
-0.939501
0.110345
0.063300
0.092445
-0.780215
-0.390628
-0.223203
0.935623
0.436499
0.284607
1.972660
-0.334702
-0.955620
0.020835
-2.316442
-1.701191
1.417359
0.390527
-1.387295
-0.566799
-1.560803
-0.054085
-0.106301
-0.120036
-0.037041
0.041661
-1.402543
-0.392513
1.194836
-1.264768
0.703170
0.220216
-0.006861
1.591255
-0.510495
0.129389
-0.533736
-1.250082
1.298909
0.008936
0.155249
-1.363067
0.899149
-0.550433
1.338930
0.193478
-1.635712
-0.259040
-1.135658
0.029493
2.139340
0.814242
0.395989
-1.135270
-0.598075
-0.511315
0.797643
0.419269
0.822769
1.798105
1.203965
-0.835709
-0.776121
0.992514
0.088903
-0.191787
1.403845
-1.601433
-0.456687
-0.929987
1.166089
-0.141920
-0.466952
-0.299895
-0.915992
-1.059853
-0.694696
1.662822
1.248777
0.802519
0.472742
-0.394589
1.215949
0.311847
0.887877
-0.464042
0.001534
0.994676
-0.327779
0.687729
0.827094
-1.284740
0.945814
0.327499
-1.030769
0.313496
-0.684789
-2.364098
-0.696116
0.888127
0.265534
0.024895
0.173165
0.691097
-1.519144
-0.824370
0.603470
0.486343
1.105109
-0.546893
-0.441256
-0.024357
-0.777126
-0.686886
0.163708
-0.562587
0.626037
-0.201357
0.134512
1.538085
-2.797067
-0.706906
0.939136
0.686244
0.628116
-0.182383
-0.089942
-1.277294
0.865973
0.077686
-0.699255
0.611169
1.242413
0.272222
0.597752
-0.358768
-1.992243
0.171829
0.344305
-1.838696
0.643991
-1.369770
0.231887
-0.270662
1.040837
-1.235054
0.608865
-0.379952
0.390464
-2.147998
-0.272910
2.685092
-1.383572
-0.222088
-0.158506
1.206725
0.568313
0.237370
-0.347421
0.036367
0.138850
0.193793
0.573065
0.937085
0.667661
-0.483126
0.809634
-0.206469
-2.221771
-2.016867
1.514880
0.113693
-0.604942
0.630754
2.976214
-0.881644
0.128642
-0.063019
0.427594
0.603364
0.660987
0.208987
3.229348
-1.185737
0.630858
-0.465823
0.348532
-0.264488
-0.270520
1.393415
0.649539
-0.081333
-1.700261
-1.411370
-0.289207
2.071401
-0.177606
1.363144
-0.342760
-1.620010
1.664641
-1.648013
-0.060310
-1.169135
-0.627409
-0.717794
0.699497
-0.337903
-1.377952
0.014448
1.063003
0.076423
-0.647388
-1.299564
0.403527
-0.519863
1.051778
2.738889
0.221922
0.512260
0.481670
-0.269551
0.778881
0.545429
-0.081646
-0.506601
0.408018
0.826717
0.306524
-0.840834
-0.909246
-0.646338
0.586112
-0.188608
-0.796873
-0.292102
-1.476083
-0.745847
0.576984
-1.097774
0.122569
0.942065
0.137946
-0.119386
-0.427533
0.398304
0.529913
-1.257134
-0.553107
-0.763255
-2.077109
0.790353
0.576369
-2.521975
0.186972
1.097661
-0.192319
-0.727523
-0.720417
0.707568
1.207451
0.402762
-0.045392
0.180868
-0.216721
-0.254766
0.076126
-0.525339
-0.548803
0.498629
-1.057707
0.056117
0.616588
-0.416290
1.179975
1.061505
-0.671827
-1.016208
0.147700
2.269872
-0.749654
0.092214
0.516958
1.936300
0.724780
0.066630
-1.182522
-0.676737
-0.119517
0.703524
0.649407
-1.440153
0.236369
-0.503560
-0.446471
-1.072060
0.683290
-0.878037
1.581167
-0.682531
-1.628396
0.394957
1.629313
0.890797
-0.583157
1.489635
1.215324
-0.821093
1.069277
-0.627466
-0.202452
0.343139
-0.502944
-1.076929
-0.088188
0.566695
-0.188573
1.368215
-0.403122
0.624311
-0.483635
-0.335126
-0.578435
0.852309
0.344727
0.788772
-0.029511
-0.560400
-0.086850
0.428109
-1.617059
-0.229143
0.097787
0.287623
-1.900087
1.185724
0.429256
-0.800359
1.105753
-0.829965
-0.928326
-0.995900
-0.238824
-0.471373
-0.902456
-0.160591
-0.498588
0.103488
-0.496907
0.137926
0.509035
0.012429
1.684105
1.655788
-0.149137
-1.650753
-0.041817
-0.984667
0.460615
0.911081
-0.329466
0.758969
-0.893901
-0.498692
0.153149
-0.769903
-1.182767
0.932938
-0.892758
-1.131921
0.387717
-0.116371
2.287246
0.471018
0.014954
-0.845996
0.901916
0.827964
1.394426
-0.661045
0.036117
-0.488491
0.609226
-0.349662
-0.396928
-0.361406
0.881269
-2.030817
-0.421163
0.160204
-0.159347
0.885617
-0.480124
0.521790
-0.113705
-1.762355
-1.282362
0.131299
-0.097288
-0.045023
1.390236
-0.318991
-1.282734
0.723307
-0.117566
-0.790025
-0.112095
1.454819
0.760180
0.958627
0.052724
-0.672016
0.939952
0.766733
-1.539502
-1.102201
-0.014701
-1.322593
-0.064525
1.632395
-0.781696
-1.091527
-1.351534
0.052231
0.015512
-0.721042
-0.023966
-0.083032
1.803199
0.437334
0.196585
-0.708385
-0.983129
0.393706
0.287144
0.647424
-0.644706
-0.267565
-0.684624
2.442439
1.105770
-1.712550
1.583982
-0.697011
0.102436
-0.463014
0.977330
-0.120028
-0.753936
0.891361
1.755221
-0.259568
0.521911
0.808259
-0.877988
-0.625060
-0.341428
-0.065156
-0.092366
1.428424
1.066918
-0.082185
0.048137
0.852059
0.404614
-0.326638
-0.377806
-0.797325
0.562159
-0.426336
0.770376
2.001385
1.618144
0.806851
0.320893
1.410013
-0.888106
0.150701
1.260590
1.224493
0.101122
-1.332499
0.131521
2.225778
-1.991788
0.839753
-0.886469
-1.896568
-1.429375
-1.514288
-0.554123
-1.645829
-0.867290
0.852484
-0.403317
-0.629275
0.687541
-1.297348
1.605712
-0.777918
-2.164072
-0.991761
0.930648
1.153363
0.395716
-1.009984
-1.282856
0.494704
-1.260332
-0.393348
1.536717
0.216774
1.132442
-1.318177
1.139231
0.151566
0.668167
0.142201
1.626256
-0.201427
1.301129
0.515830
-2.353024
0.347655
0.415168
0.188147
1.597323
-0.549118
0.142676
-1.211698
-0.616036
-0.019957
-1.097818
1.062107
0.747509
-0.504220
-1.922258
-0.078954
0.100045
-0.402802
-0.613775
0.515104
0.162421
-0.960634
0.072637
-1.621176
-0.505109
0.280878
-0.831202
0.439802
0.362777
-0.345061
0.765224
1.309557
1.117046
0.122706
1.077320
1.033892
-0.548729
-1.890939
0.505967
0.185687
-0.954532
1.432604
0.823595
-0.221202
-0.446697
-0.311560
-0.421193
-0.524253
0.301292
-0.405650
0.135066
-1.062818
0.029918
0.149809
0.339805
0.914145
0.468818
2.473782
0.335904
-1.433939
-0.437765
-0.329728
-0.422498
-1.173016
-1.543297
1.318724
-1.019897
0.265584
-0.206936
0.636749
-0.114452
1.245991
-0.508396
-1.168942
-1.169708
-1.310328
-0.297807
-0.314766
-0.720848
-1.100299
0.234704
-0.654281
1.061349
-0.396004
0.752885
0.943954
1.860461
-0.305476
-0.806621
-2.032094
-0.041817
-0.984667
0.460615
0.911081
-0.329466
0.758969
-0.893901
-0.498692
0.153149
-0.769903
-1.182767
0.932938
-0.892758
-1.131921
0.387717
-0.116371
2.287246
0.471018
0.014954
-0.845996
0.901916
0.827964
1.394426
-0.661045
0.036117
-0.488491
0.609226
-0.349662
-0.396928
-0.361406
0.881269
-2.030817
-0.421163
0.160204
-0.159347
0.885617
-0.480124
0.521790
-0.113705
-1.762355
-1.282362
0.131299
-0.097288
-0.045023
1.390236
-0.318991
-1.282734
0.723307
-0.117566
-0.790025
-0.112095
1.454819
0.760180
0.958627
0.052724
-0.672016
0.939952
0.766733
-1.539502
-1.102201
-0.014701
-1.322593
-0.064525
1.632395
-0.781696
-1.091527
-1.351534
0.052231
0.015512
-0.721042
-0.023966
-0.083032
1.803199
0.437334
0.196585
-0.708385
-0.983129
0.393706
0.287144
0.647424
-0.644706
-0.267565
-0.684624
2.442439
1.105770
-1.712550
1.583982
-0.697011
0.102436
-0.463014
0.977330
-0.120028
-0.753936
0.891361
1.755221
-0.259568
0.521911
0.808259
-0.877988
-0.625060
-0.341428
-0.065156
-0.092366
1.428424
1.066918
-0.082185
0.048137
0.852059
0.404614
-0.326638
-0.377806
-0.797325
0.562159
-0.426336
0.770376
2.001385
1.618144
0.806851
0.320893
1.410013
-0.888106
0.150701
1.260590
1.224493
0.101122
-1.332499
0.131521
2.225778
-1.991788
0.839753
-0.886469
-1.896568
-1.429375
-1.514288
-0.554123
-1.645829
-0.867290
0.852484
-0.403317
-0.629275
0.687541
-1.297348
1.605712
-0.777918
-2.164072
-0.991761
0.930648
1.153363
0.395716
-1.009984
-1.282856
0.494704
-1.260332
-0.393348
1.536717
0.216774
1.132442
-1.318177
1.139231
0.151566
0.668167
0.142201
1.626256
-0.201427
1.301129
0.515830
-2.353024
0.347655
0.415168
0.188147
1.597323
-0.549118
0.142676
-1.211698
-0.616036
-0.019957
-1.097818
1.062107
0.747509
-0.504220
-1.922258
-0.078954
0.100045
-0.402802
-0.613775
0.515104
0.162421
-0.960634
0.072637
-1.621176
-0.505109
0.280878
-0.831202
0.439802
0.362777
-0.345061
0.765224
1.309557
1.117046
0.122706
1.077320
1.033892
-0.548729
-1.890939
0.505967
0.185687
-0.954532
1.432604
0.823595
-0.221202
-0.446697
-0.311560
-0.421193
-0.524253
0.301292
-0.405650
0.135066
-1.062818
0.029918
0.149809
0.339805
0.914145
0.468818
2.473782
0.335904
-1.433939
-0.437765
-0.329728
-0.422498
-1.173016
-1.543297
1.318724
-1.019897
0.265584
-0.206936
0.636749
-0.114452
1.245991
-0.508396
-1.168942
-1.169708
-1.310328
-0.297807
-0.314766
-0.720848
-1.100299
0.234704
-0.654281
1.061349
-0.396004
0.752885
0.943954
1.860461
-0.305476
-0.806621
-2.032094
-0.036825
0.190096
-2.180626
-0.082522
-0.014490
1.202465
-0.286296
0.847096
-0.993588
1.537060
-0.606214
0.713852
0.764733
0.098363
0.924919
0.265657
0.804869
0.442599
0.869750
1.054667
-0.548662
0.424404
1.175717
-0.754530
-0.937950
0.795218
0.922775
-0.690948
-0.103329
-2.622246
-0.083751
-2.111533
-0.420369
0.019156
-1.089370
0.436968
1.213814
-1.410956
-0.622679
0.430720
0.090113
-0.416045
1.069882
0.342246
-1.108959
-0.432638
-0.296581
0.358209
2.006042
1.660527
1.060518
-0.754746
-0.991868
-0.008839
-0.520715
-0.687999
-1.995853
-0.032106
0.394050
2.185729
0.053503
0.100715
-0.394266
-1.051332
-1.699276
-1.460331
0.913517
-1.502602
-0.194416
-0.922379
-1.680457
-1.160473
-1.288683
-0.081993
-0.692108
-0.942464
0.140497
0.318583
0.681880
1.836981
-1.043638
0.814824
1.150020
-1.434973
0.136266
0.133468
0.561013
-0.291375
0.384353
0.727281
-1.385731
-0.914172
-1.363987
0.141220
-0.050413
0.675132
-0.516465
-0.352301
1.207281
-0.059184
-0.764409
0.591982
-0.106386
0.592716
-0.015636
0.093819
0.930250
1.467608
0.509341
-0.740653
0.727388
0.816924
1.747649
-1.436738
-0.414059
-0.299580
-0.619269
-1.269610
0.403786
-0.038541
1.191829
0.112309
-1.196827
1.511937
0.802597
-0.557129
0.199774
-0.615393
1.225112
0.538011
-0.064105
-0.140877
0.245881
-0.943157
-0.368863
1.618280
0.932081
-0.000538
-0.602583
0.089129
0.539712
0.311586
1.710697
0.432724
-0.561413
0.067786
0.734730
-0.587543
-0.617498
-0.045032
-0.539865
0.596800
-0.028108
0.177437
-1.891952
0.292691
1.039369
-0.258732
0.561372
-0.184499
0.733640
0.555094
1.402996
2.769336
0.440972
-0.120283
-0.282928
0.173006
2.249247
-0.586478
0.010832
1.439160
-1.265188
-0.374290
-1.298150
0.771520
-0.632641
1.025612
-0.235278
-1.146945
-2.444811
1.352082
-0.031564
0.346799
-0.669034
-0.541493
-0.579762
-0.322817
0.218892
0.347442
-0.852668
0.785382
-0.121653
0.939896
0.670592
-1.786186
-0.494446
-0.196660
-0.197192
0.693975
-0.306988
1.245246
-0.504498
-1.002888
-0.645540
-1.276061
-0.881141
-0.087193
0.208828
-1.319125
-1.418765
0.642119
1.043901
-0.682123
-1.578832
0.065694
2.452190
-0.179479
1.977446
-0.370914
0.611834
-0.326020
-0.301213
0.203668
3.129079
0.548848
0.353343
1.532362
-0.301843
0.317088
-0.675265
-0.239382
-1.487992
-0.529092
-1.043546
0.562664
0.854760
0.849422
-1.659223
-1.391370
0.336876
0.058541
-0.101828
-1.443588
-0.007087
0.704021
-2.236276
-0.349963
0.113379
-0.006146
1.662125
0.467572
0.883696
-0.842427
-0.459085
0.196645
-0.535242
1.866074
-0.278129
0.181079
-0.021599
0.497873
0.969570
0.911459
0.204485
-0.550300
-0.736812
-0.145442
-1.320647
-0.987459
-1.743802
0.364495
1.318504
-0.359413
-1.778141
0.178554
0.744545
0.503703
-0.461353
0.745288
1.481290
1.078854
1.143095
1.037515
-0.526497
-0.061273
0.247911
-0.228774
-0.143319
-2.168854
0.252980
-0.790708
-0.714485
0.643627
-0.715337
1.698122
0.917551
-1.021821
-0.758012
0.509107
-0.259254
1.307597
0.839642
0.181252
-0.890102
0.752366
-0.137859
0.139713
-1.708943
-1.186602
-1.144705
0.535857
-0.675965
-1.197660
-0.805979
0.239665
-0.416038
0.456242
1.613662
0.342238
0.154118
-0.906694
-0.648806
1.150261
0.198712
1.656159
-2.247082
-0.223810
-1.091390
-0.046498
0.686103
0.574049
0.565766
0.861494
-2.071727
0.320750
0.526580
1.576362
-0.135646
-0.536766
0.780542
0.189287
1.170737
-0.873086
-0.647043
0.102890
0.823234
-0.603968
-0.104284
1.093652
1.342903
0.292035
-1.704211
0.262104
0.149994
1.210252
-0.797657
0.371788
-0.658346
-1.408737
1.348927
0.003742
-0.952530
1.144047
-0.366587
0.541602
-0.407802
-0.245062
-1.113061
1.379145
-1.488650
0.421835
1.147307
0.503481
-0.615168
-0.193940
-0.490250
-0.013415
-0.202366
-0.120634
-0.930047
-0.062717
1.249025
-1.540728
-1.026249
1.373331
1.548137
-1.385694
-0.042986
0.451500
0.203658
0.787776
1.866227
-0.365422
-1.113817
-1.337348
0.749864
0.100637
1.026605
0.660350
-0.547654
0.307966
-0.220707
0.848451
-0.059748
-0.920023
3.095884
1.428738
-0.530237
0.180890
0.547021
-1.048472
-0.885198
-0.738898
0.003507
-1.451622
-0.118215
0.709523
0.323813
0.258805
0.005541
1.111033
0.683730
-0.333085
1.497317
0.073690
-0.036090
-0.911556
-0.266195
0.157753
-0.627248
-0.032855
0.721026
-2.106857
0.066239
0.561333
1.713042
0.992670
-0.206133
-3.519934
-1.843543
-0.624639
-0.319664
1.620458
-0.230961
-1.005837
0.233571
0.529243
-0.156346
-0.688005
0.493843
-1.062650
0.179295
0.387679
0.713158
-0.064279
0.832300
-0.069333
-0.617773
-0.310448
-0.213001
0.324624
-1.646065
0.119146
-2.510202
1.172182
0.414109
-0.368400
0.514640
-1.513801
-0.269163
1.276894
-1.427781
-0.156320
0.209298
1.332090
1.039061
-0.036438
-1.350190
-0.853325
0.081225
0.017755
0.803899
-0.647179
-0.943957
2.334957
0.362620
-0.914117
0.363257
0.607552
0.960161
-2.322022
0.451077
1.509396
0.973518
0.512002
-0.404012
0.814733
1.285224
-1.582486
0.226452
0.169326
0.796694
-0.762975
1.013136
-0.523446
0.058647
-0.033756
0.404856
0.765350
-1.629175
0.542823
-0.211186
-0.899117
-0.263270
0.838282
-0.234705
0.134573
0.420358
-0.814867
1.230297
0.460222
-0.583525
-0.393170
0.189360
-0.758820
-0.284706
0.787781
-1.192372
-0.822931
1.124970
1.138128
-0.147801
1.166723
1.150851
1.037958
1.241728
1.284868
-0.466784
0.075230
0.459608
0.048401
-2.053723
-0.612440
1.451762
1.151389
-0.533504
0.229196
-0.434433
0.251214
-0.752944
-0.685397
-0.136046
0.671732
-1.255092
0.038045
-0.344620
1.049162
-0.665683
-1.096454
1.155532
0.556603
0.941872
0.067336
0.112616
-0.835408
-0.600327
-0.299809
0.150996
0.709584
0.368216
-0.631269
1.376897
0.257173
0.762004
-0.865746
-0.567474
1.086963
0.638290
-0.085198
0.670301
-1.361174
-0.775443
0.356791
0.296514
-0.615447
-0.609663
-0.004124
1.248799
-0.032877
-2.085993
-0.184598
-0.172513
0.362829
-0.095845
0.390040
-0.133607
-2.142544
0.294435
0.242103
-0.991791
1.304908
0.142280
-0.668554
-0.035011
1.378228
-0.528244
0.900625
-0.295717
1.439460
1.101836
-0.820001
-1.708633
-0.633313
-0.403016
0.219690
0.154590
-0.273895
-1.247360
-0.179338
-1.236493
-1.609140
-1.033599
-1.009518
0.153174
-0.784652
0.309872
-0.369891
0.680558
1.298153
-1.221639
0.193097
0.063828
-0.061349
-1.028998
1.259612
-0.468574
-0.155529
1.397634
-0.972288
-2.228462
-0.100205
-1.602280
0.841485
1.106080
1.898381
-1.178866
0.787828
0.599773
-0.873259
-2.010315
-0.208117
-0.675121
1.253315
0.821827
-0.734790
-0.291997
1.412110
1.708202
1.124081
0.101934
0.473000
-0.927494
-0.860580
-0.929466
-0.189572
-1.644794
0.184315
-1.294770
0.062696
1.453936
-0.899538
0.171372
-2.241381
0.033076
0.529833
-1.298339
-0.391843
-0.552661
0.890309
-0.875423
-0.763146
-0.974128
-1.371753
-1.751367
-2.078814
0.693667
-0.260288
0.601730
0.565453
-1.128282
0.727568
-1.634898
0.397969
0.202754
0.088869
-1.882992
-0.192813
1.813161
0.547146
-1.526717
1.998402
-0.500949
-1.917863
-0.449477
1.289856
-0.092377
0.424951
-0.996548
-0.375861
0.595534
0.195662
-0.564504
-0.323637
-0.020275
0.031303
-0.132143
-0.600069
-1.458439
-1.331047
0.086866
0.400657
0.562228
0.119511
-0.008652
1.157502
-0.517389
-0.327545
1.052165
0.378954
-0.023270
-1.316597
0.445084
-0.102892
-2.001756
-1.208410
-0.593521
0.556131
-1.752822
0.587417
1.113663
-1.418961
-0.231097
-1.875418
-0.392306
0.796021
-0.549772
-1.039229
-0.168134
-0.107429
1.331313
0.667758
-0.897841
0.731874
0.271181
0.202434
-0.079375
0.512843
0.692933
-0.111307
2.161807
-1.083219
-1.235257
1.025715
1.740050
1.972386
2.358776
-0.812171
0.126193
0.651465
0.565673
-0.304650
0.667132
-0.532094
1.562218
-1.175812
0.573939
-0.797769
-0.368796
0.181599
-1.506999
-0.016077
0.402338
1.342186
0.700191
0.619893
-0.318496
0.518840
0.297933
-0.309456
0.766306
0.603025
0.197353
0.844868
-1.668467
0.414943
1.237884
-1.635938
0.422402
0.876578
-0.143939
0.361933
0.172309
-1.148191
0.707008
-0.940178
-0.438473
-0.241670
0.864029
0.947950
-0.248803
0.721233
0.001048
-0.970994
-0.195860
0.817947
2.191725
0.385233
1.533439
-0.897978
-0.272940
-0.966247
0.901522
-0.527526
-0.473142
-0.135557
0.921900
0.391906
0.591517
-1.438408
0.467932
-1.432872
-0.092168
-1.679607
-0.166081
1.454789
0.915869
-0.804220
-1.952182
-1.020921
2.387850
0.440250
0.444181
1.040736
0.408926
-1.352669
1.972028
-0.554170
1.040632
-0.979696
0.077740
0.295368
-0.361370
-0.198027
0.137663
-1.339173
-0.773666
0.105004
-1.429322
-0.076041
0.261593
0.880989
0.029260
1.136300
0.052560
0.668664
1.453311
1.342281
0.197837
0.640158
0.283204
0.497766
-1.060546
-1.448589
-1.644488
0.078548
0.712350
0.636777
-0.180885
-1.150498
2.122279
-1.425145
-1.057930
-0.998300
0.660254
-2.468137
-0.460642
1.321918
-1.730399
1.395316
1.635774
-2.945013
-0.997074
-0.155061
0.118716
0.077724
-0.347243
-0.561158
-1.015132
-0.488700
0.528969
1.430327
-0.373741
1.385786
-1.206050
2.230560
0.306499
-0.222054
-1.142827
1.634052
0.690638
-1.265791
-1.065839
0.566875
0.749184
-0.371383
0.040414
1.609952
-1.040421
0.728065
-1.077260
-0.859492
-0.360537
-1.072122
1.912658
1.359568
1.704447
0.306633
-0.582427
-1.162179
1.091276
-0.962445
0.763739
0.010506
0.272817
-0.428691
0.228523
0.451580
0.561333
0.056739
0.729335
-0.434396
-1.331484
0.229936
0.619535
1.693584
-1.281658
0.950730
1.743597
0.414996
0.512706
0.044557
-0.553966
0.214687
-0.197065
0.572330
-0.649171
-0.369473
-0.905783
-0.435356
-0.744294
-1.040984
-1.337934
-0.024356
-0.228997
0.343907
-0.712376
-0.627565
0.331694
-2.331102
0.226305
0.585653
-0.398319
0.325876
0.569503
-0.715391
0.158309
-0.197443
1.553316
1.140206
-1.150898
-0.241511
-0.331789
-0.141546
0.728754
0.508499
-1.537660
-0.014716
2.003639
-0.600285
-0.381183
-0.955539
0.489397
0.245267
0.020423
-0.837490
0.813374
0.006032
-0.258013
-0.223386
0.298022
0.834274
-1.488482
-1.124820
0.991815
-0.107766
0.967646
-1.071059
-1.371408
0.202309
-0.645506
0.188195
1.818525
0.756118
0.076794
1.993714
-0.233119
-0.818853
-0.756130
0.720842
-0.028020
-0.633780
0.369352
-1.487645
0.030555
-1.071250
0.070683
-1.336204
1.776606
-0.370049
0.378129
-2.457392
0.882041
-0.990573
1.337622
0.570149
-0.225880
-0.491292
-0.930824
-0.863621
-0.487577
0.102106
-1.488200
-0.440122
-0.585387
-0.078129
-0.269778
0.470685
-2.095210
0.741282
0.709358
-0.588760
-0.235641
-1.287232
-0.598468
-0.529381
0.670265
0.591016
1.536718
-1.329363
-0.707862
0.591419
1.062803
-0.772623
-0.522589
-0.887802
-0.079893
-0.224276
1.722845
0.465470
-0.610351
-1.172338
-0.682635
-0.036530
0.026703
0.307345
-0.864818
0.617042
-0.222216
0.284229
-0.088840
-0.231839
-0.790126
-1.822145
-0.611646
-0.237411
0.163523
-0.618573
-0.468351
0.256577
-0.553962
-0.108125
-0.553677
2.085829
0.936878
-0.415252
0.170597
0.454337
-2.158809
-0.965017
0.531876
-0.455866
-1.065383
-2.301422
-0.968908
0.805451
-1.135924
0.726147
-0.517691
0.562345
0.538719
0.300969
-0.889899
-0.517514
-0.847396
0.390999
-0.221858
1.412510
0.412738
0.877395
-0.619491
0.833725
0.820401
0.546052
-1.230368
-0.408554
1.310415
-0.068469
1.359734
0.131285
-0.656588
0.447108
1.149276
2.530953
-0.190404
-1.111782
-0.149265
1.387198
-0.528596
0.982263
-0.723707
1.435544
0.356967
1.049095
-0.899297
0.904226
0.964620
-0.613237
0.717155
-0.667750
-0.937871
-0.082877
0.437424
-1.070983
-0.217578
1.065526
-0.006800
0.117658
-2.119862
0.541217
-1.558098
0.631181
0.836694
1.678349
-0.868698
-1.546039
-1.201082
0.372825
-0.037052
-0.822972
-0.462444
0.281287
1.911539
-0.743533
0.168263
0.371292
1.088563
0.099196
1.102612
0.102216
0.426205
1.181941
1.377756
0.472999
0.971836
0.608412
0.382529
-0.550907
-1.288302
0.643315
-0.091145
0.692847
-0.708127
0.077312
-1.864544
-0.697720
0.205895
2.029644
-0.045191
0.813541
-0.181475
0.957521
0.602558
0.878531
-0.308593
-0.754890
-0.738161
-2.451193
-0.950600
1.607363
-1.087325
-0.431136
-0.385941
0.733512
-0.018412
-0.694304
0.248924
0.073915
-0.539102
0.290525
0.153908
-0.782099
-1.285638
-0.424484
1.721754
0.951874
0.478718
0.995778
-1.527542
0.306925
-0.888999
0.200915
-1.223558
0.316990
-1.711675
0.454501
0.219351
-0.534994
0.545885
-0.858493
1.000735
-0.859466
-0.624883
0.874826
0.241052
-1.809579
0.303079
-0.023959
1.805518
-0.689774
0.882933
-1.604907
-0.012987
-2.916170
-0.755948
-1.191438
0.816341
1.769168
0.059987
-0.359799
0.373503
-0.969338
-1.323535
0.134904
0.854178
-2.615207
0.394162
-1.474127
0.074567
0.272793
-0.402508
-0.099271
-0.549990
-1.028493
1.500188
-0.193311
-0.333537
-1.353594
-0.262134
-0.193122
0.153376
0.749593
-1.134462
1.738012
-0.109051
0.897152
0.808970
0.888303
-1.781805
0.428746
-0.168224
-1.308686
-1.059508
0.039393
1.165029
-0.299146
-1.355747
-0.175722
-0.928010
-0.442080
-0.015653
1.829172
-0.383437
0.147026
-0.079799
0.296226
-0.131967
1.571764
-0.311052
-2.442058
-1.568999
-0.485046
0.521035
0.331750
0.888563
1.211913
-0.831619
0.214004
0.029649
1.490002
1.703037
0.726430
0.300429
0.520335
0.855861
-0.116302
0.076280
0.120782
-0.309803
0.897979
1.802174
0.699635
0.987643
-0.969448
-0.718679
-0.288031
-0.564920
-0.345273
1.446637
0.443340
-0.526163
-0.225667
0.730827
-0.280555
-0.474710
1.758620
-1.892767
-1.128946
0.196456
-0.800529
-0.166783
0.505306
-0.255829
-0.882077
-0.225600
0.579977
1.982461
0.673617
2.428784
1.597850
-0.176670
0.897720
-0.445249
0.807139
1.120740
-0.268822
-0.049215
0.400711
-0.157465
-0.788173
0.527851
0.937115
0.022569
0.800283
0.599674
-1.816345
1.213720
-0.230484
-1.243081
0.239564
1.459145
-0.755520
1.210924
0.627628
-0.219925
0.545671
-0.611222
0.504508
1.359391
0.924708
1.472861
0.309742
0.518977
1.151314
0.587290
-1.133944
-1.653551
-0.520425
0.488506
1.259611
-0.543014
-0.367561
0.333830
-1.508915
0.300917
-0.180001
1.499111
0.924511
-1.245419
1.651408
1.559710
-0.048454
-1.144323
-1.053862
-0.606527
-0.755611
0.682547
0.040547
-0.530280
0.242127
0.153790
-0.652888
0.990008
-0.329163
0.246864
1.145623
0.375154
1.257564
-0.232031
-1.071828
0.141567
-1.237789
1.743694
-0.039123
-0.164851
-2.175529
-0.059909
0.674924
0.647672
0.511206
-1.247666
0.171050
1.002568
-0.032369
0.180982
2.600168
-1.741024
-0.380217
0.437565
1.065796
-0.630704
-0.687836
-0.615978
0.169558
-0.120281
-0.027063
-0.651875
-0.887621
-1.497228
0.396939
-0.966947
-0.130409
2.325247
0.575405
0.117380
-0.867083
0.545040
1.144720
0.105006
-1.485019
0.056188
-1.384943
-0.960279
-0.624089
0.069884
-0.921437
0.405184
1.817495
-0.750491
-0.852645
-1.492463
-0.864175
-0.714643
0.081246
0.782535
-0.341463
1.616667
-1.085685
-1.143380
0.805472
0.255718
-0.844661
0.290322
-1.040564
1.889194
1.028321
-0.951761
-0.505411
-0.296020
1.051780
0.820216
-1.694123
0.627333
-0.067023
-0.473107
1.323492
-0.000919
-0.830113
0.526402
0.133051
-0.138898
0.153291
-0.643948
-2.438336
0.096085
-0.506592
0.064412
-0.811349
1.562822
0.687356
-0.318397
-0.275050
0.762567
-0.616557
-0.546486
-0.513089
-2.077195
-0.398644
0.196876
-0.836165
1.064013
1.554531
-0.361124
0.931401
2.242285
0.611020
