
Data:
0.077630
0.070181
-0.235349
0.453597
-0.138036
0.293964
-0.222832
0.116313
0.712882
-0.035055
0.177090
-0.741691
-0.708418
0.321170
-0.228963
0.154673
0.434078
0.077673
-0.267138
-0.160473
-0.307759
-0.582639
0.805552
-0.257516
-0.094662
0.349596
0.072554
0.006158
-0.257980
-0.171715
0.027819
-0.340794
-0.820203
0.137846
-0.356069
0.649544
0.017406
0.109062
-0.587591
0.150936
0.230030
-0.574757
-0.248025
0.199579
-0.784713
-0.526467
-0.048145
-0.620256
-0.060387
-0.750344
-0.153841
-0.768676
-0.536751
-0.324533
0.647556
0.147053
0.752733
0.336460
-0.475022
-0.420586
-0.422294
-0.045740
0.327609
-0.936371
-0.119920
0.483021
-0.090653
-0.362567
0.353817
0.222704
-0.647566
-0.349593
0.702901
0.354906
0.162324
0.479596
0.300856
-0.504272
-0.612393
0.192273
-0.803314
0.109095
0.146722
-0.732384
0.266765
0.210337
-0.481169
0.042922
-0.435795
0.053578
-0.045222
-0.264498
0.188281
0.276921
-0.266396
0.200935
0.162952
-0.434777
0.213443
0.128985
-0.279921
0.762257
-0.365409
-0.087931
0.074141
0.129970
0.118583
-0.368387
0.040185
0.231842
-0.277578
0.020267
-0.505774
0.277514
-0.125835
0.571812
0.037972
0.116115
-0.493937
0.054324
-0.646422
-0.857307
-0.855230
-0.628914
0.356940
0.164373
-0.109720
-0.155483
-0.207462
0.129377
0.298843
-0.228278
0.515587
0.255232
0.788225
0.429143
0.084898
-0.189710
-0.018620
0.405557
0.010310
-0.017786
0.111400
0.377631
0.307724
0.299497
-0.159417
0.124086
0.005397
0.113288
-0.528468
-1.012544
-0.098539
0.090513
-0.575408
-0.166317
0.895448
0.069089
-0.251971
0.107617
0.563064
-0.324267
-0.175876
-0.447043
-0.339167
0.418306
-0.167840
-0.651689
0.021840
-0.150365
0.133924
-0.491562
0.509853
-0.064337
0.303127
0.036262
0.695958
-0.398730
-0.460817
0.264399
-0.183870
-0.061234
0.148556
0.008992
-0.244826
0.933711
-0.091845
-0.913255
1.113821
-0.377579
0.117900
-0.024224
-0.293743
-0.232458
-0.241497
0.397975
-0.070858
-0.403360
-0.187439
-0.175371
0.212248
-0.408059
-0.635016
0.034923
0.730766
-0.530050
0.198505
0.517275
0.518086
0.512682
0.150006
0.405981
-0.209634
0.042840
0.475655
-0.511450
0.713002
0.280010
0.321162
0.464312
-0.254817
-0.026331
-0.564537
-0.328283
0.167534
-0.129582
0.228595
0.098640
-0.187784
0.179994
-0.791888
0.171752
-0.291809
-0.111567
-0.644298
-0.303105
0.324893
0.263143
0.180450
-0.264733
0.621277
0.042788
-0.155560
-0.196483
-0.081078
-0.601178
0.679416
0.069005
0.079141
0.344278
-0.296000
0.089801
-0.668898
-0.817289
-0.340591
-0.156028
0.199654
0.246414
0.907297
0.829678
-0.682315
-0.132228
0.081198
-0.190404
0.467298
0.285336
0.432902
0.161615
-0.653314
0.375767
0.159048
0.991551
-0.366545
0.226828
0.224442
-0.319002
-0.399943
-0.404070
0.396991
0.123490
0.436850
-0.409970
0.626272
-0.127144
0.393987
0.536331
-0.087030
-0.435770
0.377554
-0.662741
0.024210
-0.592693
-0.441731
0.026723
0.079260
-0.346094
0.014882
0.676520
-0.113256
-0.336994
-0.617609
-0.490525
0.167380
-0.436844
0.752082
1.182886
-0.637396
0.150914
-0.040372
0.404407
-0.523164
-0.523169
0.138747
-0.026350
-0.253004
-0.087117
0.520934
0.374501
-0.076640
-0.834841
0.373628
0.523029
0.400687
-0.572116
-0.560229
0.460306
0.291800
-0.367038
-0.237109
-0.356197
-0.529117
0.096430
-0.340686
-0.420426
-0.503811
-0.218629
-0.556110
0.131285
0.592923
-0.537080
-0.334116
0.190768
-0.558134
0.113554
-0.163548
-0.422837
0.049629
-0.345379
0.610349
-0.432086
0.334228
0.105834
-0.531288
1.018655
-0.058031
0.947906
0.437299
-0.736316
-0.071225
1.133232
0.022109
0.438405
0.192455
-0.964301
-0.767593
0.032884
-0.146920
0.028056
0.477872
-0.657109
0.305837
0.176116
1.004995
0.071368
0.101446
0.118972
-0.145559
-0.022760
0.194714
0.351991
0.179531
-0.407566
-0.032645
-0.267861
-0.035576
-0.003480
0.855709
-0.817255
0.276068
-0.500228
-0.280405
-0.423477
0.105871
-0.304015
-0.046956
-0.147245
0.222840
-1.030118
-0.075466
0.115417
0.379865
0.501905
0.062536
0.059058
0.134461
0.171823
-0.023169
0.399923
-0.145813
0.672212
-0.100726
0.337356
-0.901059
-0.533518
0.062039
0.060125
0.087590
-0.112468
0.428706
0.285191
0.772650
0.179154
-0.487336
-0.229719
-0.363350
0.326161
0.951344
0.754511
-0.493649
0.258885
-0.418282
-0.066864
1.000159
-0.010984
0.013155
-0.261234
0.129408
0.343229
1.119017
-0.002179
0.204913
-0.130518
0.327033
0.707616
0.210997
-0.357907
-0.417771
-0.209870
0.393082
0.493499
0.020764
0.412472
-0.222278
0.450326
-0.789204
0.136374
1.021070
0.172519
-0.344617
-0.851696
0.171393
-0.758644
-0.267280
-0.331682
-0.716964
-1.256667
-0.228792
0.335924
-0.044727
0.356125
-0.108404
0.172455
-0.142029
0.099654
0.151570
-1.290951
0.315942
-0.144868
-0.126612
0.166431
0.684204
0.354666
-0.031055
0.034763
-1.013881
-0.546187
1.216062
0.214949
1.132085
0.554967
-0.717838
-0.061673
0.231266
0.510563
0.494543
-0.204852
0.323345
-0.154008
0.357459
-1.279280
0.228502
-0.765038
0.331878
-0.232048
-0.570038
-0.214930
0.772898
0.112150
0.182025
0.007130
-0.019503
-0.037815
0.318711
0.291814
-0.521319
0.738213
0.199886
0.030315
-0.024487
-0.044258
-0.641423
0.671393
-1.149346
0.268341
0.040824
0.043048
0.067725
-0.481476
0.953507
-0.982402
-0.389042
0.005366
0.098586
0.339002
0.416448
-0.113907
-0.976251
0.159983
0.149607
0.298661
0.479376
-0.017963
-1.163197
0.023927
0.710097
-0.062459
0.318110
0.334449
-0.435655
0.033270
0.078416
0.731772
0.737971
-0.025223
0.378156
0.462445
0.692436
0.626657
-0.126357
-0.014544
-0.794871
0.563046
0.289388
0.124970
0.134678
-0.086412
-0.143899
-0.916409
-0.069849
0.505780
0.533509
0.610433
-0.059957
-0.034797
-0.591010
-0.575650
-0.222972
0.237248
0.556390
-0.058357
-0.258534
0.183325
-0.630394
-0.215529
-0.556838
-0.104197
-0.148786
0.060487
0.567472
-0.413156
-0.440216
0.607268
-0.573104
-0.167956
-0.459973
0.567845
-0.029850
0.262601
-0.421577
-0.268321
-0.010552
-0.583242
0.599734
1.045341
0.084879
0.372149
0.037099
0.613453
0.091187
0.639867
-0.011346
0.128956
0.084776
0.347807
0.685011
-0.143535
0.180488
-0.544254
0.071759
0.098535
0.063273
-0.046453
-0.068356
0.168965
-0.066201
0.024952
-0.691994
0.889952
-0.920118
-0.472236
-0.262446
-0.420020
0.246471
-0.074705
0.440461
0.251861
0.092930
-0.805085
0.376784
0.176930
-0.095746
0.958740
-0.812743
0.270902
-0.609943
-0.338157
0.068803
-0.071581
0.827960
-0.546696
-0.024033
-0.790012
0.266131
1.815856
-0.082983
-0.498210
0.473109
0.428738
0.278894
0.232771
0.937908
-0.113169
-0.054381
0.199569
0.394489
0.159395
0.933592
0.723692
0.170907
0.031304
-0.179972
-0.462698
0.452757
-0.548031
-0.467751
-0.538147
0.039417
-0.647992
-0.825278
0.314187
0.200369
0.137270
0.161531
-0.273432
-0.949015
-0.600721
0.007575
-0.217672
-0.078870
0.023011
-0.139536
-0.288602
0.256226
0.125985
-0.113993
-0.053453
-0.636119
-0.918638
-0.491176
-0.025657
0.393838
-0.032067
0.470824
0.336516
-0.113993
-0.030566
0.682843
0.376696
0.460131
0.175940
0.384670
-0.145573
0.640209
-0.433863
0.363917
-0.042783
-0.151988
0.223078
-0.106407
0.024096
0.867693
0.226619
-0.387768
0.962206
0.407316
0.490145
0.096394
-0.296400
-0.041491
-0.535688
-0.235066
-0.141328
-0.411941
0.289708
-0.035365
-0.498031
-0.145103
-1.404518
0.510520
-0.279326
0.281240
0.352840
-0.644943
-0.044941
-0.645817
-0.041002
-0.025740
0.213353
0.439093
-0.500829
-0.399088
0.062320
0.271855
-0.536180
0.104550
-0.385778
-1.192502
0.003159
0.215454
-0.302901
-0.071900
-0.215380
0.396740
0.278152
0.176968
0.122349
-0.551467
0.329885
0.661490
-0.694737
-0.515689
0.002298
-0.679886
0.424643
-0.342112
0.146231
-0.252011
0.190954
-0.317632
0.793453
1.354862
0.239210
0.222306
0.212161
-0.077147
-0.023332
-0.292728
-0.508426
0.079012
0.051298
-0.125149
-0.614972
0.104076
-0.834562
-0.693055
-0.745065
0.172835
-0.618688
0.415504
-0.394995
-0.615890
0.753967
-0.187931
-0.093578
0.136866
-0.141888
-0.114169
0.085473
-0.679399
-0.071815
-0.443024
0.166202
0.106587
-0.356430
0.415459
0.668144
-0.510250
0.176615
0.671688
0.482084
0.371444
-0.764536
0.531698
-0.874020
0.269612
0.244295
-0.152237
0.182883
-0.282225
-0.662784
-0.082012
0.384039
1.098820
-0.027947
-0.381557
-0.135785
0.378380
-0.181652
-0.418582
0.064503
0.133579
-0.039012
0.536905
0.167216
0.502960
-0.112684
0.144811
-0.283751
-0.039527
0.061882
0.482169
-0.062771
-1.215984
-0.169293
0.477448
0.171141
-0.953032
-0.394988
0.456828
-0.009165
0.265004
-0.066439
0.077373
0.286627
-0.470866
-0.492404
-0.196796
-0.599724
0.481601
0.016153
-0.443479
0.354887
0.306266
-0.597387
0.566468
0.152174
-0.400296
-1.353199
-0.165568
0.266844
0.541022
-0.246043
0.582165
-0.334465
-0.308510
0.104763
0.319860
0.612081
-0.540727
-0.116501
0.763485
0.175169
-0.203384
-0.239883
0.332635
0.031001
-0.053954
0.423038
-0.334272
0.017798
0.369861
0.463291
-0.387710
0.379393
0.032472
-0.257224
-0.550300
-0.219273
-0.355866
-0.579513
0.586555
0.393579
0.024071
0.430855
-0.206931
0.409257
-0.232086
0.608293
-0.600221
-1.401057
0.434171
-0.244350
-1.054673
-1.153583
0.335285
-0.578621
-0.216057
0.600508
-0.561003
0.481353
-0.049096
-0.005230
-0.013069
0.165189
0.194292
0.026262
-0.106138
0.083454
0.085867
-0.200972
0.581565
0.277522
-0.409583
0.629017
0.442950
1.185017
-0.190862
0.384555
-0.499623
-0.414336
-0.008380
0.164033
0.410804
0.475678
-0.218249
0.373652
0.313136
-0.070700
0.511081
0.033925
0.154783
-0.734504
-0.352000
-0.115130
0.200031
-0.371337
-0.074343
0.409868
-0.523474
0.974707
-0.768129
0.011707
0.549315
-0.316871
0.304828
-0.290438
0.544065
-0.023218
-0.069590
-0.155045
-0.118536
-0.086726
-0.285291
-0.248875
-0.254974
0.094732
-0.352497
-0.422712
-0.043722
0.423311
0.221544
1.037527
-0.927603
0.839413
-0.635316
-0.011806
0.438728
0.381220
0.452101
0.237155
-0.325718
-0.137790
0.066903
0.384168
-0.041891
0.026312
0.553086
0.569842
0.072641
0.413539
0.289747
0.176162
0.119346
-0.138779
-0.003647
-0.570470
0.128027
-0.632626
-0.206970
-0.201160
-0.044015
-0.790728
0.001493
-0.305449
0.444265
-0.514445
0.622160
-0.023781
0.116064
-0.641667
-0.275474
0.773755
0.436286
-0.256168
-0.470246
-0.098392
-0.187245
0.300931
0.126744
0.700606
-0.167170
-0.025184
1.046125
-0.168120
0.366219
-0.453383
-0.178887
0.040395
0.425795
-0.831253
0.125912
-0.408600
0.499918
-0.228291
-0.230287
0.361070
-0.659093
1.038822
0.170443
1.050468
-0.311857
0.576786
-0.201359
-0.346812
-0.018925
0.201829
1.177278
0.256369
0.522648
0.178715
0.373287
-0.000290
-0.077922
0.338657
0.462636
0.447721
-0.123097
0.607580
-0.335907
0.900541
-0.299417
-0.770730
-0.279700
-0.610549
-0.406932
-0.348346
0.018031
0.089926
0.508191
0.007326
-0.560038
-0.396800
-0.132252
0.209853
-1.316117
0.000899
-0.703523
-0.282232
0.436257
-0.065675
-1.190907
0.269767
0.508602
-0.003772
-0.289028
-0.463322
-0.536881
-0.106104
-0.454497
-0.143146
-0.045999
-0.194718
-0.201297
-0.590776
0.531166
-0.335603
0.242183
-0.455879
0.538247
-0.360617
0.119160
0.221563
0.909567
0.549588
-0.356894
-0.218807
-0.582577
0.646931
0.720615
-0.190895
-0.481749
0.090604
0.084433
0.430418
0.285314
0.083661
0.025568
0.965355
0.151037
-0.094054
-0.497875
0.195810
-0.681561
0.589477
-0.729271
-0.343245
-0.980500
0.249285
1.101445
-0.296106
0.237905
-0.385558
0.276752
-0.288137
0.443533
0.010406
0.571711
0.114137
0.112232
0.471876
-0.185999
0.281329
-0.170670
0.062896
-0.567823
-0.259375
0.085914
-0.748140
0.447179
-1.188820
-0.404293
0.395080
-0.239496
0.380469
-0.002144
-0.404328
-0.247712
0.014270
-0.164381
-0.232864
-1.056474
-0.163563
0.564128
-0.022453
-0.121418
0.202918
0.439176
-0.145451
0.175727
0.050821
-0.609626
0.368389
-0.223973
-0.533028
0.829578
0.758516
0.219388
0.141194
0.367470
-0.387034
0.339295
-0.482613
0.019383
0.046941
-0.248605
0.577217
0.449009
-0.178704
0.071321
-0.002713
0.267445
0.890809
0.545576
0.111451
-0.241964
0.350017
-0.780711
-0.852696
-0.341155
-0.404932
0.252580
0.215692
1.012290
-0.577814
-0.539699
0.197985
-0.173013
0.412894
0.918522
-0.301573
0.173819
0.107478
-0.018736
-0.182924
-0.345127
-0.056167
-0.556784
0.172324
-0.076643
0.130047
-0.284757
0.572171
0.379802
0.196166
0.225974
0.990959
0.259776
-0.220354
-0.228987
0.124536
0.189872
0.269973
-0.094650
0.839211
0.447094
0.189488
1.159807
-0.494432
0.516085
-0.008874
-0.488867
0.495809
-0.267194
0.339577
-0.122283
0.404386
-0.086968
0.704707
0.731704
-0.054872
0.635656
0.718380
0.020010
-0.102529
0.345533
0.526997
-0.385766
-0.122012
-0.904567
-0.646001
0.410614
0.411762
-0.212760
-0.413382
-0.015672
-0.315200
0.445241
0.675672
0.056508
0.258768
1.199871
-0.132793
-0.222562
0.117120
0.186792
0.108542
0.200676
0.067118
-0.201376
-0.196720
0.374276
-0.532871
0.385344
-0.543374
-0.072290
-0.350234
0.165460
-0.029636
-0.828984
0.028741
0.675244
0.029356
-0.178370
0.096558
0.158768
-0.152057
-0.452026
-0.392036
-0.802904
0.744359
0.323556
0.209415
-0.046122
0.303270
0.067837
0.494294
-0.505794
-0.023505
0.253494
-0.314846
-0.013075
-0.108530
-0.054001
0.454744
-0.100614
-0.352738
0.577607
-0.443094
0.179861
0.339924
0.343038
-0.726444
0.167043
0.361350
0.029999
-0.493263
-0.035153
-0.168208
0.164523
-0.377693
0.246995
0.138124
-0.390296
-0.529098
0.181289
-0.685423
-0.105951
0.024973
0.770058
-0.594062
0.047488
0.700812
0.258065
0.369766
-0.462427
-0.122040
0.446680
-0.136751
-0.397800
-0.271117
-0.406496
0.170311
-0.687790
-0.080979
0.012447
-0.647918
-0.157518
0.028810
0.000327
0.300277
0.192276
-0.149747
-0.064755
-0.656442
-0.023863
0.407999
-0.803386
0.150440
0.582534
-0.007898
-0.202576
-0.146831
0.130606
0.170747
-0.656435
0.077547
0.410101
0.407849
-0.337683
0.175757
-0.004479
0.123041
-0.573022
0.125386
-0.428372
0.049023
-0.050222
-0.454385
-0.070085
-0.156418
-0.226527
-0.488587
0.635162
0.126504
-0.107038
0.185044
0.369085
-0.543147
0.310757
-0.320379
0.500955
0.068137
-0.077516
0.530752
0.432197
0.555863
0.071059
0.069378
0.050723
0.394872
0.126592
-0.116249
-0.278151
-0.206411
0.384895
-0.653407
0.095455
0.102130
-0.100400
-0.031558
0.423060
-0.060073
0.002293
-0.334310
0.225289
-0.082185
0.245386
0.327377
0.047505
0.110424
-0.411665
-0.201794
0.277647
-0.461855
0.406440
0.151967
-0.184929
0.170307
0.166570
0.040532
-0.182296
0.198232
0.165193
0.126834
-0.325840
-0.110762
0.775538
0.082234
0.308655
-0.147807
-0.162291
0.108700
-0.206873
-0.564797
0.179985
0.050803
-0.004281
-0.332286
0.350513
0.359137
-0.290746
0.169634
0.197121
0.160986
-0.609793
-0.224904
-0.419549
0.101291
-0.640914
0.079200
-0.371266
0.018910
-0.156742
0.165622
0.305224
0.181617
-0.443172
0.461688
-0.077675
0.388702
0.370151
0.412575
-0.781102
0.718151
0.108376
-0.267072
0.171609
-0.005565
-0.049541
-0.324454
0.412125
-0.277474
-0.116420
-0.049892
0.480840
-0.697389
0.374537
-0.491664
0.468367
-0.244402
-0.141616
-0.316944
-0.082572
0.622589
-0.000345
-1.028553
-0.088285
0.159803
-0.077117
0.516341
0.243835
0.308087
-0.115616
0.296407
0.011211
-0.302931
-0.145633
0.473090
0.124045
-0.411696
0.375384
0.336007
0.186180
0.901217
-1.051773
-0.248685
0.435155
0.297737
0.550190
-0.227431
0.214880
0.058350
0.157074
0.067139
0.736661
-0.266790
-0.754192
0.346585
-0.854486
-0.033048
-0.740399
-0.556718
-0.014630
-0.634211
0.105331
0.139550
-0.542588
-0.716558
0.042018
0.221154
0.230274
0.396938
0.194381
-0.309923
0.748446
-0.284295
-0.027631
0.114036
0.044705
0.088904
0.314195
0.312880
-0.183668
-0.259873
0.815576
0.642945
0.267114
-0.257522
0.287189
-0.513199
-0.592966
-0.085363
-0.375141
0.060052
0.191439
0.532168
0.054323
-0.144780
-0.776418
-0.001313
0.207452
0.027543
0.035691
-0.267394
0.714692
0.433761
-0.064290
-0.097842
0.651028
0.566335
0.037290
-0.577276
0.512018
0.349170
0.772287
-0.779703
0.331904
0.488182
0.261634
0.084481
-0.043309
0.707712
0.049784
0.917244
0.173231
0.153358
0.273931
0.070535
0.216848
-0.867593
0.317592
0.385250
-0.539436
0.152095
0.074452
0.231179
0.460212
0.011178
-0.045837
-0.378872
-0.052809
0.481722
-0.054669
-0.135397
0.011023
-0.254637
-0.078950
-0.450941
0.750104
-0.548805
0.044298
0.393902
0.636140
0.243829
0.242808
0.840116
0.616667
-0.688737
0.804643
-0.334171
0.438320
-0.065658
-0.448465
0.299314
-0.367406
-0.071629
-0.330830
-0.126476
-0.135935
-0.201022
-0.754935
-0.740490
0.433804
0.112573
0.297080
0.436687
-0.293963
-0.060673
0.225516
0.554248
-0.308711
-0.234184
0.407092
0.559448
-0.516091
0.096002
0.643232
-0.245295
0.336130
-0.195574
-0.196774
-0.098136
-0.636301
-0.117861
1.010484
-0.470037
-0.734919
0.112481
-0.331515
0.574746
0.708367
0.073753
-0.013568
0.706534
-0.025533
0.481714
0.445196
0.500430
-0.625895
0.309727
-0.577204
-0.269733
-0.490967
0.252232
-0.221765
-0.515592
0.187548
-0.242191
-0.018560
0.202356
0.947981
-0.167568
-0.162689
0.342744
-0.272304
-0.237031
-0.331652
-0.737761
0.272045
0.698936
0.001251
-0.803556
-0.127695
-0.208416
0.310527
0.035537
0.819547
-0.025412
-0.480632
-0.107201
-0.618424
0.192555
-0.543309
-0.052797
-0.132852
0.224044
0.344383
-0.363136
0.206207
1.129932
0.231136
-0.325785
0.381644
0.293214
-0.043731
-0.154348
-0.584745
0.164603
-0.183254
0.876492
0.154028
-0.651141
-0.415678
-0.438840
-0.125780
-0.178040
-0.516105
-0.024696
0.709012
0.332456
0.220515
-0.270316
0.132352
-0.373655
0.132915
0.752873
-0.432589
0.205778
0.316459
0.113233
0.050708
0.302959
0.570371
-0.179668
0.279513
-0.163983
0.259358
0.650251
0.095127
0.761057
0.319230
-1.482699
-0.457076
-0.686275
0.849246
1.050177
0.187940
-0.389235
-0.492338
0.140411
0.532686
-0.180691
0.725288
-0.830025
0.226930
-0.173723
-0.292771
0.288087
-0.388041
0.396407
-0.207202
0.052668
-0.841710
-0.207412
0.905009
0.499014
-0.367364
-0.112235
-1.067260
-0.067768
-0.721384
0.093129
0.301325
0.105945
1.088955
-0.216355
-0.403999
0.415375
0.034917
-0.592822
-0.482050
0.034981
0.988675
0.523429
0.835924
-0.370288
-0.274508
0.448342
0.282569
0.996935
0.967775
0.068906
0.061827
-0.272838
0.471288
-0.145617
0.152214
-0.208637
-0.700273
-0.002909
-0.046138
-0.028400
-0.026840
0.548478
-0.090395
-0.892572
0.465402
-0.006022
-0.065838
0.255399
0.494852
-0.876335
0.649653
0.415140
-0.499207
-0.273267
-0.086829
0.409167
-0.162358
0.889550
-0.074580
-1.253847
-0.483361
0.104415
0.242178
-0.925277
-0.360721
-0.003998
0.656993
-0.518704
-0.986664
0.096133
0.294160
0.450385
0.785379
0.367793
-0.235088
-0.363391
0.447163
0.173016
-0.502360
0.545703
1.315893
-0.704854
0.174489
0.299589
-0.134315
0.047493
-0.085526
0.507165
-1.288882
-0.397724
-0.480180
0.606863
0.402247
-0.201509
0.037107
0.225271
-0.455171
-0.394984
0.287797
0.170180
0.527009
-0.509259
0.154041
0.116667
-0.152513
0.149061
0.137280
-0.475294
-0.670227
-0.566288
-0.089063
-0.073991
-0.663916
-0.252165
-0.028260
-0.484705
-0.292790
0.339099
0.652398
1.018272
-0.675797
-0.322620
0.146589
-0.594591
0.441181
-0.018786
0.194175
0.045314
-0.354662
-0.617326
-0.660768
-0.659428
0.191759
-0.303231
-0.940147
0.350687
0.190122
-0.496008
0.300544
-0.023474
-0.097842
-0.998488
0.284725
-0.028363
1.013304
-0.392467
0.091194
-0.400886
-0.017665
-0.570681
-0.070477
0.470393
0.137688
-0.153192
-0.517686
-0.218813
0.220481
0.274669
0.253202
0.019203
0.456495
0.187772
-0.052829
-0.064090
-0.187089
0.071401
-0.410023
0.174819
-0.081478
0.103165
-0.112940
0.056546
0.484241
-0.296704
0.023451
-0.568599
0.913820
0.357288
-0.750594
0.723669
-1.286741
-0.623395
0.779951
-0.882287
-0.163419
0.291241
-1.004120
-0.035360
0.161934
-0.757342
-0.263088
-0.172934
-0.034103
-0.192371
-0.198322
-0.597624
0.450038
-0.121206
-0.529277
-1.214572
-0.046834
-0.493568
-0.148534
0.018302
-0.002362
-0.746467
0.127637
-0.354884
-0.152102
-0.610404
-0.106497
0.911360
1.002874
-0.279395
-0.358824
-0.660707
0.781963
0.709876
-0.284726
-0.088519
-0.442291
0.373236
0.224675
0.097556
-0.594792
0.663892
0.117735
0.290133
-0.047714
-0.585265
0.465111
0.386847
0.704848
-0.409934
0.416914
-0.428534
0.469587
-0.228624
0.698516
-0.834657
-0.059287
-0.045893
-0.194735
-0.070772
0.293495
-0.397191
0.533897
0.299278
0.541226
-0.628366
-0.107885
-0.138270
0.110157
0.771890
0.308163
-0.004683
0.431852
-0.069505
0.293025
0.111749
0.028804
0.326346
0.287141
-0.443434
-0.107624
-0.045059
0.365875
-0.030690
-0.474301
0.164722
0.178926
-0.712799
0.788693
-1.086702
0.448599
-0.552445
-0.749760
0.047703
0.308373
0.514411
0.794263
-0.826985
0.144051
0.405448
0.131100
-0.671382
0.113895
-0.063714
-0.146041
-0.437974
0.234622
0.099887
-0.346765
0.636011
0.483208
-0.136829
0.050984
-0.598235
-0.587107
0.282212
-0.278208
-0.221248
0.383348
0.064512
0.345295
0.160799
-0.427627
-0.615826
0.533400
-0.418313
0.534916
-0.022394
0.099130
0.374978
0.609803
0.322161
-0.103071
-0.020163
0.343966
0.226569
0.625871
-0.442809
0.724839
0.286940
-0.305257
0.503306
0.043693
-0.447883
-0.617383
-0.841977
-0.278907
-0.219970
0.126005
-0.263695
0.611577
0.297324
-0.212538
-0.533113
-0.379972
0.075888
-0.321731
0.349127
0.432455
-0.046662
0.739645
0.442505
-0.003811
-0.087633
0.391132
-0.265236
-0.309043
-0.751222
0.092391
0.343469
-0.164141
0.144081
0.665054
0.512142
0.065201
-0.114148
-0.167776
0.007881
0.026223
-0.260099
-0.123828
0.009276
0.136129
0.181356
0.023081
0.878745
0.179985
0.292530
-0.655761
0.944820
0.109021
-0.396707
-0.378734
0.028951
0.201117
0.492250
-0.474596
-0.441648
-0.435312
0.129827
-0.313865
0.659239
-0.053339
0.110180
0.226098
-0.435552
0.272401
-0.458404
0.008067
0.201518
-0.182405
0.566744
-0.085860
0.318706
0.318344
0.562953
-0.510463
-0.127607
1.395552
-0.047417
-0.097152
0.487587
-0.105152
0.345653
0.336926
-0.513796
-0.174444
-0.253271
-0.300831
0.290901
-0.192689
-0.498888
0.127967
0.556889
0.047422
0.005609
0.619785
0.302898
-0.211577
-0.439213
0.726029
-0.176494
-0.152589
0.399537
0.830547
-0.160255
0.178098
0.336259
-0.470416
-0.171919
0.139872
0.393181
-0.855782
0.376015
0.182302
0.263396
-0.945611
-0.216614
-0.107884
-0.360581
0.331980
0.377019
-0.168937
-0.686497
0.050851
-0.118634
0.237099
0.011534
-0.173395
0.368926
0.176093
0.486008
0.468689
0.024755
0.279898
0.533885
0.022333
0.438750
-0.487886
-0.300958
-0.004558
0.806097
0.142503
-0.070433
-0.244712
0.383092
-0.006442
0.548349
0.315907
0.082394
0.631850
-0.337562
-0.830703
0.273403
0.140715
1.053414
0.057921
-0.545786
0.609207
-0.382075
0.670262
0.352082
-0.976713
0.371372
-0.018093
0.407589
0.970970
0.006382
0.335987
-0.212641
0.054148
-0.541353
0.455668
0.564937
-0.206589
0.578333
-0.372558
0.279262
0.313204
0.514873
-0.579491
0.091756
-0.549277
0.039073
0.512159
-0.589917
-0.329453
-0.304343
-0.655704
0.582681
0.892111
0.617532
-0.627993
-0.081850
0.497638
0.069659
-0.313398
0.079595
-0.143324
-0.267453
0.411486
0.032956
0.105412
-0.281696
-0.165639
-0.346260
0.226853
-0.385416
-0.197900
0.643407
-0.294791
-0.508755
0.277940
0.354142
-0.185476
-0.089978
0.147884
-0.200548
0.213124
-0.611039
-0.003411
-0.489176
-0.368635
0.115928
-0.598897
0.295698
0.463836
0.444922
-0.279505
0.048964
-0.042804
0.006262
-0.326028
-0.249531
-0.082568
0.234765
0.403017
0.355716
-0.155197
0.456618
-0.121848
0.118011
-0.139493
0.042583
0.503154
0.374052
0.060302
0.419248
0.027406
0.810583
-0.084425
-0.038318
0.406652
0.774564
-0.343547
0.381005
-0.522986
-0.687000
-0.595473
0.714830
-0.134237
-0.070536
0.002375
0.263693
-0.015299
0.084831
-0.239496
-0.084296
-0.485704
0.594513
0.114114
-0.564023
-0.160559
0.577533
-0.216445
-0.280175
0.824697
0.807635
0.577872
0.014772
-0.298601
-0.176597
0.138565
0.353298
-0.013833
0.275647
0.257115
-0.202182
0.472489
0.456307
0.029816
-0.321324
0.844118
-0.400455
-0.107261
0.743446
0.691762
-0.442547
0.251518
0.207658
-0.074622
0.983519
-0.432831
-0.303467
0.104646
0.426711
-0.548195
-0.136697
-0.308820
0.375176
0.744019
0.037919
0.059533
-0.552387
0.673966
-0.339444
0.214750
0.481747
-0.645231
0.123969
-1.127792
-0.968044
0.323777
-0.676385
0.725522
-0.905675
-0.108854
-0.611168
-0.071289
-0.104318
-0.231584
-0.012275
-0.128587
0.944717
0.402083
-0.493933
0.580894
0.612627
-0.419537
-0.364250
-0.213759
-0.233017
-0.414665
0.310519
-0.246447
-0.989407
-0.031426
0.223743
-0.285032
-0.005293
-0.759223
0.534597
-0.318860
-0.154795
0.008544
0.291854
0.001694
0.162697
0.104177
-0.335569
-0.008648
0.509519
-0.081907
-0.286892
-0.315959
-0.048169
-0.065725
-0.160003
0.024308
0.104753
0.841117
0.248255
-0.381696
0.518680
-0.044506
-0.087337
-0.047680
1.023940
0.174447
0.227394
-0.232783
-0.254835
0.556597
0.100459
0.235622
-0.828188
-0.167527
0.338744
-0.666858
0.112568
-0.574974
0.863167
0.201350
-0.011100
-0.177326
0.156204
0.319119
0.041260
-1.248482
-0.331758
0.028648
-0.078893
0.025778
-0.288185
0.751575
-1.020707
-0.079898
0.369457
-0.615912
0.147913
-0.095576
-0.133026
-0.556541
-0.040994
0.373377
-0.463586
0.661814
0.066258
-0.314568
-0.552360
0.648024
0.350104
0.062676
-0.062722
-0.103354
0.237444
-0.291788
-0.139014
-0.735607
-0.152215
0.377576
-0.564872
0.129865
-0.467951
0.002133
0.167347
0.598008
-0.473316
0.649500
-0.781051
0.032919
0.240254
0.704856
0.202243
0.093176
1.706904
0.680478
0.813428
0.961417
0.273195
-0.421726
-0.698821
0.346526
-0.290595
0.078003
0.792728
0.171763
-0.443178
-0.374254
0.164504
-0.312537
-0.879785
1.038854
-0.700876
0.029143
-0.419750
-0.377639
-0.274639
0.322550
-0.066448
-0.640018
0.322497
0.111647
-0.171470
-0.267465
-0.061774
-0.454279
0.299436
0.134920
0.287522
0.739823
0.086961
0.004125
0.742565
-0.440877
-0.362078
-0.134680
-0.005407
0.254679
-0.223830
-0.568170
-0.194336
0.074470
-0.279658
0.337561
0.323218
-0.430929
0.193222
0.373686
-0.217621
-0.571578
0.222993
-0.308313
0.268744
-0.079445
0.354282
0.386533
0.022393
-0.203087
-0.428399
-0.082571
0.037570
-0.031451
0.356764
0.301494
-0.241125
0.799156
0.453011
0.359551
0.131022
0.340991
0.285507
0.602105
0.035772
1.139779
-0.537626
-0.578673
0.691631
-0.401082
-0.560330
-0.074783
0.018289
-0.022776
0.195223
-0.443668
0.420895
-0.131956
-0.685409
-0.528480
-0.037697
-0.807703
-0.126678
0.344962
-0.658975
-0.153629
0.559778
-0.216500
-0.416989
-0.278440
0.081229
0.360114
-0.017545
-0.822310
-0.337274
-0.292518
0.244787
-0.268438
-0.511812
0.745486
-0.236066
0.175746
0.431037
0.060180
-0.381125
0.537140
0.518587
0.230982
-0.454857
0.077760
-0.479349
0.076395
0.558261
0.844012
0.111520
-0.473450
-0.149722
-0.652273
0.164779
-0.498832
-0.324567
0.383224
-0.271046
-0.666813
-0.486342
0.320581
-0.305913
-0.296914
-0.144043
-0.535994
-0.456934
0.144685
-0.784419
0.537364
0.251427
0.342648
-0.327771
0.457612
-0.255533
-0.499456
-0.073548
0.333693
0.489539
0.085680
-0.337733
-0.222430
-0.131908
-0.553404
0.467295
-0.298027
0.367272
0.282655
-0.630117
0.014221
0.746670
0.179745
0.310832
0.059513
-0.335500
0.092848
0.037153
-0.243999
0.291849
0.404211
-0.176609
0.309952
-0.438658
0.189448
0.176251
-0.300002
-0.303007
-0.067223
-0.401242
-0.392254
0.097459
0.223306
0.728666
-0.232939
-0.335250
-0.304076
-0.077570
-0.175875
0.141248
-0.031383
-0.448890
0.049075
0.083980
0.305834
0.180864
-0.232393
-0.391392
-0.008684
-0.563399
-0.062909
0.374424
-0.772643
-0.738302
-0.332581
0.486944
0.051515
0.030964
0.726509
0.170267
-0.190988
-0.593818
0.038288
-0.082825
-0.196472
0.521939
-0.313700
-0.274479
-0.761039
-1.036694
0.035427
0.492185
-0.204948
0.001382
-0.206204
-0.271563
0.206379
-0.407979
-0.481540
-0.504002
0.164491
0.252632
0.807281
-0.050142
-0.348439
-0.204907
0.831269
0.047170
-0.072875
-0.433683
-0.758260
0.040817
-0.213722
0.125712
-0.047946
-0.068176
0.083074
0.959899
0.074496
-0.846849
0.738566
0.055289
-0.445383
-0.691519
0.048872
0.156866
-0.240486
0.167486
-0.533700
0.280991
0.957290
0.201630
0.327187
0.370588
0.371353
-0.222829
-0.921681
-0.912279
-0.101260
0.290979
0.609224
0.290549
0.055383
-0.305086
-0.577867
0.025313
0.525376
0.251381
-0.138271
-0.449597
-0.108025
-0.083748
0.751631
-0.077165
-0.149984
-0.236052
0.361582
-0.537120
0.008516
-0.106707
-0.156287
-0.466780
0.083107
0.308460
0.130321
-0.003858
0.428460
0.148922
0.235570
-0.381952
-0.277292
-0.044232
0.110654
0.034077
0.135939
0.732427
-0.482431
-0.200025
0.071053
0.105817
-0.581599
0.005245
0.392824
-0.309817
0.199125
-1.016028
0.207894
-0.526395
0.604065
0.475291
0.073651
0.469350
-0.339527
-0.056962
-0.518839
-0.406356
-0.104473
0.259287
0.234906
0.009710
0.119020
-0.095577
-0.635135
0.632586
0.232226
0.035910
0.170872
-0.302996
0.045375
-0.784905
-0.411736
-0.132747
0.587039
0.146454
0.253939
0.189719
-0.561611
0.938248
1.158342
0.083959
-0.520551
-0.222654
0.389013
0.122252
-0.684344
-0.087014
-0.329424
-0.298246
0.518819
-1.034801
-0.152250
1.097678
0.014589
-0.689370
0.078444
-0.321222
-0.509105
-0.041148
0.098285
0.510976
0.095826
-0.616562
0.106240
-0.021243
-0.729012
-0.184528
0.510653
-0.376141
0.026428
-0.414169
0.627416
0.413496
-0.462682
0.169308
-0.090152
0.551709
-0.946139
-0.112444
0.173359
-0.341848
0.585777
-0.470711
0.379718
0.040523
0.839656
0.222964
0.084025
0.150422
0.608823
-0.023846
-0.102526
0.291331
-0.444410
0.156070
0.005054
-0.018433
-0.021413
-0.094129
0.722579
0.149891
-0.251649
-0.070003
-0.001268
-0.424636
-0.181201
-0.078449
0.516938
0.215909
0.162129
0.279640
-0.105331
0.004723
0.468354
-0.037987
-0.119887
-0.061390
-0.647488
0.038410
-0.616497
-0.641717
0.527026
0.661295
0.241892
-0.020953
-0.363630
0.306991
0.057106
-0.867850
0.450260
-0.469226
0.080092
-0.826434
0.395449
0.309681
-0.089612
0.411529
-0.315189
-0.331577
0.350161
0.432900
0.038494
-0.421942
-0.113306
-0.277702
-0.403237
-0.227895
-0.426753
0.282821
0.021404
0.522705
0.323651
0.022506
-0.578189
0.190993
0.389551
-0.181116
-0.546978
-0.409803
-0.318838
1.178337
0.307312
0.102594
-0.551859
0.361809
0.226675
0.605364
0.800288
0.375461
0.008922
0.572150
0.892890
-0.380039
1.089269
0.226091
0.572069
-0.261640
-0.001404
-0.172872
0.366392
0.717024
0.501786
-0.732799
0.168258
0.067635
0.462750
0.516409
-0.049341
0.163219
0.290368
-0.150517
-0.146544
-0.145307
-0.344606
0.203245
-0.414262
0.023768
-0.248100
0.068067
0.333113
1.117024
0.572329
-0.228072
0.694624
-0.446622
-0.834846
-0.506573
-0.656925
0.988559
-0.119183
0.258583
-0.430520
0.453083
-0.650080
0.008279
-0.476669
-0.048338
0.287951
0.146187
0.615448
-0.544896
0.146516
0.169090
0.400484
0.249973
0.021532
-0.180712
0.333176
0.435419
-0.001953
0.190896
0.112192
-0.126534
0.491068
-0.390395
0.421257
0.845684
-0.406220
-0.545131
-0.926732
0.696242
-0.324333
0.609853
-0.235825
1.053667
-0.022324
0.055888
-0.706657
0.115004
0.361209
-0.001584
0.477098
-0.963661
-0.445180
-0.377475
0.078704
0.613828
0.242055
0.411225
0.140040
-0.942003
-0.074550
-0.387777
0.510624
-0.195755
-0.143849
-0.493260
0.516253
0.502754
-0.126446
-0.751352
-0.274957
0.906991
0.011444
-0.346466
-0.383658
-0.463802
0.068023
0.062545
-0.107945
-0.249263
0.547750
0.014128
-0.168250
-0.227042
-0.937231
1.031912
0.532532
-0.043237
0.153622
0.454157
0.400801
-0.506980
-0.274429
0.151867
-0.087462
-0.037171
0.421919
0.019118
0.510910
-0.081995
-0.587161
0.762090
-0.038114
0.635422
0.543643
-0.803287
-0.064972
-0.306866
-0.396951
0.262517
0.190722
0.360550
-0.164091
0.378290
0.068575
-0.399533
-0.379880
-0.981325
-0.183634
-0.475015
0.503190
0.001356
-0.628772
0.240438
0.535131
0.383768
0.283870
0.765340
-0.323884
-0.511341
-0.126389
-0.520607
-0.320105
-0.584943
-0.221635
-0.524361
-0.154060
0.005432
0.342478
0.279376
-0.381660
-0.479300
0.032779
0.426619
1.668102
0.058344
0.061868
-0.151647
0.024176
0.002721
0.156977
0.331652
-0.411853
0.158034
0.894539
0.499007
0.285711
-0.278910
0.073795
-0.150847
0.074069
0.783645
0.457738
0.023572
-0.047173
-0.024288
-0.087644
-0.173041
-0.311082
0.205381
0.039840
-0.472985
-0.106427
0.639405
0.478496
0.901913
0.224247
-0.829346
0.553837
0.486776
-0.021585
0.271185
0.123462
-0.305519
-0.613926
0.318786
-0.121215
-0.314166
0.728589
-0.464879
-0.232315
1.030794
0.528539
0.062490
0.110639
0.307230
-0.082344
0.490064
0.278927
-0.323344
-0.519575
-0.264780
0.205193
0.404806
0.687882
-0.486599
0.583483
0.182839
-0.464323
0.094860
0.306108
-0.244434
-0.544389
-0.433666
-0.090504
-0.341150
-0.023249
-0.158795
-0.259124
-0.342520
0.066944
0.412221
-0.907146
-0.652017
0.318264
0.011518
0.036018
-0.777871
-0.507940
-1.175910
-0.107020
0.397462
-0.257630
-0.775872
-0.244232
0.271339
-0.195389
-0.862312
0.253497
-0.020165
-0.725112
0.442354
0.464258
0.604293
0.082854
0.076003
-0.527012
-0.572427
-0.230976
0.290142
0.543600
0.740099
-0.153843
0.238704
0.575621
0.443397
-0.130836
-0.268732
0.172474
-1.027246
-0.197891
-0.011460
0.309641
-0.317231
0.369612
0.419773
0.039080
-0.667894
-0.355102
0.133618
-0.598726
0.048039
-0.504665
0.395714
0.278910
0.128200
0.257125
-0.096302
-0.372125
0.183280
0.180434
0.022449
-0.198526
1.225169
-0.286889
-0.368209
0.267082
0.545946
-0.099615
0.962587
-0.185355
0.035838
0.959937
-0.108531
-0.195337
0.280908
0.115169
0.392141
-0.119189
0.009751
-0.039281
0.315283
-0.328676
-0.325631
0.337444
-0.387393
0.257271
-0.129107
-0.133040
0.054628
0.272904
0.260461
1.127760
0.974721
0.252242
-0.083599
0.167430
-0.494141
0.336649
-0.223394
0.456930
-0.318800
0.601681
0.218901
-0.563009
-0.159350
-0.366413
-0.108249
0.217977
-0.053068
0.636316
-0.072024
0.450476
-0.450529
-0.141024
0.551064
0.755538
0.216255
-0.016588
-0.984286
-0.417077
0.517893
0.518173
0.123868
-0.200338
0.359925
-0.470091
-0.307905
0.132352
0.599571
0.078262
-0.291710
0.630089
-0.070725
-0.325201
-0.290437
-0.103366
-0.202203
-0.272364
-0.173360
-1.207865
-0.490068
0.077321
0.502983
-0.207426
0.369422
0.153044
-0.029702
-0.368749
-0.927256
-0.057215
0.628381
-0.280980
-0.371142
0.712962
0.802707
-0.540179
-0.092352
-0.116678
0.428519
0.381071
0.077887
-0.016763
0.140546
-0.625996
-0.200390
-0.251530
-0.186140
0.927544
0.078639
-0.159584
-0.201312
-0.215995
0.185292
0.048704
-0.488164
0.151690
0.470635
-0.662485
-0.089337
0.313013
-0.477936
-0.627980
-0.057403
0.176142
0.015844
-0.643633
0.655892
0.624382
-0.110354
0.166677
0.146604
-0.166389
0.107384
0.016636
-0.563554
0.015568
-0.390220
-0.251029
0.632282
0.424203
0.083575
-0.405213
-0.058185
0.838302
0.035193
-0.348412
-0.379368
0.354356
0.515068
0.259132
-0.811662
-0.083834
0.128369
-0.129946
-0.231282
0.643011
0.110880
0.325407
-0.420491
0.615841
0.890070
0.444137
0.179091
0.426442
0.431939
-0.966943
0.371701
0.142013
0.203699
0.367326
-0.115771
-0.282998
-0.414061
0.117282
-0.551896
-0.109479
-0.320024
0.700211
-0.331877
0.505026
-1.007194
-0.345621
0.261665
-0.062593
0.731194
0.128699
-0.480453
0.298016
-0.115761
-0.290025
-0.519593
0.036830
0.039250
-0.001501
0.308113
-0.973552
0.138702
0.038823
0.937200
-0.369368
-0.354771
0.526172
-0.390973
0.498853
-0.284568
-0.099882
0.749152
-0.298431
0.295998
-0.373816
0.245091
0.115773
0.129966
-0.482364
0.392878
-0.857251
-0.339925
-0.316008
0.370106
0.278053
-0.109079
0.318154
-0.042942
-0.595967
-0.163658
0.740163
0.561910
0.540700
0.275372
-0.113054
0.200707
-0.025161
0.160574
1.035295
-1.018166
-0.472975
-0.384637
-0.322902
0.371493
-0.603065
-0.579093
-0.053288
0.217974
-0.751181
0.681628
-0.609249
0.416061
-0.432222
-0.222715
0.223040
-0.020356
0.489986
0.510824
-0.222116
0.617664
0.189535
0.264387
0.175397
0.683135
-0.102869
0.182289
0.869816
-0.591782
0.343429
0.423318
-0.838915
0.781042
0.235449
-0.410914
-0.341212
-0.120023
0.294597
0.447609
-0.840394
0.315688
-1.130990
0.843693
-0.116788
-0.193168
0.001843
-0.054195
0.296743
0.224540
-0.371047
-0.229860
-0.203837
0.493144
0.205555
0.772525
-0.070880
-0.395409
-0.699425
0.329460
-0.230013
-0.218718
-0.156781
-0.041074
0.380988
0.483306
0.126559
-0.100332
-0.318963
0.216755
0.085788
0.338099
-0.159973
0.274421
1.181026
-0.375521
0.411534
-0.199911
0.417538
0.488900
-0.262130
0.323192
-0.448094
0.181309
-0.320748
0.602155
-0.059793
-0.149008
-0.203466
-0.057069
0.049265
-0.696537
0.597788
-0.264770
0.858540
-0.392668
-0.017976
-0.137279
0.324848
-0.187138
0.271220
0.710762
0.304582
0.688162
0.073191
-0.638503
-0.254968
0.696526
0.304888
0.061794
0.203750
-0.411055
-0.544151
0.072521
-0.055550
-0.259177
0.135363
-0.190384
0.032711
0.312611
0.462216
0.438811
-0.724540
-0.077105
-0.260740
-0.449885
0.229178
0.242652
0.043526
-0.321293
-0.083451
0.682039
-0.129868
-0.228076
-0.369609
0.306274
-0.533084
-0.563566
-0.286239
-0.056841
0.052846
0.376395
0.730230
-0.111616
0.256034
0.199097
0.842669
0.248619
-0.313775
-0.448696
-0.265513
-0.667129
0.053160
-0.126728
0.692532
-0.454645
-0.192761
-0.732380
-0.456933
-0.711899
0.660107
-0.371456
0.199058
-0.536988
-0.443162
-0.415948
-0.051954
-0.223278
0.559934
0.227570
0.457134
-0.688768
-0.178347
0.374983
-0.355671
-0.596765
-0.125560
-0.197634
0.501995
0.221539
0.041572
-0.354185
0.025389
-0.294237
0.461793
-0.340223
0.007324
-0.391678
-0.281444
0.689452
0.206645
0.487282
-0.160654
-0.564893
0.472465
-0.226407
0.058124
0.017025
0.626931
-0.068128
0.237175
0.122680
0.297255
-0.936111
0.141558
-0.106968
0.689212
0.187346
0.059399
0.190224
-0.102286
-0.000072
0.123399
-0.592934
0.048953
-0.133085
-0.555464
-0.313117
0.285049
-0.045622
-0.220774
0.828427
-0.190914
-0.476680
0.106901
1.177461
0.037448
0.493023
-0.443601
-0.055337
0.057603
0.443910
-0.471530
0.147153
-0.265396
-0.155325
-0.143063
-0.506109
0.427661
0.001380
0.373174
-0.429734
0.217351
0.011651
-0.054365
0.738810
-0.328005
-0.234563
-0.204574
-0.193157
0.005135
0.197024
0.661072
0.326173
0.114387
0.494523
-0.758628
0.363562
0.231173
-0.024481
0.649150
0.257814
-0.176619
-0.507212
-0.099669
0.336051
-0.234121
-0.632197
0.279999
0.191795
0.034523
0.046291
0.967786
0.925063
0.172417
0.391298
0.660631
-0.469998
0.176171
0.414496
-0.215024
-0.320817
-0.323585
0.007623
-0.557833
-0.142878
-0.086130
0.218728
0.166500
-0.593516
-0.296745
0.538949
0.267096
-0.244834
0.286933
0.518000
0.815881
-1.152570
0.864533
-0.467003
-0.420223
-0.156680
0.354356
0.092983
-0.737603
-0.183357
0.499006
0.667572
-0.763921
-0.802269
-0.714990
-0.511303
-0.153898
0.103739
-0.106984
0.525585
-0.635119
0.072560
0.116499
0.365211
-0.307780
-0.542794
-0.011951
-0.735483
-0.374873
0.013687
-0.385335
0.139267
-0.001044
-0.070167
-0.141185
-0.265484
0.174144
-0.089496
-0.003186
0.297933
-0.093128
-0.231906
-0.580908
0.340761
0.282696
0.263645
-0.025488
0.505026
0.100860
-0.681485
-0.095968
0.349891
-0.884684
-0.269657
-0.926504
0.385477
0.409168
-0.222054
0.010212
0.483353
0.432150
-0.407034
-0.560517
0.581743
-0.378058
0.191213
0.046604
-0.330319
0.059095
-0.124946
-0.235399
0.211657
-0.574700
-0.708046
0.605383
0.845037
0.454871
0.700205
-0.667112
0.707222
-0.353227
-0.143498
-0.007129
0.298458
-0.101893
-0.244256
0.224246
-0.287420
-0.239006
0.103119
0.674787
0.315013
-0.766787
0.150244
0.271074
0.127998
-0.348442
0.268539
0.633055
-0.293522
0.429852
0.000788
0.018770
0.145605
-0.897173
-0.341181
-0.277387
-0.780403
0.229243
-0.631001
-0.048718
0.254031
-0.028750
-0.185452
0.586681
0.431523
0.115652
0.566142
-0.186910
-0.044881
-0.308632
-0.169978
0.041823
-0.586297
-0.571934
0.173980
-0.266590
0.287770
0.093365
-0.312973
-1.464048
0.063224
-0.148933
-0.456583
0.467464
0.319115
0.370121
0.341377
-0.047038
-0.926994
0.055919
0.037002
0.037527
0.434774
0.550619
0.878846
0.007732
0.455138
0.217895
0.102097
0.374752
-0.034364
-0.261063
-0.427052
-0.067762
0.723082
0.240937
-0.439066
0.082236
0.470872
0.646440
-0.161086
-0.029698
0.544914
1.205840
0.724984
-0.234750
-0.227511
-0.348232
-0.221058
0.043380
0.402272
0.373805
-0.422193
-0.702224
0.238574
0.375930
0.417136
-0.045865
0.021479
-0.212460
0.314000
0.193351
-0.151981
-0.247612
0.338449
0.932809
0.953104
-0.623859
-0.724568
-0.024750
-0.151413
0.003961
0.681389
0.070798
0.719026
-0.141905
-0.316606
0.349226
0.717721
0.224411
-0.192836
-0.279222
0.122768
-0.510028
-0.150533
-0.420627
0.375386
0.026628
0.705652
-0.377417
-0.027540
0.184303
0.147652
0.446768
-0.350685
0.194997
0.684476
-1.145600
-0.207257
0.053491
-0.213883
0.204298
0.571012
0.460163
-0.403856
0.688836
-0.396636
0.093024
-0.041320
0.221061
0.484630
0.558873
-0.084610
-0.332220
-0.450133
-0.342279
-0.039318
0.096146
-0.508855
-0.301318
-0.259057
-0.194841
0.177505
-0.211352
-0.758811
0.410798
0.438482
-0.295992
-0.374537
0.324779
0.099950
0.512812
0.360336
-0.749569
-0.372083
0.665539
0.076064
-0.246772
-0.830780
-0.683648
0.948236
-0.189042
-0.027029
-0.467372
-0.441804
-0.164195
0.885955
-0.056203
-0.446385
0.160101
-0.486948
0.677962
-0.187691
-0.874592
-0.362801
0.155654
-0.293177
0.324926
0.315347
0.863632
-0.445344
-0.234168
0.496624
0.052512
-0.222354
0.003677
-0.151009
-0.470699
0.541563
-0.403972
0.534742
0.074352
-0.557953
-0.558290
-0.209816
-0.201665
-0.530212
-0.334809
-0.181501
-0.591929
-0.999850
-0.365031
0.508028
-0.728101
-0.558459
0.143044
0.005776
0.546072
1.158008
0.033472
-0.298589
-0.119901
-0.243653
-0.547541
0.224942
0.412316
0.618652
-0.159122
-0.248447
0.221913
0.028784
0.454932
-0.061057
-0.253272
0.425203
-1.060230
-0.331214
-0.191146
0.541649
0.363023
-0.468854
-0.516873
-0.079748
-0.061541
0.104049
0.253198
-0.661659
-0.262862
-0.085584
0.450592
-0.739919
0.205506
-0.189333
0.575745
-0.016699
0.124656
-0.283810
0.014220
-0.152900
-0.252644
-0.392995
-0.644818
1.325467
0.916951
-0.074639
0.151081
0.068627
-0.633069
0.284419
0.254471
-0.935409
-1.390960
0.469256
0.297341
-0.787138
0.261257
0.604749
0.249986
-0.346299
-0.460208
0.234911
-0.415274
0.641644
0.234794
-0.273377
-0.876294
0.302456
0.435842
-0.016867
0.401237
-0.428395
-0.131777
0.202847
-0.322890
0.572358
-0.352280
-0.174684
0.363054
0.149607
0.165194
0.326766
-0.207817
-0.064509
-0.605916
-0.087925
0.518246
0.901025
0.270764
0.056927
0.110806
0.137928
-0.254046
-0.012583
-0.149398
-0.337189
0.163403
-0.162874
-0.591771
-0.218146
-0.777175
0.294129
-0.305090
-0.067785
-0.045644
-0.047609
0.284239
0.101408
-0.805866
0.034686
-0.949746
-0.292601
-0.431497
0.248942
-0.004721
-0.137986
-0.034421
0.144215
0.181044
-0.248259
-0.536892
0.422483
0.311897
0.119269
-0.512903
0.202127
0.639363
0.018414
-0.615152
0.445867
-0.089413
0.226732
0.050829
0.183898
-0.314647
0.038190
0.001712
-0.688153
-0.100380
0.360534
0.534850
0.243939
0.030075
0.096490
0.763791
-0.150054
-0.342319
0.042723
0.188188
0.660642
0.364722
0.436051
-0.386917
-0.265287
0.750897
-0.261279
0.771432
0.158343
0.793055
0.229681
0.393370
0.173702
-0.286177
0.067256
-0.181861
0.164722
0.253801
-0.204348
-0.249313
-0.530110
-0.450424
-0.506585
-0.224402
-0.293942
0.543908
0.347526
-0.045392
-0.040907
0.255156
0.103050
0.087469
0.496533
0.320269
0.184304
-0.396957
0.787516
-0.060585
0.295311
0.091999
-0.201548
0.431337
-1.001532
0.386563
-0.347354
-0.167992
-0.758068
0.182898
-0.168730
-0.005525
-0.544018
-0.315568
-0.212524
0.164778
0.525782
0.867086
0.721024
0.413800
-0.339960
0.284912
-0.703304
0.074894
0.071418
0.492600
-0.395325
-0.070695
0.444650
0.191139
-0.086731
-0.126437
-0.552680
0.638612
0.315197
-0.240626
0.362966
-0.053264
0.133076
-0.138009
-0.227256
-0.180388
-0.995714
-0.190276
-0.677557
-0.128041
-0.002523
-0.920450
0.000483
0.182164
-0.556482
0.035061
-0.022891
0.625880
0.186761
-0.529248
0.093787
0.205486
0.445251
-0.431313
0.503402
-0.402742
0.003097
1.206889
0.144234
-0.363272
-0.064454
-0.630441
-0.321404
-0.122484
-0.168559
-0.607379
-0.342179
0.377208
-0.148266
0.083120
-0.266747
0.612989
-0.416859
0.348327
0.604222
0.281392
-0.135801
-0.230992
0.084756
-0.439395
-0.900913
-0.220725
-0.840497
-0.145601
0.450997
0.362941
0.339919
-0.462391
-0.047983
-0.362181
-0.166762
-0.495050
-0.709545
0.076019
-0.084365
0.042562
-0.511191
0.120445
-0.112937
0.076039
0.429408
0.612553
-0.115272
0.361399
0.032879
-0.103726
0.684201
0.337731
0.296258
0.032152
0.644404
-0.211471
-0.799106
0.430120
-0.447800
0.112623
0.332815
0.208828
-0.599849
0.263960
0.075783
0.329695
0.258399
0.211035
0.412789
-0.008123
0.086623
-0.029049
-0.127960
0.266782
0.339689
-0.192523
0.309164
0.178581
-0.396466
-0.619477
0.477885
0.059211
0.091298
0.151057
0.187349
0.225289
-0.273584
-0.291331
0.477608
0.565582
0.003437
0.279537
-0.014705
-0.696180
-1.019245
-0.115612
-0.533069
0.312479
-0.841256
0.869564
0.132727
-0.534913
0.804549
0.429060
-0.179097
0.330876
0.112418
0.730660
-0.286976
-0.037673
1.289096
-0.558356
-0.359936
-0.087845
-0.236422
0.366178
0.001631
0.533082
-0.185032
-0.134611
-0.348317
-0.118564
-0.392597
0.522197
-0.229885
-0.164789
0.531096
-0.205870
-0.115731
0.586028
-0.300163
-0.065191
-0.225891
0.274516
0.569808
-0.261621
-1.033111
-0.056795
-0.356306
0.338011
0.746312
0.314093
-0.072727
-0.277701
0.461580
-0.431409
-0.366121
0.262109
0.229912
-0.664846
-0.288150
-0.748293
0.117711
0.037816
-0.457226
0.106580
-0.237676
-0.210256
-0.004522
0.333427
0.075246
-0.143440
0.492962
-0.268703
-0.101123
0.413864
-0.040042
0.083361
0.017071
-0.064122
0.542742
0.786095
0.250156
0.047767
0.525076
0.029398
0.421461
-0.182441
-0.168929
0.677126
-0.002713
0.364913
-0.726889
-0.307207
-0.277423
0.371286
0.375994
0.042381
-0.703934
0.683654
-0.377408
-0.780421
0.703378
-0.130765
-0.119770
-0.289199
0.095515
0.227668
0.625572
0.134986
0.599856
-0.464541
-0.312151
0.003070
0.355882
0.385354
-0.319302
-0.139158
-0.748111
0.429337
-0.599279
-0.436738
-0.158996
-0.208683
0.287074
-0.382357
-0.530322
-0.686739
-0.058849
0.539664
0.682728
0.056249
-0.777492
-0.601159
-0.037419
0.011744
-0.460980
-0.210055
0.703688
0.128189
1.087547
0.259490
-0.323948
-0.305577
0.118944
-0.137470
-0.269727
0.014310
-0.322676
-0.057745
0.253394
-0.190530
-0.292148
-0.018127
0.555320
0.309458
-0.532835
0.110926
0.105906
0.197080
-0.205346
0.412224
0.029561
-0.361892
-0.255956
0.515483
0.033605
0.043316
0.365904
-0.045688
-0.357925
-0.742780
-0.487695
-0.108498
-0.210522
0.077778
0.028472
0.155431
0.610799
-0.195722
-0.614905
0.402017
-0.468610
0.094497
0.150596
-0.341904
0.620363
-0.292802
0.813916
0.154800
-0.212901
0.926701
0.309030
0.370356
-0.212745
-0.344392
-0.243999
-0.060232
-0.323958
0.921829
0.465381
0.307258
-0.508123
-0.402714
0.147687
-0.041380
-0.229510
-0.009590
0.157718
-0.732162
0.014561
0.096831
0.012222
0.519651
-0.503463
0.451126
0.046403
-0.081070
-0.104212
0.787210
-0.104703
-0.007498
-0.456880
0.608436
-0.781176
0.018496
0.432967
0.074254
-0.140553
-0.238932
-0.038482
-0.393455
-0.218812
-0.337063
0.292919
0.554172
-0.086497
-0.197365
0.318334
-1.286887
0.346930
0.112105
0.312535
0.040886
-0.707321
0.377068
0.007218
-0.107945
0.235117
0.087215
0.103085
0.097843
0.762466
-0.105891
0.707608
0.456737
-0.388774
-0.154410
0.043984
-0.226927
0.655989
0.383107
-0.083213
-0.069798
0.017911
-0.708138
-0.823676
-0.303475
0.106257
-0.637582
0.130365
-0.764073
0.687177
0.085914
-0.058878
0.067699
0.330418
-0.405860
0.224758
0.162174
-0.338608
0.217940
0.011347
-0.841550
0.582070
0.313175
0.371641
0.191836
-0.153130
0.082829
0.145334
-0.154689
-0.019548
0.466911
0.080374
0.664828
0.182041
0.226390
-0.261388
-0.776551
0.366035
0.172414
0.113202
-0.254813
0.081476
-0.903413
0.792035
0.552651
-0.542365
0.095005
0.757630
0.161354
0.337076
0.071703
-0.279034
-0.015808
0.294642
0.054570
-0.157398
0.069644
0.176768
0.113305
-0.141499
-0.177497
-0.355902
0.091644
0.237508
-0.316247
0.633050
-0.440708
0.490461
-0.011319
0.542506
-0.210430
0.439042
-0.522918
0.454302
0.951949
0.086545
1.058873
0.031136
0.374743
-0.661044
0.191883
0.334619
0.084678
-0.665928
-0.882531
-0.361790
-0.480284
-0.418305
-0.481168
-0.061530
0.330498
0.465711
-0.194282
-0.303104
-0.618737
0.304829
0.568939
-0.051157
-0.528429
-0.067513
-0.359830
0.190184
-0.215007
-0.426762
0.335992
0.539618
0.393446
-0.328305
-0.180023
-0.608150
-0.135832
-0.422392
-0.524039
0.192396
-0.202812
-0.088674
0.450768
0.011824
0.211478
-0.396937
0.297658
-0.037875
-1.021143
-0.010865
-0.234217
-0.201195
-0.579976
-0.314874
0.084745
0.231821
-0.175051
-0.158580
-0.246346
0.882208
-0.047607
0.316608
-0.769218
0.393742
-0.486825
-0.273334
0.246733
0.244613
-0.379349
-0.258671
-0.139424
-0.277080
-0.597575
0.389235
-0.101843
-0.679642
-0.051854
-0.280911
-0.923049
-0.004509
-0.247199
0.784751
0.081354
-0.068201
0.016366
0.351261
0.134562
-0.647730
0.761742
-0.507721
-0.447818
0.142986
-0.320675
-0.031890
0.190708
-0.083939
0.059743
0.566798
0.238628
-0.349814
-0.696151
-0.287062
-0.125599
-0.253136
0.089276
-0.072812
0.094852
-0.025825
-0.057409
0.516033
-0.372810
-0.590329
-0.334871
-0.047881
-0.451288
-0.008886
0.143435
0.050796
0.110798
0.083737
-0.601400
-0.400034
-0.303747
0.120196
-0.069204
0.454535
0.652404
0.117311
-0.199487
0.246087
-0.004643
0.562807
0.242349
0.105248
-0.342591
-0.041919
-0.910164
-0.250044
-0.216256
0.109333
-0.227010
0.453651
-0.222435
0.778863
0.328528
-0.275854
0.707369
-0.068915
-0.206040
0.281335
-0.095068
-0.118119
-0.602385
-0.304737
-0.037559
0.589594
-0.072270
0.474342
0.007082
-0.370874
-0.341370
0.558138
-0.174555
0.169137
0.309576
-0.022356
0.438459
-0.029274
-0.200977
0.422415
0.894552
0.146834
0.446369
-0.343721
-0.293390
-0.057543
0.435174
0.110498
-0.228210
0.192141
-0.048217
0.372391
0.328677
-0.329487
-0.039025
0.077929
-0.501668
-0.614909
-0.616535
0.496247
-0.199671
0.065845
-0.563028
0.106817
0.062349
-0.044286
0.210549
0.505094
-0.424543
0.154491
0.603431
-0.477818
0.506635
0.169776
0.000169
-0.520459
-0.431089
-0.600108
0.233963
0.244684
0.219031
0.272005
0.014694
-0.045971
-0.165789
0.425357
-0.104575
0.647234
-0.697724
-0.169033
0.565965
-0.637693
0.511687
-0.814113
-0.127560
0.307344
-0.102840
-0.340223
0.000314
0.045284
0.221029
-0.244370
1.047601
0.038298
0.057506
-0.361086
0.432711
0.440798
0.445652
0.922431
-0.046838
-0.276115
-0.924939
0.269479
-0.609178
0.615834
0.188005
-0.351077
0.319798
-1.157366
0.039495
0.564525
-0.014093
-0.088177
0.841672
0.219048
-0.785257
0.080205
-0.071448
0.079449
0.064062
-0.252023
-0.552848
-0.060360
0.579241
-0.225072
-0.306535
0.092670
-0.529812
-0.060498
0.295431
-0.562441
0.003752
-0.738921
-0.401930
0.365397
0.296001
-0.383864
0.051345
-0.943573
0.097087
0.101276
0.365694
-0.320855
0.113897
-0.384331
-0.104460
0.487241
0.707682
-0.147325
0.527267
-0.263842
0.115822
0.166140
-1.198274
-0.558415
0.362272
0.240002
-0.221356
-0.270305
-0.437257
-0.121720
-0.476914
-0.141863
0.337680
0.399149
0.341220
-0.247665
0.488252
0.534005
0.402749
-0.424409
0.625131
-0.265778
0.137405
-0.291142
-0.072096
-0.569203
0.019962
0.238891
-0.246965
-0.049571
-0.558899
0.252732
-0.536588
-0.032518
-0.347901
-0.088732
-0.625778
-0.100707
0.226940
0.459415
-0.159723
-0.225772
-0.244196
-0.805097
-0.172022
-0.915614
0.066469
-0.218207
0.869516
-0.378001
0.099390
-0.429421
-0.079155
-0.081688
-0.194474
0.530728
0.175015
0.128543
0.123845
-0.294443
0.093061
0.353152
0.852575
0.830862
1.194364
-0.867873
-0.057120
-0.250163
-0.821501
0.264470
0.253045
0.339570
0.018497
-0.449611
0.553999
-0.581484
-0.211948
0.319770
-0.366344
0.000538
-0.171217
0.094477
-0.020790
0.172039
0.302021
0.775440
0.455006
-0.642869
-0.081422
0.337501
0.284495
-0.112140
-0.405408
0.375505
-0.593684
-0.028133
0.381130
0.030862
0.311313
0.708964
0.194529
0.345161
-0.260298
-0.273851
0.182414
-0.288868
0.785411
-0.023984
-0.148055
0.084753
0.267711
0.249508
0.531804
-0.021014
0.174858
0.347964
0.594462
0.205137
0.557735
-0.083272
0.771377
0.129290
-0.332098
-1.348859
0.774447
0.374796
-0.474766
0.087322
-0.719160
0.112955
-0.878447
-0.154077
0.425301
-0.218356
0.249013
0.626486
-0.737283
0.075927
-0.480153
-0.377647
0.378211
0.148672
0.099696
-0.260727
-0.272477
0.141381
0.043420
0.488825
0.035970
0.207915
-0.719692
0.212464
-0.695180
0.500607
0.267170
0.608671
-0.484839
0.381279
0.313031
0.330182
-0.001088
-0.721093
0.132954
0.031571
0.627525
0.084561
-0.597326
0.549924
-0.219163
-0.431150
-0.250824
0.324159
-0.268775
0.369677
0.670811
-0.243847
0.703758
1.310094
0.776093
-0.188555
-0.226231
0.787069
0.060127
-0.350030
0.186726
-0.177863
-0.228234
0.062988
-0.594494
-0.249174
0.203368
0.155427
0.512424
-0.443672
-0.062026
-0.235934
0.636960
-0.031858
-0.514966
-0.058868
-0.129712
0.778090
0.043545
-0.059873
0.490246
-0.365922
-0.030380
0.602145
-0.220327
-0.323993
0.335497
-0.497645
-1.247427
-0.920235
1.009391
-0.411613
-0.468884
0.357436
0.226157
0.728205
-0.358137
-0.115016
0.314766
-0.482340
0.619474
-0.289495
-0.115083
-0.182777
0.878982
0.085644
-0.483022
-0.039964
0.372568
-0.133299
0.431605
-0.312807
0.286600
-0.168049
0.014610
0.360803
-0.323247
0.470071
-0.403082
0.264635
-0.420430
0.402965
-0.035664
-0.095545
0.001503
-0.595566
1.143241
-0.347941
-0.081701
0.942286
-0.226401
-0.377642
-0.430576
0.059600
-0.603054
-0.476892
-0.008559
-1.050576
-0.384250
0.316899
-0.348864
-0.399483
-0.741123
0.042560
0.324099
-0.006282
0.194991
-0.022992
-0.764336
0.699092
-0.358371
-0.281341
-0.210892
-0.440766
1.425345
0.838567
0.051874
-0.893279
-0.265742
-0.271439
0.383163
-0.369689
0.998472
0.644252
0.994858
0.022366
-0.470501
-0.840056
-0.551799
0.817420
-0.565064
-0.621725
-0.096426
0.599135
0.222574
-0.065036
0.108171
0.197719
-0.152328
-0.380050
0.004392
-0.095837
0.281488
0.238245
-0.294197
0.094478
-0.113514
0.267320
-0.603302
0.326594
-0.166906
-0.388517
-0.017969
0.526155
0.381763
0.237441
0.510481
1.072249
-0.714064
-0.822767
0.578458
0.432935
-0.039445
0.451180
-0.631481
0.214967
1.145516
0.095523
0.034860
-0.070860
-0.691381
-0.131695
0.098257
-0.954900
0.206608
-0.094026
0.484386
1.182400
-0.572684
0.240940
0.381371
0.564757
-0.762580
-0.011459
-0.221789
0.234686
-0.459917
0.754686
0.207207
-0.293157
0.038939
-0.366139
-0.291691
0.237021
0.026994
-0.349169
0.287079
-0.096740
-0.091445
-0.082830
0.713282
0.538338
-0.963386
-0.269221
-0.413610
-0.309168
0.213568
-0.242687
0.513786
-0.480414
-0.261591
0.076040
0.853379
0.183769
0.101056
0.950604
-0.227098
-0.325517
-0.703852
0.027166
0.452143
0.849959
-0.033569
-0.134247
0.312837
0.504856
0.190813
0.164090
0.375048
0.380078
-0.307598
0.273596
-0.107185
0.277288
-0.788034
0.104424
-0.089056
-0.866738
-0.469052
-0.125960
0.063888
0.451560
-0.326482
-0.095684
0.306476
0.011519
0.194765
0.121229
0.194770
0.929421
0.072604
0.345784
-0.605507
0.342137
0.334570
-0.190016
0.285498
0.115195
0.788946
0.120118
0.324593
0.796030
-0.434546
-0.044832
0.453217
-0.681447
-0.044607
-0.417662
0.420018
0.156004
-0.310130
-0.593291
-0.540224
0.328806
-0.430806
0.403429
0.671620
0.989753
-0.358146
1.136886
-0.901115
0.021886
0.572069
-0.261640
-0.001404
-0.172872
0.366392
0.717024
0.501786
-0.732799
0.168258
0.067635
0.462750
0.516409
-0.049341
0.163219
0.290368
-0.150517
-0.146544
-0.145307
-0.344606
0.203245
-0.414262
0.023768
-0.248100
0.068067
0.333113
1.117024
0.572329
-0.228072
0.694624
-0.446622
-0.834846
-0.506573
-0.656925
0.988559
-0.119183
0.258583
-0.430520
0.453083
-0.650080
0.008279
-0.476669
-0.048338
0.287951
0.146187
0.615448
-0.544896
0.146516
0.169090
0.400484
0.249973
0.021532
-0.180712
0.333176
0.435419
-0.001953
0.190896
0.112192
-0.126534
0.491068
-0.390395
0.421257
0.845684
-0.406220
-0.545131
-0.926732
0.696242
-0.324333
0.609853
-0.235825
1.053667
-0.022324
0.055888
-0.706657
0.115004
0.361209
-0.001584
0.477098
-0.963661
-0.445180
-0.377475
0.078704
0.613828
0.242055
0.411225
0.140040
-0.942003
-0.074550
-0.387777
0.510624
-0.195755
-0.143849
-0.493260
0.516253
0.502754
-0.126446
-0.751352
-0.274957
0.906991
0.011444
-0.346466
-0.383658
-0.463802
0.068023
0.062545
-0.107945
-0.249263
0.547750
0.014128
-0.168250
-0.227042
-0.937231
1.031912
0.532532
-0.043237
0.153622
0.454157
0.400801
-0.506980
-0.274430
0.151867
-0.087462
-0.037171
0.421919
0.019118
0.510910
-0.081995
-0.587161
0.762090
-0.038114
0.635422
0.543643
-0.803287
-0.064972
-0.306866
-0.396951
0.262517
0.190722
0.360550
-0.164091
0.378290
0.068575
-0.399533
-0.379880
-0.981325
-0.183634
-0.475015
0.503190
0.001356
-0.628772
0.240438
0.535131
0.383768
0.283870
0.765340
-0.323884
-0.511341
-0.126389
-0.520607
-0.320105
-0.584943
-0.221635
-0.524361
-0.154060
0.005432
0.342478
0.279376
-0.381660
-0.479300
0.032779
0.426619
1.668102
0.058344
0.061868
-0.151647
0.024176
0.002721
0.156977
0.331652
-0.411853
0.158034
0.894539
0.499007
0.285711
-0.278910
0.073795
-0.150847
0.074069
0.783645
0.457738
0.023572
-0.047173
-0.024288
-0.087644
-0.173041
-0.311082
0.205381
0.039840
-0.472985
-0.106427
0.639405
0.478496
0.901913
0.224247
-0.829346
0.553837
0.486776
-0.021585
0.271185
0.123461
-0.305519
-0.613926
0.318786
-0.121215
-0.314166
0.728589
-0.464879
-0.232315
1.030794
0.528539
0.062490
0.110639
0.307230
-0.082344
0.490064
0.278927
-0.323344
-0.519575
-0.264780
0.205193
0.404806
0.687882
-0.486599
0.583483
0.182839
-0.464323
0.094860
0.306108
-0.244434
-0.544389
-0.433666
-0.090504
-0.341150
-0.023249
-0.158795
-0.259124
-0.342520
0.066944
0.412221
-0.907146
-0.652017
0.318264
0.011518
0.036018
-0.777871
-0.507940
-1.175910
0.560245
-0.023217
-0.035177
-0.758471
0.288155
-0.392398
-0.466438
0.080570
0.605377
-0.078164
0.330773
0.382173
1.000199
-0.202559
0.148976
-0.331768
0.221167
-0.053506
0.939288
-0.040919
-0.329070
0.344412
-0.290906
-0.114001
0.083026
-0.033110
-0.093161
-0.721942
0.013125
0.163359
0.025545
-0.432271
-0.184921
0.246944
-0.164791
0.096439
0.658375
-0.787820
0.187654
-0.862896
0.582181
-0.411944
0.006389
0.193554
-0.143789
-0.345600
-0.422848
0.315240
-0.051874
-0.329067
0.470171
-0.473218
-0.062075
-0.406921
-0.178769
0.112853
-0.733545
0.320538
-0.738577
-0.133479
0.013749
-0.218588
-0.300222
0.915634
0.276316
-0.802978
-1.192507
0.350380
-0.165955
-0.359324
-0.116841
-1.129647
-0.400903
0.369010
0.363473
0.703465
0.293292
0.062973
-0.087233
0.395453
0.683602
-0.790629
-0.256602
-0.661626
-0.003015
0.697366
0.721088
-0.063220
-0.717786
-0.229544
-0.538208
0.133685
-0.551951
0.029369
0.086001
0.669825
0.408242
-0.064533
-0.302795
-0.509978
0.804687
-0.062924
-0.933855
-0.421539
0.400341
-0.461475
0.173907
-0.481516
-0.360199
0.392511
-0.134064
0.644265
0.249904
0.172366
-0.334839
-0.204901
-0.309521
0.175548
-0.360461
0.269452
-0.691339
0.020384
-0.334462
0.097921
0.253557
0.154853
-0.001751
-0.185344
-0.139205
-1.005244
-0.612398
0.133946
0.287311
-0.186659
-0.141584
0.000652
-0.666726
0.267829
-0.306892
0.756586
-0.314592
0.338001
0.675799
0.480882
0.133049
-0.520011
0.826115
0.756559
0.009572
0.513460
0.172470
0.014306
0.310912
-0.355251
0.225407
-0.445867
0.592112
-0.020735
0.720842
0.121107
0.118712
-0.196258
-0.335159
1.142911
0.485173
0.421594
0.275155
0.040604
0.053414
-0.443157
-0.469128
-0.069721
-0.378641
0.877520
-0.922358
-0.160886
-0.289110
-0.075590
0.137062
0.594633
0.106369
0.531327
-0.680450
0.066869
0.126374
0.317093
-0.396018
0.041935
-0.064899
0.380425
-0.033932
0.522314
-0.218255
-0.137956
-0.104429
-0.421871
-0.287209
-0.092188
0.523013
0.010590
-0.421160
0.021504
-0.633058
0.498454
0.017505
0.667662
-0.302290
-0.033690
0.887142
0.230400
0.124695
0.260694
-0.275523
0.117565
-0.196024
0.168266
1.198165
-0.736405
0.112840
-0.043147
-0.385681
-0.061564
0.308754
-0.146701
0.005766
-0.423128
-0.266836
-0.457337
0.709334
0.189176
-1.484136
0.062283
-0.062134
-0.864399
-0.224313
0.555357
-0.869080
0.286648
-0.151854
0.271071
-0.899326
-0.194583
-0.784643
-0.084259
0.181531
0.287323
-0.149622
-0.420616
0.291538
-0.566184
-0.489544
0.289602
-0.232533
-0.692097
-0.166047
-0.469147
-0.183755
0.696773
-0.159075
-0.528727
0.454334
-0.145044
0.126279
-0.558689
-0.144319
0.674259
-0.911931
-0.121181
-0.606849
0.715897
0.286241
0.436129
0.228837
0.370113
0.700934
0.397467
0.334822
0.613470
0.960577
0.219812
0.011898
-0.038925
0.310468
-0.022128
-0.275231
-0.320056
-0.995516
0.662389
-0.453195
-0.012627
0.167180
0.107695
0.569788
-0.106036
0.447302
-0.068106
0.085488
-0.337154
0.947676
-0.248098
-0.242318
-0.274614
-0.195955
-0.068018
-0.416913
-0.307908
-0.801619
-0.201453
0.129386
0.034943
0.513356
-0.529157
0.627535
0.328696
-0.268484
-0.415778
-0.875670
0.190564
-0.216534
-0.076081
0.002883
-0.501834
0.120877
-0.843290
-0.212643
0.407250
-0.689929
0.000712
-0.385261
0.614713
0.167888
0.240531
0.321296
0.248001
0.245389
0.546184
-0.743696
-1.436606
0.012043
0.349015
0.358399
-0.275284
-0.209290
-0.173368
-0.245138
0.129946
0.181791
-0.951564
-0.380136
-0.892415
0.179947
1.453982
0.368226
-0.792437
-0.182924
0.111283
0.340891
-0.444563
0.073204
0.654445
0.730248
0.274883
-1.383415
0.292543
-0.516314
0.472834
0.469578
-0.875869
-0.123920
-0.297885
-0.347284
-0.204205
-0.297549
0.717525
0.534198
-0.004510
0.926074
-0.662171
0.288498
-0.294290
-0.015293
0.381609
-0.169762
-0.450067
0.230190
0.675834
0.239432
0.493788
0.899964
-0.343053
0.235906
0.782538
0.449500
-0.059525
-0.038524
-0.067770
-0.152720
0.624664
0.647348
-0.433577
-0.383913
-0.170768
0.331824
0.221346
-0.142842
-0.127376
0.323978
-0.299292
-0.287091
0.430229
0.141424
0.542520
-0.088486
1.136271
-1.074704
-1.106766
-0.281951
0.148367
-0.283334
0.044941
0.304464
0.394297
0.133667
-0.007371
-0.296461
1.404486
0.343322
-0.626784
1.514499
-0.914490
0.073317
-0.057215
-0.211697
0.127921
0.218712
-0.654023
0.797534
0.076335
-0.586062
0.174208
-0.447176
-0.430120
-0.402101
-0.670907
0.315385
-0.171826
-0.515645
0.583225
0.539327
0.158147
0.219496
-0.312689
0.143224
0.604387
0.584616
-0.373050
-0.382616
-0.113953
-0.203197
-0.418962
-0.485814
-0.468777
-0.081423
0.996833
0.165451
0.820597
0.141992
-0.385315
0.657885
0.266738
0.110697
-0.817195
0.175635
-0.365994
-0.062790
0.107085
-0.144604
0.345809
0.202667
-0.681388
0.036758
0.136468
0.440178
-0.359631
-0.179028
0.444653
-0.050486
0.116992
-0.267437
-0.370476
-0.010197
0.150734
-0.853766
-0.008281
-0.028297
-0.511889
-0.280398
0.313356
0.647713
0.554919
-0.019439
-0.112471
0.397303
-0.365539
1.210702
0.377541
-0.530918
-0.500427
-0.609803
-0.625034
-0.593076
0.039641
0.476108
-0.440567
-0.026702
0.283784
-0.116764
-0.291416
0.639038
-0.214882
-0.164003
-0.078429
0.723393
0.004876
-0.337397
0.257707
-0.579401
0.072183
-0.079314
0.004122
0.745308
0.413633
-0.412555
0.703262
-0.234526
0.478112
0.400668
-0.672658
0.215044
-0.615295
-1.055325
0.385315
0.705919
-0.044709
-0.481851
0.323035
0.172463
0.771280
-0.169329
0.069478
-0.110672
0.755143
0.146675
-0.096333
0.419875
-0.157404
-0.301718
0.069784
-0.288966
-0.795766
0.456729
0.170439
-0.276251
-0.089914
-0.294817
0.607745
-0.572700
-0.027580
0.087922
-0.007587
0.698613
-0.269313
0.357046
-0.788476
0.218228
0.189183
-0.399689
0.699348
-0.240495
-0.595734
-0.405565
0.133275
0.224454
-0.817442
0.211904
0.110635
0.154559
-0.210266
-0.020992
-0.147642
0.013563
0.483188
0.351064
0.271040
-0.498143
0.136454
-0.425309
-0.068454
-0.205175
-0.138823
0.373150
-0.261759
-0.371338
-0.435465
0.096014
0.351987
-0.322194
-0.805925
0.436619
-0.118436
0.556196
0.255796
0.107526
-0.204587
-0.711997
-0.068384
-0.777667
-0.547812
-0.681504
-0.536039
0.536088
0.582536
-0.137842
-0.110492
0.430125
-0.412484
-0.690564
-0.233262
0.673737
0.248171
-0.160500
-0.218292
-0.391819
0.602991
-0.993937
0.280074
-0.156264
0.648290
0.222308
-0.779874
-0.452763
-1.081971
0.155434
-0.362101
0.700454
-0.024172
-0.223298
0.777957
-0.474452
0.013528
1.500962
-0.244986
0.264112
-0.469089
-0.876164
0.833595
0.487151
-0.908710
0.264411
-0.425261
-0.095239
-0.050487
1.176872
-0.182256
-0.221322
0.313279
0.089980
-0.789537
-0.302671
0.204677
0.009025
0.280814
-0.195394
-0.091656
0.228004
-0.090737
0.362503
0.130779
-0.316138
-0.245283
0.319682
-0.512023
-0.711865
-0.311300
0.154534
-0.025848
0.130140
0.234179
-0.245464
-0.419549
0.089261
0.193966
-0.318086
0.324833
0.132324
-0.150402
1.093117
0.614454
0.370999
0.673688
-0.934793
-0.722842
0.294146
0.455082
1.155270
-0.050036
0.428707
-0.732261
-1.264170
0.163291
-0.210335
-0.328866
0.343946
0.484749
-0.746873
-0.220438
0.555721
-1.154516
-0.371910
-0.250709
-0.461159
-0.105726
0.344274
-0.074730
-0.455943
-0.116241
0.022404
0.577925
0.072764
0.397721
-0.889270
-0.107517
-0.217450
-0.420201
-0.265804
0.414134
0.241471
-0.014583
0.252830
0.842627
-0.548538
-0.508490
0.538198
0.377121
-0.020804
1.155949
0.247871
-0.185104
0.387024
-0.230419
-0.240837
-0.435971
0.758500
-0.335847
0.070995
-0.065305
0.728241
-0.451432
-0.318312
-0.248396
-0.412706
0.115351
0.337919
0.100762
0.003988
-0.272512
-0.069278
0.160714
-0.325956
0.499690
0.086231
-0.089278
0.365783
-0.006838
-0.195360
0.505116
-0.420252
-0.101915
0.020685
0.086719
-0.029739
-0.149690
0.350232
-0.741185
-0.253713
0.050701
0.257458
-0.163579
0.068005
-0.587750
0.499539
-0.874033
-0.752500
0.402163
-0.214870
0.224901
0.261666
-0.258700
-0.637816
0.232208
-0.442371
-0.233447
-0.105591
-0.681448
-0.451891
-0.235587
0.831959
0.315201
-0.381556
-0.216040
0.350955
0.340035
0.795687
-0.148142
-0.115144
-0.331309
-0.106588
0.633166
0.048020
0.281591
0.100020
-0.171597
0.010163
0.138320
-0.152539
0.006851
0.703177
-0.121483
-0.016528
-0.255975
-0.223948
-0.030327
-0.371961
0.394582
0.232686
0.130819
-0.328993
0.172234
-0.030086
-0.141753
0.428810
0.216701
-0.017638
-0.066717
0.167357
-0.293742
-0.523383
-0.554627
0.706225
0.415652
0.087674
0.327469
0.170821
-0.499608
-0.323990
0.069968
-0.043191
0.139679
-0.270658
-0.139794
0.601749
0.250003
0.036073
-0.418665
0.353900
1.219882
0.555894
0.088205
-0.132451
0.548267
1.108751
0.402753
-0.450114
0.521229
-0.438965
-0.493150
0.757868
0.168427
-0.306004
-0.899865
1.232731
0.099889
0.654211
-0.024421
0.060570
0.226224
-0.679251
-0.404503
0.868987
0.100725
0.099858
0.024747
-0.071609
-0.189855
-0.751203
0.084630
-0.158309
0.715192
0.444623
-0.480983
-0.521726
-0.242977
0.096920
-0.447395
0.176963
-0.082555
-0.523606
-0.662211
0.088973
0.584021
-1.118489
-0.368859
0.082502
0.151620
-0.151167
0.110663
0.045668
-0.094253
-0.225055
0.643083
0.262528
0.112509
0.803567
0.924360
-0.498771
-0.413118
-0.318013
0.218040
-0.172692
0.207292
-0.122807
-0.380951
-0.648473
-0.123518
-0.072076
0.563011
0.591761
-0.042261
0.317070
-0.166758
-0.638827
-0.197286
0.163752
-0.212433
0.549705
-0.526701
-0.848080
-0.135787
0.307886
0.968865
-0.096153
0.036979
-0.185730
0.095934
0.313884
-0.025955
0.408082
-0.394755
0.093778
-0.983101
-0.463552
-0.007819
-0.184276
0.214238
-0.775147
-0.349189
0.066869
-0.667219
0.691333
0.402016
0.103938
0.006711
0.194532
-0.914856
0.176682
-0.046208
0.535016
-0.209990
0.020388
-0.100019
0.331283
0.055595
-0.289242
0.268859
-0.588913
1.256291
0.704070
0.424316
0.229968
0.173149
-0.007377
0.052870
-0.272538
0.334015
0.039498
-0.070505
0.258331
0.341614
-0.352891
-0.532212
-0.214274
0.570956
-0.055452
-0.063146
1.314780
-0.110321
-0.470083
0.175408
0.794376
0.066079
0.450998
0.292343
-0.130898
-0.474992
-0.117254
-0.007537
-0.307535
0.428025
-0.475113
1.114454
-0.051280
0.231691
0.048932
-0.739454
0.379378
0.367700
0.525178
-0.659359
0.545218
0.734940
0.355500
0.254204
-0.081706
-0.350307
0.073858
0.119133
-0.118893
0.479323
-0.252894
-0.029577
0.264861
0.199076
-0.544249
-0.065629
-0.040694
-0.210845
-0.173930
-0.185626
0.221309
0.222610
0.613091
-0.351819
-0.077936
0.012242
-0.637165
-0.633556
-0.257494
0.484855
-0.067629
0.211783
0.011448
0.159421
-0.382307
0.133683
0.136321
0.828429
-1.073576
0.331499
0.418583
-0.313227
-0.203912
-0.419241
-0.072999
-0.496119
-0.223479
-0.470475
0.794646
-0.212961
-0.348227
0.360169
0.113379
0.021110
-0.171288
-0.315362
-0.519574
-0.160628
0.307159
-0.042431
-0.055678
0.391618
-0.172761
0.083005
0.024920
0.136165
0.128361
0.844041
0.266040
0.001530
-0.425991
-0.057821
0.212345
0.339571
-0.055240
-1.169897
0.244781
0.166143
0.643060
0.012889
-0.109972
0.689155
0.957752
0.594307
0.358695
0.298951
-0.501828
-0.023927
-0.874489
-1.281605
0.494994
0.083374
-0.793295
0.493471
-0.463266
0.288552
0.175503
0.110339
-0.749612
-0.333647
-0.214475
1.135349
0.107426
0.164886
0.299912
0.093363
-0.468277
0.566783
-0.400330
-0.177396
-0.040124
0.117056
0.402564
0.446923
-0.553972
0.907414
0.395654
0.145379
-0.403433
-0.263760
1.114341
0.662984
-0.738829
0.289948
0.006980
0.387350
0.483437
-0.565154
0.350475
0.128878
-0.165606
-0.071944
-0.836475
-0.345491
0.176708
-0.225149
-0.027800
0.030446
-0.249569
-0.690005
-0.255236
0.452706
-0.007026
-0.093330
-0.486799
0.066593
0.140353
0.596921
-0.451487
-0.294684
-0.004475
0.460687
0.525978
-0.425422
0.390002
-0.213488
-0.063098
-0.297756
0.256560
-0.462600
-0.064523
0.138032
0.361144
0.443916
0.253387
0.106891
0.197731
-0.890539
0.600702
-0.752291
-0.222096
0.258220
-0.452323
-0.616938
-0.320841
-0.028393
0.358555
0.327769
0.426023
-0.116019
0.106196
0.104415
-0.343300
-0.244502
0.368463
-0.151400
0.282823
-0.340844
-0.148442
-0.693322
-0.723867
0.510465
-0.505940
-1.255329
0.297230
0.192938
0.404811
-0.001530
-0.354235
-0.107820
-0.156228
0.718015
-0.316205
0.592197
0.415205
-0.343043
0.453586
0.865480
0.093219
0.586276
0.582142
-0.694849
0.109653
0.390568
-0.175417
0.585938
0.403585
-0.644876
0.617667
-0.356958
-0.111237
-0.611510
-0.297439
-0.413335
-0.227328
-0.082864
-0.438681
-0.490385
0.346698
-0.379141
0.279332
0.176874
-0.124150
-0.233634
0.299125
0.305945
0.033355
-0.292666
-0.824808
-0.069479
0.738162
0.055719
-0.127880
0.330386
-0.067105
0.866499
-1.015952
-0.830191
-0.039536
0.106576
-0.647297
0.328354
-0.145158
0.093219
0.650755
0.972951
0.204414
0.604069
0.606085
-0.291176
0.063379
-0.119324
0.138905
-0.616682
0.110230
0.480044
-0.063673
-0.268339
0.290026
0.083141
0.197881
0.491631
-0.168850
-0.434536
-0.506368
-0.198409
-0.106007
0.361151
-0.035273
-0.345444
-0.608053
0.524254
-0.716205
-1.003836
0.372683
0.131707
-0.368910
0.028685
-0.154399
-0.388021
-0.025028
-0.006139
-0.020571
0.386139
0.557840
0.040032
-0.032973
0.444364
-1.025094
-0.380677
-0.530524
-0.367918
0.208936
-0.310794
0.331901
-0.682646
-0.084484
0.460911
-0.460371
0.617586
0.340331
-0.272666
0.052634
1.233590
0.270919
-0.746555
-0.135621
0.226034
-0.149014
-0.188863
-0.040699
0.133704
-0.335270
-0.193974
-0.237464
0.341971
-0.414322
0.305250
0.256402
-0.039362
-0.082050
-0.346716
0.102290
0.174255
-0.305185
0.210194
0.022467
0.505348
0.229247
0.289941
0.358503
0.115582
-0.248715
-0.504931
0.611229
-0.203959
-0.073030
-0.552313
0.163116
0.516917
-0.357571
-0.003730
0.104636
-0.255684
-0.130874
-0.157962
0.142166
0.603983
-0.754463
0.288121
0.266834
-1.111369
-0.217056
-0.589529
-0.123180
-0.688655
-0.063430
0.635782
-0.837915
-0.645930
-0.571087
0.655903
0.257325
0.857217
-0.390478
0.399146
0.561399
0.565821
-0.720262
0.061326
0.479320
-0.221662
-0.618905
0.495916
-0.075679
-0.257453
-0.258969
-0.213876
-0.420559
0.276377
-0.563377
0.190364
-0.266931
0.929496
-0.190534
-0.711019
0.372801
0.539377
-0.145876
-0.167971
-0.003361
-0.386167
0.335116
0.019494
0.332488
0.047272
0.148190
0.222829
-0.284023
-0.405837
0.735152
0.367450
-0.179679
-0.251417
-0.109499
-0.646669
0.244532
-0.152139
-0.470707
-0.323434
-0.002738
-0.279185
-0.059339
0.215350
-0.155246
-0.383736
-0.772407
0.644676
-0.050973
0.146393
-0.198317
0.065641
0.624106
0.612982
-0.150442
-0.373755
0.597938
-0.265109
0.253597
-0.446472
0.107493
0.112519
-0.786236
-0.675867
0.261732
-1.064389
-0.430188
0.068468
0.202711
-0.594421
-0.169873
0.357190
0.568397
-0.118429
-0.037250
0.013886
0.584186
0.010298
0.066861
-0.756924
0.671066
0.358425
-0.023875
0.728765
0.126079
0.530108
-0.112551
-0.439654
-0.160946
0.468732
0.052517
-0.114602
-0.072766
0.792733
-0.430686
-0.320709
0.029481
-0.709042
0.225870
-0.254871
-0.677976
-0.183590
-0.399709
0.437714
-0.066754
-0.238072
0.336396
0.189793
0.191274
0.110693
-0.411688
0.425852
1.386154
-0.597146
0.215778
-0.124455
-0.137311
0.361361
-0.027810
-0.048877
0.002757
-0.207667
0.052496
0.619532
0.775178
-0.161996
-0.471317
0.096055
-0.075289
0.146258
-0.156731
0.419599
0.053745
-0.073721
0.576849
-0.170662
-0.288561
0.334166
0.302548
-0.103165
-0.545036
0.452548
-0.468087
-0.110483
0.623671
0.129312
0.137139
0.273822
-0.654753
-0.483562
0.195301
0.314550
-0.081125
-0.298089
-0.039881
-0.029495
-0.596125
0.304194
-0.442971
-0.156923
0.036151
0.039740
0.063350
-0.202838
-0.423571
0.212382
0.371831
0.318140
-0.217863
0.519625
0.252766
-0.051032
0.203452
-0.031317
0.250554
-0.248251
0.092706
0.413609
0.313946
0.208036
0.032199
-0.560771
-0.271280
0.208345
-0.011580
0.438621
0.544184
0.192831
0.055694
-0.327422
0.231562
-0.311101
-0.167897
0.531519
-0.005002
0.356947
-0.329864
-0.014179
-0.118633
-0.245475
0.419459
-0.389397
0.484982
-0.102769
0.294185
0.247189
0.190958
-0.066551
-0.260008
0.565004
-0.151184
-0.117992
-0.339120
-0.320256
0.062362
-0.127856
0.271783
-0.557608
0.238179
0.064125
0.388294
0.255738
-0.272299
-1.107362
0.985687
0.227051
0.751473
0.530613
-0.287951
-0.143536
-0.295134
-0.266716
-0.482286
-0.252781
-0.509598
0.200170
0.482498
0.931036
0.116432
-0.104175
-0.243811
-0.190286
-0.209886
0.022149
0.859192
0.011204
-0.499671
0.013387
-0.133195
-0.005918
-0.282978
-0.397018
0.546908
0.269760
0.834293
-0.156215
-0.428499
0.499768
-0.032021
-0.134066
0.163575
0.161090
0.748896
0.392128
-0.372853
0.350608
0.383531
-0.199224
0.112232
0.571475
0.071578
0.278018
0.797769
-0.482824
-0.387292
0.031905
-0.051656
-0.217323
0.558227
0.500506
-0.361466
0.467220
0.374070
-0.643648
-0.635181
0.005202
0.493251
-0.043995
0.635668
0.578237
0.040226
0.067900
-0.296053
-0.263323
-0.087023
0.079890
0.437279
0.098647
0.070413
-0.017805
0.264320
-0.494045
0.530587
0.637540
0.218789
-0.321802
0.273287
0.046281
0.381515
-0.424288
0.146194
-0.191049
0.171682
0.455233
0.192884
-0.142151
0.243652
-0.601726
0.074668
-0.521638
0.469585
-0.106034
-0.156642
-0.277416
0.036436
0.353278
0.027639
0.046413
1.008720
-0.082266
0.269408
-0.162745
0.489030
-0.086717
0.098919
-0.419122
-0.324386
0.470607
0.188022
-0.738510
-0.323803
0.406755
0.195039
-0.046189
-0.242957
0.047725
0.230633
-0.357014
-0.055505
0.006872
0.670020
-0.076625
0.375833
0.308886
0.033516
0.767375
-0.649236
-0.411526
0.807880
-0.496080
0.419636
0.767299
-0.139474
-0.060366
0.413977
-0.072034
0.418953
0.139216
-0.205683
-0.343612
0.414178
0.439349
0.332032
-0.130563
0.420456
1.017322
0.048463
-0.333726
0.181556
0.078683
-0.200809
-0.434897
-0.306693
0.419112
-0.145158
0.093219
0.650755
0.972952
0.204414
0.604069
0.606085
-0.291176
0.063379
-0.119324
0.138905
-0.616682
0.110230
0.480044
-0.063673
-0.268339
0.290027
0.083141
0.197881
0.491631
-0.168850
-0.434536
-0.506368
-0.198409
-0.106007
0.361151
-0.035273
-0.345444
-0.608053
0.524254
-0.716205
-1.003836
0.372683
0.131707
-0.368911
0.028685
-0.154398
-0.388021
-0.025028
-0.006139
-0.020571
0.386139
0.557840
0.040032
-0.032973
0.444364
-1.025094
-0.380677
-0.530524
-0.367918
0.208936
-0.310794
0.331901
-0.682646
-0.084484
0.460911
-0.460371
0.617586
0.340331
-0.272666
0.052634
1.233590
0.270919
-0.746555
-0.135621
0.226034
-0.149014
-0.188863
-0.040699
0.133704
-0.335270
-0.193974
-0.237464
0.341971
-0.414322
0.305250
0.256402
-0.039362
-0.082050
-0.346716
0.102290
0.174255
-0.305185
0.210194
0.022467
0.505348
0.229247
0.289941
0.358503
0.115582
-0.248715
-0.504931
0.611229
-0.203959
-0.073030
-0.552313
0.163116
0.516917
-0.357571
-0.003730
0.104636
-0.255684
-0.130874
-0.157962
0.142166
0.603983
-0.754463
0.288121
0.266834
-1.111369
-0.217056
-0.589529
-0.123180
-0.688655
-0.063430
0.635782
-0.837915
-0.645930
-0.571087
0.655903
0.257325
0.857217
-0.390478
0.399146
0.561399
0.565821
-0.720262
0.061326
0.479320
-0.221662
-0.618905
0.495916
-0.075679
-0.257453
-0.258969
-0.213876
-0.420559
0.276377
-0.563377
0.190364
-0.266931
0.929496
-0.190534
-0.711019
0.372801
0.539377
-0.145876
-0.167971
-0.003361
-0.386167
0.335116
0.019494
0.332488
0.047272
0.148190
0.222829
-0.284023
-0.405837
0.735152
0.367450
-0.179679
-0.251417
-0.109499
-0.646669
0.244532
-0.152139
-0.470707
-0.323435
-0.002738
-0.279185
-0.059339
0.215350
-0.155246
-0.383736
-0.772407
0.644676
-0.050973
0.146393
-0.198317
0.065641
0.624106
0.612982
-0.150442
-0.373755
0.597938
-0.265109
0.253597
-0.446472
0.107493
0.112519
-0.786236
-0.675867
0.261732
-1.064389
-0.430188
0.068468
0.202711
-0.594421
-0.169873
0.357190
0.568397
-0.118429
-0.037251
0.013886
0.584186
0.010298
0.066861
-0.756924
0.671066
0.358425
-0.023875
0.728765
0.126079
0.530108
-0.112551
-0.439654
-0.160946
0.468732
0.052517
-0.114602
-0.072766
0.792733
-0.430686
-0.320709
0.029481
-0.709042
0.225870
-0.254871
-0.677976
-0.183590
-0.399709
0.437714
-0.066754
-0.238072
0.336396
0.189793
0.191274
0.110693
-0.411688
0.425852
1.386154
-0.597146
0.215778
-0.124455
-0.137311
0.361361
-0.027810
-0.048877
0.002757
-0.207667
0.052496
0.619532
0.775178
-0.161996
-0.471317
0.096055
-0.279629
0.052418
0.042397
-0.005045
0.712743
-0.250721
-0.255395
0.100434
-0.113941
-0.600017
-0.566479
0.374531
0.017104
0.169760
-0.216619
-0.312645
-0.249174
0.541227
-0.237917
0.312713
-0.363805
0.062233
-0.223116
0.236077
0.362218
0.016898
-0.719361
0.585703
0.200892
-0.363048
0.427634
0.071605
-0.290062
-0.008114
0.501602
-0.785536
-0.282420
-0.316095
0.500902
-0.111780
0.269719
0.428380
-0.224634
-0.539314
0.499456
-0.711936
-0.076384
0.162933
-0.012993
-0.065789
-0.116601
0.790196
0.013801
-0.102092
0.342970
-0.126910
0.557656
-0.478140
-0.525932
0.383412
-0.207630
0.458290
0.467271
0.102482
0.746208
-0.264688
-0.065572
-0.374500
-0.576403
-0.422356
0.209693
-0.118203
-0.204920
-0.317250
0.190486
-0.059729
0.165532
0.320733
-0.099877
0.492040
-0.375201
-0.319527
-0.027029
0.060265
-0.194874
-0.447614
0.032246
0.018843
0.495216
-0.423846
-0.222660
0.039295
0.591544
0.334989
-0.421483
0.243376
0.147141
-0.384725
-0.183855
-0.306425
0.436372
-0.613932
-0.153048
0.480368
-0.997528
-0.332870
0.724187
-0.250596
-0.559668
0.067402
-0.468837
0.959285
-0.171449
0.195784
0.441274
-0.525581
0.850694
0.130849
-0.076911
-0.847093
0.083941
-0.494043
-0.027050
0.057125
0.490858
0.024606
0.171665
-0.033173
-0.120426
-0.048596
-0.394163
-0.198042
-0.235237
0.795335
1.017591
-0.233504
-0.168439
-0.262784
-0.117345
0.215255
0.146969
0.304087
0.337165
-0.695518
0.383807
-0.442904
-0.492170
0.269664
-0.664908
0.290270
0.209515
-0.022004
0.339791
0.154653
-0.381006
-0.032066
-0.388333
-0.188234
0.551518
0.281023
0.126655
0.641838
0.201641
0.235061
-0.249573
-0.238235
0.529397
-0.269329
-0.951871
-0.493949
0.528867
0.264962
0.467585
0.601174
-0.558309
-0.264558
0.281808
-0.348361
0.465077
0.801611
0.105104
-0.272624
0.120353
-0.099151
-0.299690
-0.707017
-0.428843
0.187042
0.571241
-0.222742
-0.085034
-0.087283
-0.415299
-0.087040
0.144557
-0.210696
-0.293064
0.253690
-0.738887
0.234126
0.553845
-0.157644
0.140756
-0.051487
-0.366674
-0.108081
0.004193
0.273103
-0.087429
-0.591463
-0.179690
0.143499
0.420713
0.425483
0.137405
0.227620
-0.389017
0.115394
-0.691213
0.778957
-0.039699
-0.186267
0.113801
1.093568
0.368895
0.875911
0.051256
-0.246741
0.063361
0.033141
-0.185205
0.167887
0.024344
0.003845
-0.552158
-0.098279
-0.314763
0.216832
0.500154
-0.203005
-0.092505
-0.158657
0.585081
0.463600
0.687845
0.850563
-0.027960
1.156274
0.282765
0.112063
0.038005
0.381925
-0.348529
-0.099439
0.263378
0.769046
-0.089039
0.131996
-0.386146
0.177627
0.039411
0.054166
0.292447
-0.356439
-0.946677
-0.588980
-0.094802
0.696994
-0.039200
0.341953
-0.270938
-0.441845
-0.215698
0.741116
-0.255350
0.292707
0.349580
0.112320
0.417949
0.223899
-0.156623
-0.322558
-0.370740
0.398394
0.922417
-0.259989
-0.163280
0.026486
0.196320
0.040954
-0.080681
0.088057
0.028677
0.144061
0.605452
0.114423
-0.140200
-0.168770
0.096175
0.429278
0.332139
-0.764199
0.730703
0.070534
-0.150826
0.389463
-0.811991
0.446303
0.109210
-0.129726
-0.223879
-0.354710
0.481760
-0.198017
0.784094
0.288472
0.222194
0.063361
-0.404983
1.108987
0.431105
-0.313206
-0.421723
0.804342
-0.293796
0.531691
0.430899
0.742946
-0.085415
0.644946
0.491101
-0.339924
0.019699
-0.143900
0.039352
-0.409093
0.386010
0.079890
0.056770
1.022576
-0.311785
-0.132226
-0.012047
0.063610
0.009092
-0.293646
-0.225204
-0.363936
-0.282005
0.124953
-0.194184
-0.177565
0.191075
0.312173
0.154874
-0.223905
0.013082
-0.357022
0.196885
-0.458884
-0.013506
-0.665807
-0.014976
0.042565
-0.023190
0.033930
0.033268
0.139537
0.325766
-0.688970
-0.124558
-0.320439
0.285005
0.078776
-0.273875
-0.753949
0.013726
-0.520147
0.071829
0.089208
-0.183161
0.394634
-0.552990
-0.194733
-0.221298
0.284769
-0.174571
-0.315643
0.367020
0.114057
-0.723407
0.204989
0.070334
0.291593
0.350886
0.106157
0.264978
0.494571
0.120445
0.580939
0.043284
-0.924972
-0.063745
-0.374129
-1.043210
0.141810
0.118127
0.042325
0.037242
-0.286950
-0.423588
-0.985048
-0.349393
0.180667
-0.548265
-0.269672
0.370609
0.597942
0.670443
0.012510
0.919249
-0.284066
0.219122
0.116934
-0.632269
0.473266
-0.033189
0.021076
0.239881
-0.220913
0.127236
0.228080
-0.612217
0.459735
0.247385
-0.659549
0.277467
-0.615090
-0.322391
-0.032186
0.362322
0.436501
0.216277
0.178368
0.062864
-0.368260
-0.273176
-0.158853
-0.083808
0.492564
0.448360
-0.254464
0.095571
-0.108814
0.044322
-0.656116
0.058924
0.360519
-0.754715
0.172939
0.299636
-0.909765
-0.164844
0.328797
0.012391
-0.757240
0.235695
-0.146754
-0.001030
-0.184955
0.468826
-0.538464
-0.059281
0.157555
0.360075
0.716176
0.230175
0.262402
0.094226
0.658349
0.097675
-0.161425
-0.437480
-0.212074
-0.231595
-0.292166
0.057023
0.944672
-0.290301
0.345856
0.429911
0.643834
0.229423
-0.256392
0.163164
-0.354347
0.009880
0.249529
0.502075
0.154581
0.013172
0.151457
-0.402448
0.124942
-0.096594
0.045182
0.363242
0.198733
-0.307927
0.034521
0.221725
0.022388
-0.066051
0.923947
-0.141482
-0.499929
0.145695
-0.054644
-0.334913
-0.747698
0.262436
0.165789
-0.208543
-0.008460
0.010368
0.374316
0.171886
0.974989
0.812772
0.784009
0.337119
0.477801
0.358215
-0.166463
0.192043
-0.548181
0.133553
0.962476
-0.272555
0.485963
0.486388
0.201995
-1.004027
0.390410
0.303900
-0.572866
0.324900
0.577345
0.266264
-0.484298
0.000530
-0.315285
0.671261
-0.619676
-0.439248
0.527636
-0.143581
-0.364291
-0.238876
-0.041400
-0.696704
0.282715
-0.404811
-0.109444
0.057027
-0.318679
0.790075
-0.561267
0.285423
-0.116268
0.645321
-0.403073
-1.070478
-0.447087
-0.825933
-0.492802
-0.784457
-0.599422
0.571432
-0.545107
-0.225520
-0.131154
-0.146313
0.589158
0.067289
-0.218070
0.143618
-0.049932
0.295687
0.225155
0.902660
-0.023334
-0.181650
-0.192577
-0.506608
0.524385
0.487253
-0.211271
0.624255
-0.226540
-0.455325
0.432412
0.142509
-0.447721
-0.416580
-0.574137
-0.259168
0.687547
-0.132436
-0.276630
-0.601524
-0.136710
-1.076450
-0.591869
0.525094
-0.456424
0.664664
-0.096676
0.178744
0.520799
-0.880665
-0.137803
0.432947
-0.433662
-0.219125
1.142575
-0.496215
-0.507311
-0.014195
-0.006326
-0.214897
0.293313
0.475068
-0.397951
0.223659
-0.132919
-0.994675
-0.287436
0.176676
0.048663
0.063130
0.628310
0.338138
-0.277352
-0.014867
0.402829
0.137795
-0.802208
0.805171
-0.354444
0.221123
-0.290424
-0.395711
0.707731
-0.522701
0.660435
-0.434809
-0.322169
0.058589
0.404737
-0.094877
-0.278468
-0.738271
-0.857329
1.291528
-0.202677
0.544668
0.206252
0.858563
0.757756
-0.382466
-0.319442
0.024663
-0.361815
0.567546
-0.063797
-0.122372
-0.305894
0.671247
0.064659
-1.082231
0.176238
-0.297808
-0.847277
0.354487
-0.476407
0.767829
-0.910806
0.263338
0.709671
-0.055186
-0.330577
0.272124
0.113540
-0.021628
0.271980
-0.638752
0.001396
-0.654059
-0.652528
0.537338
-0.637533
0.777076
0.296129
0.077004
0.046483
-0.358250
0.414205
0.161994
0.493361
0.045138
0.025235
0.551051
-0.439797
-0.853470
0.120840
-0.346594
0.249779
-0.107835
0.300986
0.587874
-0.752271
-0.204134
0.543776
0.599763
0.426292
0.379750
-0.658959
-0.337247
0.136225
-0.415681
0.061865
-0.281976
-0.282329
-0.155657
-0.936939
-0.046202
0.757179
-0.255060
-0.278497
0.215162
0.298605
0.579443
0.412624
-0.846071
-0.781809
-0.476893
0.109767
0.097751
0.101405
0.191053
0.383458
-0.017463
0.281733
-0.028785
0.348973
-0.596799
-0.106889
-0.062113
0.206528
0.189488
0.880066
-0.020607
-0.371227
0.375439
-0.686787
-0.283501
0.437802
0.596809
0.530452
-0.814762
0.691649
-0.538161
0.192684
0.095859
-0.139261
0.102455
0.546058
0.375001
-0.329198
0.461925
0.314703
0.559757
0.234106
-0.330294
0.070648
0.695764
0.253071
0.729031
0.726959
-1.043191
-0.590429
0.424198
-0.002341
0.078703
-0.296264
0.098617
-0.011989
-0.089996
-0.301767
-0.191812
-0.438638
-0.122483
-0.316989
0.131409
-0.707096
0.081667
-0.534710
-0.798544
-0.679931
-0.145952
-0.155813
0.171974
0.467671
-0.435206
-0.351974
0.212329
0.102018
-0.769629
-0.109640
0.290766
0.213987
0.049532
0.061393
-0.440174
0.354975
-0.007741
-0.089292
0.150519
0.072022
-0.828329
0.107009
-0.095035
-0.421956
-0.286851
0.103465
-0.137426
-0.141558
-0.459922
-0.127319
-0.240642
-0.095670
-0.390173
0.036865
-0.440442
-0.153485
0.424213
-0.162796
-0.641205
-0.064909
0.207655
-0.027085
-0.098049
-0.009450
0.178429
0.046364
-0.335265
-0.170338
-0.369508
-0.164511
-0.458869
-0.150489
0.393276
-0.157185
-0.455630
-0.085768
0.574580
0.290787
0.306518
-0.208267
-0.260394
0.229770
0.605747
0.376313
0.242601
-0.386481
-0.130084
0.700108
-0.549352
-0.005328
-0.918738
-0.307401
-0.294886
-0.099008
-0.199091
-0.154135
-0.339927
-0.210702
0.355793
0.992305
-0.203793
-0.266313
-0.417697
0.199904
0.423414
0.052560
-0.811631
0.230138
0.278377
0.760189
0.184094
-0.775863
0.137518
0.236683
-0.127347
-0.222805
0.564160
0.431275
-0.306893
0.003777
0.333866
0.036431
-0.432880
0.665058
0.310641
-0.428312
0.577133
0.725863
-0.336183
1.039417
-0.081407
0.298181
0.338505
0.204692
0.251562
0.463994
-0.228567
-0.024561
-0.130388
-0.012065
-0.880835
0.427990
0.198508
0.530552
-0.354179
-0.139162
-0.115741
0.041434
0.195316
0.519499
0.565981
0.403424
-0.711790
0.355929
-0.233562
0.224603
0.053101
0.457283
0.211184
0.319548
0.692658
0.027770
0.312183
0.537473
-0.054492
-0.565147
0.190950
-0.238535
-0.341794
-0.154421
-0.104361
0.143353
0.371811
-0.188051
-0.026035
0.221719
0.963321
0.207437
0.620642
-0.102370
-0.247413
0.042600
-1.038688
0.544499
-0.381030
-0.507787
-0.003767
-0.155146
-0.248995
0.267511
-0.189388
0.031918
-0.731597
-0.334195
0.452173
-0.086196
-0.005048
-0.377390
0.119735
-0.201963
0.065334
0.032134
-0.144857
-0.179132
0.165486
-0.151397
0.214915
0.640465
-0.434708
-0.233560
0.097585
-0.456084
-0.356580
-0.618423
-0.638294
-0.033918
0.349328
-0.102581
-0.397058
-0.269935
-0.407254
0.107263
-0.461958
-0.351328
0.484029
-0.340763
-0.423315
-0.305314
-0.189872
0.359061
-0.650528
0.259109
-0.118655
-0.266410
-0.183755
0.696773
-0.159075
-0.528727
0.454334
-0.145044
0.126279
-0.558689
-0.144319
0.674259
-0.911931
-0.121181
-0.606849
0.715896
0.286241
0.436129
0.228837
0.370113
0.700934
0.397467
0.334822
0.613470
0.960577
0.219812
0.011898
-0.038925
0.310468
-0.022128
-0.275231
-0.320056
-0.995516
0.662388
-0.453195
-0.012627
0.167180
0.107695
0.569788
-0.106036
0.447302
-0.068106
0.085488
-0.337154
0.947676
-0.248098
-0.242318
-0.274614
-0.195955
-0.068018
-0.416913
-0.307908
-0.801619
-0.201453
0.129386
0.034943
0.513356
-0.529157
0.627535
0.328696
-0.268484
-0.415778
-0.875670
0.190564
-0.216534
-0.076081
0.002883
-0.501834
0.120877
-0.843290
-0.212643
0.407250
-0.689929
0.000712
-0.385261
0.614713
0.167888
0.240531
0.321296
0.248001
0.245389
0.546184
-0.743696
-1.436606
0.012043
0.349015
0.358399
-0.275284
-0.209290
-0.173368
-0.245138
0.129946
0.181791
-0.951564
-0.380136
-0.892415
0.179947
1.453982
0.368226
-0.792437
-0.182924
0.111283
0.340891
-0.444563
0.073204
0.654445
0.730248
0.274883
-1.383415
0.292543
-0.516314
0.472834
0.469578
-0.875869
-0.123920
-0.297885
-0.347284
-0.204205
-0.297549
0.717525
0.534198
-0.004510
0.926074
-0.662171
0.288498
-0.294290
-0.015293
0.381609
-0.169762
-0.450067
0.230190
0.675834
0.239432
0.493788
0.899964
-0.343053
0.235906
0.782538
0.449500
-0.059525
-0.038524
-0.067770
-0.152720
0.624664
0.647348
-0.433576
-0.383913
-0.170768
0.331824
0.221346
-0.142842
-0.127376
0.323978
-0.299292
-0.287091
0.430229
0.141424
0.542520
-0.088486
1.136271
-1.074704
-1.106766
-0.281951
0.148367
-0.283334
0.044941
0.304464
0.394297
0.133667
-0.007371
-0.296461
1.404486
0.343322
-0.626784
1.514499
-0.914490
0.073317
-0.057215
-0.211696
0.127921
0.218712
-0.654023
0.797534
0.076335
-0.586062
0.174208
-0.447176
-0.430120
-0.402101
-0.670907
0.315385
-0.171826
-0.515645
0.583225
0.539327
0.158147
0.219496
-0.312689
0.143224
0.604387
0.584616
-0.373050
-0.382616
-0.113953
-0.203197
-0.418962
-0.485814
-0.468777
-0.081423
0.996833
0.165451
0.820597
0.141992
-0.385315
0.657885
0.266738
0.110697
-0.817195
0.175635
-0.365994
-0.062790
0.107085
-0.144604
0.345809
0.202667
-0.681388
0.036758
0.136468
0.440178
-0.359631
-0.179028
0.444653
-0.050486
0.116992
-0.267437
-0.370476
-0.010197
0.150734
-0.853766
-0.008281
-0.028297
-0.511889
-0.280398
0.313356
0.647713
0.554919
-0.019439
-0.112471
0.397303
-0.365539
1.210702
0.377541
-0.530918
-0.500427
-0.609803
-0.625034
-0.593076
0.039641
0.661490
-0.694737
-0.515689
0.002298
-0.679886
0.424643
-0.342112
0.146231
-0.252011
0.190954
-0.317632
0.793453
1.354862
0.239210
0.222306
0.212161
-0.077147
-0.023332
-0.292728
-0.508426
0.079012
0.051298
-0.125149
-0.614972
0.104076
-0.834562
-0.693055
-0.745065
0.172835
-0.618688
0.415504
-0.394995
-0.615890
0.753967
-0.187931
-0.093578
0.136866
-0.141888
-0.114169
0.085473
-0.679399
-0.071815
-0.443024
0.166202
0.106587
-0.356430
0.415459
0.668144
-0.510250
0.176615
0.671688
0.482084
0.371444
-0.764536
0.531698
-0.874020
0.269612
0.244295
-0.152237
0.182883
-0.282225
-0.662784
-0.082012
0.384039
1.098820
-0.027947
-0.381557
-0.135785
0.378380
-0.181652
-0.418582
0.064503
0.133579
-0.039012
0.536905
0.167216
0.502960
-0.112684
0.144811
-0.283751
-0.039527
0.061882
0.482169
-0.062771
-1.215984
-0.169293
0.477448
0.171141
-0.953032
-0.394988
0.456828
-0.009165
0.265004
-0.066439
0.077373
0.286627
-0.470866
-0.492404
-0.196796
-0.599724
0.481601
0.016153
-0.443479
0.354887
0.306266
-0.597387
0.566468
0.152174
-0.400296
-1.353199
-0.165568
0.266844
0.541022
-0.246043
0.582165
-0.334465
-0.308510
0.104763
0.319860
0.612081
-0.540727
-0.116501
0.763485
0.175169
-0.203384
-0.239883
0.332635
0.031001
-0.053954
0.423038
-0.334272
0.017798
0.369861
0.463291
-0.387710
0.379393
0.032472
-0.257224
-0.550300
-0.219273
-0.355866
-0.579513
0.586555
0.393579
0.024071
0.430855
-0.206931
0.409257
-0.232086
0.608293
-0.600221
-1.401057
0.434171
-0.244350
-1.054673
-1.153583
0.335286
-0.578621
-0.216057
0.600508
-0.561003
0.481353
-0.049096
-0.005230
-0.013069
0.165189
0.194292
0.026262
-0.106138
0.083454
0.085867
-0.200972
0.581565
0.277522
-0.409583
0.629017
0.442950
1.185017
-0.190862
0.384555
-0.499623
-0.414336
-0.008380
0.164033
0.410804
0.475678
-0.218249
0.373652
0.313136
-0.070700
0.511081
0.033925
0.154783
-0.734504
-0.352000
-0.115130
0.200031
-0.371337
-0.074343
0.409868
-0.523474
0.974707
-0.768129
0.011707
0.549315
-0.316871
0.304828
-0.290438
0.544065
-0.023218
-0.069590
-0.155045
-0.118536
-0.086726
-0.285291
-0.248875
-0.254974
0.094732
-0.352497
-0.422712
-0.043722
0.423311
0.221544
1.037527
-0.927603
0.839413
-0.635316
-0.011806
0.438728
0.381220
0.452101
0.237155
-0.325718
-0.137790
0.066903
0.384168
-0.041891
0.026312
0.553086
0.569842
0.072641
0.413539
0.289747
0.176162
0.119346
-0.138779
-0.003647
-0.570470
0.128027
-0.632626
-0.206970
-0.201160
-0.044015
-0.790728
0.001493
-0.305449
-0.017271
0.140283
-1.011428
-0.369303
0.177627
0.663588
0.099959
0.381000
-1.027045
-0.710369
0.373108
-0.635815
-0.764769
0.595328
0.035219
0.047336
-0.856996
0.084939
0.509878
0.183677
-0.175197
-0.255440
0.214873
-0.877570
0.401951
0.883595
-0.116107
0.079553
-0.480206
-0.151939
-0.316232
0.261758
1.242543
-0.015634
-0.070630
0.444007
-0.525879
0.314822
0.306175
-0.181663
-0.346007
-0.352532
0.309662
0.052541
0.569555
0.969602
-0.065057
-0.228774
-0.236340
-0.194544
0.254550
0.028957
0.104669
-0.779983
0.473420
-0.047683
0.009998
0.525730
0.076770
0.693216
-0.013066
-0.319223
-0.165242
0.050209
-0.637856
-0.786590
0.189893
-0.504715
0.618671
0.653652
0.471988
0.213816
0.056098
0.317664
-0.062284
-0.873967
-0.620462
-0.226939
0.247236
0.059684
-0.245171
-0.332047
-0.670389
0.346978
-0.280707
-0.821588
0.218739
-0.880917
0.296668
0.134785
-0.309945
-0.460264
-0.103261
-0.182716
-0.067374
-0.215146
-0.081787
0.578132
-0.133943
-0.764146
-0.335997
0.880109
0.196104
0.047740
0.140880
-0.030198
-0.437904
-0.057176
-0.237428
0.508544
0.110473
-0.282588
0.157975
0.213208
-0.186857
0.316047
-0.507143
-0.275055
-0.531599
0.717759
-0.426103
-0.082702
-0.431969
-0.690269
0.070599
-0.378613
0.696260
0.328381
1.015642
0.057363
-0.500371
0.598317
0.191936
-0.566810
-0.098150
0.292589
-0.007848
0.674162
-0.440952
0.030900
-0.454619
0.705033
-0.630555
-0.013351
0.117442
0.917810
-0.540007
-0.231635
-0.563639
-0.249037
-0.634337
0.415390
-0.660005
0.666984
0.395938
0.253498
0.269667
-0.037482
0.560424
0.384845
-0.851765
-0.097969
0.723825
-0.449792
-0.098461
0.015099
-0.254043
0.175093
-0.074893
-0.458475
-0.680000
0.132334
0.008709
-0.252113
0.013910
0.734004
0.110188
-1.244103
-0.153631
0.065603
-0.002988
-0.330073
-0.247253
-0.061265
0.382237
0.149081
-0.007588
0.248639
0.122410
-1.054563
-0.016763
-0.228562
-1.076339
0.036285
-0.592473
-0.514313
0.434456
-0.589965
0.221904
-0.417323
-0.045877
0.103123
-0.287037
0.075797
0.939321
-0.079258
0.213431
-1.044028
0.457141
0.582201
0.409487
1.036481
-0.133955
0.760387
-0.571737
0.702886
-0.364180
0.720275
0.213584
0.527729
-0.240637
-0.003086
0.465030
0.069413
-0.117077
0.387383
0.225558
-0.421324
0.674948
0.754748
-0.459693
-0.184673
-0.190904
0.362917
0.470032
-0.666911
0.259571
-0.403372
-0.281236
0.577747
0.682651
-0.333347
-0.271618
-0.292125
-0.050589
0.547736
-0.054749
0.232830
-0.370729
-0.069504
0.701606
-0.179773
0.042464
-0.450959
0.164514
-0.520373
-0.190245
-0.263039
0.053234
-0.027924
0.063720
0.163727
-0.333535
-0.162968
-0.575661
-0.153313
-0.067984
-0.070227
1.005426
-0.113183
0.303926
-0.464038
0.101508
-0.137981
-0.509951
0.127012
-0.266328
-0.369659
0.628550
-0.238269
-0.694741
-0.274311
0.256909
0.163955
-0.376244
-0.293788
0.048244
-1.152322
-0.386580
-0.685691
-1.001649
0.393999
0.453434
-0.155707
0.061489
0.495479
-0.063482
0.161656
-0.191936
0.028051
0.213882
-0.006994
-0.257813
0.127106
0.313233
-0.194882
0.268515
0.077972
0.299215
-0.489934
0.228183
0.280028
-0.031917
0.354343
0.491891
0.025514
0.459592
0.078024
0.442600
0.088923
0.626744
0.868004
-0.426844
0.587480
0.468128
0.492201
-0.014855
-0.538133
0.036445
0.024064
0.089995
0.391754
1.040074
0.154653
-0.379950
0.087260
0.629814
-0.854168
0.296026
-0.475556
0.442605
0.523195
-0.020835
0.706440
-0.220201
-0.769217
0.516992
-0.263985
0.383322
-0.323043
0.324999
-0.032840
-0.267419
-0.001834
-0.904669
-0.005628
0.106849
0.308985
0.413866
-0.152974
-0.997586
0.085807
-0.131050
-0.079308
0.413959
0.298305
0.116033
-0.372973
0.612620
-0.694608
-0.009196
-0.019737
-0.182887
0.410505
-0.184182
0.663353
0.381258
0.220880
0.471692
-0.032524
0.349998
1.020489
-0.586933
-0.473150
-0.037316
0.540682
-0.021909
0.173695
-0.084748
-0.158380
-0.350535
-0.483140
-0.437714
0.478612
-0.554865
-0.422385
-0.092509
-0.447741
0.599891
-0.017380
0.320999
0.273774
0.454934
-0.446809
0.341271
0.252928
-0.573931
0.455667
0.199567
-0.381541
-0.141097
0.151432
-0.396710
-0.308841
-0.356643
-0.582803
-0.288156
0.348788
0.091398
0.207470
-0.144684
0.393630
0.268712
0.120719
0.384727
-0.022634
-0.722803
0.229222
-0.441037
-0.115825
-0.624675
0.773521
-0.619631
0.190848
0.008635
-0.094192
0.790641
-0.479160
-0.234148
0.024602
0.798146
-0.227726
0.199942
-0.354492
-0.419453
-0.184805
0.009363
0.245933
0.082694
0.432384
-0.489932
-0.119906
-1.279506
-0.639933
-0.676993
0.447236
-0.612966
0.525580
0.095925
0.093247
-0.044867
-0.003408
-0.850245
-0.148874
0.195537
-0.053772
0.550407
0.266756
0.233694
0.177821
0.002749
0.371090
0.154388
-0.016972
-0.096059
-0.066129
-0.251582
-0.574287
-0.243093
-0.297871
-0.163024
0.441395
-0.348814
-0.012923
0.189084
-0.182162
-0.273276
-0.646295
-0.532526
-0.282720
-0.152332
1.015513
0.408643
-0.324393
0.278958
-0.113779
0.219909
-0.121610
0.165021
-0.517769
0.639585
0.013112
-0.618287
-0.876146
1.143471
0.122525
-0.303235
0.244032
-0.059288
-0.157911
0.667026
0.779747
-0.145633
0.473090
0.124045
-0.411696
0.375384
0.336007
0.186180
0.901217
-1.051773
-0.248685
0.435155
0.297737
0.550190
-0.227431
0.214880
0.058350
0.157074
0.067139
0.736661
-0.266790
-0.754192
0.346585
-0.854486
-0.033048
-0.740399
-0.556718
-0.014630
-0.634211
0.105331
0.139550
-0.542588
-0.716558
0.042018
0.221155
0.230274
0.396938
0.194381
-0.309923
0.748446
-0.284295
-0.027631
0.114036
0.044705
0.088904
0.314195
0.312880
-0.183668
-0.259873
0.815576
0.642945
0.267114
-0.257522
0.287189
-0.513199
-0.592966
-0.085363
-0.375141
0.060052
0.191439
0.532168
0.054323
-0.144780
-0.776418
-0.001313
0.207452
0.027543
0.035691
-0.267394
0.714692
0.433761
-0.064290
-0.097842
0.651028
0.566335
0.037290
-0.577276
0.512018
0.349170
0.772287
-0.779703
0.331904
0.488182
0.261634
0.084481
-0.043309
0.707712
0.049784
0.917244
0.173231
0.153358
0.273931
0.070535
0.216848
-0.867593
0.317592
0.385250
-0.539436
0.152095
0.074452
0.231179
0.460212
0.011178
-0.045837
-0.378872
-0.052809
0.481722
-0.054669
-0.135397
0.011023
-0.254637
-0.078950
-0.450941
0.750104
-0.548805
0.044298
0.393902
0.636140
0.243829
0.242808
0.840116
0.616667
-0.688737
0.804643
-0.334171
0.438320
-0.065658
-0.448465
0.299314
-0.367406
-0.071629
-0.330830
-0.126476
-0.135935
-0.201022
-0.754935
-0.740490
0.433804
0.112573
0.297080
0.436687
-0.293963
-0.060673
0.225516
0.554248
-0.308711
-0.234184
0.407092
0.559448
-0.516091
0.096002
0.643232
-0.245295
0.336130
-0.195574
-0.196774
-0.098137
-0.636301
-0.117861
1.010484
-0.470037
-0.734919
0.112481
-0.331515
0.574746
0.708367
0.073753
-0.013568
0.706534
-0.025533
0.481714
0.445196
0.500430
-0.625895
0.309727
-0.577204
-0.269733
-0.490967
0.252232
-0.221765
-0.515592
0.187548
-0.242191
-0.018560
0.202356
0.947981
-0.167568
-0.162689
0.342744
-0.272304
-0.237031
-0.331652
-0.737761
0.272045
0.698936
0.001251
-0.803556
-0.127695
-0.208416
0.310527
0.035537
0.819547
-0.025412
-0.480632
-0.107201
-0.618424
0.192555
-0.543309
-0.052797
-0.132852
0.224044
0.344383
-0.363136
0.206207
1.129932
0.231136
-0.325785
0.381644
0.293214
-0.043731
-0.154348
-0.584745
0.164603
-0.183255
0.876492
0.154028
-0.651141
-0.415678
-0.438840
-0.125780
-0.178040
-0.516105
-0.024696
0.709012
0.332456
0.220515
-0.270316
0.132352
-0.373655
0.132915
0.752873
-0.432589
0.205777
0.316459
0.113233
0.050708
0.302959
0.570371
-0.179668
0.279513
-0.163983
0.259358
0.650251
0.095127
0.761057
0.319230
-1.482699
-0.075289
0.146258
-0.156731
0.419599
0.053745
-0.073721
0.576849
-0.170662
-0.288561
0.334166
0.302548
-0.103165
-0.545036
0.452548
-0.468087
-0.110483
0.623671
0.129312
0.137139
0.273822
-0.654753
-0.483562
0.195301
0.314550
-0.081125
-0.298089
-0.039881
-0.029495
-0.596125
0.304194
-0.442971
-0.156923
0.036151
0.039740
0.063350
-0.202838
-0.423571
0.212382
0.371831
0.318140
-0.217863
0.519625
0.252766
-0.051032
0.203452
-0.031317
0.250554
-0.248251
0.092706
0.413609
0.313946
0.208036
0.032199
-0.560771
-0.271280
0.208345
-0.011580
0.438621
0.544184
0.192831
0.055694
-0.327422
0.231562
-0.311101
-0.167897
0.531519
-0.005002
0.356947
-0.329864
-0.014179
-0.118633
-0.245475
0.419459
-0.389397
0.484982
-0.102769
0.294185
0.247189
0.190958
-0.066551
-0.260008
0.565004
-0.151184
-0.117992
-0.339120
-0.320256
0.062362
-0.127856
0.271783
-0.557608
0.238179
0.064125
0.388294
0.255738
-0.272299
-1.107362
0.985687
0.227051
0.751473
0.530613
-0.287951
-0.143536
-0.295134
-0.266716
-0.482286
-0.252781
-0.509598
0.200170
0.482498
0.931036
0.116432
-0.104175
-0.243811
-0.190286
-0.209886
0.022149
0.859192
0.011204
-0.499671
0.013387
-0.133195
-0.005918
-0.282978
-0.397018
0.546908
0.269760
0.834293
-0.156215
-0.428499
0.499768
-0.032021
-0.134066
0.163575
0.161090
0.748896
0.392128
-0.372853
0.350608
0.383531
-0.199224
0.112232
0.571475
0.071578
0.278018
0.797769
-0.482824
-0.387292
0.031905
-0.051656
-0.217323
0.558228
0.500506
-0.361466
0.467220
0.374070
-0.643648
-0.635181
0.005202
0.493251
-0.043996
0.635668
0.578237
0.040226
0.067900
-0.296053
-0.263323
-0.087022
0.079890
0.437279
0.098647
0.070413
-0.017805
0.264320
-0.494045
0.530587
0.637540
0.218789
-0.321802
0.273287
0.046281
0.381515
-0.424288
0.146194
-0.191049
0.171682
0.455233
0.192884
-0.142151
0.243652
-0.601726
0.074668
-0.521638
0.469585
-0.106034
-0.156642
-0.277416
0.036436
0.353278
0.027639
0.046413
1.008720
-0.082266
0.269408
-0.162745
0.489030
-0.086717
0.098919
-0.419122
-0.324386
0.470607
0.188022
-0.738510
-0.323803
0.406755
0.195039
-0.046189
-0.242957
0.047725
0.230633
-0.357014
-0.055505
0.006872
0.670020
-0.076625
0.375833
0.308886
0.033516
0.767375
-0.649236
-0.411526
0.807880
-0.496080
0.419636
0.767299
-0.139474
-0.060366
0.413977
-0.072034
0.418953
0.139216
-0.205683
-0.343612
0.414178
0.439349
0.332032
-0.130563
0.420456
1.017322
0.048463
-0.333726
0.181556
0.078683
-0.200809
-0.434897
-0.306693
0.419112
0.079404
-0.599483
-0.242253
1.299053
0.061592
0.347497
-0.063066
-0.020906
0.455442
-0.376053
0.553249
-0.437597
-0.361984
0.827935
-0.100140
0.217140
0.119184
0.157614
-0.368522
0.082272
0.487816
0.096235
-0.170764
0.158707
0.569334
0.142885
-0.538306
-0.431112
-0.496615
-0.090413
-0.359485
-0.338656
-0.289872
-0.090285
-0.449412
0.102839
-0.460235
-0.246537
-0.332279
0.099962
-0.570702
0.033474
-0.137538
-0.299790
-0.167178
0.646634
0.096266
-0.460860
0.017902
-0.048295
0.620534
0.293054
0.008469
0.576938
0.318409
0.275707
0.314638
-0.036522
0.080506
0.583084
-0.151924
-0.400280
0.824516
-0.355432
0.231301
0.427838
0.240448
-0.302486
0.220938
-0.535244
-0.466252
-0.007087
0.476800
0.006213
0.497607
0.661690
-0.267216
-0.097148
-0.726399
-0.089277
-0.374596
0.740309
0.183504
-0.164810
-0.221652
-0.640773
-0.418793
0.010441
-0.359259
-0.693675
-0.137178
0.017529
0.755696
1.293353
0.408948
-0.587507
0.039284
0.402537
0.323212
-0.255274
0.095597
-0.004416
0.252574
0.403122
-0.227930
-0.375063
-0.299642
0.308833
-0.120568
-0.770236
-1.004895
0.061016
0.239050
0.181116
0.211757
-0.095286
-0.008211
-0.229667
-0.102853
-0.521186
-0.338071
1.102786
-0.700776
0.980520
0.122226
0.198344
0.159656
-0.460930
-0.325462
0.334496
-0.305011
0.205144
0.266288
-0.725999
0.298570
-0.666599
-0.062868
-0.162891
0.921882
0.028387
-0.641625
-0.656357
0.116250
-0.075197
0.849716
-0.083189
0.270314
0.500286
-0.658366
-0.308788
0.283025
-0.098716
-0.399143
-0.496211
-0.536362
-0.432638
-0.308827
-0.441693
0.074725
-0.059457
0.089238
0.031515
0.254471
-0.171076
0.217295
0.417967
-0.198890
-0.488944
-0.061862
0.008606
0.277670
-0.068918
-0.151131
0.632923
-0.232529
0.654222
0.381820
-0.139006
0.394678
-0.007069
0.849540
-0.681716
0.373098
0.185506
0.102944
0.326766
0.483861
-0.028891
-0.405210
0.075337
0.003215
0.204783
-0.019286
0.135676
0.152094
-0.119317
-0.366771
0.636720
-0.558782
-0.592754
0.031898
0.180166
0.396506
-0.550736
-0.142824
-0.163815
0.574229
0.139163
-0.745750
0.858784
-0.549113
0.535115
-0.206186
0.030120
-0.243238
-0.095369
-0.287661
0.528834
0.522989
-0.114263
-0.210787
0.128002
-0.224254
0.027197
-0.068219
-0.425222
1.083725
0.154381
-0.400801
-0.119026
0.677683
-0.568051
0.289870
0.491052
0.239893
-0.350571
0.649537
0.223469
-0.815001
0.112725
1.370497
-0.426931
0.090654
0.563184
0.316666
-0.792509
-0.196459
0.596514
0.076545
-0.884090
0.714570
-0.059589
0.027538
-0.069772
-0.223400
0.298845
0.342707
-0.556717
-0.214720
0.608813
-0.005927
-0.070566
0.251412
0.218142
-0.477031
0.043178
0.248974
-0.445678
0.332986
0.776297
-0.740812
-0.199170
0.469764
-0.321926
-0.170531
-0.221602
0.256078
0.584822
-0.416441
0.151466
-0.129402
-0.731335
-0.134570
0.182153
-0.098097
0.171264
0.349860
-0.159602
0.125547
-0.251621
-0.460370
0.374220
-0.019266
0.531760
-0.208702
0.392305
0.235267
-0.204241
-0.849072
1.031267
0.000548
0.577930
0.310482
-0.452386
0.013301
0.091053
0.525923
0.336320
-0.349880
0.953715
0.365235
-0.117237
-0.339281
0.044458
-0.033103
-0.380644
0.006857
-0.348239
0.231755
0.115499
-0.107392
0.041003
0.118657
0.785010
-0.279964
0.058033
-0.171200
0.145401
0.649784
-0.176050
0.044170
0.321883
-0.542781
0.365017
-0.314221
-0.786634
-0.132915
0.769666
0.073203
-0.171323
-0.900900
1.357423
-0.279141
-0.076459
-0.352413
0.096085
-0.415009
0.377012
0.519078
0.044797
-0.312469
-0.719690
-0.382832
0.035213
0.547170
-0.345943
-0.082190
0.668682
0.347587
-0.060750
0.936656
-0.282266
1.207494
-0.178827
0.916318
-0.081861
-0.084041
0.040813
0.174071
-0.155017
-0.178268
0.092177
-0.589505
-0.118641
-1.256218
-0.109263
0.125381
0.212426
-0.625662
0.530766
-0.091559
0.415623
-0.140417
-0.527217
0.083054
-0.811453
0.180692
0.338278
-0.564244
-0.458105
-0.370071
-0.204651
-0.783673
-0.210714
0.287334
-0.188569
-0.764929
0.134467
-0.547856
0.510168
0.190206
-0.428098
-0.407446
-0.158755
-0.251237
-0.275861
-0.261330
-0.150874
0.015325
-1.190840
-0.221335
-0.390753
0.064579
0.426478
-0.081554
-0.148482
-0.027718
-1.063941
-0.309456
-0.340570
-0.116865
0.102594
-0.018492
-0.521169
-0.276845
0.213000
-0.512218
-0.093792
-0.034878
-0.204473
0.132911
0.045941
0.161986
-0.250803
0.450513
0.019522
-0.114695
-0.717507
0.738636
-0.410906
0.990736
0.975324
0.104611
-0.334719
-0.304968
-0.009108
0.398466
-0.374939
0.264065
0.291728
0.808498
0.926736
-0.149932
-0.453075
0.153453
-0.396851
-0.136239
0.241149
-0.347637
0.117772
0.196651
-0.209035
0.290226
-0.715136
0.412255
-0.146310
0.272045
0.033122
-0.351291
-0.619519
0.191716
-0.817194
0.429049
0.063070
0.515421
0.047094
0.003151
-0.193022
-0.003765
-0.102998
-0.047017
-0.760744
0.000619
0.152017
-0.420951
0.409792
0.090295
0.437012
0.270105
-0.146404
0.041405
-0.321730
-0.271918
0.083121
0.189329
0.447014
0.576341
-0.033595
-0.204182
-0.430048
-0.366713
-0.008249
0.135140
-0.522277
-0.157486
-0.834753
-0.859810
-0.199949
0.108823
0.223467
-0.741331
0.517753
0.258217
-0.055036
-0.867848
0.196495
0.750432
0.695944
0.048960
0.017539
-0.138648
-0.148124
0.133402
-0.049036
-0.049348
0.393224
-0.437852
-0.319796
-0.364116
-0.431294
-0.260710
0.179779
0.090778
-0.147159
-0.686353
-0.882885
0.349677
-0.668190
-0.417938
0.039391
0.349394
0.468556
0.311324
-0.000469
0.034380
0.117315
-0.475825
0.144984
-0.244036
0.775935
-0.433508
0.365077
-0.424249
0.155959
-0.686759
-0.295292
-0.536926
-0.054044
-0.015402
0.513531
-0.298470
-0.020968
1.338649
-0.398505
-0.354367
-0.131529
0.260518
0.408410
-0.083183
-0.123675
0.463321
-0.118645
0.647090
-0.046535
-0.181550
0.102684
-0.867269
-0.572578
-0.932852
0.708224
0.069729
-0.371707
0.517271
-0.215422
-0.316163
0.598218
-0.292461
0.648491
0.564273
0.014375
-0.042467
-0.609109
0.317757
0.725776
0.068482
0.120446
-0.096689
0.583874
0.741981
-0.361565
0.735756
-0.405756
-0.689401
0.057575
0.050550
0.686660
-0.267546
-0.763798
0.310549
0.413536
0.460054
-0.190732
0.540166
-0.032602
0.426414
-0.181575
0.790354
-0.158683
0.373304
0.485896
0.164877
-0.379150
-0.315680
0.222830
0.062233
0.406196
0.216761
0.017427
-0.074522
-1.346002
-0.641704
0.008898
-0.060148
-0.744165
-0.490807
-0.627736
0.071045
-0.166135
0.075137
0.285151
0.200130
-0.398626
-0.997351
0.485017
-0.946911
-0.694809
0.281461
0.006465
-0.015533
-0.146633
0.045395
0.914463
0.030849
0.262489
0.391683
0.476840
0.452666
-0.417768
0.442987
0.431858
0.141410
-0.219462
0.217830
0.275527
0.025130
0.009978
-0.123057
-0.125341
0.010733
-0.268199
0.396203
0.593772
-0.049792
-0.285251
-0.589893
0.258722
-0.311704
-0.027344
0.551924
-0.169783
0.334917
-0.381276
0.225743
0.198952
-0.055045
0.434192
-0.454900
-0.510163
0.768395
0.077204
-0.033816
0.681488
-0.704368
-0.163386
0.183755
0.109547
0.484266
0.412672
0.252025
0.169714
-0.512731
-0.671938
-0.673674
0.171708
-0.472128
-0.207689
-0.067935
0.325361
0.620205
-0.106672
0.730409
-0.321569
0.700299
-0.330404
0.235040
-0.134339
0.631617
0.180852
0.146415
-0.288092
-0.217861
-1.010797
-0.375423
0.607396
-0.915108
0.078529
0.650602
0.660166
0.983185
0.151370
-0.155305
-0.756645
-0.083291
-0.015679
0.073435
0.073110
-0.027655
-0.137590
-0.365007
0.572971
0.883074
0.165091
-0.377157
0.398537
1.112384
-0.130792
-0.342503
-0.194550
0.033308
-0.016781
0.421698
-0.262320
0.248032
-0.123567
-0.118012
-0.178698
0.366048
0.238487
-0.682780
0.538060
-0.795093
-0.862231
0.160444
0.318385
0.301392
-0.763691
0.284318
-0.115900
-0.102840
-0.340223
0.000314
0.045284
0.221029
-0.244370
1.047601
0.038298
0.057506
-0.361086
0.432711
0.440798
0.445652
0.922431
-0.046838
-0.276115
-0.924939
0.269479
-0.609178
0.615834
0.188005
-0.351077
0.319798
-1.157366
0.039495
0.564525
-0.014094
-0.088177
0.841672
0.219048
-0.785257
0.080205
-0.071448
0.079449
0.064062
-0.252023
-0.552848
-0.060360
0.579240
-0.225072
-0.306534
0.092671
-0.529812
-0.060498
0.295431
-0.562441
0.003752
-0.738921
-0.401930
0.365397
0.296001
-0.383864
0.051345
-0.943573
0.097087
0.101276
0.365694
-0.320855
0.113897
-0.384331
-0.104460
0.487241
0.707682
-0.147325
0.527267
-0.263842
0.115822
0.166140
-1.198274
-0.558415
0.362272
0.240002
-0.221356
-0.270305
-0.437257
-0.121720
-0.476914
-0.141863
0.337680
0.399149
0.341220
-0.247665
0.488252
0.534005
0.402749
-0.424408
0.625131
-0.265778
0.137405
-0.291142
-0.072096
-0.569203
0.019962
0.238891
-0.246965
-0.049571
-0.558899
0.252732
-0.536588
-0.032518
-0.347901
-0.088732
-0.625778
-0.100707
0.226940
0.459415
-0.159723
-0.225772
-0.244196
-0.805097
-0.172022
-0.915614
0.066469
-0.218207
0.869516
-0.378001
0.099390
-0.429421
-0.079155
-0.081688
-0.194474
0.530728
0.175015
0.128543
0.123845
-0.294443
0.093061
0.353152
0.852575
0.830863
1.194364
-0.867873
-0.057120
-0.250163
-0.821501
0.264470
0.253045
0.339570
0.018497
-0.449611
0.554000
-0.581484
-0.211948
0.319770
-0.366344
0.000538
-0.171217
0.094477
-0.020790
0.172039
0.302021
0.775440
0.455006
-0.642869
-0.081422
0.337501
0.284495
-0.112140
-0.405408
0.375505
-0.593684
-0.028133
0.381130
0.030862
0.311313
0.708964
0.194529
0.345161
-0.260298
-0.273851
0.182414
-0.288868
0.785411
-0.023984
-0.148055
0.084753
0.267711
0.249508
0.531804
-0.021014
0.174858
0.347964
0.594462
0.205137
0.557735
-0.083272
0.771377
0.129290
-0.332098
-1.348859
0.774447
0.374796
-0.474766
0.087322
-0.719160
0.112955
-0.878447
-0.154077
0.425301
-0.218356
0.249013
0.626486
-0.737283
0.075927
-0.480153
-0.377647
0.378211
0.148672
0.099696
-0.260727
-0.272477
0.141381
0.043420
0.488825
0.035970
0.207915
-0.719692
0.212464
-0.695180
0.500607
0.267170
0.608671
-0.484839
0.381279
0.313031
0.330182
-0.001088
-0.721093
0.132954
0.031571
0.627525
0.084561
-0.597326
0.549924
-0.219163
-0.431150
-0.250824
0.324159
-0.268775
0.369677
0.670811
-0.243847
0.703758
1.310094
0.776092
-0.188555
-0.226231
0.787069
0.060127
-0.350030
0.186726
-0.177863
-0.228234
0.062988
-0.594494
-0.249174
0.560245
-0.023217
-0.035177
-0.758471
0.288155
-0.392398
-0.466438
0.080570
0.605377
-0.078164
0.330773
0.382173
1.000199
-0.202559
0.148976
-0.331768
0.221167
-0.053506
0.939288
-0.040919
-0.329070
0.344412
-0.290906
-0.114001
0.083026
-0.033110
-0.093161
-0.721942
0.013125
0.163359
0.025545
-0.432271
-0.184921
0.246944
-0.164791
0.096439
0.658374
-0.787820
0.187654
-0.862896
0.582181
-0.411944
0.006389
0.193554
-0.143789
-0.345600
-0.422848
0.315240
-0.051874
-0.329067
0.470171
-0.473218
-0.062075
-0.406921
-0.178769
0.112853
-0.733545
0.320538
-0.738577
-0.133479
0.013749
-0.218588
-0.300222
0.915634
0.276316
-0.802978
-1.192507
0.350380
-0.165955
-0.359324
-0.116841
-1.129647
-0.400903
0.369010
0.363473
0.703465
0.293292
0.062973
-0.087233
0.395453
0.683602
-0.790629
-0.256602
-0.661626
-0.003015
0.697366
0.721088
-0.063220
-0.717786
-0.229544
-0.538208
0.133685
-0.551951
0.029369
0.086001
0.669825
0.408242
-0.064533
-0.302795
-0.509978
0.804687
-0.062924
-0.933855
-0.421539
0.400341
-0.461475
0.173907
-0.481516
-0.360200
0.392511
-0.134064
0.644265
0.249904
0.172366
-0.334839
-0.204901
-0.309521
0.175548
-0.360461
0.269452
-0.691339
0.020384
-0.334462
0.097921
0.253557
0.154853
-0.001751
-0.185344
-0.139205
-1.005244
-0.612398
0.133946
0.287311
-0.186659
-0.141584
0.000652
-0.666726
0.267829
-0.306892
0.756586
-0.314592
0.338001
0.675798
0.480882
0.133049
-0.520011
0.826115
0.756559
0.009572
0.513460
0.172470
0.014306
0.310912
-0.355251
0.225407
-0.445867
0.592112
-0.020735
0.720842
0.121107
0.118712
-0.196258
-0.335159
1.142911
0.485173
0.421594
0.275155
0.040604
0.053414
-0.443157
-0.469128
-0.069721
-0.378641
0.877520
-0.922358
-0.160886
-0.289110
-0.075590
0.137062
0.594633
0.106369
0.531327
-0.680450
0.066869
0.126374
0.317093
-0.396018
0.041935
-0.064899
0.380425
-0.033932
0.522314
-0.218255
-0.137956
-0.104429
-0.421871
-0.287209
-0.092188
0.523013
0.010590
-0.421160
0.021504
-0.633058
0.498454
0.017505
0.667662
-0.302290
-0.033690
0.887142
0.230400
0.124695
0.260694
-0.275523
0.117565
-0.196024
0.168266
1.198165
-0.736405
0.112840
-0.043147
-0.385681
-0.061564
0.308754
-0.146701
0.005766
-0.423128
-0.266836
-0.457337
0.709334
0.189176
-1.484136
0.062283
-0.062134
-0.864399
-0.224313
0.555357
-0.869080
0.286648
-0.151854
0.271071
-0.899326
-0.194583
-0.784643
-0.084259
0.181531
0.287323
-0.149622
-0.420616
0.291538
-0.566184
-0.489544
0.289602
-0.232533
-0.692097
-0.166047
-0.469147
0.552651
-0.542365
0.095005
0.757630
0.161354
0.337076
0.071703
-0.279034
-0.015809
0.294642
0.054570
-0.157398
0.069644
0.176768
0.113305
-0.141499
-0.177497
-0.355902
0.091644
0.237508
-0.316247
0.633050
-0.440708
0.490461
-0.011319
0.542506
-0.210430
0.439042
-0.522918
0.454302
0.951949
0.086545
1.058873
0.031136
0.374743
-0.661044
0.191883
0.334619
0.084678
-0.665928
-0.882531
-0.361790
-0.480284
-0.418305
-0.481168
-0.061530
0.330498
0.465711
-0.194282
-0.303104
-0.618737
0.304829
0.568939
-0.051157
-0.528429
-0.067513
-0.359830
0.190184
-0.215007
-0.426762
0.335992
0.539618
0.393446
-0.328305
-0.180023
-0.608150
-0.135832
-0.422392
-0.524039
0.192396
-0.202812
-0.088674
0.450768
0.011824
0.211478
-0.396937
0.297658
-0.037875
-1.021143
-0.010865
-0.234217
-0.201195
-0.579976
-0.314874
0.084745
0.231821
-0.175051
-0.158580
-0.246346
0.882208
-0.047607
0.316608
-0.769218
0.393742
-0.486825
-0.273334
0.246733
0.244613
-0.379349
-0.258671
-0.139424
-0.277080
-0.597575
0.389235
-0.101843
-0.679642
-0.051854
-0.280911
-0.923049
-0.004509
-0.247199
0.784751
0.081354
-0.068201
0.016366
0.351261
0.134562
-0.647730
0.761742
-0.507721
-0.447818
0.142986
-0.320675
-0.031890
0.190708
-0.083939
0.059743
0.566798
0.238628
-0.349814
-0.696151
-0.287062
-0.125599
-0.253136
0.089276
-0.072812
0.094852
-0.025825
-0.057409
0.516033
-0.372810
-0.590329
-0.334871
-0.047881
-0.451288
-0.008886
0.143435
0.050796
0.110798
0.083737
-0.601400
-0.400034
-0.303747
0.120196
-0.069204
0.454535
0.652404
0.117311
-0.199487
0.246087
-0.004643
0.562807
0.242349
0.105248
-0.342591
-0.041919
-0.910164
-0.250044
-0.216256
0.109333
-0.227010
0.453651
-0.222435
0.778863
0.328529
-0.275854
0.707369
-0.068915
-0.206040
0.281335
-0.095068
-0.118119
-0.602385
-0.304737
-0.037559
0.589594
-0.072270
0.474342
0.007082
-0.370874
-0.341370
0.558138
-0.174555
0.169137
0.309576
-0.022356
0.438459
-0.029274
-0.200977
0.422415
0.894552
0.146834
0.446369
-0.343721
-0.293390
-0.057543
0.435174
0.110498
-0.228210
0.192141
-0.048217
0.372391
0.328677
-0.329487
-0.039025
0.077929
-0.501668
-0.614909
-0.616535
0.496247
-0.199671
0.065845
-0.563028
0.106817
0.062349
-0.044286
0.210549
0.505094
-0.424543
0.154491
0.603431
-0.477818
0.506635
0.169776
0.000169
-0.520459
-0.431089
-0.600108
0.233963
0.244684
0.219031
0.272005
0.014694
-0.045971
-0.165789
0.425357
-0.104575
0.647234
-0.697724
-0.169033
0.565965
-0.637693
0.511687
-0.814113
-0.127560
0.307344
-0.183755
0.696773
-0.159075
-0.528727
0.454334
-0.145044
0.126279
-0.558689
-0.144319
0.674259
-0.911931
-0.121181
-0.606849
0.715897
0.286241
0.436129
0.228837
0.370113
0.700934
0.397467
0.334822
0.613470
0.960577
0.219812
0.011898
-0.038925
0.310468
-0.022128
-0.275231
-0.320056
-0.995516
0.662389
-0.453195
-0.012627
0.167180
0.107695
0.569788
-0.106036
0.447302
-0.068106
0.085488
-0.337154
0.947676
-0.248098
-0.242318
-0.274614
-0.195955
-0.068018
-0.416913
-0.307908
-0.801619
-0.201453
0.129386
0.034943
0.513356
-0.529157
0.627535
0.328696
-0.268484
-0.415778
-0.875670
0.190564
-0.216534
-0.076081
0.002883
-0.501834
0.120877
-0.843290
-0.212643
0.407250
-0.689929
0.000712
-0.385261
0.614713
0.167888
0.240531
0.321296
0.248001
0.245389
0.546184
-0.743696
-1.436606
0.012043
0.349015
0.358399
-0.275284
-0.209290
-0.173368
-0.245138
0.129946
0.181791
-0.951564
-0.380136
-0.892415
0.179947
1.453982
0.368226
-0.792437
-0.182924
0.111283
0.340891
-0.444563
0.073204
0.654445
0.730248
0.274883
-1.383415
0.292543
-0.516314
0.472834
0.469578
-0.875869
-0.123920
-0.297885
-0.347284
-0.204205
-0.297549
0.717525
0.534198
-0.004510
0.926074
-0.662171
0.288498
-0.294290
-0.015293
0.381609
-0.169762
-0.450067
0.230190
0.675834
0.239432
0.493788
0.899964
-0.343053
0.235906
0.782538
0.449500
-0.059525
-0.038524
-0.067770
-0.152720
0.624664
0.647348
-0.433577
-0.383913
-0.170768
0.331824
0.221346
-0.142842
-0.127376
0.323978
-0.299292
-0.287091
0.430229
0.141424
0.542520
-0.088486
1.136271
-1.074704
-1.106766
-0.281951
0.148367
-0.283334
0.044941
0.304464
0.394297
0.133667
-0.007371
-0.296461
1.404486
0.343322
-0.626784
1.514499
-0.914490
0.073317
-0.057215
-0.211697
0.127921
0.218712
-0.654023
0.797534
0.076335
-0.586062
0.174208
-0.447176
-0.430120
-0.402101
-0.670907
0.315385
-0.171826
-0.515645
0.583225
0.539327
0.158147
0.219496
-0.312689
0.143224
0.604387
0.584616
-0.373050
-0.382616
-0.113953
-0.203197
-0.418962
-0.485814
-0.468777
-0.081423
0.996833
0.165451
0.820597
0.141992
-0.385315
0.657885
0.266738
0.110697
-0.817195
0.175635
-0.365994
-0.062790
0.107085
-0.144604
0.345809
0.202667
-0.681388
0.036758
0.136468
0.440178
-0.359631
-0.179028
0.444653
-0.050486
0.116992
-0.267437
-0.370476
-0.010197
0.150734
-0.853766
-0.008280
-0.028297
-0.511889
-0.280398
0.313356
0.647713
0.554919
-0.019439
-0.112471
0.397303
-0.365539
1.210702
0.377541
-0.530918
-0.500427
-0.609803
-0.625034
-0.593076
0.039641
-0.132097
-0.257806
0.432149
-0.156300
-0.391362
-0.037151
0.546122
-0.345218
-0.063313
0.201885
0.436234
-0.218713
-0.018434
0.418646
-0.004062
0.322311
0.133512
-0.233050
0.182604
0.255323
0.001022
0.274341
0.533360
0.103308
0.278604
0.094365
-0.297354
0.366063
0.375661
-0.341889
-0.080492
0.555685
0.281111
-0.121733
0.435058
-0.876063
-0.401212
-1.006732
0.692431
-0.091380
0.073089
0.218298
0.325029
-0.111297
-0.416860
-0.002366
0.102864
0.422492
0.390995
0.430282
0.077148
-0.207290
-0.222408
-0.751270
0.261593
-0.255151
0.523184
-0.704843
0.076916
-0.320841
-0.147694
-0.119686
0.474029
0.332126
-0.131884
-0.693965
0.089662
-0.591468
0.258305
-0.806921
0.087826
0.227669
-0.223966
0.054954
0.080496
0.383913
0.481447
0.603478
-0.398895
-0.446903
-0.046143
0.321457
-0.186055
0.403794
-0.186610
0.064271
-0.092285
-0.434659
-0.429127
-0.589165
0.325566
0.611235
-0.076198
0.614553
-0.446353
0.008380
0.612932
-0.124757
-0.610728
0.257649
0.179005
0.213949
-0.186145
-0.727599
0.789387
0.406837
-0.070821
-0.455801
-0.363194
-0.288351
0.097719
-0.134268
-0.131551
-0.394175
0.284895
-0.155557
0.026809
0.176519
0.430283
-0.439021
0.234679
-0.127023
0.495200
-0.003867
-0.306427
-0.630583
0.858413
0.128369
0.165698
0.095148
-0.158021
0.372561
-0.084486
0.067139
0.247694
-0.237485
0.060045
-0.158198
-0.422677
-0.484762
0.783976
-0.062087
-0.241679
-0.058289
-0.258948
-0.372751
0.193030
-0.042014
-0.709559
0.242320
0.005021
-0.370467
-0.310526
-0.825033
-0.308894
0.169237
0.574607
0.460600
-0.176508
0.432669
0.221439
-0.173552
-0.712372
0.107816
0.659802
-0.766198
0.619486
0.042712
0.007104
-0.072614
-0.556307
-0.559727
0.352870
-0.646334
-0.284737
-0.221106
-0.062408
0.142962
0.197454
-0.111483
0.134636
0.550295
-0.158562
0.334317
-0.102971
0.069558
0.011181
0.103315
-0.178751
0.130868
0.808400
0.217983
0.349658
0.115024
0.317828
0.085020
0.253763
0.825510
0.276983
0.569724
0.327814
-0.156111
0.117571
-0.756433
-0.387717
0.366768
0.349835
0.128161
-0.214317
-0.512784
-0.290783
0.555374
0.099190
0.543375
0.027936
0.047893
-0.014886
-0.645150
-0.395737
-0.708284
0.058175
0.211357
-0.182655
-0.283982
-0.227324
0.159340
-0.026252
0.055087
-0.283000
-0.796500
0.144502
0.048557
-0.093837
0.590112
0.230531
0.177459
0.439304
-0.030463
-0.134273
-0.314029
-0.189699
-0.378160
0.474998
0.529283
0.248507
-0.003489
-0.416220
0.321301
0.089382
0.255141
0.553902
-1.136401
0.380680
-0.061056
0.333819
-0.023620
-0.103354
0.237444
-0.291788
-0.139014
-0.735607
-0.152215
0.377576
-0.564872
0.129865
-0.467951
0.002133
0.167347
0.598008
-0.473316
0.649500
-0.781051
0.032919
0.240254
0.704856
0.202243
0.093176
1.706904
0.680478
0.813428
0.961417
0.273195
-0.421726
-0.698821
0.346526
-0.290595
0.078003
0.792728
0.171763
-0.443178
-0.374254
0.164504
-0.312537
-0.879785
1.038854
-0.700876
0.029143
-0.419750
-0.377639
-0.274639
0.322550
-0.066448
-0.640018
0.322497
0.111647
-0.171470
-0.267465
-0.061774
-0.454279
0.299436
0.134920
0.287522
0.739823
0.086961
0.004125
0.742565
-0.440877
-0.362078
-0.134680
-0.005407
0.254679
-0.223830
-0.568170
-0.194336
0.074470
-0.279658
0.337561
0.323218
-0.430929
0.193222
0.373686
-0.217621
-0.571578
0.222993
-0.308313
0.268744
-0.079445
0.354282
0.386533
0.022393
-0.203087
-0.428399
-0.082571
0.037570
-0.031451
0.356764
0.301494
-0.241125
0.799156
0.453011
0.359551
0.131022
0.340991
0.285507
0.602105
0.035772
1.139779
-0.537626
-0.578673
0.691631
-0.401082
-0.560330
-0.074783
0.018289
-0.022776
0.195223
-0.443668
0.420895
-0.131956
-0.685409
-0.528480
-0.037697
-0.807703
-0.126678
0.344962
-0.658975
-0.153629
0.559778
-0.216500
-0.416989
-0.278440
0.081229
0.360114
-0.017545
-0.822310
-0.337274
-0.292518
0.244787
-0.268438
-0.511812
0.745486
-0.236066
0.175746
0.431037
0.060180
-0.381125
0.537140
0.518587
0.230982
-0.454857
0.077760
-0.479349
0.076395
0.558261
0.844012
0.111520
-0.473450
-0.149722
-0.652273
0.164779
-0.498832
-0.324567
0.383224
-0.271046
-0.666813
-0.486342
0.320581
-0.305913
-0.296914
-0.144043
-0.535994
-0.456934
0.144685
-0.784419
0.537364
0.251427
0.342648
-0.327771
0.457611
-0.255533
-0.499456
-0.073548
0.333693
0.489539
0.085680
-0.337733
-0.222430
-0.131908
-0.553404
0.467295
-0.298027
0.367272
0.282655
-0.630117
0.014221
0.746670
0.179745
0.310832
0.059513
-0.335500
0.092848
0.037153
-0.243999
0.291849
0.404211
-0.176609
0.309952
-0.438658
0.189448
0.176251
-0.300002
-0.303007
-0.067223
-0.401242
-0.392254
0.097459
0.223306
0.728666
-0.232939
-0.335250
-0.304076
-0.077570
-0.175875
0.141248
-0.031383
-0.448890
0.049075
0.083980
0.305834
0.180864
-0.232393
-0.391392
-0.008684
-0.563399
-0.062909
0.374424
-0.772643
-0.738302
-0.332581
0.486944
0.051515
0.030964
0.726509
0.170267
-0.190988
-0.593818
0.038288
-0.082825
-0.196472
0.521939
-0.313700
-0.274479
-0.761039
-1.036694
0.035427
0.492185
-0.204948
0.001382
-0.206204
-0.271563
0.206379
-0.407979
-0.305403
0.197144
-0.391521
1.094867
-0.501781
0.120600
0.050835
-0.228687
0.180234
0.313082
0.134462
-0.292452
0.257381
0.026533
0.367303
0.443956
-0.621999
-0.107925
-0.555756
-0.156102
-0.605711
-0.502678
0.918033
0.319785
0.410696
0.439486
-0.131235
0.841424
-0.579192
0.069783
0.666167
0.290902
0.154158
0.575203
-0.486326
-0.141091
-0.875048
-0.347639
-0.583361
0.224599
-0.418408
-0.055560
0.202856
0.575996
0.319424
0.550306
0.103353
-0.000527
0.546861
0.570202
0.359200
0.233251
0.014125
0.529131
-1.104483
-0.300892
-0.052208
-0.583887
-0.529334
0.067384
0.623395
0.171376
-0.005370
-0.435181
0.215460
-0.909604
0.124095
0.502925
-0.088317
-0.456773
-0.216513
-1.018469
0.398979
-0.174796
-0.246696
-0.267827
0.728208
-0.000015
-0.060845
0.048896
0.216256
0.812738
0.123758
-0.209622
-0.398260
0.018745
-0.818090
-0.575138
-0.148350
0.888832
-0.183744
-0.320079
0.707872
-0.051836
-0.784489
-0.656863
0.881644
-0.242736
0.320191
0.374669
-0.418326
0.325655
-0.117114
0.503091
-0.247906
-0.082200
-0.506234
-0.520590
-0.364654
-0.874861
0.463002
-0.012030
0.742553
0.129946
-0.027999
-0.088789
0.522929
-0.104537
-0.258136
-0.387746
-0.208046
-0.466893
0.250384
-0.032567
0.362445
-0.119483
0.705347
0.183422
0.750637
0.619815
-0.189851
0.465776
-0.295878
-0.396402
0.069346
1.278090
-0.323529
0.741536
0.119444
-0.364371
-0.456165
-0.707801
-0.064804
0.267480
0.070657
-0.140954
-0.025636
-0.034977
0.166842
0.406802
0.441508
-0.129770
-0.152801
0.530670
0.106795
-0.418870
-0.224312
-0.545925
0.383087
1.375751
-0.208464
0.246254
-0.228512
0.205691
-0.181560
0.676008
0.021021
-0.531695
-0.274124
-0.020078
-0.427953
0.804090
0.003830
-0.192127
0.365377
-0.668167
0.066585
-0.739389
0.350333
0.111813
-0.306032
-0.091610
0.206817
-0.223542
0.576018
-0.156498
0.530857
0.326041
-0.226473
-0.634041
0.329436
-0.835781
0.461605
0.549615
0.322461
0.066063
-0.470305
0.534365
-0.288689
1.042079
-0.130134
0.365672
-0.256722
-0.028768
0.819827
-0.452286
0.971060
-0.112876
-0.746319
-0.158322
-0.408234
-0.558367
0.510006
-0.358962
0.252196
-0.236269
-0.672804
0.132596
0.202194
-0.424549
-0.441668
-0.200316
-0.386808
0.994065
-0.184364
0.334999
-0.295889
0.450397
-0.000547
-0.388552
1.231460
-0.161965
0.770991
0.595396
0.058718
-0.025706
-0.244176
-0.209976
0.001539
0.339165
0.065632
-0.131338
-0.195863
-0.161205
0.145690
-0.103533
0.403077
0.057684
-0.320934
-0.487568
0.334290
-0.011626
-0.451048
-0.178793
-0.325875
-0.439028
-0.481540
-0.504002
0.164491
0.252632
0.807281
-0.050143
-0.348439
-0.204907
0.831269
0.047170
-0.072875
-0.433683
-0.758260
0.040817
-0.213722
0.125712
-0.047946
-0.068176
0.083074
0.959899
0.074496
-0.846849
0.738566
0.055289
-0.445383
-0.691520
0.048872
0.156866
-0.240486
0.167486
-0.533700
0.280991
0.957290
0.201630
0.327187
0.370588
0.371353
-0.222829
-0.921681
-0.912279
-0.101260
0.290979
0.609225
0.290549
0.055383
-0.305086
-0.577866
0.025313
0.525376
0.251381
-0.138271
-0.449597
-0.108025
-0.083748
0.751631
-0.077165
-0.149984
-0.236052
0.361582
-0.537120
0.008516
-0.106707
-0.156287
-0.466780
0.083107
0.308460
0.130321
-0.003858
0.428460
0.148922
0.235570
-0.381952
-0.277292
-0.044232
0.110654
0.034077
0.135939
0.732427
-0.482431
-0.200025
0.071053
0.105817
-0.581599
0.005245
0.392824
-0.309817
0.199125
-1.016028
0.207894
-0.526395
0.604065
0.475291
0.073651
0.469350
-0.339527
-0.056962
-0.518839
-0.406356
-0.104473
0.259287
0.234906
0.009710
0.119020
-0.095577
-0.635135
0.632586
0.232226
0.035910
0.170872
-0.302996
0.045375
-0.784905
-0.411736
-0.132747
0.587039
0.146454
0.253939
0.189719
-0.561611
0.938248
1.158342
0.083959
-0.520551
-0.222654
0.389013
0.122252
-0.684344
-0.087014
-0.329424
-0.298246
0.518819
-1.034801
-0.152250
1.097678
0.014589
-0.689370
0.078444
-0.321222
-0.509105
-0.041148
0.098285
0.510976
0.095826
-0.616562
0.106240
-0.021243
-0.729012
-0.184528
0.510653
-0.376141
0.026428
-0.414169
0.627416
0.413496
-0.462682
0.169308
-0.090152
0.551709
-0.946139
-0.112444
0.173359
-0.341848
0.585777
-0.470711
0.379718
0.040523
0.839656
0.222963
0.084025
0.150422
0.608823
-0.023846
-0.102526
0.291331
-0.444410
0.156070
0.005054
-0.018433
-0.021413
-0.094129
0.722579
0.149891
-0.251649
-0.070003
-0.001268
-0.424636
-0.181201
-0.078449
0.516938
0.215909
0.162129
0.279640
-0.105331
0.004723
0.468354
-0.037987
-0.119887
-0.061390
-0.647488
0.038410
-0.616497
-0.641717
0.527026
0.661295
0.241892
-0.020953
-0.363630
0.306991
0.057106
-0.867850
0.450260
-0.469226
0.080092
-0.826434
0.395449
0.309681
-0.089612
0.411529
-0.315189
-0.331577
0.350161
0.432900
0.038494
-0.421942
-0.113306
-0.277702
-0.403237
-0.227895
-0.426753
0.282821
0.021404
0.522705
0.323651
0.022506
-0.578189
0.190993
0.389551
-0.181116
-0.546978
-0.409803
-0.318838
1.178337
0.307312
0.102594
-0.551859
0.361809
0.226675
0.605364
0.800288
0.375461
0.008922
0.572150
0.892890
-0.380039
1.089269
0.226091
-0.815445
-0.109307
-1.060422
-0.585151
-0.555142
-0.076334
0.524529
0.655313
-0.830495
-0.868587
-0.460684
-0.125275
-0.164286
0.599007
-0.697723
0.475351
-0.209537
0.494409
-0.170313
0.378670
0.695279
0.908386
-1.026530
-0.809799
0.354442
-0.663685
-0.956753
-0.650138
-0.154885
0.274089
0.024301
0.558968
0.244721
-0.463072
-0.345365
-0.167699
0.078738
0.081438
0.644457
-0.041710
-0.395360
0.006916
-0.301605
-0.605290
-0.063552
0.738419
0.123493
0.184994
-0.178943
1.144954
0.069759
0.517321
0.351090
-0.356409
0.516957
-0.372932
0.077312
0.084659
0.415727
-0.129998
-0.185022
-0.909049
0.553797
0.142068
0.081851
-0.468968
-0.438985
-0.599296
0.013492
-0.150712
0.024170
0.655366
0.498007
0.466099
0.038942
0.499320
0.223799
-0.459577
-0.301019
0.352740
-0.056896
-0.515058
-0.008193
-0.432992
-1.216518
0.312496
0.369847
0.014220
-0.003352
-0.534145
-0.447203
0.193570
-0.095215
-0.441220
0.467004
-0.261484
0.018518
0.174114
-0.303075
-0.141924
-0.012257
-0.647139
1.329555
0.044949
0.381449
-0.691527
0.357135
1.026140
-0.264470
-0.337144
0.263542
-0.246287
-0.226043
0.330137
0.392741
-0.686111
-0.366724
0.153202
-0.700026
0.155059
0.020324
0.281001
-0.198729
0.194014
-0.951427
-0.516614
0.066115
-0.121329
0.168730
0.368845
-0.471721
0.284858
0.104974
-0.383999
0.288686
-0.385103
-0.413495
-0.666184
0.262399
0.381141
-0.449638
-0.037536
-0.301205
0.647678
0.644462
-0.231094
0.167359
1.017916
0.134859
-0.436433
-0.976749
-0.352635
-0.045912
0.016026
0.274618
-0.138190
-0.828449
-0.531324
0.711904
0.048294
0.063544
1.094558
0.022158
-0.705520
-0.054320
-0.010444
-0.202146
0.030520
-0.131763
-0.069332
0.100280
-0.257321
0.618781
0.377219
-0.323771
-0.340197
-0.429854
0.169930
0.131396
0.746579
-0.035355
-0.524186
1.190749
0.313708
0.317708
-0.154318
-0.064131
0.252059
-0.659789
0.317125
-0.404097
0.259831
-0.373401
-0.352169
-0.711168
-0.022497
0.503132
0.004887
0.127944
-0.700215
-0.591395
-0.643088
0.111967
0.318542
-0.190475
0.165853
0.336448
-0.007705
0.291985
-0.383620
0.477019
-0.215784
0.589823
0.435295
-0.480436
0.288700
0.602176
0.403526
-0.492321
-0.052239
-0.149766
-0.456914
0.306028
-0.050799
-0.153943
0.880889
0.489902
0.177197
-0.160827
0.605088
0.465193
-0.516863
0.583582
-0.051708
0.221793
-0.066599
0.061708
0.049937
-0.253206
0.336719
0.730942
0.165913
-0.203919
-0.199440
0.167563
0.093881
-0.503854
-0.391217
-0.005977
0.072220
-0.270249
-0.170526
-0.327240
-0.212550
0.334708
0.602298
-0.191741
-0.073514
-0.083115
0.452304
0.098657
-0.144818
-0.422710
-0.032912
-0.561019
-0.250682
-0.510997
-0.556549
-0.622381
0.072624
-0.022969
-0.299088
0.061807
0.124505
0.027513
-0.408713
-0.817556
0.579536
0.886475
-0.030489
-0.349873
-0.077450
-0.555275
0.557178
-0.199120
-0.093753
-0.338711
-0.199589
0.448263
0.317082
-0.127535
-0.392658
0.220836
0.567292
-0.673799
-0.622312
0.300622
0.402097
-0.106425
-0.722933
-0.147656
-0.217938
0.483430
0.377174
0.062249
-0.119816
-0.239038
0.529663
0.522081
-0.328268
0.392417
-0.269441
-0.070475
0.103751
-0.990146
0.029398
-0.714136
-0.270833
0.274462
-0.291673
0.598827
-0.310733
0.311553
0.547682
-0.173816
-0.080235
0.092302
0.122514
0.431077
0.336399
0.040308
0.266739
0.400878
0.397838
-0.022051
-0.127789
-0.266117
-0.388945
-0.015406
-0.841436
0.062741
0.229053
0.122474
0.434170
-1.354429
0.273952
-0.290959
0.060311
0.058297
0.065248
0.700132
0.316128
-0.087438
0.020775
-0.549790
-0.258712
0.373562
0.433279
-0.365985
0.202021
-0.070731
0.034269
-0.099609
0.192908
-0.606384
0.331386
0.398133
0.377046
-0.113470
0.348022
0.252419
-0.610652
0.445538
0.151989
-0.357313
-0.001734
-0.827496
-0.854360
0.069322
-0.713225
0.167487
-0.086085
0.163082
-0.022416
-0.092383
-0.390129
0.430168
-0.187461
0.048231
0.060323
0.172598
-0.065843
-0.398482
-0.276106
0.374176
0.351651
-0.360584
-0.479741
0.901903
0.103759
0.142104
0.093962
-0.112721
-0.630522
-0.623423
0.423348
-0.413511
-0.278521
-0.547854
-0.463911
-0.313390
0.417559
-0.028208
-0.076580
0.046503
-0.092929
-0.104508
0.215630
0.119910
-0.254878
0.003261
0.367561
-0.508736
-0.069053
0.056473
-0.081344
-0.723960
-0.019639
0.169815
0.202591
-0.069021
0.075914
-0.287237
-0.353990
0.342633
-0.013588
-0.153657
-0.459826
0.060979
-0.118076
0.047669
-0.296225
-0.669206
-0.034480
0.075567
-0.326971
-0.492914
-0.128119
-0.701799
-0.311332
-0.441400
-0.438127
-0.019275
-0.258216
0.308494
-0.682110
-0.460486
0.209185
-0.260844
0.274436
0.041352
-0.500847
0.015319
0.309780
0.307767
0.215595
0.349152
-0.241824
-0.312618
-0.549315
0.160723
0.058980
0.474998
-0.344923
0.216348
0.571492
-0.429370
-0.739933
0.363168
-0.127116
0.421580
-0.323751
-0.292027
-0.049346
-0.149445
0.169962
-0.509169
-0.307227
0.005649
-0.111031
0.172731
0.284611
-0.903172
0.127137
-0.050116
0.514594
0.090284
0.580252
-0.072868
-0.338279
0.346025
0.221159
-0.360138
-0.039890
0.394855
0.151001
0.222114
-0.517449
-0.574317
-0.061424
0.058127
1.367907
0.262836
-0.414505
0.345773
0.195637
0.352953
0.057997
0.062955
-0.145555
0.252133
0.862295
-0.096722
0.825316
-0.189259
0.267308
-0.363069
-0.217827
-0.740794
0.196459
0.618423
0.162307
0.282915
-0.374407
-0.139711
-0.001011
0.310499
-0.101135
-0.004864
-0.978598
0.502720
-0.037232
0.216123
-0.264318
-0.575063
0.406850
1.082520
0.410221
0.751338
-0.667344
-0.886257
0.098812
0.696385
-0.410393
0.580231
-0.268617
-0.025731
-0.819579
0.434724
-0.125959
-0.394760
-0.183337
0.246438
0.526353
-0.351427
0.522903
0.003155
-0.997683
0.281215
-0.194274
-0.144702
-0.493903
0.093131
-0.586669
0.043912
-0.163718
0.319426
0.258893
0.423074
-0.322831
-0.120688
-0.285861
-0.164262
-0.602487
-0.226836
-0.439425
-0.553776
0.250852
0.594688
0.199618
-0.125953
-0.910482
0.178924
-0.202872
0.334497
0.266739
0.394537
0.418179
0.250293
-0.236997
-0.099651
0.172851
-0.353632
-0.064032
-0.036507
1.250548
-0.543579
0.151986
0.957607
0.444863
0.537835
0.056444
-0.149516
1.061834
-0.059123
0.258435
0.259558
0.158748
-0.094250
0.012110
0.328396
0.254432
-0.486670
0.031114
-0.317056
0.191393
0.205133
0.015740
0.710620
-0.229372
-0.285852
0.207225
0.297780
-0.058842
-0.043453
0.200623
-0.391820
-0.331636
0.223270
-0.116029
-0.316295
0.086109
0.272776
-0.310177
0.094079
0.061784
0.115382
0.205912
-0.004874
-0.070315
0.768252
0.346833
0.317542
0.091201
0.075837
0.288764
-0.076417
0.207415
-0.496885
-0.210129
-0.774013
-0.361281
1.001795
-0.037969
-0.539943
0.191226
-0.222564
0.272023
0.029386
0.094124
-0.107598
0.630521
-0.772657
-0.407513
-0.042675
0.779785
0.847600
-0.422357
0.067327
0.244505
-0.438093
-0.203035
-0.358262
0.105569
0.426221
-0.125191
0.454248
0.413282
-0.434155
-0.078532
-0.051413
0.239724
-0.304824
0.249061
0.901015
-0.545052
0.180884
0.817246
-0.132539
0.018518
-0.184252
-0.296370
-0.292027
-0.767523
0.945233
-0.322767
1.521826
0.407914
-0.414581
0.540199
-0.378125
0.707090
0.099278
0.040374
-0.588635
-0.080084
-0.308662
-0.239389
0.410997
0.385581
0.093628
-0.024788
0.575586
-0.059748
-0.610914
-0.598238
-0.155140
-0.141383
0.197529
0.304001
0.163953
-0.491025
0.240977
0.278029
0.887927
0.056051
-0.258498
-0.231611
-0.273978
0.812063
0.248694
-0.618024
0.525830
0.851062
0.686153
0.073714
-0.383070
0.158977
-0.200447
-0.025529
-0.391199
-0.258115
0.104545
-0.425246
-0.081165
0.139350
-0.661416
0.021326
0.449226
0.598293
-0.204321
0.401835
-0.498791
0.032900
0.072330
0.202832
-0.904694
0.116380
-0.131044
0.316856
-0.338966
0.670383
-0.175514
-0.188488
-0.191018
0.035191
0.199393
1.529086
-0.291090
0.421236
0.026794
-0.642613
-0.077613
0.147709
-0.542770
-0.288027
0.112369
0.005890
0.395337
0.871808
-0.141578
0.213507
0.098691
0.359361
-0.802802
-0.046113
-0.174435
0.173042
0.431674
-0.678893
0.285738
-1.306287
0.414676
0.473269
0.920746
0.320387
-0.159912
0.817102
0.144921
-0.771677
0.577726
-0.436021
-0.193045
-0.011717
0.366238
0.385213
-0.577510
-0.715394
0.199910
-0.092827
-1.025430
-0.354374
0.501426
-0.200745
-0.235684
0.784356
-0.063395
-0.273091
-0.170741
0.290751
0.103951
-0.008988
-0.465765
-0.160629
-0.147228
0.704728
-0.246803
-0.169787
-0.221395
-1.236473
-0.034171
-0.261107
-0.243570
-0.372478
-0.475483
-0.119666
0.417829
-0.102657
-0.071188
0.323344
-0.316064
0.359095
0.461840
-0.371222
-0.521994
-0.918565
-0.350779
0.359807
-0.431235
-0.309645
-0.301680
1.014367
-0.293046
0.012932
0.616282
0.166837
0.236215
-0.586421
-0.464547
-0.133486
0.127711
0.136613
-0.393178
-0.694437
-0.203410
0.055764
-0.353183
-0.037068
-0.166605
-0.489129
-0.705693
0.522167
-0.008540
0.646416
-0.123748
-0.395033
0.004820
-0.445103
0.136909
-0.617361
-0.435293
0.260486
-0.586115
0.429560
0.555531
0.008217
-0.270667
-0.085359
-0.474575
0.890648
-0.284735
-0.367723
0.850238
0.460415
-0.046257
0.424213
0.409986
0.156831
0.362212
0.340797
0.847722
0.051050
-0.513595
0.534537
0.299173
-0.403864
0.320931
0.305177
0.347806
0.051095
0.094516
0.287227
-0.388456
0.105055
-0.064893
0.102622
-0.642649
0.360261
0.427469
-0.606268
0.433295
-0.066793
-0.266274
0.033815
0.307539
-0.450531
0.133664
0.572753
-0.153799
0.511628
0.085422
0.935176
0.410558
-0.126571
-0.633475
0.545021
0.513482
-0.016257
-0.092481
-0.613890
0.260740
-0.613835
-0.577088
-0.066613
-0.231771
0.206612
0.135291
0.199777
0.342216
-0.408639
0.066343
-0.598401
0.441981
0.040318
0.359604
-0.099803
0.094520
0.485093
-0.402252
-0.149379
-0.288226
0.081797
0.386772
0.236199
0.586885
-0.186038
0.183008
0.936386
-0.039592
-0.387953
-0.969897
-1.540563
0.505169
-0.604176
-0.109310
0.023722
-0.209865
-0.117335
-0.393448
0.131519
0.200920
-0.447714
-0.027690
0.014616
-0.619672
0.369140
0.385430
0.136425
0.184120
0.573924
-0.479388
0.139338
-0.094659
0.218363
-0.332072
0.729911
-0.229471
-0.357241
-0.198440
-0.227468
-0.168487
-0.218471
-0.907200
-0.683841
0.405725
0.081296
0.252429
-0.461262
0.886911
0.481875
0.316007
-0.315845
-0.505490
-0.472464
0.342707
-0.556717
-0.214720
0.608813
-0.005927
-0.070567
0.251412
0.218142
-0.477031
0.043178
0.248974
-0.445678
0.332986
0.776296
-0.740812
-0.199170
0.469764
-0.321926
-0.170531
-0.221602
0.256078
0.584822
-0.416441
0.151466
-0.129402
-0.731335
-0.134570
0.182153
-0.098097
0.171264
0.349860
-0.159602
0.125547
-0.251621
-0.460370
0.374220
-0.019266
0.531760
-0.208702
0.392305
0.235267
-0.204241
-0.849072
1.031267
0.000548
0.577930
0.310482
-0.452386
0.013301
0.091053
0.525923
0.336320
-0.349880
0.953715
0.365235
-0.117237
-0.339281
0.044458
-0.033103
-0.380644
0.006857
-0.348239
0.231755
0.115499
-0.107392
0.041003
0.118657
0.785010
-0.279964
0.058033
-0.171200
0.145400
0.649784
-0.176050
0.044170
0.321883
-0.542781
0.365017
-0.314221
-0.786634
-0.132915
0.769666
0.073203
-0.171323
-0.900900
1.357423
-0.279141
-0.076459
-0.352413
0.096085
-0.415009
0.377012
0.519078
0.044797
-0.312469
-0.719690
-0.382832
0.035213
0.547170
-0.345943
-0.082190
0.668682
0.347587
-0.060750
0.936656
-0.282266
1.207494
-0.178827
0.916318
-0.081861
-0.084041
0.040813
0.174071
-0.155017
-0.178268
0.092177
-0.589505
-0.118641
-1.256218
-0.109263
0.125381
0.212426
-0.625662
0.530766
-0.091559
0.415623
-0.140417
-0.527217
0.083054
-0.811453
0.180692
0.338278
-0.564244
-0.458105
-0.370071
-0.204651
-0.783673
-0.210714
0.287334
-0.188569
-0.764929
0.134467
-0.547856
0.510168
0.190206
-0.428098
-0.407446
-0.158755
-0.251237
-0.275861
-0.261330
-0.150874
0.015326
-1.190840
-0.221335
-0.390753
0.064579
0.426478
-0.081554
-0.148482
-0.027718
-1.063941
-0.309456
-0.340570
-0.116865
0.102594
-0.018492
-0.521169
-0.276845
0.213000
-0.512218
-0.093792
-0.034878
-0.204473
0.132911
0.045941
0.161986
-0.250803
0.450513
0.019522
-0.114695
-0.717507
0.738636
-0.410906
0.990736
0.975324
0.104611
-0.334719
-0.304968
-0.009108
0.398466
-0.374939
0.264065
0.291728
0.808498
0.926736
-0.149932
-0.453075
0.153453
-0.396851
-0.136239
0.241149
-0.347637
0.117772
0.196651
-0.209035
0.290226
-0.715136
0.412255
-0.146310
0.272045
0.033122
-0.351291
-0.619519
0.191716
-0.817194
0.429049
0.063070
0.515421
0.047094
0.003151
-0.193022
-0.003765
-0.102998
-0.047017
-0.760744
0.000619
0.152017
-0.420951
0.409792
0.090295
0.437012
0.270106
-0.146404
0.041405
-0.321730
-0.271918
0.083121
0.189329
0.447014
0.576341
-0.033595
-0.204182
-0.430048
-0.366713
-0.008249
0.135140
-0.522277
-0.157486
-0.834753
-0.859810
-0.199949
0.108823
0.223467
-0.741331
0.517753
0.342707
-0.556717
-0.214720
0.608813
-0.005927
-0.070567
0.251412
0.218142
-0.477031
0.043178
0.248974
-0.445678
0.332986
0.776297
-0.740812
-0.199170
0.469764
-0.321926
-0.170531
-0.221602
0.256078
0.584822
-0.416441
0.151466
-0.129402
-0.731335
-0.134570
0.182153
-0.098097
0.171264
0.349860
-0.159602
0.125547
-0.251621
-0.460370
0.374220
-0.019266
0.531760
-0.208702
0.392305
0.235267
-0.204241
-0.849072
1.031267
0.000548
0.577930
0.310482
-0.452386
0.013301
0.091053
0.525923
0.336320
-0.349880
0.953715
0.365235
-0.117237
-0.339281
0.044458
-0.033103
-0.380644
0.006857
-0.348239
0.231755
0.115499
-0.107392
0.041003
0.118657
0.785010
-0.279964
0.058033
-0.171200
0.145400
0.649784
-0.176050
0.044170
0.321883
-0.542781
0.365017
-0.314221
-0.786634
-0.132915
0.769666
0.073203
-0.171323
-0.900900
1.357423
-0.279141
-0.076459
-0.352413
0.096085
-0.415009
0.377012
0.519078
0.044797
-0.312469
-0.719690
-0.382832
0.035213
0.547170
-0.345943
-0.082190
0.668682
0.347587
-0.060750
0.936656
-0.282266
1.207494
-0.178827
0.916318
-0.081861
-0.084041
0.040813
0.174071
-0.155017
-0.178268
0.092177
-0.589505
-0.118641
-1.256218
-0.109263
0.125381
0.212426
-0.625662
0.530766
-0.091559
0.415623
-0.140417
-0.527217
0.083054
-0.811453
0.180692
0.338278
-0.564244
-0.458105
-0.370071
-0.204651
-0.783673
-0.210714
0.287334
-0.188569
-0.764929
0.134467
-0.547856
0.510168
0.190206
-0.428098
-0.407446
-0.158755
-0.251237
-0.275861
-0.261330
-0.150874
0.015325
-1.190840
-0.221335
-0.390753
0.064579
0.426478
-0.081554
-0.148482
-0.027718
-1.063941
-0.309456
-0.340570
-0.116865
0.102594
-0.018492
-0.521169
-0.276845
0.213000
-0.512218
-0.093792
-0.034878
-0.204473
0.132911
0.045941
0.161986
-0.250803
0.450513
0.019522
-0.114695
-0.717507
0.738636
-0.410906
0.990736
0.975324
0.104611
-0.334719
-0.304968
-0.009108
0.398466
-0.374939
0.264065
0.291728
0.808498
0.926736
-0.149932
-0.453075
0.153453
-0.396851
-0.136239
0.241149
-0.347637
0.117772
0.196651
-0.209035
0.290226
-0.715136
0.412255
-0.146310
0.272045
0.033122
-0.351291
-0.619519
0.191716
-0.817194
0.429049
0.063070
0.515421
0.047094
0.003151
-0.193022
-0.003765
-0.102998
-0.047017
-0.760744
0.000619
0.152017
-0.420951
0.409792
0.090295
0.437012
0.270105
-0.146404
0.041405
-0.321730
-0.271918
0.083121
0.189329
0.447014
0.576341
-0.033595
-0.204182
-0.430048
-0.366713
-0.008249
0.135140
-0.522277
-0.157486
-0.834753
-0.859810
-0.199949
0.108823
0.223467
-0.741331
0.517753
0.595206
0.036265
0.941016
-0.614280
-0.157580
0.154470
0.622420
-0.253848
-0.785164
-0.740407
0.317669
-0.338792
-0.010895
0.172422
-0.411760
0.174168
0.212183
-0.046777
-0.732117
-0.322355
-0.419676
0.180228
-0.093413
0.447100
-0.176074
0.162358
0.505150
0.548100
0.644416
0.608256
0.523283
-0.209490
-0.301063
0.060414
0.370297
-0.882903
0.459095
0.963187
0.719874
-0.093187
-0.130703
0.541461
-0.319585
0.865304
-0.022378
0.102170
0.043570
-0.485478
-0.135588
0.604684
0.055159
0.344401
-0.445884
0.285356
-0.239858
-0.305924
1.103060
-0.039660
0.281140
0.490788
1.084686
0.217348
0.073960
-0.077789
-0.200082
-0.064551
0.957377
0.714340
-0.182756
-0.044843
-0.133119
-0.136145
-0.374409
-0.173448
-0.386378
-0.880250
0.309568
0.827269
0.584859
0.174553
0.593405
-0.212963
0.361602
-0.237821
0.941531
1.212391
-0.375131
0.018706
0.480512
0.236796
-0.079418
0.022730
-1.202814
-0.242266
-0.545606
-0.301172
-0.006504
0.581198
0.377993
0.076042
-0.445829
0.885553
-0.442043
0.149137
-0.314312
-0.127888
1.000240
-0.135349
0.434476
0.526222
0.120474
-0.176875
0.361573
-0.460134
-0.507948
-0.298739
0.528932
-0.223269
-0.065891
0.273133
0.406335
-0.276509
0.340595
-0.147380
0.538296
-0.363406
0.416481
0.236621
0.110686
-0.383390
-0.054259
-0.088757
-0.412310
-0.031608
-0.842043
0.133611
-0.267260
-0.079263
0.259845
0.228767
0.158466
0.187212
-0.004287
0.349551
-0.141172
-0.320996
0.633367
-0.321540
-0.077319
0.217467
-0.280252
-0.019476
0.047264
-0.181065
0.258368
0.586074
0.462305
0.609584
0.365396
-0.391609
0.351402
0.303187
-0.562921
-0.253954
-0.072740
-0.748499
-0.414546
0.106434
-0.192908
0.122340
-0.328584
-0.210575
0.193602
0.110591
0.353970
-0.355532
-0.024555
-0.178280
0.049649
-0.806948
-0.655040
-0.716293
-0.237348
-0.297553
0.661329
0.432340
-0.346264
-0.471147
-0.044011
-0.158148
0.149623
0.316220
-0.270199
0.859845
0.600697
0.702443
-0.264454
-0.319151
-0.019317
0.479809
0.808680
-0.091494
0.597393
-0.266466
-0.845151
-0.276559
0.058409
0.024996
-0.451307
0.072848
-0.301416
-0.081002
-0.207253
0.527211
-0.264681
-0.583352
0.121793
-0.803156
-0.114049
0.448907
-0.188705
-0.039637
0.109625
0.766110
1.050759
-0.835280
-0.056236
0.860924
-0.685421
-0.831881
0.204415
-0.195067
-0.138187
0.679313
0.626809
0.141964
-0.314074
-0.457807
0.812784
0.336008
-0.191933
0.277805
-0.402151
-0.592008
0.167612
0.089843
0.093451
0.092200
-0.572731
0.326003
0.146997
-0.270355
0.356086
1.115422
-0.011683
0.165069
-0.132097
-0.257806
0.432149
-0.156300
-0.391361
-0.037151
0.546122
-0.345218
-0.063313
0.201885
0.436234
-0.218713
-0.018434
0.418646
-0.004062
0.322311
0.133512
-0.233050
0.182604
0.255323
0.001022
0.274341
0.533360
0.103308
0.278604
0.094365
-0.297354
0.366063
0.375661
-0.341889
-0.080491
0.555685
0.281111
-0.121733
0.435058
-0.876063
-0.401212
-1.006732
0.692431
-0.091380
0.073089
0.218298
0.325029
-0.111297
-0.416860
-0.002366
0.102864
0.422492
0.390995
0.430282
0.077148
-0.207290
-0.222408
-0.751270
0.261593
-0.255150
0.523184
-0.704843
0.076916
-0.320841
-0.147694
-0.119686
0.474029
0.332126
-0.131884
-0.693965
0.089662
-0.591468
0.258305
-0.806921
0.087826
0.227669
-0.223966
0.054954
0.080496
0.383913
0.481447
0.603479
-0.398895
-0.446903
-0.046143
0.321457
-0.186055
0.403794
-0.186610
0.064271
-0.092285
-0.434658
-0.429127
-0.589165
0.325566
0.611235
-0.076198
0.614553
-0.446353
0.008380
0.612932
-0.124757
-0.610728
0.257649
0.179005
0.213949
-0.186145
-0.727599
0.789387
0.406837
-0.070821
-0.455801
-0.363194
-0.288351
0.097719
-0.134268
-0.131551
-0.394175
0.284895
-0.155557
0.026809
0.176520
0.430283
-0.439021
0.234679
-0.127023
0.495200
-0.003867
-0.306427
-0.630583
0.858413
0.128369
0.165699
0.095148
-0.158021
0.372561
-0.084486
0.067139
0.247694
-0.237485
0.060045
-0.158198
-0.422677
-0.484762
0.783976
-0.062087
-0.241679
-0.058289
-0.258948
-0.372751
0.193030
-0.042014
-0.709559
0.242320
0.005021
-0.370467
-0.310526
-0.825033
-0.308894
0.169237
0.574607
0.460600
-0.176508
0.432669
0.221439
-0.173552
-0.712372
0.107816
0.659802
-0.766198
0.619486
0.042712
0.007104
-0.072614
-0.556307
-0.559727
0.352870
-0.646334
-0.284737
-0.221106
-0.062408
0.142962
0.197454
-0.111483
0.134636
0.550295
-0.158562
0.334317
-0.102971
0.069558
0.011181
0.103315
-0.178751
0.130868
0.808400
0.217983
0.349658
0.115024
0.317828
0.085020
0.253763
0.825510
0.276983
0.569724
0.327814
-0.156111
0.117571
-0.756433
-0.387717
0.366768
0.349835
0.128161
-0.214317
-0.512784
-0.290783
0.555374
0.099190
0.543375
0.027936
0.047893
-0.014886
-0.645150
-0.395737
-0.708284
0.058175
0.211357
-0.182655
-0.283982
-0.227324
0.159340
-0.026252
0.055087
-0.283000
-0.796500
0.144502
0.048557
-0.093837
0.590112
0.230531
0.177459
0.439304
-0.030463
-0.134273
-0.314029
-0.189699
-0.378160
0.474998
0.529283
0.248507
-0.003489
-0.416220
0.321301
0.089382
0.255141
0.553902
-1.136401
0.380680
-0.061056
0.333819
-0.023620
0.552651
-0.542365
0.095005
0.757630
0.161354
0.337076
0.071703
-0.279034
-0.015808
0.294642
0.054570
-0.157398
0.069644
0.176768
0.113305
-0.141499
-0.177497
-0.355902
0.091644
0.237508
-0.316247
0.633050
-0.440708
0.490461
-0.011319
0.542506
-0.210430
0.439042
-0.522918
0.454302
0.951949
0.086545
1.058873
0.031136
0.374743
-0.661044
0.191883
0.334619
0.084678
-0.665928
-0.882531
-0.361790
-0.480284
-0.418305
-0.481168
-0.061530
0.330498
0.465711
-0.194282
-0.303104
-0.618737
0.304829
0.568939
-0.051157
-0.528429
-0.067513
-0.359830
0.190184
-0.215007
-0.426762
0.335992
0.539618
0.393446
-0.328305
-0.180022
-0.608150
-0.135832
-0.422392
-0.524039
0.192396
-0.202812
-0.088674
0.450768
0.011824
0.211478
-0.396937
0.297658
-0.037875
-1.021143
-0.010865
-0.234217
-0.201195
-0.579976
-0.314874
0.084745
0.231821
-0.175051
-0.158580
-0.246346
0.882208
-0.047607
0.316608
-0.769218
0.393742
-0.486825
-0.273334
0.246733
0.244613
-0.379349
-0.258671
-0.139424
-0.277080
-0.597575
0.389235
-0.101843
-0.679642
-0.051854
-0.280911
-0.923049
-0.004509
-0.247199
0.784751
0.081354
-0.068201
0.016366
0.351261
0.134562
-0.647730
0.761742
-0.507721
-0.447818
0.142986
-0.320675
-0.031890
0.190708
-0.083939
0.059743
0.566798
0.238628
-0.349814
-0.696151
-0.287062
-0.125599
-0.253136
0.089276
-0.072812
0.094852
-0.025825
-0.057409
0.516033
-0.372810
-0.590329
-0.334871
-0.047881
-0.451288
-0.008886
0.143435
0.050796
0.110798
0.083737
-0.601400
-0.400034
-0.303747
0.120196
-0.069204
0.454535
0.652404
0.117311
-0.199487
0.246087
-0.004643
0.562807
0.242349
0.105248
-0.342591
-0.041919
-0.910164
-0.250044
-0.216256
0.109333
-0.227010
0.453651
-0.222435
0.778863
0.328528
-0.275854
0.707369
-0.068915
-0.206040
0.281336
-0.095068
-0.118119
-0.602385
-0.304737
-0.037559
0.589594
-0.072270
0.474342
0.007082
-0.370874
-0.341370
0.558138
-0.174555
0.169137
0.309576
-0.022356
0.438459
-0.029274
-0.200977
0.422415
0.894552
0.146834
0.446369
-0.343721
-0.293390
-0.057543
0.435174
0.110498
-0.228210
0.192141
-0.048217
0.372391
0.328677
-0.329487
-0.039025
0.077929
-0.501668
-0.614909
-0.616535
0.496247
-0.199671
0.065845
-0.563028
0.106817
0.062349
-0.044286
0.210549
0.505094
-0.424543
0.154491
0.603431
-0.477818
0.506635
0.169776
0.000169
-0.520459
-0.431089
-0.600108
0.233963
0.244684
0.219031
0.272005
0.014694
-0.045971
-0.165789
0.425357
-0.104575
0.647234
-0.697724
-0.169033
0.565965
-0.637693
0.511687
-0.814113
-0.127560
0.307344
-0.109944
0.041424
0.299829
-0.201171
-0.136027
-0.170014
-0.175390
-0.476396
0.320221
0.909502
-0.092893
0.015463
0.678065
0.076766
0.299868
-0.052525
0.352172
1.024309
-1.281161
0.188100
-0.204323
-0.155350
1.275884
0.322462
-0.178470
0.496795
0.850203
0.898875
-0.217992
0.274357
0.111537
0.480505
0.039558
0.160659
-0.134143
-0.015653
0.491676
-0.425059
-0.221417
-0.249875
-0.041799
0.722712
0.675059
1.227021
0.982224
-0.772374
-0.468441
0.387899
0.292062
0.225340
-0.178262
0.263443
-0.859049
0.552869
-0.152112
-0.914235
0.030571
0.020542
0.187467
-0.352662
0.763619
-0.084838
0.023590
0.142387
-0.198049
-0.041047
0.077779
0.381443
0.190291
-0.143604
-0.649149
-0.156682
-0.224612
-0.436560
0.196823
0.104208
0.923393
0.079234
-0.355739
0.448603
0.114220
-0.668105
-0.309752
-0.070540
0.244899
-0.663490
0.195287
-0.635255
0.512623
0.372523
0.222423
0.022292
-0.091353
0.089979
-1.619837
-0.030034
0.186039
-0.505797
-0.067799
0.341692
-0.211625
-0.041206
0.371721
0.270034
-0.581894
-0.286628
0.446945
0.808048
-0.965572
-0.018380
0.024005
-0.383029
0.458171
-0.357725
-0.050937
0.388206
0.054686
0.138901
-0.428761
0.199813
0.406146
-0.740016
0.525451
-0.769289
0.760571
0.450439
-1.018556
-0.298709
0.167200
0.478967
0.228441
-0.960000
0.129847
0.837263
-0.222954
0.336966
-0.224288
0.360597
-0.274667
-0.783328
-1.564617
-0.245064
-0.432509
0.318051
-0.357863
-0.013594
0.079526
-0.176694
-0.032980
0.127674
0.361313
-0.368358
0.251195
-0.121365
-0.340318
0.451954
0.431549
0.014207
-0.476376
0.437061
0.050657
0.172559
-0.236789
0.086927
0.309427
0.148815
0.060476
-0.255493
0.126745
-0.153426
0.361416
0.540070
0.243538
-0.265039
0.064256
-0.135936
-0.549812
-0.339607
0.290787
0.226083
0.496660
0.200182
0.342555
0.426219
-0.477602
-0.047260
0.223754
0.320299
0.494761
-0.465154
-0.140878
0.343789
0.353032
-0.123108
-0.228286
0.334239
-0.639427
-0.341704
-0.833817
0.539324
-0.470720
0.827604
0.196546
0.442174
0.423482
-0.547123
0.323043
0.348790
-0.232587
-0.698491
-0.024853
-0.374082
1.178617
-0.932580
-0.709963
-0.391272
-1.064263
0.134507
-0.393830
0.546520
-0.175922
0.475898
-0.534045
-0.224645
0.237169
0.456837
-0.411962
0.016171
0.342456
-0.181009
0.563799
-0.453473
-0.129104
0.765342
-0.940699
0.486471
0.383101
-0.067982
-0.210764
-0.556200
-0.196617
-0.449995
0.174088
0.735580
-0.226642
-0.114737
0.144214
0.448628
-0.655921
0.453265
-0.645839
0.137661
-0.336966
-0.370577
0.675189
0.615907
-0.574847
-0.137308
0.196039
0.653914
0.029247
0.446329
0.729643
0.359293
-0.755256
0.153359
0.122537
-0.719168
-0.483327
0.329367
0.464803
0.169586
0.092463
-0.009552
-0.135406
-0.149926
0.712433
-0.350546
1.003102
-0.176170
-0.074564
-0.038320
-0.175211
0.229138
-0.294934
-0.288920
-0.348913
-0.357033
0.264744
-0.446809
-0.563854
-0.207010
-0.433192
0.438738
-0.397827
0.295871
0.191478
-0.170942
-0.283968
0.701312
-0.305219
-0.038354
0.144296
-0.121602
0.347462
-0.218276
-0.329425
0.499698
-0.136326
0.640071
-0.426247
-0.131238
0.672959
-1.075491
-0.033602
0.086541
-0.285099
-0.495735
-0.162643
-0.363702
0.290335
0.099322
0.890756
-0.456372
-1.032517
-0.114340
0.618660
0.084516
0.068659
-0.379723
-0.104256
0.449202
-0.220585
0.671919
-0.138717
-0.159679
-0.202063
0.065722
-0.003346
0.521585
-0.268493
0.580791
-0.324481
0.447168
-0.103851
0.410318
0.329092
0.034587
0.291353
-0.077121
0.470510
0.081273
-0.478581
-0.338846
-0.105114
-0.053089
0.075755
0.259861
0.096760
0.101487
-0.461928
0.043909
-0.435852
-0.310538
-0.045019
0.470370
-0.076150
-0.163559
-0.293321
0.152508
-0.011050
0.400731
0.272138
-0.136813
-0.150794
-0.141565
0.329112
0.661896
0.055433
0.137847
0.412022
-0.049177
-0.034875
-0.026913
0.011249
0.100762
0.384340
0.014842
0.110968
-1.102691
0.497845
-0.309631
-0.157114
0.144324
0.097650
-0.823362
-0.447763
-1.119883
0.052313
0.005172
0.122089
0.103942
0.010821
-0.539139
-0.929406
0.015223
-0.456769
0.342140
0.323710
-0.075299
0.733275
-0.276163
-0.276390
0.691616
-0.404056
0.609303
-0.309910
-0.153237
-0.246667
0.034521
-0.083730
0.072340
-0.438517
-0.108956
-0.515721
0.461896
-0.040024
0.008245
0.318836
-0.377645
-0.321635
-0.243532
0.456008
-0.502933
0.202069
0.047001
0.113955
0.287016
0.744747
0.153190
0.158697
-0.103139
0.553509
0.205523
0.188292
-0.057223
-0.111853
0.533659
-0.190500
0.512030
0.854207
0.692943
-0.394725
0.054525
0.291816
0.028229
-0.504153
0.032619
0.208322
-0.113398
-0.127249
0.002204
0.266155
-0.513430
-0.365006
-0.292068
-0.014673
0.046488
0.094991
0.437735
-0.086478
0.463602
-0.095043
0.534268
-0.473839
0.003819
0.577492
-0.641190
-0.172276
0.230605
0.296154
-0.288927
-0.248586
-0.542339
-0.566991
-0.235084
0.611686
-0.026996
0.768194
0.165342
-0.255186
-0.052934
0.285048
0.191233
-0.298102
0.048169
0.118016
-0.353332
0.141781
-0.316805
0.106641
0.549180
0.343236
-0.396148
0.663097
0.083016
-0.855649
0.082360
0.160079
1.263267
-0.276259
0.990865
-0.041535
-0.489916
1.063280
-0.578898
-0.756541
-0.024494
0.380103
-0.125576
-0.395990
0.729921
0.041728
-0.061968
0.078070
-0.276250
-0.244496
-0.074195
-0.465224
-0.012963
-0.411988
-0.140378
0.033184
-0.550013
0.548444
0.328503
-0.043855
-0.538158
0.224149
-0.329826
0.548409
-0.029675
-0.261859
0.138447
-0.325113
-0.423639
0.028697
-0.887008
-0.499023
0.292751
0.729548
-0.359102
0.454393
0.582779
0.299033
0.553611
0.180224
0.089807
-0.148686
0.273200
0.069999
0.528541
0.445544
0.619776
0.608685
-1.060214
-0.004685
-0.443291
0.220731
-0.575333
-0.273116
-0.022095
0.237478
0.270115
0.304186
-0.178439
0.326752
-0.727256
0.033094
0.350641
0.027304
-0.081237
0.030606
0.324289
-0.086428
-0.264835
-0.490087
-0.049121
-0.248233
0.044390
-0.593119
0.281580
0.120047
0.583820
-0.332892
-0.138874
-0.750768
-0.260973
0.566651
0.378055
-0.072284
-0.019171
0.051497
-0.372199
0.339939
-0.352230
0.427245
-0.414841
-0.080202
0.168591
-0.469112
0.537205
0.305039
-0.395208
0.264609
0.612432
-0.471045
0.408618
0.425097
-0.433702
-0.159552
-0.000553
-0.144513
0.188233
0.418709
-0.409416
-0.159903
-0.556255
0.113874
0.559860
0.267998
-0.619295
0.216643
0.144585
0.342306
0.116566
0.446335
0.016795
-0.209822
0.296169
-0.716214
-0.257686
0.267658
0.124155
0.017374
-0.147958
-0.003427
0.196707
-0.290299
0.228778
-0.905758
0.200903
-0.421320
0.101358
0.387933
-0.589615
-0.144963
-0.029768
-0.314721
-0.193709
0.256208
0.061942
-0.328129
-0.393540
0.116926
0.324142
-0.432088
0.513065
0.801033
-0.364819
-0.191987
-0.042714
-0.051962
0.023578
-0.304943
-0.235542
-0.739346
-0.234171
0.041597
-0.423491
0.435004
-0.161050
1.118879
-0.780407
0.164611
0.337454
1.076053
-0.197651
1.211624
0.079926
0.173164
-0.125761
-1.191028
-0.509278
0.606647
0.334280
0.190103
0.094764
-0.775328
0.565983
0.619276
0.345803
-0.450509
0.420647
0.082282
0.076792
-0.141819
0.008157
-0.025219
-0.337300
-0.773420
0.441298
-0.124875
-0.059539
-0.334472
-0.074024
0.383682
-0.056809
-0.136033
0.092344
-0.374449
0.368049
-0.254842
-0.523183
0.514124
-0.292797
0.543311
-0.454798
-0.089517
-0.001819
-0.170026
-0.617966
0.222703
0.395439
0.086729
-0.151550
0.367837
0.243021
-0.505013
0.073673
-0.372703
-0.350699
0.283969
0.095732
0.521677
-0.089761
0.522672
-0.019781
0.297811
0.567362
0.024246
-0.098280
-0.491290
0.771717
0.272916
-0.456127
-0.497015
0.353791
0.267148
-0.196865
0.051606
-0.042792
0.099003
-0.560635
-0.492136
-0.205109
0.266188
0.571334
