
Data:
0.174548
0.471302
-0.747012
-0.751721
0.198332
-0.310365
-0.737558
1.484030
-1.313649
-1.098425
-1.003353
1.788834
0.160719
0.322133
0.624555
-1.077315
-0.567208
0.019276
0.217977
-0.983968
0.455907
-0.276030
0.570785
-0.732363
1.885468
0.837916
0.187038
-1.466091
0.704195
-1.014870
-0.245615
0.086205
0.992208
0.636759
0.648979
-1.445001
0.062386
0.353714
1.047253
-0.098786
-0.173643
-0.028862
-1.479749
-0.715641
-0.601238
1.202978
-0.147347
1.297316
0.912757
-2.220888
0.399784
-0.236700
0.773790
-0.011985
1.474511
-0.200741
0.748262
-0.144629
-1.094777
1.078905
0.322396
-1.031108
-0.537607
0.332004
-0.306132
0.143856
-0.698697
0.817868
-2.052084
-0.604556
1.159986
-0.367538
1.875522
0.430612
0.402601
0.150699
0.768801
-3.178619
-0.679372
-0.495702
-0.564508
-0.540780
-0.989282
-0.036890
-0.491179
-1.494823
-0.945581
-0.254494
0.526462
0.345968
1.425943
-0.204529
-0.311770
-0.370915
0.337923
1.272900
-0.616839
0.125635
0.007535
-0.655666
-0.285381
1.496164
-0.558806
-1.280736
-2.480757
-1.867961
0.485951
1.276490
-0.236399
-0.293175
1.742243
-0.552485
0.206341
-1.158927
0.331822
1.419348
0.145683
0.768058
0.032665
0.953373
-0.885206
-1.568445
0.122675
-0.745769
0.272149
0.147224
-0.671416
1.447861
-0.852331
-0.894822
0.051354
-2.127181
-0.424707
0.677194
-0.534880
0.664553
1.821801
-0.239628
-0.765757
0.237314
0.419247
-0.715874
-1.475904
-0.919550
-1.771327
-0.751226
-0.562814
-0.133147
-0.044327
-1.472002
0.754152
1.057562
-0.191805
-0.327955
-0.605294
-0.202654
1.414227
-0.841133
-0.364524
0.395614
-1.808879
-0.638119
0.353553
-0.678359
-0.454116
-0.680362
-0.098689
0.295136
-1.551093
0.221955
-0.151705
-1.346258
1.700994
1.424237
0.185319
-0.112700
0.336733
0.417955
1.753213
1.060222
-0.422052
0.164619
0.625269
0.737756
1.144349
0.311286
-0.948635
-0.293391
1.129569
0.960565
1.324407
-0.573426
-1.150307
-0.123096
0.288828
-0.906857
0.256166
2.936064
0.418476
-0.509692
-1.831859
0.310504
0.415022
-0.568970
-1.603720
1.460343
0.100280
0.237172
0.147414
0.184247
0.923802
0.865010
0.894301
0.081234
-1.475320
-0.042771
-0.295160
0.198154
-0.376396
0.922910
-0.097289
-1.463139
-0.377874
0.031820
0.251754
-0.135320
0.276318
-0.545986
-0.872782
-2.191377
0.312522
0.099088
-1.153200
0.826010
-1.981923
-0.376475
-1.282266
-0.671103
-0.131733
-1.713496
-0.724987
-0.671372
-0.306719
0.596802
-0.879030
-0.404238
1.416018
-0.961248
2.446342
0.769199
2.395243
0.064159
1.523242
-0.674976
0.399537
-1.169634
0.670044
0.666714
0.933619
-1.108557
0.112380
-0.527739
0.606472
1.004185
0.946934
-0.124177
-0.146508
1.682202
-0.919162
0.935668
0.710049
-0.349399
0.161926
0.164983
-0.934790
0.952710
1.472132
-0.602346
0.644714
-0.900724
1.313198
-1.101503
1.364970
0.870987
0.023016
-1.046730
0.843180
-0.005028
-0.028908
0.944329
-0.439696
-1.674034
-1.173924
-0.368212
0.052379
1.293944
0.925809
1.881313
-0.690037
0.349767
-0.207139
1.041747
-1.497208
0.544562
-0.011411
0.422471
0.628591
0.364227
-1.222871
-0.954510
0.739626
-1.356354
-0.504121
0.482292
-2.582241
-0.191873
0.695632
0.217997
-1.452087
-1.319457
-2.319459
1.742205
1.134318
-0.839322
0.373951
-0.834037
1.344457
2.152512
-0.164092
-0.611208
0.800367
-0.791499
1.005745
-1.669699
-0.564025
0.628358
0.669119
3.618788
-0.740218
0.836058
-0.076251
-0.065281
0.343946
1.666651
1.247322
1.323897
0.574064
-1.128075
-1.129260
-1.784897
0.902056
-1.090292
1.437694
-0.218453
-1.073176
-0.829846
0.373734
-0.838712
0.032444
0.686558
-0.175153
0.124183
0.894439
-0.091083
0.066922
-0.705099
1.926087
-0.994094
-0.810315
-0.846376
0.291377
-1.019130
-1.083949
-1.761438
0.560870
-0.253604
-0.162919
1.238399
0.189382
-0.460319
1.397555
0.017291
0.655912
-0.816863
0.067668
0.998139
0.717259
0.565633
0.928873
-0.456055
-0.122866
-0.306861
0.456896
0.670082
-0.721065
0.455428
-1.056836
1.046964
0.782257
-0.157490
-1.715378
0.347425
-0.386570
-1.296742
1.939036
0.229916
-0.857243
0.746166
0.713560
0.604195
-1.730255
0.126632
-1.886562
0.612438
1.278871
-1.144866
0.211720
-0.857623
-1.257029
0.357548
0.646263
0.127363
1.381768
0.382862
-0.752708
-1.205002
-0.994677
0.345305
0.682952
0.313685
-0.002788
0.530357
0.549067
0.401296
0.145206
0.751689
-0.884372
-0.651577
-1.196027
-0.777553
-0.235506
-1.523852
0.234470
-0.027240
0.052094
1.687151
-0.142768
-0.356908
0.776191
0.224592
0.414506
0.219442
-0.574714
-0.358675
-2.058268
-0.623789
-0.395587
0.593694
-1.092091
-2.088548
-0.739692
-0.305520
0.512104
-0.088926
0.870853
0.096382
1.278494
-0.424664
0.539449
-0.619632
-1.050351
-0.493638
-2.902723
0.626882
-1.322415
0.524282
0.480411
-0.064108
0.205577
-0.093651
-0.044596
0.640794
0.532607
-0.500752
1.004076
1.172069
1.601211
-0.292385
-0.088385
0.483577
0.416509
-0.307032
1.200890
1.136560
-0.360464
1.426407
0.933136
0.819429
0.736998
0.045637
-0.899744
0.604362
-0.813077
1.023401
-0.708907
0.513237
-0.316528
-0.208377
-1.416324
1.728100
-1.240201
0.415277
1.608328
-0.626488
-0.385911
-0.646729
1.046777
-0.444551
-1.017453
0.900084
0.038253
0.252072
0.273707
-0.834977
-0.398814
0.586855
-0.721042
1.748243
1.407458
-0.466036
0.132118
0.188428
0.699425
-0.171774
-0.401654
-0.799887
-0.998553
1.710430
-0.623217
-0.979627
-0.151089
-0.122459
-0.913914
0.375365
-0.730744
0.605088
0.870124
0.699852
-0.397296
-0.918673
1.296452
0.187352
0.584648
0.087128
-0.097579
0.591271
-1.300433
-0.631250
-0.522520
-1.148904
-0.510364
-1.702673
-0.171221
2.076164
0.369838
1.183978
-1.227036
0.120266
-0.614689
-1.706232
-0.927366
-1.656125
-0.385246
-0.739232
-0.282266
1.889566
0.213587
-0.872378
-1.271663
0.298049
-0.510062
0.620012
-0.218837
0.569540
-1.016283
-1.451036
0.186621
0.479566
-2.213323
0.396628
0.883201
0.393143
0.634982
-0.699533
0.463111
-0.465558
-0.626440
0.912755
1.060561
-0.894137
1.805864
-0.722874
-0.690983
-0.791442
0.056992
-2.072018
-0.694538
0.765621
-0.714037
-0.530151
-1.197238
1.577979
-0.564167
-0.275790
-1.177163
0.927686
0.188541
-0.186064
-0.088036
0.515829
-0.690109
0.980195
-0.337933
0.189913
0.142829
0.787685
-0.168335
-0.659617
0.514852
-0.628729
-0.168426
-0.427663
0.807597
-0.423217
-0.008264
-0.968912
0.266723
-0.170249
-0.622250
2.992142
-1.451784
1.990443
0.873825
0.134868
-1.251911
0.266548
-1.302999
0.041142
-1.099807
-2.097775
-0.240419
0.728774
-0.172829
1.948414
0.977648
-0.855091
-0.414945
-0.271413
1.063799
-0.583384
0.553678
0.003351
1.419569
-1.691695
0.226663
-0.304133
0.257546
0.722730
0.309360
-0.132998
1.220370
0.575068
0.069143
-0.766798
-0.908720
-0.643142
-0.416537
0.452115
0.090062
-0.555499
1.717825
-0.635759
0.292054
1.688745
1.442870
0.181759
-1.132364
-1.041438
-0.266813
1.490071
1.910534
-0.200311
-1.214388
0.499264
-0.936717
2.125725
0.883767
-0.368471
-2.113143
-0.459855
-0.474275
-1.333071
1.419421
0.018148
-0.306507
1.194612
-1.296901
1.234748
0.330985
-0.814487
-0.555180
0.895487
0.629702
-1.000229
-0.381376
-0.618346
0.506285
-0.377801
-0.167421
1.953496
1.386772
0.623680
0.969684
0.312212
-0.252281
-1.022132
-0.408672
-2.722301
-0.480278
0.110030
0.720731
-0.999998
0.371255
-1.455078
0.757072
1.787066
-0.683880
0.983324
-0.781955
-0.085310
1.285243
-0.200460
0.799040
0.292172
1.337410
1.310843
-2.429270
-0.414249
-0.583994
0.134078
-2.197721
-0.243210
0.627310
0.126693
0.212489
0.207022
-0.553939
1.397479
-0.650518
0.683470
0.037090
-0.166523
2.527290
-0.547492
-0.523642
0.034353
-0.697758
-0.756575
0.345325
0.160078
1.234626
0.462192
-0.286721
-0.834860
2.132046
-0.252351
0.131571
-0.100553
0.341440
-1.507867
-0.561292
0.202544
-0.572911
-0.829320
-0.851403
-0.110287
-1.592309
0.960398
1.499624
-0.843224
-0.454465
1.381680
1.108437
-0.336310
-1.353169
-1.387213
1.220911
0.315604
0.396192
-0.580863
-0.140013
0.258501
0.595162
0.134351
-0.885180
-0.475266
0.427592
1.452034
-0.184294
0.508890
-0.098381
0.756459
-1.018779
0.259269
0.477841
0.837487
-0.177969
0.170073
-1.577803
0.025632
-0.704152
1.877107
0.166710
-0.106562
0.284472
-2.131949
-0.477853
-1.048163
0.582356
-1.064087
-0.676969
2.221954
0.242666
0.225368
-0.350575
0.982544
1.376865
-0.048530
-0.330549
0.051805
0.730668
-1.121981
0.890786
0.986731
0.147236
-0.283031
-0.102288
-0.371406
-0.945806
1.718955
0.880590
-0.353773
-1.116768
0.352996
0.661527
0.120097
-0.532293
-0.995479
-0.570158
-0.871732
-0.591360
-1.809464
-0.452403
-0.654977
-0.657432
0.317475
-0.342863
-1.009294
-1.485884
-0.538751
0.153594
-1.157131
0.797180
0.616621
-0.813239
1.297185
-1.349443
0.344468
0.095858
-0.800770
0.982720
0.328822
-1.545327
-0.430733
-0.090955
0.996890
-1.136384
0.608840
-0.727642
-2.026083
-0.784111
-0.519476
1.078097
-1.651118
-1.866549
0.630472
-0.330524
0.168961
0.315997
0.214472
-0.383267
0.095819
-1.277555
-0.240458
1.315946
1.129098
-1.316926
1.604845
-0.095670
0.819951
0.579740
-0.868786
0.362149
0.439378
0.842679
-1.801430
-1.220409
0.609924
-0.303893
-1.106065
-1.284904
1.640882
0.079051
-0.421908
-1.767799
-1.355771
-0.247534
-0.969943
1.027245
-1.568720
0.721744
0.138852
0.543374
-0.243112
0.955721
-1.023192
0.598971
-0.773269
-0.985610
1.461197
-0.353701
0.765397
0.917410
-0.262503
-0.535083
0.266560
1.321805
0.363606
0.664789
-0.531177
-0.124998
1.085125
-0.277869
0.814003
-0.300256
-0.087898
-1.433125
-0.458090
-0.043489
-0.189885
0.122835
0.683453
0.245433
-0.713846
-0.792376
-0.284268
-2.210815
-1.678934
1.130685
0.185368
0.871907
-0.594435
1.061511
-1.294984
0.304401
-1.510838
0.092455
-1.534194
-0.822911
0.152794
-0.587479
-2.099154
1.611350
1.261367
-0.424760
-1.390189
-0.656734
0.937411
0.914846
-1.523748
0.795374
1.061692
0.234414
-0.770322
-1.056535
-0.981174
1.338920
1.273986
0.712865
-0.025237
-0.095138
-0.011525
0.249491
0.942621
-1.112657
-0.684548
-0.689555
-0.007048
1.034693
2.063356
2.039986
-0.825235
-1.676433
-2.293815
1.781756
0.429685
1.369210
2.582677
-0.315491
1.244245
-0.579471
-0.980770
0.528080
0.125636
-1.186537
0.377613
-0.040356
0.489164
-0.032171
-1.401662
-1.027237
-0.678015
-0.487614
-1.539960
1.206524
0.566823
0.443125
-0.268712
-0.427611
1.332131
0.392223
0.274572
-1.760928
-1.255066
-1.423998
0.622035
0.797772
-1.046782
-1.435092
-2.365350
-0.017125
0.932426
-0.606833
-1.311138
-0.764807
1.379978
-2.326712
-1.498876
-1.303217
-0.539216
-0.774474
-0.124292
-1.326260
-1.117998
0.686659
1.050154
0.666595
-0.535136
-0.139021
-0.036931
-0.382446
1.145768
0.750967
0.589386
0.971969
0.628669
0.000171
-0.373876
1.974689
0.295323
-0.830788
-0.171162
0.045743
-1.204670
0.706160
1.607312
2.388839
-0.451010
-0.724122
0.258651
1.086683
0.311104
0.461120
-0.405907
-0.491855
0.368305
1.155281
0.068541
-1.353624
-0.480965
0.593521
0.536337
0.737742
1.491204
-1.253785
-1.300825
-1.780712
-1.158899
-0.565575
-0.494197
1.534068
0.332790
-0.428060
-2.042977
-0.368403
-0.482249
0.422215
0.988046
1.691480
-1.112754
0.834442
0.439879
-0.424937
-1.548581
-0.357028
1.721111
0.892782
-1.047744
0.816212
-2.154560
0.162155
1.246109
-0.301528
0.475035
0.789814
0.524779
-1.048526
-0.166360
1.963571
0.715775
-1.282645
-1.477545
-0.093533
0.205044
-0.726431
0.689370
-0.580172
0.218913
-0.727233
-0.230802
0.029170
0.340630
-0.413295
0.171354
0.670275
-1.475832
1.212553
0.422006
1.484625
1.639936
0.520996
0.400561
-0.449462
-0.354453
-0.265447
1.417061
0.053995
0.290369
0.141276
0.027774
-1.210091
0.627997
-1.529844
1.451158
0.181014
0.057282
1.110720
-0.015815
-0.171980
-0.565183
-1.506366
0.510089
-0.286013
1.182189
0.045457
0.355701
0.738021
-0.479618
-1.288347
0.420391
0.900928
-1.095775
0.822890
-0.415171
0.466617
0.425623
-0.139874
0.519708
0.473576
-0.522726
-1.354598
2.911064
0.448438
0.095642
-0.340455
-0.875883
0.497766
0.713536
0.300280
0.735586
0.005799
0.593818
-0.688234
0.490600
1.265229
0.443150
-1.865273
-1.486954
1.073089
0.422212
0.587658
0.203707
0.209016
1.351900
0.920334
-1.132431
0.427576
-1.113156
-0.551919
-0.637281
-0.482884
-0.379809
2.444051
-0.535499
0.202477
-0.459417
-2.027855
-0.329814
0.008834
0.654993
-0.098196
-0.726680
-0.798451
-0.483087
-1.799256
-0.143867
-0.446708
-1.703880
-1.058923
0.048979
-0.076297
-2.602139
-0.189815
-1.851833
0.997688
-0.451128
0.567081
-0.516226
0.385659
0.032497
-0.212148
-0.836925
0.494687
0.931257
-0.085549
-0.394591
-0.333061
0.556825
-0.413895
-1.429571
1.315863
1.969903
-0.555318
0.762941
-0.296449
-0.561256
0.527480
-0.621133
1.527806
-0.174802
0.933547
-0.085139
-1.360558
-0.757525
1.857851
-1.906828
1.572554
0.807815
0.126355
0.293469
-0.283244
0.002127
0.722697
-1.947232
-0.740090
-0.464116
1.405137
1.980298
0.446498
-1.321212
0.255297
1.412934
1.065686
-1.291473
0.441251
0.041865
-0.635260
-1.687342
0.848039
-0.525310
0.457733
-0.245210
0.997464
-0.349900
-1.139864
-0.205282
1.054612
-1.516262
0.012760
0.486108
-1.177804
-0.391832
-0.470121
-2.361002
-1.303299
-1.221900
-0.026400
-1.201269
-0.343963
-1.476738
-1.880404
-1.084519
-0.440794
-1.429310
-1.354459
1.289065
0.720815
1.095165
1.015480
1.245253
-0.691576
1.155133
-0.618335
2.133933
1.353070
-0.813845
0.275199
0.551580
0.509024
0.936014
1.035515
0.604475
0.539980
-0.341685
0.449488
1.051098
-1.402779
0.844858
1.851571
1.840318
0.152811
-0.215856
1.123186
1.966487
0.674128
1.727402
0.560814
1.226688
1.279271
-0.861496
0.412982
0.456574
-0.942102
-0.373475
-2.957512
-0.010719
-0.040946
-1.933107
1.020632
-0.942386
-0.482891
0.189075
-1.049328
-0.916341
-1.572392
-1.488038
-2.133839
-0.774681
0.615817
-0.578652
-0.360209
1.154560
0.955737
0.401716
-1.315843
0.330659
-0.864482
0.700017
-1.280312
-1.270631
0.608082
0.081754
-0.427860
-0.779688
-0.626135
-0.168907
-0.203085
-1.425266
-0.043894
-0.582538
-1.369244
0.386784
0.962608
0.048397
-0.323478
1.782287
-1.121370
0.589134
0.525203
0.623432
-0.290855
-0.585862
-0.566085
-0.220657
-0.231391
1.222022
-0.014641
-0.722813
-0.419333
0.660116
1.925601
0.301415
-1.101933
0.048278
-1.336752
0.250882
0.597565
0.788452
-0.565797
-0.124994
1.666398
0.893823
-0.470441
-0.151722
0.094438
-0.398823
0.128555
-0.497487
-0.917160
0.892302
0.079273
-0.975583
0.647953
0.532767
0.602228
-0.515498
1.248101
-1.178659
0.514908
-0.421571
-0.045675
-0.131251
-1.749396
-0.211655
-0.545595
-0.908942
-1.097910
1.010729
0.644104
-0.643089
0.539445
-1.890906
-0.439925
0.549868
0.929671
-0.035633
-0.145152
0.504721
-0.785492
-0.214821
-0.609328
-1.576183
1.574383
1.250351
-1.143261
0.021766
-0.308292
-0.784860
-0.365956
0.107839
-1.148258
-0.469932
-0.293619
-0.149112
1.144370
0.114972
0.698527
0.468848
0.524825
0.712486
-0.656588
-0.818435
-0.170060
0.224649
1.162316
0.948571
-0.698609
-1.264045
-0.324220
-1.133180
-0.940085
-0.294368
-0.794352
1.005034
0.325317
-0.905530
-0.502623
0.731507
-0.965117
-0.025762
0.309770
-0.292423
-0.483292
0.260328
-1.407163
-0.666714
0.887474
0.188950
0.121951
0.495864
0.367940
-1.209932
0.504096
-0.564158
-0.607889
1.399594
-0.070197
0.913043
0.042496
-1.684323
-0.015830
0.547852
-1.552997
-0.364097
0.468431
-0.237635
-0.665415
-1.046305
1.609163
1.218419
-0.177382
0.188396
-0.368924
1.653181
-0.887994
0.957254
0.906118
-1.007150
0.714074
-1.698120
-0.510068
-1.447660
1.248149
-1.253082
0.046865
0.843400
-0.028057
-0.052056
0.435612
-0.194479
0.271577
0.070648
1.116586
-0.152446
-0.841807
0.601730
0.685181
-1.204396
-1.132145
-0.420459
0.798748
0.433816
-0.845624
-0.461180
0.472619
1.544412
-1.368324
-1.186276
-0.759224
0.188400
0.035193
0.089540
0.283409
0.093368
0.894068
1.617079
-0.648755
-0.128898
-0.531138
0.255994
-1.229561
1.414510
-0.383450
0.559748
-0.010000
-0.531909
1.301951
-0.646870
-0.346705
1.091524
-0.240699
-1.513898
-0.558572
0.689852
0.478216
1.037033
0.269804
-1.101158
0.344433
0.235184
0.298529
-1.120899
0.302027
-0.847447
0.495610
-0.652416
-0.227053
-0.092613
0.866563
-1.048962
-0.933893
0.018256
0.654816
0.627649
0.151269
-0.816670
0.931813
1.679036
0.131184
0.636350
-0.439480
1.506532
0.580679
-0.022593
-0.706945
-0.065669
0.222742
0.554516
-0.303128
-0.933939
-0.320385
-1.348576
-0.107020
0.432936
0.408877
-0.258783
0.860615
-1.006596
-0.921710
1.280495
-0.920549
1.163260
1.463329
-1.219382
-1.085222
0.694193
-0.224589
0.772585
2.332839
-0.493953
1.893355
3.699771
-0.720536
-0.546735
1.067302
-0.032585
-1.199340
0.876985
-0.562034
-0.446462
0.987380
-1.312970
0.291831
-0.964596
0.676899
1.264799
-1.841606
1.384412
0.932765
1.590737
0.066353
-0.608244
-0.189866
-0.522819
-2.286660
0.145291
0.407660
-1.005077
1.448639
0.013134
0.471813
2.024585
-0.220522
-0.416707
0.783072
-1.206897
-0.606599
-2.336754
1.363993
0.565314
-0.625324
1.323566
0.195661
0.272442
0.912483
-2.499794
1.133996
-1.041385
0.232197
-0.113241
-0.702411
1.927174
0.661532
0.841753
-0.695789
-1.616277
-1.524434
-0.463646
-0.941319
0.158288
-0.339173
0.656708
-0.235603
-1.788851
-2.033588
0.648746
-1.105364
0.175392
-0.846469
-0.086182
0.470687
-1.041031
0.162333
-2.345838
0.221404
0.052896
-0.975519
0.347359
0.157241
0.784063
0.213679
0.289175
0.902415
-1.415435
-0.325545
-0.337595
1.618138
0.806118
-0.163927
-0.373098
1.627602
0.963032
0.119267
0.191648
0.999841
0.794821
1.849502
-0.673334
-0.070489
0.137050
-1.809696
1.671423
0.120975
-0.457071
-0.542204
-0.534531
-0.620880
1.175778
-0.721804
-1.219641
-0.111115
-0.071404
0.819680
-0.526169
-0.632663
0.492117
-0.669995
0.294424
0.122078
-0.205912
-1.325564
-0.111868
0.412592
1.596828
-0.420555
-0.785124
0.506185
1.171351
0.445652
-1.761927
-0.270415
-2.540905
-0.139782
0.914204
0.019756
0.091844
0.934411
0.597662
0.275451
-0.672334
-0.267753
0.152227
0.758076
-1.349131
-0.876216
-0.406596
0.092274
-0.438534
1.051905
1.071161
-0.947077
0.152453
0.253184
0.211744
0.486521
1.095294
-0.366482
-0.243402
0.267918
-0.077173
-0.768947
1.796188
2.512323
0.129041
2.476507
-1.562967
-0.853280
-0.738054
1.622331
0.665040
-0.677245
0.841253
-0.768052
1.488103
0.040611
-0.224520
-0.079173
0.390604
-0.228033
0.952065
0.674419
0.751867
-0.131855
-0.879198
-0.081620
0.631159
0.373767
-1.308265
0.307931
0.130939
-0.696799
1.056316
0.501150
-1.511639
-0.149887
0.014538
1.737489
0.741689
0.601221
1.890181
0.694703
1.248227
-0.263542
-0.751970
-0.132518
-1.709493
-1.278906
1.792264
-0.790623
-0.343356
-0.513094
1.983406
-0.051268
1.059599
1.079265
-0.697164
0.309043
-0.806108
1.320632
-0.512822
0.944122
0.879705
-1.489721
0.906222
0.100524
-0.564317
-0.584862
-0.746756
-0.150245
-0.179701
-1.548661
-1.936958
-0.681925
1.482182
0.338827
1.740551
0.154879
-1.276072
-0.457398
0.741840
-0.729934
0.270772
-1.574986
1.370033
-1.218909
0.686752
-0.140015
0.569840
-0.827119
0.297098
1.203021
0.460596
-0.129986
-1.248773
-0.775963
1.926051
0.467113
1.230022
-1.479843
-1.268868
0.192378
0.052964
0.024233
-2.055797
1.367992
-0.787369
-0.699090
1.856218
1.435750
-0.407357
0.941730
-0.931174
-0.779488
1.059488
-0.249917
1.052002
0.172958
1.305160
-0.908256
0.921971
-0.399696
1.155727
-0.650283
-1.049251
-0.494679
1.289091
1.448835
1.582181
0.596633
0.174567
0.248718
-0.430798
-1.135822
-0.748880
-0.091657
1.169835
1.284812
-1.051580
2.204925
0.415755
-0.474204
-0.136767
-0.370013
0.141952
-0.169128
0.653032
-2.270515
0.509974
0.620044
0.048156
-0.012941
-1.454156
0.495233
0.623446
1.569610
1.995076
-0.132801
0.350720
0.550907
-0.482386
0.961424
0.169333
-0.364325
-1.264078
-0.025046
-0.307135
-1.141212
0.902701
0.276998
-0.414322
0.623283
0.749094
1.108630
-0.426566
-0.219984
1.304175
0.099089
-0.102538
0.395462
0.452698
-0.815719
-0.326097
-0.033310
0.330212
0.236660
-1.171189
1.069624
-1.023804
-0.393372
-0.641544
0.030651
0.760956
2.296591
-0.708511
-0.259456
1.482170
-0.613460
0.814930
-0.756523
-0.843537
-0.819853
0.922959
-0.258148
0.518616
-0.346587
1.902238
0.238804
-0.898061
0.480388
0.134796
-0.980470
0.684302
-0.589378
-0.577793
0.225093
2.466436
-0.339374
-0.591585
0.125415
0.837437
0.208871
0.806369
0.256626
-0.090615
1.538115
-0.687789
0.294772
-1.241631
1.366131
1.361403
-0.282287
-0.551955
1.121437
0.145196
-0.073156
0.753715
-0.301839
1.232864
0.299898
-0.279312
-0.733992
0.708313
-0.460547
-1.130615
-0.137572
-0.333910
0.154037
-0.546721
1.523913
0.801149
0.782250
-0.072563
-0.211793
-1.314860
1.067919
0.627522
-0.913306
-0.174737
0.660718
-1.072304
1.271782
-1.273770
-0.476255
0.082931
0.024340
-0.594821
0.904849
-0.764607
0.515890
-2.576066
1.146223
-0.592431
-0.415472
0.419051
-0.201530
0.236628
-1.035137
-0.898234
0.409315
-0.022486
-0.345784
0.071247
-0.801081
-2.455557
-0.291483
0.153823
-0.599560
-0.231654
-0.975396
-1.332245
0.553880
0.548851
-0.201351
-0.524151
-0.222842
0.324765
0.589548
-0.603100
0.703515
1.033078
-1.392517
-0.280559
0.555555
-0.251184
0.906613
-0.414235
1.494707
0.273888
-0.205851
0.181298
0.565611
-0.017954
-0.322144
1.170051
0.605303
1.242589
-0.143946
-0.456308
-0.354275
-0.141326
0.171490
-1.037349
-0.505973
1.258467
-1.373343
-0.596969
1.053931
0.460881
-1.847840
1.542343
0.433705
0.661648
-0.158631
-0.030792
1.046774
0.186117
0.214888
-1.341021
0.025015
-1.439831
0.010966
-0.039061
1.394918
-0.932834
0.109275
-0.637766
-0.242265
-1.006782
-1.777996
0.991852
-0.318342
0.546842
-1.663117
-2.179915
1.067696
1.255861
-1.056249
2.096519
1.091904
0.998797
-1.497775
0.411217
1.684444
-1.029152
0.591004
-0.991691
-0.762635
0.000211
-1.231017
0.559190
1.757989
1.002448
-0.218968
1.096343
0.203306
-0.080392
-0.138676
2.169259
-0.965845
0.421791
-0.321946
0.060619
0.967382
1.214555
-0.877217
-0.072816
-0.766553
-0.878603
0.081404
-2.654800
1.734945
-0.593740
-0.076103
-1.337028
0.187954
-0.098234
0.231766
1.179441
-0.232491
0.479338
2.493380
-0.500281
-0.724836
-0.141383
-0.011204
-1.020762
0.375718
-1.222636
-0.895538
0.221629
1.278331
-0.452189
-0.064970
-1.134797
-0.983249
-1.031206
0.181169
-0.267573
0.636903
-0.773669
-0.922578
-0.028180
-0.346703
0.244183
-0.134635
-1.123150
0.370448
0.048723
-0.603747
-0.825568
-1.782331
1.197568
-2.926456
2.000814
-1.066666
0.132906
-0.586449
0.584596
0.735679
-0.415600
2.275858
0.392862
0.836880
-0.961672
-0.231128
1.904911
-0.705650
0.354380
-1.632720
-0.077119
0.019356
-1.384239
-2.627549
0.280933
-1.679667
0.062688
0.421938
0.317966
-1.761580
-1.337470
0.163213
-1.176941
-1.033666
-0.119916
-0.904160
0.316374
0.183081
1.640357
0.129977
0.993766
0.005316
-1.380092
-0.836024
-0.906602
0.683189
0.066936
-0.085262
1.273576
1.760099
0.792191
-0.832501
2.038415
-0.064014
-0.664778
-0.158262
1.603617
-0.869807
0.733755
-0.409008
0.108964
0.316489
0.505208
1.473182
-0.394179
0.743016
-0.285517
0.272205
-0.089338
-2.019248
1.616761
0.023306
0.016527
1.009849
1.128376
-1.511078
-0.746977
-0.377795
-0.927314
-0.111873
-0.494127
-1.681004
-0.216494
-0.013401
-1.795221
2.520221
0.295770
-0.533478
0.004874
-0.880600
-2.118977
0.720944
-0.115028
0.483987
1.396926
-0.073522
-1.690493
0.718799
-1.273285
-0.691231
-0.785836
0.846705
-0.716155
0.277079
0.469447
-1.178206
1.185979
-0.223129
0.721662
-0.016392
1.377441
2.512846
0.263677
1.544873
-1.192065
-0.093780
0.075700
-0.436210
0.672900
-0.853713
0.146356
0.102082
-0.166723
0.498329
0.680780
1.469312
1.665676
0.226264
0.015691
1.744965
0.187110
1.814157
0.305038
1.475613
-0.570432
0.964067
-0.933844
0.306861
1.072386
1.020250
-0.987020
0.653954
0.514801
-2.000687
0.501802
1.819413
-1.075786
1.129306
0.340418
-0.168932
-0.898567
-0.524362
-0.217012
-0.043315
-0.449339
-0.789026
1.759510
-0.171020
1.371321
-0.505102
-0.000578
-0.283563
1.419880
-1.309373
-1.623678
0.531593
-2.126228
-0.469912
-1.543475
-0.244648
2.314630
-0.096260
0.022438
-0.481411
3.252924
0.285658
0.865881
-0.440186
0.159196
-0.831064
0.507099
0.299120
-0.610372
0.299565
-0.444556
0.156434
0.361933
-1.102126
-1.036336
-0.720079
1.098238
-0.379215
0.649549
1.131576
-0.372176
0.193738
-0.527623
0.426101
0.659162
0.540334
1.821280
1.740840
0.320049
-0.421537
-2.076404
0.334947
0.258468
0.654572
0.171949
-0.467872
0.681657
0.008836
0.038405
0.228774
-0.601575
0.427891
1.211407
-0.335102
0.533720
-0.387399
-0.687217
-0.736400
0.141589
-1.200083
-0.562131
0.007198
1.170445
-0.632839
-0.434716
-0.149724
1.722374
0.788801
2.067703
-0.451138
-0.888952
-0.247785
-0.389893
-0.596201
-0.355548
0.269884
-0.279885
0.981979
-0.685304
-0.036255
-0.971379
0.246641
0.572800
0.944226
-0.790176
-1.254409
0.382065
1.029911
-0.254217
1.023174
0.131951
-1.809787
0.531336
0.095002
-1.153757
0.177909
-1.575590
0.234843
0.022225
-0.700116
0.200346
0.748003
1.408268
-0.931216
0.879821
-0.471940
0.400376
0.067776
-0.448751
-0.032288
-0.631762
-1.348982
1.273037
1.497124
0.414109
-1.335422
0.344755
0.467249
-0.523461
1.030432
0.773828
-1.328568
1.395017
-0.598422
-2.487424
-0.545104
0.612357
0.604143
0.912935
-0.790380
1.227910
-0.816965
0.162541
0.094481
0.179364
-0.327000
0.359269
-0.835392
0.059945
-0.552029
2.143489
1.982307
0.505614
-0.426804
-1.284116
-2.522687
-0.250369
1.137983
0.745130
-0.618995
-1.148131
-1.345026
-0.481969
0.291500
-0.195932
0.660968
0.469610
0.094114
0.356959
-0.591332
1.944978
0.181302
-0.441877
-1.336460
-0.030175
1.378821
-0.399534
1.222829
0.783698
1.264412
-1.058335
2.914471
0.477285
-0.756346
0.569129
0.668784
0.091151
1.829690
0.590590
-0.647479
0.068701
-0.265502
0.211960
0.861995
-0.401093
-1.875579
-1.391835
-0.084076
-0.588432
-2.263283
-0.758090
0.011684
-0.637946
-0.644617
-0.218385
-1.131013
-0.562669
0.717315
-0.783998
-1.876875
0.817500
0.761777
-1.301341
-0.546338
0.055165
0.515481
2.946927
-1.455960
0.844615
0.311605
0.245274
-0.924794
0.418828
-1.047665
-0.180659
-1.104877
-2.207301
0.662102
1.013066
0.125552
2.218507
-0.284451
-0.194877
-2.066919
-0.254438
1.265877
0.631016
-0.293207
-0.231608
-0.712260
-0.314347
-0.321309
0.693568
0.015184
0.069528
0.067427
-0.824533
0.692270
0.221057
0.833867
-1.722826
-0.103693
0.316218
0.335901
0.580324
1.206104
0.776043
-1.443161
-1.291241
-1.019109
0.430106
-0.064951
-0.116050
1.436374
-0.658502
-0.011648
-1.577424
-0.089115
-0.969944
1.482800
-2.313146
1.092376
0.397150
-0.263260
-0.487608
0.536308
-0.574751
-0.916888
-1.185788
0.236005
0.517551
-1.189656
-0.363588
0.907591
-1.307813
0.502053
-0.295446
1.353826
-0.155676
-0.414296
1.330300
-0.900252
-0.187773
0.541096
0.883526
0.356034
0.893226
0.280720
-0.521687
0.789194
1.290517
1.454879
0.091083
-0.998415
0.832470
1.695040
-1.160278
-0.320622
0.879726
0.665023
-0.895684
-0.024995
-0.088293
0.947093
-0.793483
-0.847785
-1.214452
1.728052
0.572321
0.867109
0.635252
0.590325
-0.791730
-0.008719
-1.249220
0.459202
-0.211441
-1.094711
-0.678887
0.107330
-0.043747
1.294546
0.262034
0.853721
0.334467
1.141944
-1.941011
-0.861100
-0.851204
1.430066
2.246392
-0.804983
-0.013514
-0.511773
0.105409
0.519133
-1.525560
0.272861
0.465861
0.660448
0.603732
-0.003171
-1.033143
-0.190137
-0.306080
-0.575472
-0.313545
-0.465932
-0.104067
0.236927
0.232191
-1.480150
-0.353346
0.480145
-0.122981
0.553658
-0.102386
0.914975
1.246980
1.583891
-0.891599
0.663273
-0.600225
0.530932
-0.139408
0.136533
-0.165182
-0.533910
-0.475704
0.155247
1.268377
0.089109
-0.167266
-0.526295
-1.040232
1.779016
-0.034018
1.120356
-0.279722
-1.234083
0.010158
-0.611577
-0.333838
-1.226930
0.560383
-0.226300
-0.512174
1.915620
-1.791800
-0.296644
1.438790
1.001338
0.452382
-0.708961
-0.981010
0.424694
-0.221437
0.611056
0.396090
0.211798
-0.833892
1.839068
-1.250137
-0.346531
0.660853
1.055036
-1.638133
2.105563
-1.395118
-1.746788
0.889582
-0.448689
-0.635483
0.261614
1.366930
1.067326
-0.035766
-0.513867
0.075714
-0.272885
-0.906924
0.382831
-0.774371
-1.282714
0.929797
1.235253
-0.677123
0.652265
-0.926235
1.226824
-0.175988
-0.146778
-0.303562
-0.751782
0.248378
-0.074442
-0.064256
1.203463
-0.128699
1.328280
0.090044
-0.504291
-0.569639
-0.120071
-0.902948
-1.747881
0.884638
-0.857297
0.685798
0.601809
0.445162
-2.038583
-0.422738
0.811664
0.874902
1.133847
-0.250250
-1.036513
-0.360978
-0.163889
-0.702711
1.105462
0.724544
0.908127
-0.939963
-0.143591
1.313582
-1.177780
-0.352048
0.160066
1.034746
-0.824625
-1.023194
0.096627
-1.240093
0.347594
-0.716965
-1.354734
1.716911
0.621838
0.166286
-0.128120
-0.331825
0.660885
-0.720930
-0.237603
0.993784
0.068924
0.804396
0.316090
-0.965100
1.647276
-0.443587
1.583138
0.940338
-0.507052
-0.262234
0.280174
-0.375817
2.187417
-1.041067
-1.128780
0.538955
1.404673
0.000670
0.863054
0.736475
-1.254238
-0.778753
-2.116779
-0.316952
1.766739
0.317700
-0.739473
2.615941
-0.203885
-0.650572
1.706115
1.662345
-0.541128
1.562645
0.272730
1.056432
-0.770192
0.295637
-0.292362
0.099377
-0.151362
-0.969586
0.831961
0.349713
-0.644292
-0.702962
-1.797333
0.196579
-0.600927
1.179768
0.089924
0.168826
1.635865
-0.645030
0.444335
0.945747
-0.206060
-0.190944
0.552160
-0.898456
1.192374
1.656819
0.630729
1.030478
1.289413
-0.140962
-1.281033
-0.615192
0.623494
0.442636
2.688127
0.235519
0.669360
0.367633
-0.371300
-0.158110
-0.010354
0.806835
1.058132
-2.695164
-0.198396
-2.523991
-0.590940
0.575407
-1.812757
0.139199
0.757684
0.154830
-0.774509
-0.901694
0.306897
-0.029288
0.941150
0.397177
1.172887
-1.059056
-0.800531
-0.459581
-0.149805
-0.271868
0.344839
-1.519279
0.899293
1.413817
0.577478
-1.056858
-1.437361
-1.583389
0.564452
-1.218382
0.900036
0.855892
-0.264344
1.461154
1.128446
0.496275
-0.771178
-0.336172
-2.351717
-0.312652
1.380323
0.147772
-1.247609
-0.883267
-0.707400
-0.330918
-1.383595
-1.166092
-0.113920
1.254014
-1.192865
0.543705
-0.239940
-0.043200
1.104499
0.045221
1.262078
0.215103
1.048271
-0.511613
0.414139
0.753615
-1.113250
-0.096737
-0.965998
-0.054672
-0.355350
0.756107
0.053678
-1.040426
-0.182716
0.800770
-0.032961
0.042903
1.061293
-0.453691
0.247395
1.137775
-1.330187
0.981017
-1.070052
1.076857
2.358837
0.642800
-0.306434
1.076963
1.238774
0.670116
2.059710
1.298741
1.080274
-0.667464
0.381517
-0.978375
-0.694602
0.091093
2.197204
1.167679
-0.246549
0.415031
1.484988
-0.333506
0.795921
0.387787
-0.728792
-1.118644
0.620353
-2.004656
-0.223260
0.364717
-0.870541
0.971410
-0.806272
0.832115
-1.191988
1.256514
1.425102
-0.195310
-0.644048
1.200568
0.094670
0.701151
0.333811
0.845666
-0.274356
0.891165
-0.330313
0.730861
-0.944987
1.067725
0.653958
-0.382559
0.174858
-0.352684
-0.051529
0.445921
2.304991
-2.051540
0.066740
-1.033954
0.017807
-1.863081
0.820680
-0.916966
-0.069550
0.069899
-0.750237
0.669019
0.828450
1.253069
1.503512
-2.134967
0.287643
-0.617695
-1.995663
-0.491972
-0.901148
-1.662294
0.220092
-0.555071
-0.969696
-1.907986
-0.345806
-1.189100
0.263630
0.594732
-0.839027
1.597219
-0.939059
-1.676786
0.485598
-0.156138
0.067048
-0.881987
-0.343965
-0.572534
0.145918
1.451086
0.586183
0.428424
0.265202
-0.793887
0.327050
-0.337681
-0.089428
-1.359815
0.262490
0.723605
0.011307
-0.445209
-0.414765
0.431904
-2.832568
1.039070
0.423922
-0.076519
-1.518124
-1.303510
-0.015809
-0.373637
-0.403273
0.469933
1.066100
0.799397
-0.851629
-2.106318
-0.280469
0.927678
0.993785
-0.650206
-1.632495
-0.210887
0.739382
-0.970243
-0.263866
-1.280443
0.363588
0.348455
-0.033402
0.122770
1.101971
1.064690
-0.510116
0.537988
-0.232999
-0.786732
-0.871508
0.825324
-0.221392
-0.535437
1.228082
-0.444824
0.191247
-1.829625
1.241807
-1.224488
-0.096917
1.662859
-1.398997
0.377022
0.118406
-1.108284
0.101591
-0.521948
-1.069694
-0.172721
-0.215761
-0.172974
-1.311438
-0.621787
0.561070
-1.345456
-0.892896
-0.298582
-0.291543
-1.304535
0.698660
-1.262640
0.368858
0.987590
-1.118654
-1.164608
-0.340095
0.107745
-1.847032
0.728161
-0.296017
-0.574927
0.405147
1.065430
-0.423518
0.486549
3.355989
1.305213
-0.415820
1.252676
-0.388069
1.391850
0.031873
0.447263
-0.593898
-1.151616
-1.627402
-1.210482
0.847839
-0.610640
0.584123
-0.349531
-1.648220
-0.011030
-0.187656
0.182863
0.847659
-1.179348
-0.065518
0.555780
0.374521
-0.321000
-1.002578
0.138470
-0.867050
0.296916
-1.167338
0.577235
-0.696824
-0.415636
1.027587
1.711811
-0.039983
0.524116
0.417666
-0.020734
1.221166
0.444748
0.954572
-1.115370
0.943983
0.633632
0.574105
-0.205368
-0.028600
-0.890242
-0.376444
1.313679
0.061692
1.030105
-0.648446
0.823297
-0.074183
-0.607977
-2.134639
1.704839
-0.419127
-0.606659
0.085092
-1.382922
-0.125011
-0.443494
-0.015533
-0.169028
0.163496
-1.392856
-0.404505
-0.655523
-0.137987
0.374353
-1.010486
2.083400
-0.025575
-0.753673
-0.735514
0.693445
1.469593
0.020816
-0.153896
-0.829292
-0.145650
-0.270285
0.118836
-0.732286
0.068821
0.103193
0.982979
-1.251055
-1.527274
0.752825
-0.559396
0.022832
1.905522
0.781157
-1.474257
-1.755657
-0.510149
-0.969830
0.706008
1.661927
0.091974
0.728467
0.186237
-0.071782
1.588268
0.425603
0.905554
0.526303
0.048075
1.241847
-0.985100
0.027775
-0.052575
-1.232048
-1.428699
-0.557903
-0.015594
1.037785
-0.808756
-0.145350
0.218131
0.046956
0.295793
-0.151990
0.216006
1.003670
0.064702
0.224325
1.422406
-0.753922
-0.118982
-0.117478
-0.624120
-0.858074
0.249751
-0.071760
-1.568047
1.136574
-2.097078
-1.606874
0.723002
-0.678920
0.367682
0.246768
1.128147
-0.587573
-0.189529
0.067792
0.476777
-0.504275
-0.977843
1.277918
-0.281882
-0.679712
1.875707
-1.458652
0.710761
-0.883544
-0.287666
-1.151685
0.524961
0.732221
1.257106
-0.125600
-1.679002
0.884627
0.080266
0.790793
-0.897890
-0.218390
-2.276792
1.010360
-1.013957
0.256104
-0.246561
-0.885990
-1.351437
-0.151957
1.762115
1.574263
-0.464753
-1.468109
0.654023
0.314224
0.140172
-1.630536
1.612299
-1.991233
-1.231409
-1.082624
-0.379355
0.902798
-1.537804
0.311671
-0.835849
0.757132
-0.639559
0.008828
-0.120455
-0.903562
1.378346
-1.839277
-0.176043
0.136054
0.743318
-0.427208
0.853087
-0.795309
0.092013
0.974657
1.559240
-1.374317
-0.098130
0.973527
0.210085
-0.504571
2.372880
1.920146
-0.367755
-1.916732
-0.068919
-0.449138
-0.050985
-0.539831
-1.333996
0.191815
0.100046
1.945898
-0.624777
-0.315248
0.104078
0.216944
-0.801365
-0.880850
-0.245450
-0.004778
0.795747
-0.037793
0.894243
-0.775347
-0.314057
-0.691000
1.517638
0.314639
0.843557
0.856978
0.835380
-0.100759
0.283946
-0.172589
0.126134
0.036079
-1.320529
2.326999
0.290053
0.253883
0.577448
-0.534439
1.810175
-0.000462
-1.201371
0.718943
0.032247
0.274046
-1.526991
-0.342746
2.412098
-0.765745
-0.371086
-1.032115
-0.993967
-0.677787
1.179065
1.906554
1.955258
-0.840052
0.000273
0.732442
-0.784994
-1.141806
0.056072
-0.998955
-1.198612
1.045836
-0.810292
1.552962
1.556044
0.359202
0.367989
1.294643
-0.187675
0.906403
0.324065
0.183592
0.890197
0.497932
-1.016939
0.084019
0.150982
-0.679161
0.181608
-0.358266
0.528323
-0.699717
1.249466
-0.278450
1.356329
-0.121996
0.688063
2.232020
0.675734
-0.677748
-0.385687
-0.897389
1.419200
-1.703834
0.865761
-0.773027
-0.193431
-0.256929
0.703024
-0.790775
0.556217
-0.573276
0.207640
0.265678
-0.775279
0.874904
0.848984
0.540291
-0.758729
-0.950161
0.086860
1.364070
0.666552
0.049387
-0.829298
-0.829866
-0.166359
-0.787411
-0.251189
0.581128
0.113879
0.053659
-1.708285
-0.246358
0.348099
-0.345399
-0.129068
-0.630201
-0.647835
1.487860
-1.041599
-1.167472
-1.631739
0.556098
-1.240766
0.232651
1.788645
0.302207
-0.156081
0.267622
-0.198451
0.543505
-0.453454
-0.479320
-1.135711
1.530499
1.499468
2.680287
-0.375039
0.507207
0.894107
0.114913
-0.368288
0.990592
-0.803169
0.556771
0.346493
0.361571
0.120827
0.206613
1.201427
-1.707176
0.707237
1.626014
-1.297768
0.470276
1.975911
-0.943547
-1.247204
0.950191
-1.774276
0.360081
0.907145
1.271422
-0.810360
1.465310
0.727219
1.411935
-0.075377
-0.145546
1.137674
0.392311
0.850145
-0.938335
-0.871824
0.138065
0.130237
0.327076
0.894348
1.284662
1.362354
-0.165452
0.778009
-0.962927
-0.914582
-0.145424
-0.758838
-0.636339
-0.039052
1.357615
-1.952198
-0.396732
0.532278
0.316988
1.134040
-0.289092
-0.667570
0.329666
-1.610124
-0.576747
-0.714575
0.519029
0.282456
-0.730123
1.515451
-0.774099
1.316818
-1.026325
-0.902855
-0.944374
0.182988
-1.754260
0.865448
-1.016508
0.308020
0.322086
-0.423635
0.493488
-1.063637
-0.479371
-1.830413
1.526597
-2.272888
0.758369
0.118234
-0.742188
-0.425526
-1.108158
-0.377049
-0.523255
0.859543
-0.931392
-0.271632
-0.127644
0.024405
-1.357410
0.602450
-0.904171
0.172305
-0.083371
-0.374299
-0.029600
1.612461
0.160274
-0.270088
0.004301
1.236343
-0.010987
-0.997207
1.113353
0.292182
0.747391
-0.138468
-2.521758
0.178988
1.512153
-0.461536
-2.204635
0.261299
-1.124674
-0.887976
-1.754409
-2.253384
-0.059515
-0.883662
-1.573049
0.560355
-1.078027
0.328070
1.555607
0.139688
0.959044
-0.483393
-0.488377
0.086585
1.917851
0.847427
0.655488
-0.955181
0.587601
0.425633
-0.248553
-1.448929
0.044103
-0.503275
-1.029697
0.668205
-0.295714
1.712664
1.101846
-0.675305
1.302893
-1.319374
0.278571
2.226561
1.090954
-0.054685
1.088019
1.381772
-1.873802
1.763414
-1.694156
-0.258310
-0.944430
-0.641324
0.824767
-0.083140
-0.996404
0.065080
0.786171
1.790215
-0.188895
0.051566
0.853243
-0.990212
-0.435790
0.767969
-0.401486
-0.715820
-2.187929
1.386360
-0.077875
0.726394
-0.715863
0.509302
0.708760
-0.016263
-1.473610
-0.083965
0.716766
-0.467479
1.372591
-0.170951
0.213946
-0.104313
0.244719
-0.385963
-0.108762
0.802186
0.787548
1.406649
-0.681800
-0.169919
-0.415894
0.626644
0.395929
0.789366
0.652393
-0.814652
-1.608265
1.036798
-0.742064
0.651149
1.856624
0.668701
-1.067879
-0.412907
-0.295564
-0.314181
0.768811
-0.633671
-0.316700
1.240871
1.065012
0.377220
0.998340
1.203043
0.621051
1.460111
-1.910242
0.196651
0.318694
-0.063016
-0.764822
-1.150603
-0.863682
-0.954469
-0.105690
0.618452
0.419589
-0.365417
-1.660398
-0.128770
1.225848
0.721720
0.943056
0.097090
-1.038252
-0.114452
-0.708110
0.215709
-1.200694
-0.685597
-1.233198
0.184550
1.847961
0.270768
0.590389
-2.331604
0.122431
0.005001
0.972457
-0.879191
-0.793425
1.389790
-0.597938
-0.914532
-0.778689
0.993603
-0.320533
-1.664247
-0.011493
1.209599
-0.489672
1.397351
-0.439440
-0.289006
-0.471964
0.403710
-0.122563
1.114766
-0.092728
-0.811980
-0.772868
0.013859
-0.185601
-0.793713
1.719372
-0.074864
0.623061
-0.130119
-0.154481
-1.077582
-0.164851
2.242772
1.599815
0.327810
-0.421952
-1.540213
0.565085
-1.281869
3.091837
-0.235789
-0.025246
-0.871843
0.105259
0.786979
-0.592071
-1.992482
-0.559260
-0.892347
-1.366804
-1.916025
-0.407177
0.019723
0.320554
-1.142874
-0.555765
-0.531640
0.753978
-0.861105
-1.970298
1.165515
0.086284
-0.951574
-1.568680
1.062959
0.082604
1.283682
-0.400210
0.059027
1.053365
-0.734326
-1.074545
1.136528
-2.034822
-1.334882
0.690316
-0.568807
0.062974
-1.364293
-0.967408
0.570256
0.467679
-0.436697
1.971985
-0.178228
-0.383031
-0.738982
0.115139
0.096752
0.326654
-0.245569
-0.745081
0.400499
-1.140278
-0.608660
0.135628
-0.081707
-1.970237
0.392421
0.170121
0.926079
-0.686707
-0.514514
-0.504292
1.991170
2.204165
-1.298377
0.553074
1.457387
0.008478
0.227446
-0.760707
1.014575
-1.118113
0.927514
1.061561
-0.452158
0.087467
0.407655
2.265107
-0.410364
0.493855
0.448409
0.294130
0.963796
-0.260207
0.348259
-0.321370
-0.120477
-0.579529
-0.356096
0.275558
-0.833281
-0.123807
0.926636
0.338670
1.623112
0.185535
-1.431698
-0.327433
1.789940
0.734232
0.403465
2.300469
0.914532
0.512172
0.459399
-0.230152
0.507949
0.456238
0.565847
-0.975531
-0.754693
1.193184
1.390026
1.193588
0.783071
-0.329526
-1.003023
-1.094030
-0.071701
0.464724
0.528018
-2.120151
0.752667
-0.179815
1.230105
0.966494
-0.403821
-0.122870
0.157210
1.288583
2.694957
-0.339891
0.130080
1.893211
-0.996718
-1.063639
-0.358340
1.467964
0.235340
0.237223
-1.010149
0.283343
0.365386
-1.381042
0.069012
-1.335906
-0.956223
1.103397
-0.189293
-0.122970
0.901433
-0.393976
0.622627
0.290673
1.263370
0.198730
0.466709
0.171637
1.000928
-1.670353
-0.702333
-0.953246
0.254333
-0.927563
-0.219893
0.193070
-0.444394
0.829100
-2.061612
-2.376584
0.269571
-0.376172
-1.700383
0.682034
1.262275
-1.359239
0.364009
2.012958
0.122990
1.004224
0.571423
-0.025665
-0.112421
1.206143
-1.715930
1.229262
-1.539373
0.264076
0.254459
0.825455
0.794541
0.779563
-0.288804
0.488859
-0.801576
-0.987297
1.400312
1.898053
0.459981
1.513894
1.028265
0.710586
0.093719
0.361439
1.020796
-1.152189
-0.533388
-0.446207
1.122309
-0.624870
1.356484
2.670671
-0.392476
0.467422
-0.722081
-1.025364
1.216866
-0.050568
0.315457
0.344243
-0.638919
0.814896
-2.551172
-2.001709
-0.718436
0.916707
-0.825924
-1.297477
-0.676444
-0.875802
-1.399664
0.759927
-0.307868
1.126591
-0.572327
-0.812965
-0.207292
0.130502
-0.223427
0.164397
0.536792
-0.905258
0.986101
-1.198037
-0.051460
-0.821177
-1.346733
-0.441709
-0.643650
1.778024
0.921762
0.184434
0.348516
-0.106992
-0.278673
1.263669
1.120287
0.425121
1.603366
-0.631340
-0.132031
2.002650
-0.314773
0.015313
1.385598
-0.475219
-0.636230
0.568794
1.553815
0.215682
-0.429565
0.818932
-1.743490
0.416483
0.936131
-0.018774
0.479866
-1.299358
1.049906
1.032550
-0.031639
0.491363
0.741519
2.358068
0.086059
-1.537757
-0.886911
-0.626290
-0.037729
0.338778
1.305863
-0.902302
-0.512420
1.348474
1.604322
-0.018784
-0.379850
1.243656
-1.086401
-0.367214
0.170554
-0.595185
0.326321
0.250690
0.841402
-1.055005
0.556318
-0.642070
1.502321
0.910144
1.023809
0.482732
0.257771
0.020972
-0.297465
-1.266199
-0.905228
1.418576
-0.176102
-2.402169
-0.190549
0.720823
-0.209266
1.033767
-0.615657
0.438632
0.190386
0.146447
-0.966038
0.043850
-0.321850
1.275826
-0.631572
0.670862
0.475347
0.585042
1.544906
1.183409
-0.884772
0.657677
0.720444
-0.750318
-0.177444
-1.478126
-0.874087
0.261907
0.153949
0.785877
-0.406629
-0.740517
-0.089112
0.455348
-0.492281
0.795120
1.633473
1.700351
-0.225162
0.377053
0.002954
-2.363634
-0.281784
0.816915
0.452594
-0.882937
0.080569
0.754373
-0.341247
0.384688
-0.773807
-0.477888
-0.175837
0.229402
0.697965
-1.133727
1.916581
-0.222420
-0.266652
0.411742
-2.313641
-0.554970
1.151139
-0.261722
-0.779759
-0.083158
-0.660510
2.564955
-0.881961
0.864237
0.582011
-0.210113
0.908554
-0.030920
-0.600124
-0.959369
0.040488
0.473542
1.343744
1.699767
0.507181
-0.183725
-0.493496
2.057192
-0.454135
-0.310988
-0.110751
0.573135
0.482251
0.375369
-0.455303
0.856418
-0.286677
-1.553109
-0.215213
0.178470
-2.699034
0.609311
2.319754
0.358957
0.698958
1.201229
-0.946058
1.848609
-1.109594
0.476020
0.378004
0.090671
1.853761
1.977317
-0.775088
-0.470420
1.219859
2.196215
0.508088
1.502262
0.391098
0.199361
-0.169633
0.655519
-1.400708
0.114253
0.977768
-0.137944
-0.039474
-0.451359
-0.903453
-1.573549
-1.325077
0.191878
-0.142843
-1.041247
0.269690
0.000590
-0.074758
-0.850080
0.657020
-0.106880
1.064361
0.376212
0.458925
-0.104200
0.532284
-0.694703
-0.739206
-0.383563
1.150076
-0.595413
1.281796
-1.101682
-0.258912
0.186242
-0.376975
-0.907376
0.206869
1.323048
0.549520
-0.439258
-1.598348
0.065501
1.069512
-1.502870
-0.986595
0.244414
0.043235
0.026257
-0.164140
0.202970
-0.186680
-0.282903
-0.598049
1.151778
-0.495135
-0.943791
1.088354
1.021683
1.263548
-1.396909
-0.558614
1.055599
1.411555
0.434400
1.112558
0.763568
-0.138377
-0.650190
-0.724859
-1.315918
-0.459973
0.304285
-1.471476
0.428859
0.376229
1.062712
-0.957278
0.742770
0.425943
0.280608
-0.684043
-0.058100
2.242187
-0.445222
0.686015
1.090279
-0.468323
0.057020
0.066725
0.750749
1.273605
1.734803
2.629159
-1.352119
-0.485227
0.732194
-0.689506
-0.722964
0.934851
0.356810
-0.880143
-2.039755
-1.352509
-0.894110
-1.589931
2.265695
-1.294012
0.755922
-0.270628
1.196258
-0.341658
0.955268
-0.311950
0.968191
1.199441
-0.433188
-1.423360
0.458904
0.556288
0.908945
-0.657283
-0.633401
0.131227
-0.140068
0.340341
-0.330589
-0.809517
0.097166
0.418251
-0.387886
0.522176
1.416245
1.987113
0.125245
0.757091
-1.507995
-1.317257
0.128560
-1.530257
0.186228
1.057148
0.162280
0.336388
-1.058041
-1.008078
-0.519976
-0.574945
-1.758509
-1.290052
0.344003
-1.304026
0.674706
-0.076124
0.298981
0.802701
0.072505
-0.213491
-0.843922
1.148288
0.851996
1.575123
-1.001127
0.338679
-0.161254
1.059190
-0.002172
-1.002540
-1.155334
1.177386
-1.612431
-0.667087
-0.053121
0.309201
0.758902
1.353301
-0.842389
-1.180506
0.735669
0.238419
-1.183611
0.380489
1.008892
0.441027
0.377145
-0.457729
0.276270
-1.559342
-1.210857
-1.845474
1.512243
-0.425922
1.487868
0.059774
2.021953
0.111779
1.457224
0.333503
-1.187590
0.177781
0.109688
-1.248440
-1.389898
0.617596
-1.237164
0.524398
-0.529275
-0.612062
0.258434
0.873727
-0.869460
0.634899
-0.236124
-0.689289
-0.373712
-1.107040
-1.216979
-0.295016
0.963691
-0.274799
-1.170181
0.112229
-1.688202
-1.244155
0.509907
0.397844
0.009782
1.340140
-0.756880
-0.443419
-0.092112
1.200186
-1.941945
-0.763567
0.962502
0.457321
-0.366635
0.251982
1.456288
-0.130520
0.522939
0.297458
-0.008262
0.202705
0.124973
-0.446972
-0.089377
-0.777613
-1.073807
-0.244761
0.299907
0.708917
0.261249
-2.521720
2.261962
1.200242
-0.297490
-0.508090
-1.846335
-2.074400
-1.277090
0.049742
-0.312432
-1.000502
-0.051774
-0.383238
-0.082103
-1.311213
0.513070
0.240885
-0.872734
0.811625
-0.053921
-1.904753
0.728412
-1.083732
0.395915
0.524462
0.157390
0.149754
1.028834
0.714417
0.574733
0.644129
0.411605
-0.429579
-0.319272
-0.667910
0.082362
-0.807499
-0.791072
0.527188
0.282980
0.595935
0.183149
-0.600430
-0.256505
-0.542554
-0.255530
-1.473543
-0.183325
0.078012
0.275928
-0.140836
0.126395
0.560764
0.468116
-0.756235
-0.188690
1.910452
0.186187
-1.458181
-0.567781
-0.191594
-0.927216
0.305845
0.887025
0.148299
0.888033
1.709656
-1.489275
-0.380002
-1.899999
0.039822
-0.724525
0.070312
-1.261932
-0.989689
-1.891438
0.602227
-0.316126
0.128160
0.084437
1.031514
0.790780
0.130918
1.761344
0.173322
-0.376911
0.913223
-1.136705
0.368598
0.532954
1.865733
-0.389356
-0.323624
-0.366739
-2.007413
0.226210
0.497951
0.543258
-0.067953
0.705255
-1.596964
1.029092
0.126588
-0.607785
0.262856
0.569415
1.203348
0.505863
0.241302
-1.097245
1.766244
-1.054661
-0.432923
-0.571550
0.809668
-2.117366
0.879650
-0.320801
-1.492167
1.382959
-0.005154
-0.580377
-0.357949
-0.676532
0.687380
-0.220666
-1.313564
0.383603
1.054841
0.938603
-0.971554
0.039457
-1.715552
1.324846
-1.321652
0.371208
-1.001893
-1.565425
1.627072
1.128403
0.424496
0.279150
-0.106984
-2.366828
0.902016
1.106585
0.667321
1.518432
0.554149
-0.685667
1.331178
-0.543168
0.471863
0.664229
-1.487447
-0.485927
0.132801
-0.840147
0.083139
-1.779682
0.374604
0.008808
-1.700490
0.176129
0.610572
-0.508316
0.889269
0.755414
-1.207681
0.618701
-1.960848
-0.505060
-0.818167
0.420252
0.660216
-0.778087
0.140957
-0.705382
0.119382
-1.207546
0.128504
-0.093674
-0.490766
1.138662
-0.028352
-0.610662
-0.345868
-2.464402
0.222467
0.144233
-1.434882
0.622397
2.109431
-0.458806
0.077132
-0.152685
0.471097
-1.060610
1.170381
0.775422
-0.288174
1.001471
-0.419552
1.706768
-1.575016
-0.904444
-0.520179
0.109668
-1.304696
-0.116517
0.491717
1.140367
1.940905
-0.166226
0.481896
-1.782225
0.500583
-1.851950
0.439103
0.116657
0.652803
0.927829
-2.374802
-0.882279
-0.970284
0.259928
-0.555420
1.413198
0.327735
0.111305
-0.423359
1.329053
0.536553
2.123799
-0.211210
-0.899135
-0.263268
0.838310
-0.234747
0.134574
0.420386
-0.814892
1.230289
0.460278
-0.583522
-0.393145
0.189385
-0.758884
-0.284726
0.787723
-1.192382
-0.822894
1.124970
1.138119
-0.147778
1.166726
1.150834
1.037973
1.241749
1.284842
-0.466734
0.075205
0.459629
0.048390
-2.053711
-0.612481
1.451742
1.151397
-0.533525
0.229211
-0.434456
0.251223
-0.752966
-0.685399
-0.136008
0.671730
-1.255118
0.038088
-0.344578
1.049150
-0.665696
-1.096439
1.155524
0.556559
0.941847
0.067316
0.112607
-0.835349
-0.600367
-0.299795
0.150981
0.709605
0.368157
-0.631266
1.376838
0.257127
0.762046
-0.865730
-0.567482
1.086947
0.638301
-0.085193
0.670321
-1.361169
-0.775452
0.356821
0.296533
-0.615492
-0.609652
-0.004105
1.248826
-0.032873
-2.085984
-0.184590
-0.172446
0.362808
-0.095887
0.390104
-0.133591
-2.142542
0.294471
0.242093
-0.991785
1.304907
0.142253
-0.668556
-0.035029
1.378227
-0.528213
0.900613
-0.295727
1.439459
1.101802
-0.819999
-1.708609
-0.633316
-0.403024
0.219704
0.154568
-0.273895
-1.247360
-0.179403
-1.236535
-1.609136
-1.033558
-1.009500
0.153197
-0.784654
0.309844
-0.369897
0.680560
1.298148
-1.221679
0.193074
0.063855
-0.061268
-1.029004
1.259648
-0.468594
-0.155529
1.397565
-0.972341
-2.228429
-0.100218
-1.602258
0.841521
1.106091
1.898463
-1.178891
0.787821
0.599792
-0.873269
-2.010298
-0.208150
-0.675158
1.253344
0.821814
-0.734772
-0.292005
1.412088
1.708205
1.124082
0.101921
0.472947
-0.927487
-0.860601
-0.929527
-0.189573
-1.644768
0.184279
-1.294773
0.062680
1.453940
-0.899577
0.171383
-2.241393
0.033084
0.529793
-1.298341
-0.391876
-0.552679
0.890341
-0.875444
-0.763134
-0.974127
-1.371714
-1.751386
-2.078812
0.693685
-0.260323
0.601724
0.565475
-1.128278
0.727553
-1.634903
0.397984
0.202702
0.088878
-1.883043
-0.192821
1.813149
0.547180
-1.526718
1.998366
-0.500915
-1.917870
-0.449505
1.289870
-0.092413
0.424919
-0.996576
-0.375861
0.595564
0.195644
-0.564481
-0.323629
-0.020256
0.031305
-0.132095
-0.600070
-1.458405
-1.331044
0.086877
0.400680
0.562254
0.119501
-0.008659
1.157490
-0.517426
-0.327523
1.052179
0.378958
-0.023291
-1.316659
0.445028
-0.102886
-2.001735
-1.208390
-0.593543
0.556117
-1.752758
0.587413
1.113683
-1.418906
-0.231103
-1.875438
-0.392280
0.795988
-0.549802
-1.039250
-0.168142
-0.107407
1.331342
0.667761
-0.897888
0.731827
0.271161
0.202419
-0.079382
0.512862
0.692935
-0.111313
2.161790
-1.083231
-1.235260
1.025738
1.740059
1.972390
2.358772
-0.812144
-0.157878
-2.859311
0.178713
-0.933250
0.115460
-1.039734
0.432317
0.869099
-0.420226
-1.267828
-0.189319
-1.266116
-0.247918
-0.838276
-0.222786
-0.702811
-0.057254
0.259915
0.256047
-0.292333
-1.125831
-1.074072
-0.668992
0.375891
1.377062
0.062401
0.701276
-0.797550
1.076133
1.104633
-0.536512
0.618895
-1.543040
0.483339
-0.972947
-0.288986
0.510891
-1.316046
0.139340
1.424206
1.093214
-1.422022
-0.087531
0.942194
-0.338578
0.856011
-1.290569
-0.319964
-1.117908
0.265092
-0.330452
-1.212257
-2.962797
1.380689
0.271320
-0.581561
2.676163
2.652849
1.117925
1.124566
0.339695
0.252392
1.471419
1.382541
-0.351926
0.886064
-1.282950
0.965969
-1.421897
-0.442507
-0.161111
1.729598
-0.311251
0.420616
0.206648
-1.607467
0.910479
-0.187555
0.122945
-1.141723
-0.961859
-0.007211
0.293553
0.286297
-2.208979
-0.909148
0.103270
0.176572
0.439522
-0.040899
1.058654
-0.025792
-0.725514
0.324619
-0.801302
-0.298265
-0.117163
0.359057
-0.993768
0.007976
-0.514100
-0.644761
0.398787
-1.286520
1.015230
1.128398
-0.293940
0.180076
0.627551
-0.284456
-0.872651
0.166291
1.431191
-0.295726
-1.271942
-0.328485
0.433157
0.429291
0.514161
0.719139
-0.567651
0.711023
0.436180
-0.394344
0.539286
-1.779288
0.195398
-0.734648
-0.677465
-0.286500
-0.963025
-0.353867
-0.216245
-0.946302
-1.721949
-0.329782
0.852557
1.043075
1.320081
0.415072
1.508016
-1.500050
0.733013
1.429574
0.993635
-0.143401
-0.501724
0.113193
-0.389944
-0.165985
1.719620
-0.482454
0.928674
-0.747127
0.648280
0.542401
-0.649141
0.403127
-1.633979
0.896450
1.118189
0.204866
0.579025
-0.338276
-0.353009
0.062562
0.641090
0.433032
1.715516
0.602437
2.160007
0.328091
-1.683113
-0.451296
-0.307244
1.137161
1.758290
-1.233638
0.007591
0.293273
1.207775
0.672736
-0.495435
-1.033473
-0.485264
0.432477
0.289146
1.905164
0.501392
0.530293
0.385204
1.245758
0.143981
1.189216
-0.816215
-0.515447
-1.234731
1.160227
-1.335060
-1.107329
1.323240
-1.205471
1.197260
-0.836383
-0.212934
1.448554
-0.068319
0.177718
0.152699
-1.011232
-0.518010
0.361631
0.185060
0.943859
1.195805
1.176327
0.199909
0.927973
-0.006861
0.261363
-0.084693
-0.369598
-1.050330
0.673733
-0.913510
1.611843
0.543779
0.714077
-0.950931
-0.980753
-0.485931
0.824641
1.216924
0.919996
-1.145185
0.855432
1.771202
-0.222818
0.079245
-1.290848
-0.193597
0.554067
1.921083
0.580674
-0.521723
-0.195199
-1.093248
0.332975
2.479948
-1.481678
-0.217466
1.861237
0.002794
-0.431533
0.267905
0.775949
-0.341466
0.251459
-0.327879
0.201150
0.581476
-0.023012
0.320326
1.636881
-0.962345
1.347322
-0.367900
-1.809608
1.758880
0.231679
-1.967751
0.368623
-0.478321
-1.100346
0.388794
2.110837
0.764771
0.748569
-0.573963
1.083215
1.019462
-2.228328
0.793130
0.370652
-0.090544
-0.565667
0.920808
-0.204701
-1.663898
0.402142
-0.252187
-0.281551
-0.735977
0.035282
0.070192
-1.451988
-0.706529
-1.181377
0.102189
-0.495326
-0.356948
-1.461004
0.946507
-1.061234
0.405197
-0.716197
0.617244
0.835056
-0.387752
-0.650828
-0.623477
0.107715
1.375343
0.254699
0.556103
0.959489
-0.941085
0.022092
-0.262220
-0.245047
-0.035138
1.387101
0.053661
-0.258126
0.989712
0.357024
-0.380088
2.620860
-0.717808
-0.052544
1.059979
-1.661756
0.679779
1.110666
-0.020158
-1.067929
0.395889
0.744719
0.180691
-0.036952
0.114831
-0.010647
-0.578966
-0.749193
-0.258423
-1.206500
-0.840962
-0.417595
1.166943
-0.031169
1.155041
-0.004383
-0.377315
-0.229448
0.954854
-0.376790
-1.389000
-0.204791
0.321479
-0.201852
-0.770921
0.047452
2.357160
-0.100728
-0.116558
1.304712
1.151400
0.261988
0.382027
-0.356585
0.731511
-0.892163
0.486447
-0.033475
0.648879
-0.419787
-0.479504
1.471013
-0.640075
-1.586022
-0.731805
0.251030
0.563254
-1.858099
-0.089162
-0.933794
0.665077
2.579322
1.143097
0.542068
1.047321
-0.489931
0.409015
0.835226
0.483740
0.535151
-0.342675
3.366961
0.733824
-0.595980
-0.008105
1.999768
-0.333772
0.746888
-1.282853
-0.785956
0.147833
-0.561156
-0.434274
-0.069693
0.222410
0.499489
-1.169363
-1.473615
1.072131
0.000193
0.286914
-0.334680
0.244842
1.224149
1.071157
0.066395
-0.249219
0.482910
0.121208
-0.881487
0.319350
-0.190986
0.118678
0.670736
-0.939319
-1.642076
0.413050
0.864426
0.765953
0.103205
-1.076172
0.265837
-1.365801
-0.415962
-0.121146
0.082910
-0.550733
-1.076231
-0.437253
-1.038019
0.319315
-2.303990
-0.876493
1.231406
0.599658
2.243467
0.249341
-1.999107
-0.032989
1.064565
-0.592684
1.243269
2.047483
1.844037
0.873872
0.024142
-0.413133
0.308516
1.725800
-1.507774
-0.444420
1.345010
-0.195904
-0.915991
-0.000853
0.600614
0.716917
0.411981
1.942653
0.846797
-0.338470
-0.002512
-0.091192
-1.566817
-1.298066
0.038952
0.114727
-1.044046
-3.012635
2.021185
-1.452248
-0.067476
-0.648614
0.158436
0.268753
0.661331
-0.778759
-0.813324
-0.174444
-0.042144
-1.673090
0.405711
-0.066670
-1.030273
-1.143522
1.257732
-0.358505
-0.915455
0.496791
-0.082817
-1.310043
-0.276346
0.152418
0.487887
0.403546
1.034668
2.358837
0.642800
-0.306434
1.076963
1.238774
0.670116
2.059710
1.298741
1.080274
-0.667464
0.381517
-0.978375
-0.694602
0.091093
2.197204
1.167679
-0.246549
0.415031
1.484988
-0.333506
0.795921
0.387787
-0.728792
-1.118644
0.620353
-2.004656
-0.223260
0.364717
-0.870541
0.971410
-0.806272
0.832115
-1.191988
1.256514
1.425102
-0.195310
-0.644048
1.200568
0.094670
0.701151
0.333811
0.845666
-0.274356
0.891165
-0.330313
0.730861
-0.944987
1.067725
0.653958
-0.382559
0.174858
-0.352684
-0.051529
0.445921
2.304991
-2.051540
0.066740
-1.033954
0.017807
-1.863081
0.820680
-0.916966
-0.069550
0.069899
-0.750237
0.669019
0.828450
1.253069
1.503512
-2.134967
0.287643
-0.617695
-1.995663
-0.491972
-0.901148
-1.662294
0.220092
-0.555071
-0.969696
-1.907986
-0.345806
-1.189100
0.263630
0.594732
-0.839027
1.597219
-0.939059
-1.676786
0.485598
-0.156138
0.067048
-0.881987
-0.343965
-0.572534
0.145918
1.451086
0.586183
0.428424
0.265202
-0.793887
0.327050
-0.337681
-0.089428
-1.359815
0.262490
0.723605
0.011307
-0.445209
-0.414765
0.431904
-2.832568
1.039070
0.423922
-0.076519
-1.518124
-1.303510
-0.015809
-0.373637
-0.403273
0.469933
1.066100
0.799397
-0.851629
-2.106318
-0.280469
0.927678
0.993785
-0.650206
-1.632495
-0.210887
0.739382
-0.970243
-0.263866
-1.280443
0.363588
0.348455
-0.033402
0.122770
1.101971
1.064690
-0.510116
0.537988
-0.232999
-0.786732
-0.871508
0.825324
-0.221392
-0.535437
1.228082
-0.444824
0.191247
-1.829625
1.241807
-1.224488
-0.096917
1.662859
-1.398997
0.377022
0.118406
-1.108284
0.101591
-0.521948
-1.069694
-0.172721
-0.215761
-0.172975
-1.311438
-0.621787
0.561070
-1.345456
-0.892896
-0.298582
-0.291543
-1.304535
0.698660
-1.262640
0.368858
0.987590
-1.118654
-1.164608
-0.340095
0.107745
-1.847032
0.728161
-0.296017
-0.574927
0.405147
1.065430
-0.423518
0.486549
3.355989
1.305213
-0.415820
1.252676
-0.388069
1.391850
0.031873
0.447263
-0.593898
-1.151616
-1.627402
-1.210482
0.847839
-0.610640
0.584123
-0.349531
-1.648220
-0.011030
-0.187656
0.182863
0.847659
-1.179348
-0.065518
0.555780
0.374521
-0.321000
-1.002578
0.138470
-0.867050
0.296916
-1.167338
0.577235
-0.696824
-0.415636
1.027587
1.711811
-0.039983
0.524116
0.417666
-0.020734
1.221166
0.444748
0.954572
-1.115370
0.943983
0.633632
0.574105
-0.205368
-0.028600
-0.890242
-0.376444
1.313679
0.061692
1.030105
-0.648446
0.823297
-0.074183
-0.607977
-2.134639
1.704839
-0.419127
-0.606659
0.085092
-1.382922
-0.125011
-0.443494
0.063548
-0.797683
-1.754357
0.411396
-1.821725
-0.553850
-1.051831
0.180503
1.369962
-1.423537
0.428532
0.936321
0.632880
-0.208651
-1.222259
-0.875809
1.403041
1.806574
-0.409164
0.859672
-0.667627
0.026623
-0.972723
-2.108210
-0.477683
0.340930
-0.911200
0.552891
-0.976600
0.302922
1.281209
-0.120350
0.824655
-1.140072
0.163740
0.639427
1.719867
-0.600159
0.030644
-0.368179
-0.258531
0.651649
-0.874427
0.242669
-0.276938
-0.445659
0.652348
0.915687
-0.036812
-0.628824
1.121779
-0.190821
2.768755
-0.655804
-0.048772
0.604550
1.438197
-0.822697
0.308376
-2.294868
-0.180939
1.485977
-0.509730
-0.520096
-0.290754
-0.358794
-0.680906
-0.259480
0.416480
-0.278629
-0.079114
0.959691
-0.795925
-0.624210
0.647884
0.048076
0.015732
0.105494
0.973714
0.472692
-0.169399
-1.454752
0.552658
-0.792061
-0.035673
-0.910222
-2.054418
-2.459380
0.472871
-0.987533
-0.308090
-0.166980
-0.075164
0.398172
-1.945153
-0.463720
-0.180641
-0.164522
-0.487213
0.810207
-0.424512
0.696881
0.607957
1.834317
0.681188
0.523399
0.333210
0.468439
-1.438532
1.296691
-0.415856
-1.122465
-1.144555
-0.113031
-0.524172
0.054287
0.784210
-0.811041
1.084326
0.569254
0.121965
-2.074455
-0.470210
0.237410
1.093113
1.950180
-0.447332
-0.283619
0.015708
-0.971110
-0.931117
0.441658
1.543142
0.693091
-1.898384
0.717075
1.697820
0.405222
-2.181331
0.733477
1.306531
-1.611384
0.676421
-0.081203
0.275679
-1.956270
-0.288526
0.573274
-0.387913
-0.569860
0.484456
0.291110
0.495950
-1.323633
-0.522399
0.416808
-1.323920
-0.120804
1.229706
1.433941
-0.571610
0.159333
-1.406880
-0.834190
1.342689
0.387056
0.929355
-0.069417
0.593195
-0.980569
-0.175477
-0.836723
-0.461949
0.087231
0.258882
-0.492384
0.665096
1.152209
0.701558
0.090020
0.073901
0.321528
0.643315
0.791576
0.258376
-1.188749
1.913314
1.702149
-1.753281
-0.513737
0.055387
-0.556491
1.776905
0.087952
0.130524
-0.830893
0.090670
-0.794548
0.824075
0.199043
0.533648
-1.938928
-0.455364
-0.117170
-0.724637
0.005985
-0.098167
-0.636392
1.105979
0.473752
0.590695
-1.889614
0.741732
0.537592
0.465400
1.697492
-0.468112
1.089155
-2.400029
-0.354730
0.633400
3.015655
1.139487
2.596077
-0.254125
-1.499560
0.567113
-0.053298
-0.714554
0.090721
-0.451671
-0.595811
0.927201
0.438284
-0.525993
0.557047
-0.054287
0.682085
-1.739555
0.039953
0.420596
-0.729544
-1.739865
-1.645366
-0.264419
-1.362079
0.336110
0.532589
-0.405054
0.243839
-0.265684
0.647770
0.620057
-0.566676
-0.270756
-0.565318
0.636757
-0.120244
-1.358056
-1.058500
-0.799289
1.118644
0.832004
-0.542701
0.592702
-0.605205
0.442433
0.287859
-1.455819
0.083532
-1.185725
0.331661
0.007681
0.429916
-0.955006
-0.606247
-1.694349
1.136754
-0.530309
1.403094
1.739809
1.808728
0.599143
-0.105252
-0.553430
0.038191
1.936656
2.044686
1.769032
0.431979
-0.366729
-0.870907
0.720306
-0.302731
-0.718431
0.133194
0.293146
-0.613116
-0.605335
0.756449
-0.078060
-0.001303
-1.228988
-0.457567
-0.436890
-1.247298
0.118820
0.662458
0.139159
-0.031266
0.144238
-0.528306
1.512119
-0.067125
-1.294962
-2.074849
-0.567370
1.872849
1.970293
0.081032
0.188135
1.107863
0.701830
0.344403
-0.356613
0.996907
-1.092202
-0.707959
-0.486801
-1.235266
-0.139540
0.864034
-0.747100
-0.684691
0.245669
0.032841
-1.191511
-0.643005
-0.550234
-0.053806
1.260224
1.793452
-0.657742
-1.025363
-1.193868
-0.370085
0.470224
0.524593
-1.580824
1.351233
-0.668542
-0.968755
1.069867
-1.169678
0.134611
-2.165790
0.432265
0.944221
2.680865
-1.233573
-0.205077
-1.909888
1.902345
-0.170798
0.533428
0.351216
1.170794
-0.033043
-0.464835
-0.085864
1.677007
0.553343
1.983969
-1.633633
0.747382
0.405749
-0.919674
-0.318008
0.769402
0.653528
0.420293
0.521375
0.497002
-0.871572
0.717282
-0.374395
-0.426881
2.011245
-1.502934
1.667747
0.998144
0.754880
1.233731
-0.312780
-1.435999
-0.385913
-0.443632
0.317283
0.598380
0.402424
1.572786
-0.425302
-0.781419
-0.391845
-0.827365
-0.153930
-0.974005
-1.739283
-0.658980
-0.885495
-0.200467
-1.520522
1.241214
-1.415214
-0.071810
0.002877
0.460274
0.698625
0.083477
1.479700
0.608774
1.028441
-0.567477
-2.239739
-0.613810
-1.534426
-0.205053
1.312263
1.597369
-0.357325
0.227988
0.216768
0.554091
0.258660
0.188701
0.244838
0.071730
0.194170
0.165392
0.220718
-1.013085
0.994271
-0.270507
0.259948
0.385770
1.405931
-0.749574
0.104378
-0.131097
-0.731581
0.261623
0.294168
0.286781
-1.427671
0.809718
-0.896418
-0.145930
0.857739
0.077934
-0.553389
-1.011229
1.350993
0.936628
0.154154
-1.782322
-0.366291
1.333552
-1.171489
2.209043
-1.302770
0.049026
-1.654985
0.457466
0.016273
1.056834
0.100152
0.969138
1.656127
-0.626611
-2.612826
-1.416589
-0.738661
-0.719925
0.070951
-0.048945
-0.649894
0.655100
-0.214201
0.033434
0.986161
0.536904
-0.040084
0.970520
0.010664
-0.222179
-0.676634
-0.305731
-0.507979
1.385160
0.798269
-0.325532
1.319501
0.262747
0.066921
1.017883
-0.417219
-0.792515
0.107704
-1.170229
-0.092772
0.053924
0.303584
0.234771
-1.476963
-0.224817
-0.048525
-0.251865
-1.506316
-1.228751
-0.323315
-1.127129
0.513106
0.832537
0.314146
0.265053
0.780414
0.910142
1.633138
1.968517
-0.633989
-0.636281
-0.314121
-0.456326
1.806576
0.498379
0.168818
0.736133
-0.229448
0.506362
-0.237362
-0.316261
0.398936
-0.060362
0.382589
1.046099
0.468382
1.909422
1.468618
-0.046090
0.184132
-1.102000
1.343605
-0.179261
-1.407824
0.423297
-0.247429
0.890691
-1.502782
-0.052827
1.141832
0.176592
-1.111054
0.966776
-0.187423
1.063210
1.559744
0.536120
-0.330868
-1.927884
0.139881
-0.045657
-1.148258
0.826007
0.452775
0.144926
0.157996
0.411877
-0.705279
0.651813
-0.449254
0.130630
0.804681
-0.684474
-0.100467
1.643522
1.426271
-0.187652
0.239903
-1.966150
0.330646
-0.928229
1.079064
-0.331605
-0.224234
-2.882283
0.019697
1.185490
1.314268
0.420025
1.184498
-0.825499
-1.654114
1.261163
-0.304203
0.178758
-0.391499
1.473632
-0.206761
-0.451989
1.297140
0.928432
0.133650
1.954926
-0.032703
0.223506
-0.186533
-0.259616
-0.188312
0.570438
-0.413083
0.998473
0.574020
-0.014785
-0.433479
-0.150790
-0.746939
0.677340
0.171154
-0.318017
-0.793832
0.494290
-0.325612
-0.220298
0.380358
0.576904
1.501092
0.047269
0.343729
-0.269780
-2.065504
-1.133406
-0.462715
2.080619
-1.161586
0.943458
-1.550268
1.381569
-1.526050
0.156530
0.692376
0.779385
1.076212
0.403848
-0.338871
-1.189548
0.682267
-3.109624
-1.185338
0.387638
-1.423194
0.126001
0.392515
-0.845665
0.353068
0.535932
-0.059353
-1.410336
1.069667
-1.263202
0.912327
0.773503
1.518581
0.692407
-0.059456
-1.117525
1.105019
0.222172
-1.067727
-0.960532
0.368466
-1.779633
0.650619
-0.713486
0.321548
1.000130
0.404088
0.262198
0.623465
-0.149106
-0.455617
0.174141
0.378930
-1.651329
0.017819
0.438807
-0.573355
-1.168830
0.991105
1.163225
0.733157
0.341603
0.522394
-0.556743
-0.423908
-1.106093
-0.152567
-0.171205
0.149961
-1.112871
1.792199
0.604850
0.912116
1.256400
-2.331000
1.254039
0.359788
-0.737960
-0.995533
-2.177960
-0.571927
-0.461147
-1.585466
0.498279
-1.181029
0.509427
-1.484346
-0.686462
1.225294
-0.690630
1.238520
-0.076942
-0.285884
0.370055
0.721107
2.071659
0.447304
0.464449
1.537907
-0.117601
-0.964895
0.560270
0.797030
-2.120439
1.107446
-1.600247
1.140487
1.420011
0.773684
-1.199891
0.634996
0.368796
0.351313
0.837407
-0.729630
-0.232752
-0.133832
-1.036427
-0.166041
-0.152021
0.081608
0.866941
0.108160
-0.242976
0.674327
1.551236
-0.938555
-1.470638
-0.871109
1.392683
-0.772285
-0.937232
-0.649438
0.525042
1.159998
-0.727136
1.875777
-0.626781
-1.081989
0.710743
-0.346333
-1.112388
-0.002187
-0.023125
0.077106
-0.657032
0.120730
0.045081
-0.964544
1.227463
0.581812
-0.422314
-0.556392
0.401321
-0.923328
-0.526480
0.170239
0.229455
0.456179
-1.164908
1.031112
-0.760848
0.457773
2.135063
1.322411
1.532576
0.675814
-0.433880
-0.878130
0.264460
-0.066835
-0.139800
0.748299
-1.193517
0.552125
-0.846213
0.864502
0.634381
1.482582
0.966155
-0.181241
-1.367865
-0.780441
-0.791710
-0.628394
-0.494739
-0.087792
0.853119
-0.437510
1.246131
1.055591
-0.649197
2.612582
0.406888
-0.697828
0.397628
0.281100
-0.436298
-0.273469
0.677888
-0.766046
-1.173434
0.119386
0.458852
-0.170497
0.229684
1.464131
-0.116747
-1.473719
1.338460
0.287563
0.314040
-1.302596
-1.469338
1.477103
-1.099385
0.229864
-2.062559
-0.420078
-1.894027
-0.687901
0.153741
-0.232290
-0.286953
-0.408739
0.186114
0.110209
-0.167784
-1.592003
0.684230
-0.358640
-0.840192
-0.693401
0.844472
-0.103151
-0.575302
0.265291
1.626639
-1.395427
2.103433
-1.053363
0.197545
-0.260373
2.465373
-1.200007
1.272778
-0.870667
-0.498915
-0.106171
-1.536364
0.571510
-0.909119
-0.571494
-0.357812
0.147828
-0.468862
2.634910
-1.733324
1.186069
0.199655
0.389643
0.210550
-0.170257
0.137875
1.180514
-0.236387
1.256794
1.088105
-0.655830
0.930607
0.472283
-1.165128
-0.155742
0.111399
-0.779464
-0.457294
0.276110
-0.109970
0.776577
1.051440
-0.328897
0.844432
2.009375
0.809360
-0.951374
0.940651
-0.424781
0.878083
-0.162939
-0.723639
-0.911917
-0.819869
0.071237
0.411866
-0.267311
-1.613671
0.481705
-1.942231
-0.135622
-0.326669
-2.432146
0.711942
1.642572
0.678034
1.207101
0.020739
0.288440
0.663610
-0.115838
0.148526
0.651834
-0.074672
-0.817660
1.012571
-0.972934
-0.221836
1.005624
-0.641892
0.143011
-0.222216
-1.139357
1.980526
-1.673606
-1.225423
0.151639
0.147456
1.365785
-0.896404
-0.463944
-1.718941
1.867631
0.255766
0.155514
0.576668
-2.015029
-1.002623
0.592815
-1.512704
2.030826
0.156464
-0.155396
-0.207083
2.075596
1.309337
-0.755383
0.485393
0.760804
-0.677445
1.044200
1.145779
0.054032
0.136256
0.877034
1.543610
0.696847
-0.933127
-0.034713
0.674313
-0.256674
-0.277022
-1.462986
0.362081
-1.015251
1.800455
0.435189
-0.549668
0.566392
0.749041
0.591397
-1.231588
-0.733401
-0.217130
-0.372179
-0.732828
1.496907
-0.151689
0.397971
0.067575
-1.135508
-0.403802
-0.172542
0.459476
0.234456
1.301744
-0.433313
-0.802660
-0.070917
0.568226
-2.094286
-0.245207
0.064089
0.012786
-0.640798
0.102538
-0.156403
1.201106
1.325170
1.649931
-0.858943
0.769471
0.303071
-0.602099
-1.795321
0.207488
-0.743289
0.368381
-0.672314
0.770884
-0.095924
0.016442
-0.342623
-0.678722
-0.794366
0.513718
-0.775773
1.074142
-1.069639
-0.174897
0.578473
1.248358
-0.091381
2.582730
-1.075593
-1.489463
1.074774
0.147134
1.788028
-0.317486
1.450985
0.888738
0.017399
-0.779029
0.619872
1.696998
-0.459749
-1.464087
-1.382830
0.876027
-0.748116
0.069654
0.275234
1.343681
0.057724
1.029590
0.812900
0.368084
0.855952
0.106176
1.678105
0.081516
-0.400692
1.251484
0.696183
0.839664
-1.101256
-1.070521
1.223345
-0.784344
-1.627590
0.900517
-1.207626
0.213359
0.355067
0.567930
-0.195630
0.025043
0.296656
0.079831
-0.916500
0.998328
1.779327
-1.145719
-1.159853
-1.228270
-0.224204
0.886889
1.066405
-0.002373
-0.192014
-0.416521
-1.332580
1.562165
0.215066
-0.012313
0.444063
1.373235
0.364582
0.119581
1.235405
1.992631
-0.494982
-3.008840
0.413815
0.825587
-1.591525
-0.349392
0.900653
-0.024355
0.391214
-1.582732
2.430145
0.509192
0.368423
0.476976
0.533255
0.409200
-0.160109
0.408575
-0.653442
0.505319
2.042446
-0.301317
-0.676495
-0.642371
0.496172
-0.085042
0.513879
-0.021280
1.378742
-0.833306
-2.392972
1.282959
0.066115
0.844604
-0.541479
0.035083
-0.906907
-0.964216
-0.394423
1.009169
-0.917479
0.869149
-0.219190
0.886325
-0.790940
1.722475
-0.375325
0.782088
-0.274089
-0.261396
-1.014571
0.865964
-1.016807
0.609083
-1.236091
1.092591
-1.910430
0.683733
-0.797899
0.384984
0.562292
0.410071
0.296160
0.954099
-0.745187
2.107699
0.598548
-0.802469
0.689825
0.668355
1.371443
1.890746
0.445334
0.676495
-1.886859
-0.123291
-0.042089
0.556878
0.631821
-0.736209
0.831949
0.028178
-0.436031
1.224153
-0.157432
1.171372
0.483767
-0.870151
0.341258
-0.595522
0.362808
0.466407
-1.163040
0.125120
0.357235
0.500501
-0.216217
0.692491
0.541847
1.542738
0.788331
-0.801331
-0.545211
-2.989732
-0.395567
-0.086759
-0.292640
0.365876
-0.199306
-0.294267
-0.550008
0.869404
-0.454344
-1.678959
0.165977
-1.613581
0.482342
0.672741
0.193336
0.711886
0.625503
0.756321
0.684771
0.642024
-2.281054
0.153196
-1.318978
-0.836814
0.083018
-0.098112
0.909934
-1.066675
0.436499
0.700287
-0.409294
-0.245220
0.421190
-2.039690
-0.268564
-1.025077
0.577406
-0.358228
1.285874
-0.278162
-0.923945
-1.722539
1.060181
0.333080
-0.812793
-0.406661
1.715752
-0.368688
0.379213
-0.611901
-1.578108
-0.222286
-0.210840
0.052416
-0.757030
-0.550133
0.001580
1.319330
0.023638
-0.534272
0.615169
0.303803
-0.666896
0.348811
-2.694601
-0.381178
1.079538
0.411539
1.547151
0.909621
-0.130743
0.309489
-1.351401
2.266166
2.814967
1.034643
0.548851
0.570877
1.000511
-0.908073
0.031708
-0.286288
0.032867
0.326237
-0.610887
0.461442
-0.038088
-0.469104
0.411243
-0.112859
0.302411
-2.030876
-0.430710
-0.228319
-0.664413
-0.089111
-2.082423
-0.848516
0.440958
1.386171
-0.425533
0.046016
1.980161
1.115645
1.828049
0.082418
-1.288234
0.434721
-0.036549
1.351573
-0.634427
0.122577
-0.065356
-0.672437
0.857510
-0.537190
0.912426
-0.218277
-0.869030
0.954439
0.492754
1.324048
1.688215
0.240001
1.416959
0.500618
-3.219018
-0.933813
1.024695
0.460568
2.123268
-1.027444
-1.073014
-0.151593
0.111557
-1.440396
-1.678095
1.158991
-0.228273
-0.271574
0.977363
1.786718
0.046106
0.335103
0.255335
0.713638
-0.555409
0.003413
0.998394
-0.210415
-0.263376
-0.884179
-0.796704
0.111731
-0.727741
-0.189640
0.981028
-1.063123
1.029516
1.552468
-1.119076
-0.708540
-0.739222
0.751531
0.297195
0.554738
-0.018513
-0.043636
-0.927894
0.946376
0.278308
-0.076275
-0.056704
1.925715
0.737421
-1.082040
1.049318
0.655275
-1.467820
0.304270
-0.340789
-0.063052
-0.605854
0.568218
-0.919824
0.570125
-1.323165
-0.527595
-0.911053
0.255620
-0.865717
-0.046998
-0.808879
0.399393
-0.039958
2.639717
0.012370
1.387493
-0.173319
-1.677944
-0.820601
0.023768
2.077505
0.525567
-0.246294
0.063678
-1.239064
-0.998311
-0.950901
-1.380019
0.138011
-1.249429
0.788888
-0.060192
-0.286031
0.769764
1.151074
-0.259480
0.931744
-0.899243
0.259157
0.840698
0.003741
0.815839
0.145012
0.966635
0.291813
-1.067176
1.766184
-1.445019
-0.455574
1.535150
0.055086
0.466891
0.881188
1.221690
-0.227079
-0.077842
0.063741
0.535710
1.590895
0.006878
-0.427211
0.533534
1.084504
0.514790
1.620985
0.030827
0.210045
-0.481278
0.418090
1.261324
0.777552
0.397418
0.164467
0.193129
0.246271
0.651457
-0.862363
-0.171509
-0.026097
-0.203756
0.753016
0.317612
-0.509593
-0.455675
-0.902116
-0.117361
0.185338
0.248389
-0.856306
-0.840682
0.209711
-1.269203
1.856613
1.580142
0.951753
0.117699
2.394890
-0.125148
-0.012984
-0.797896
0.359146
-1.343085
0.245712
0.680651
-0.054855
-1.279287
1.151742
-1.599702
0.456978
-0.765069
1.253811
-0.201267
-0.395408
0.738927
-1.562367
-0.131728
1.914947
1.394222
0.474947
0.910996
0.193318
0.714120
-0.525339
1.098765
-0.843246
0.456282
0.781439
-0.117372
-0.503000
-0.192059
-0.714710
-0.184277
1.333707
-1.723801
0.720974
-1.409076
1.270292
0.328384
0.400594
1.490619
1.345767
0.593861
1.278856
-0.939078
0.573396
-0.329084
0.575395
0.210683
1.299959
-0.414259
-0.908095
1.088112
0.570314
-1.528703
1.148616
-0.852938
0.830745
0.008994
0.560480
0.412417
1.642093
0.098709
-1.243849
0.177741
-1.012936
0.763016
-0.024658
0.168308
0.331043
1.147368
1.279096
0.378991
-0.639226
-0.401842
1.700820
-0.032897
-1.799807
-0.338591
0.197502
0.560077
-0.136535
0.606429
-3.219610
0.618237
-0.406522
0.449114
-0.835794
-1.638468
0.417507
-0.682185
1.073930
0.276237
0.113628
2.536368
1.278141
0.165747
-0.352423
0.413570
0.331017
-0.657162
-2.054255
-1.108343
-0.197594
0.723390
-0.777303
-1.052412
-1.702364
0.145632
1.058296
0.569760
0.142049
0.903076
-0.219399
0.535118
0.023123
1.525207
-1.413782
0.258092
2.185863
-2.540583
-2.061189
2.107779
0.280360
-0.492114
-2.039012
0.525760
0.335447
0.287072
0.994718
0.780756
1.117500
-2.258602
0.181397
-1.660645
1.203470
1.514300
0.705456
0.075051
-0.123651
0.635322
-0.470401
1.415148
0.006810
0.829704
0.385873
-0.274020
0.050099
0.709950
-0.358134
-0.571892
-1.035339
-0.192540
-1.871880
-0.643857
-0.171823
0.733145
1.457506
-0.818978
0.206440
0.441990
-1.570817
-0.469402
1.741856
-0.294683
0.274589
-0.973565
0.016986
0.820820
0.045127
-0.139137
-0.046975
-1.539475
-0.811494
0.752007
0.402456
-0.703356
-0.455519
0.688756
1.167853
-1.627187
1.831747
-0.570061
-1.518875
0.316266
-0.139315
0.532316
1.411120
1.669673
0.583624
0.564652
0.783856
0.341505
-0.100996
-0.409985
-1.961488
-0.695125
-0.590283
-0.989027
-0.413841
0.710612
-0.152183
-1.244126
-0.048440
2.042642
-1.014160
-0.339379
-0.098656
0.869788
-1.386826
-1.320328
-0.287681
0.231507
-0.028647
1.453585
-0.302787
1.415562
-0.942720
-1.016246
0.494839
-0.381175
-0.436837
-0.247583
-0.224230
-0.500948
0.363139
-0.922574
-0.314448
0.879593
0.308608
-0.432837
-0.258876
0.412104
-1.080457
0.235140
-0.710649
-1.173160
1.531758
0.536490
1.743289
1.209743
-0.172989
-0.892372
0.231677
1.803963
0.652274
0.340791
0.261430
-0.306712
-0.440903
0.572293
0.682871
-0.268846
0.860881
-1.751005
0.034280
-0.470676
-0.992179
-0.324181
1.400732
0.409771
0.283398
0.466453
0.286673
0.128855
-0.013863
0.110823
1.054529
1.013783
-0.675616
-0.506509
0.191625
-0.140087
0.795806
-1.200683
-0.775140
1.047686
0.962432
-0.368688
0.379213
-0.611901
-1.578108
-0.222286
-0.210840
0.052416
-0.757030
-0.550133
0.001580
1.319330
0.023638
-0.534272
0.615169
0.303803
-0.666896
0.348811
-2.694601
-0.381178
1.079538
0.411539
1.547151
0.909621
-0.130743
0.309489
-1.351401
2.266166
2.814967
1.034643
0.548851
0.570877
1.000511
-0.908073
0.031708
-0.286288
0.032867
0.326237
-0.610887
0.461442
-0.038088
-0.469104
0.411243
-0.112859
0.302411
-2.030876
-0.430710
-0.228319
-0.664413
-0.089111
-2.082423
-0.848516
0.440958
1.386171
-0.425533
0.046016
1.980161
1.115645
1.828049
0.082418
-1.288234
0.434721
-0.036549
1.351573
-0.634427
0.122577
-0.065356
-0.672437
0.857510
-0.537190
0.912426
-0.218277
-0.869030
0.954439
0.492754
1.324048
1.688215
0.240001
1.416959
0.500618
-3.219018
-0.933813
1.024695
0.460568
2.123268
-1.027444
-1.073014
-0.151593
0.111557
-1.440396
-1.678095
1.158991
-0.228273
-0.271574
0.977363
1.786718
0.046106
0.335103
0.255335
0.713638
-0.555409
0.003413
0.998394
-0.210415
-0.263376
-0.884179
-0.796704
0.111731
-0.727741
-0.189640
0.981028
-1.063123
1.029516
1.552468
-1.119076
-0.708540
-0.739222
0.751531
0.297195
0.554738
-0.018513
-0.043636
-0.927894
0.946376
0.278308
-0.076275
-0.056704
1.925715
0.737421
-1.082040
1.049318
0.655275
-1.467820
0.304270
-0.340789
-0.063052
-0.605854
0.568218
-0.919824
0.570125
-1.323165
-0.527595
-0.911053
0.255620
-0.865717
-0.046998
-0.808879
0.399393
-0.039958
2.639717
0.012370
1.387493
-0.173319
-1.677944
-0.820601
0.023768
2.077505
0.525567
-0.246294
0.063678
-1.239064
-0.998311
-0.950901
-1.380019
0.138011
-1.249429
0.788888
-0.060192
-0.286031
0.769764
1.151074
-0.259480
0.931744
-0.899243
0.259157
0.840698
0.003741
0.815839
0.145012
0.966635
0.291813
-1.067176
1.766184
-1.445019
-0.455574
1.535150
0.055086
0.466891
0.881188
1.221690
-0.227079
-0.077842
0.063741
0.535710
1.590895
0.006878
-0.427211
0.533535
1.084504
0.514790
1.620985
0.030827
0.210045
-0.481278
0.418090
1.261324
0.777552
0.397418
0.164467
0.193129
0.246271
0.651457
-0.862363
-0.171509
-0.026097
-0.203756
0.753016
0.317612
-0.509593
-0.455675
-0.902116
-0.117361
0.185338
0.248389
-0.856306
-0.840682
0.209711
-1.269203
1.856613
1.580142
0.951753
0.117699
2.394890
-0.125148
-0.012984
-0.797896
0.359146
-1.343085
0.245712
0.680651
-0.054855
-1.279287
1.151742
-1.599702
0.456978
-0.765069
1.253811
-0.201267
-0.395408
0.738927
-1.562367
-0.131728
1.914947
1.394222
0.474947
0.910996
0.193318
-0.236052
0.751421
2.463749
-0.497233
0.745628
-0.832680
-0.023803
-1.144344
-0.457830
0.014684
-0.222374
-1.676949
0.878041
-0.605569
0.997988
0.530911
-0.255315
1.495211
1.317191
1.366804
0.745702
1.330077
-0.794410
-0.629876
0.159599
-0.489897
-0.901812
0.968599
0.287657
-0.636647
1.859510
0.565612
-1.398381
0.219164
0.981108
0.227571
0.694516
-0.138139
1.632181
0.636448
1.636488
-0.321948
0.169057
-0.042401
-0.390689
0.065666
1.081405
1.722481
-0.062634
0.090848
1.021344
-0.514952
-1.245132
-0.493382
-0.535885
-1.138083
-1.015011
-0.087094
-0.274455
0.338385
-0.050055
-2.184011
-0.896579
-0.558133
0.574754
1.080875
-0.781015
-1.122913
-1.165884
0.850097
0.695988
1.185570
0.832568
0.164045
-0.918860
-0.320598
0.397964
-0.638344
0.230924
1.156268
-1.610706
-0.673062
-0.511231
-1.671005
0.401338
-0.209615
-0.840957
-0.364642
0.517841
0.705023
1.451985
0.068483
-0.694644
-0.426589
-0.918167
-0.801454
0.320940
-1.822346
-0.159874
0.255102
0.198517
-0.442477
0.284100
1.798554
0.366724
-0.837433
0.587469
0.782172
-1.269531
-0.095271
0.129962
0.145954
-1.421599
1.421851
-0.972207
0.186959
-0.455851
0.272036
-0.492781
1.420634
-0.599433
-0.251869
0.760190
0.420480
-1.104413
-0.731130
0.569730
-0.869320
0.295559
-0.492373
-1.286972
0.610006
1.297104
-0.676937
-0.789606
0.682857
-0.644141
1.017256
-1.200839
-0.410449
-1.373247
-1.046459
0.565957
-0.501153
0.406013
0.051787
-1.312062
1.169093
-0.720764
-1.184502
-0.201445
0.988445
-0.214108
-0.305001
-0.775462
-0.774177
0.078630
0.978630
-0.033831
1.717685
0.720654
1.064145
1.173004
-0.139218
0.948730
0.051685
1.314081
1.180485
2.192809
1.154507
-0.814619
-1.213523
0.445947
-0.855377
1.125969
0.087322
0.429096
0.355863
-1.739916
1.134840
0.343264
-0.207448
0.298225
-0.574484
-1.682149
-0.581357
0.444169
-2.363349
1.712893
1.373966
-1.225933
-0.063658
-1.239366
1.179861
1.881648
-0.214172
0.369905
0.572802
-0.188676
-0.259920
-0.285385
0.112205
-0.008952
0.800146
1.536172
-0.017516
1.927048
0.783976
-0.424349
0.877031
1.826633
-0.778338
1.201172
0.500597
-0.175587
0.848190
-0.119810
0.103167
-0.069421
0.622183
0.465677
-0.334839
0.016653
0.438915
0.488672
2.860298
-0.054719
0.349275
-0.355022
-0.833300
0.882834
0.237348
1.797112
-1.198636
0.314725
2.162261
2.466299
0.371859
1.702510
0.456582
2.303129
2.043083
-0.384373
0.817477
1.398599
0.583118
0.257462
1.030301
-0.488382
-1.073041
-1.182976
0.365844
0.723181
0.721882
-0.000237
0.003390
-0.507209
0.801404
-1.114916
-0.469870
0.654949
0.066828
1.515670
-0.228547
0.020089
0.971018
0.628230
0.914409
-1.149898
0.177663
-0.542297
1.998713
0.983465
0.642406
0.137689
0.735503
0.252228
1.499616
-0.728231
-0.687890
1.061747
-0.401412
-0.214131
1.158013
-1.286073
1.074756
0.533294
-0.857102
-0.918182
-0.094584
-2.076415
-0.337437
-0.509213
0.367764
0.330387
0.468372
-0.916126
-0.324895
-0.114564
-1.688496
0.017382
-1.082122
0.077636
-0.531255
-0.538717
0.283465
0.177011
0.009896
-2.223615
1.608832
0.427764
-0.520507
0.121953
1.303349
-0.185233
-0.867947
1.444690
-1.071404
0.369290
0.911760
0.413270
1.440783
-0.342408
0.790212
1.029085
-0.680075
1.769117
-0.390244
2.054833
3.207010
-0.373437
-1.415895
-0.486079
-0.847158
0.172208
-0.761769
-0.518040
-0.007218
0.439609
-0.602886
-1.244016
0.106004
0.629154
-1.181953
-0.205167
-0.823272
1.203314
0.979701
-0.507325
-0.535684
1.573735
0.236542
1.090437
0.249857
1.469698
-0.894110
0.193283
0.896685
0.323074
0.434476
-1.170816
-0.667913
-0.262826
0.090111
0.217208
-0.451762
-0.029101
-1.727365
-0.612230
0.531227
0.547710
-1.093032
-1.988770
0.675171
-1.388079
-0.124027
-1.656137
0.435385
0.634596
0.121330
0.636691
-0.525787
-0.045426
-1.322970
1.823741
-0.367663
-0.671618
0.736683
0.702820
0.127844
-0.110912
1.013461
-0.409917
1.119436
0.207698
0.260868
-1.372772
-0.665202
-0.165563
0.656647
-0.011504
0.425141
-2.010084
-0.628854
-1.481238
1.371685
-0.984078
-0.663470
0.069480
-2.173105
0.553531
-0.189638
0.328274
0.047479
0.002420
1.303026
0.639688
0.501447
-1.254499
1.290968
0.841461
-1.442845
1.740982
-0.359954
-0.071326
1.096521
1.686790
-0.233776
-1.343883
-0.224319
0.359187
0.388242
-0.124336
0.240705
0.282790
-1.653789
-0.886996
-0.009075
-0.133256
-1.454697
-0.530513
-2.388841
-1.935513
-0.550218
2.674167
-0.658782
-0.353205
0.085760
0.189698
-0.417909
1.340741
1.373729
0.286026
0.301420
0.274652
-1.597427
0.206673
0.471150
0.250015
-0.422416
0.649222
1.146789
0.784278
-0.360365
0.449808
-0.779246
0.628678
-0.840048
0.045560
-0.107259
0.635762
0.908547
0.387605
-0.977939
-1.635849
0.048461
1.724732
1.962346
0.523742
1.055074
0.299297
0.570124
0.908187
0.295119
0.940888
0.616064
0.509794
0.175304
-0.674619
1.333061
0.998862
-0.926294
0.704224
0.336208
1.797596
1.371400
1.249043
0.866854
1.236217
-1.737647
-0.221393
0.811882
-0.512981
-0.080174
0.880816
0.158412
0.937675
-0.910123
1.361021
-0.472824
0.458735
-0.300037
-0.836695
-0.707858
1.316428
-1.713491
-0.884465
-0.299892
2.076305
0.038314
-0.263367
0.672530
-1.413696
1.090304
0.396854
1.535459
-1.355959
1.310291
0.832883
-0.087425
-1.118820
1.504950
-0.820674
0.099136
0.445068
0.754403
-1.245871
1.390059
2.484897
1.193498
-0.494746
0.616119
0.454288
0.548666
1.348535
-1.628161
-0.062058
-0.500163
1.098608
-1.277441
0.057373
0.696894
-1.242283
0.243620
-0.195164
2.187603
-0.907506
0.571739
-0.366465
-0.039646
-0.093124
-0.717365
-0.055826
1.401831
-0.298150
-0.480071
-0.742064
-0.784339
0.710264
-0.450666
-1.284621
0.169482
1.408656
-0.981194
0.376154
0.935951
-0.013733
-0.865191
-0.635567
-0.367106
-0.956675
-0.351204
-1.618611
0.467028
-0.201398
1.220115
-0.757920
-0.687399
-1.834943
0.011289
0.018847
-0.563059
-0.444400
0.148889
1.804177
0.713996
-0.442053
-1.767575
0.504970
-1.421872
1.459566
0.627478
-0.350905
-2.409192
0.109627
-0.734058
0.643321
0.193065
-1.564108
0.775195
-0.632261
0.483575
-1.179184
-1.160298
-0.797811
-0.114782
1.077710
-0.037199
-0.764008
0.572848
0.897813
1.247366
-1.244350
1.148439
0.089458
0.059557
0.688555
1.085786
-0.022627
-0.336280
-0.040828
-0.625538
-2.154542
0.728837
-1.261978
-0.354043
-0.005410
-1.896851
-0.854316
0.264136
-1.624285
0.136907
0.274497
-0.828432
-0.614225
0.729669
2.296759
-0.899793
1.096180
-0.067280
0.382776
0.266990
0.170012
0.621324
1.031182
1.652187
1.514671
-0.708931
-1.222195
0.696108
-1.150218
0.517381
-0.117347
-0.358274
-0.004912
-1.134176
-0.135996
0.590022
2.120100
0.919552
-1.907472
0.859813
-0.053760
0.398571
-0.784051
-0.760822
-1.476027
-0.261601
0.296851
0.839300
-2.193576
-1.102851
1.476580
0.159427
-0.125027
0.899491
-0.087794
-0.751087
1.072434
0.523380
-0.226749
-0.178742
1.081270
-1.030967
-0.744414
0.455544
1.036799
1.175197
0.818762
0.256481
0.415708
0.524157
0.494175
0.450445
2.244253
0.726957
-0.350586
-0.104734
-1.421629
-0.506171
-0.602129
-0.645565
-0.836094
-1.872759
-0.994792
-0.241372
-1.017556
-0.361973
0.219099
0.635559
2.035747
1.183623
-0.926896
-1.140387
0.450351
-0.166875
0.794892
0.356210
0.042213
0.024521
0.753787
0.357732
-1.145713
-1.067169
0.208601
0.105102
-0.794372
0.183111
0.613254
0.218484
-0.158197
-0.148725
2.290215
-0.124515
-0.211419
0.619763
-0.545321
0.046093
2.032906
0.148259
-0.720253
0.366767
-0.133366
-1.223213
-0.877044
-1.164889
-0.684314
-0.708744
-0.142460
-0.083987
-0.004933
-0.250070
1.127601
1.225876
-1.702987
0.236077
-0.081945
-1.821412
1.173749
-0.025804
-0.660787
-0.361054
0.401231
0.570536
0.965102
-1.042938
0.944334
-0.994101
-0.693609
1.385831
0.748396
1.071309
-1.500314
-1.789640
0.200383
-0.251946
1.353634
1.395339
0.876872
-0.488240
-0.259730
0.263485
-0.906609
-1.435186
-0.595250
0.548192
0.549217
0.813933
0.294111
-0.377256
0.676857
0.945918
-0.638020
2.533649
0.552188
0.099346
0.056371
-1.656519
0.243375
-0.560380
0.037683
1.060036
1.111078
-0.648493
-1.234863
-1.059133
-0.782793
-0.460361
-0.897827
-0.205919
0.575105
-1.321862
-0.667138
-0.329698
0.662085
-1.197749
0.228375
-0.390809
1.335041
0.696123
-0.858174
0.311728
-0.791763
-0.795777
-0.676352
-2.180858
-0.401660
-0.195571
-0.877345
1.211265
-1.023662
-0.069647
-0.083743
1.924822
-0.002351
-0.100498
-0.404856
1.273332
0.045326
1.438481
-1.887605
2.166435
0.388559
-1.170723
0.078561
-0.848293
-1.513868
0.343238
2.143096
0.775383
-1.840735
0.854831
0.088327
1.810123
0.733337
0.771950
0.641564
0.599598
-0.954083
0.673163
0.651590
-0.423014
-0.101743
-1.225216
2.500778
-0.954612
1.219670
-1.342435
0.866495
-0.417899
0.241766
-0.905614
1.573610
0.821763
1.673866
0.878533
-0.771894
0.158730
2.911338
-0.546225
0.879945
0.872626
-0.570461
-0.331962
0.340680
-1.214818
0.066184
-1.010688
0.137519
-0.119448
-0.134060
1.441124
0.863358
-0.773876
-1.485617
-1.059970
-0.058829
0.005281
0.084089
0.548816
0.063057
-1.580153
0.437076
0.584571
0.368568
0.901023
-0.000861
-0.585603
0.541114
0.888155
-0.216732
0.204726
0.300600
-1.616893
-0.631711
0.546416
-0.742869
-0.989788
-0.098782
-0.555133
-0.507235
0.004657
0.044180
0.315525
-1.100832
-0.916730
0.878801
-0.773993
-2.267424
-0.224976
1.782313
0.133569
-1.240106
0.835468
-0.254978
-0.808131
0.736361
0.929733
-0.784194
0.201725
-0.312386
0.844811
-1.246748
0.116067
2.686160
0.475326
-1.009936
0.227613
0.491944
-0.025059
0.422552
0.270442
-0.148624
1.073180
-0.007251
-0.744758
0.095481
0.042989
1.282180
-0.118662
0.690134
-0.710019
0.937521
1.342647
-0.771875
0.925496
0.795960
0.526352
-1.448559
-0.796507
0.715898
-1.340184
0.631735
0.699740
0.319624
-1.156768
0.485600
0.355073
-0.494500
-1.287188
1.385359
0.989479
0.396128
0.966344
-1.474521
0.384145
0.272921
-0.040830
0.287817
-0.394029
-1.750908
1.546803
0.445159
-1.366065
0.366489
1.900174
-1.205035
1.125556
1.286277
0.138087
0.259815
-1.423562
-0.755102
0.046186
-0.276799
0.477759
-0.039629
-0.610339
-0.308426
0.951573
-1.324595
1.375604
-1.426205
0.366884
0.636757
-0.120244
-1.358056
-1.058500
-0.799289
1.118644
0.832004
-0.542701
0.592702
-0.605205
0.442433
0.287859
-1.455819
0.083532
-1.185725
0.331661
0.007681
0.429916
-0.955006
-0.606247
-1.694349
1.136754
-0.530309
1.403094
1.739809
1.808728
0.599143
-0.105252
-0.553430
0.038191
1.936656
2.044686
1.769032
0.431979
-0.366729
-0.870907
0.720306
-0.302731
-0.718431
0.133194
0.293146
-0.613116
-0.605335
0.756449
-0.078060
-0.001303
-1.228988
-0.457567
-0.436890
-1.247298
0.118820
0.662458
0.139159
-0.031266
0.144238
-0.528306
1.512119
-0.067125
-1.294962
-2.074849
-0.567370
1.872849
1.970293
0.081032
0.188135
1.107863
0.701830
0.344403
-0.356613
0.996907
-1.092202
-0.707959
-0.486801
-1.235266
-0.139540
0.864034
-0.747100
-0.684691
0.245669
0.032841
-1.191511
-0.643005
-0.550234
-0.053806
1.260224
1.793452
-0.657742
-1.025363
-1.193868
-0.370085
0.470224
0.524593
-1.580824
1.351233
-0.668542
-0.968755
1.069867
-1.169678
0.134611
-2.165790
0.432265
0.944221
2.680865
-1.233573
-0.205077
-1.909888
1.902345
-0.170798
0.533428
0.351216
1.170794
-0.033043
-0.464835
-0.085864
1.677007
0.553343
1.983969
-1.633633
0.747382
0.405749
-0.919674
-0.318008
0.769402
0.653528
0.420293
0.521375
0.497002
-0.871572
0.717282
-0.374395
-0.426881
2.011245
-1.502934
1.667747
0.998144
0.754880
1.233731
-0.312780
-1.435999
-0.385913
-0.443632
0.317283
0.598380
0.402424
1.572786
-0.425302
-0.781419
-0.391845
-0.827365
-0.153930
-0.974005
-1.739283
-0.658980
-0.885495
-0.200467
-1.520522
1.241214
-1.415214
-0.071810
0.002877
0.460274
0.698625
0.083477
1.479700
0.608774
1.028441
-0.567477
-2.239739
-0.613810
-1.534426
-0.205053
1.312263
1.597369
-0.357325
0.227988
0.216768
0.554091
0.258660
0.188701
0.244838
0.071730
0.194169
0.165392
0.220718
-1.013085
0.994271
-0.270507
0.259948
0.385770
1.405931
-0.749574
0.104378
-0.131097
-0.731581
0.261623
0.294168
0.286781
-1.427671
0.809718
-0.896418
-0.145930
0.857739
0.077934
-0.553389
-1.011229
1.350993
0.936628
0.154154
-1.782322
-0.366291
1.333552
-1.171489
2.209043
-1.302770
0.049026
-1.654985
0.457466
0.016273
1.056834
0.100152
0.969138
1.656127
-0.626611
-2.612826
-1.416589
-0.738661
-0.719925
0.070951
-0.048945
-0.649894
0.655100
-0.214201
0.033434
0.986161
0.536904
-0.040084
0.970520
0.010664
-0.222179
-0.676634
-0.305731
-0.507979
1.385160
0.798269
-0.325532
1.319501
0.262747
0.066921
1.017883
-0.417219
-0.792515
0.107704
-1.170229
-0.092772
0.053924
0.303584
0.345325
0.160078
1.234626
0.462192
-0.286721
-0.834860
2.132046
-0.252351
0.131571
-0.100553
0.341440
-1.507867
-0.561292
0.202544
-0.572911
-0.829320
-0.851403
-0.110287
-1.592309
0.960398
1.499624
-0.843224
-0.454465
1.381680
1.108437
-0.336310
-1.353169
-1.387213
1.220911
0.315604
0.396192
-0.580863
-0.140013
0.258501
0.595162
0.134351
-0.885180
-0.475266
0.427592
1.452034
-0.184294
0.508890
-0.098381
0.756459
-1.018779
0.259269
0.477841
0.837487
-0.177969
0.170073
-1.577803
0.025632
-0.704152
1.877107
0.166710
-0.106562
0.284472
-2.131949
-0.477853
-1.048163
0.582356
-1.064087
-0.676969
2.221954
0.242666
0.225368
-0.350575
0.982544
1.376865
-0.048530
-0.330549
0.051805
0.730668
-1.121981
0.890786
0.986731
0.147236
-0.283031
-0.102288
-0.371406
-0.945806
1.718955
0.880590
-0.353773
-1.116768
0.352996
0.661527
0.120097
-0.532293
-0.995479
-0.570158
-0.871732
-0.591360
-1.809464
-0.452403
-0.654977
-0.657432
0.317475
-0.342863
-1.009294
-1.485884
-0.538751
0.153594
-1.157131
0.797180
0.616621
-0.813239
1.297185
-1.349443
0.344468
0.095858
-0.800770
0.982720
0.328822
-1.545327
-0.430733
-0.090955
0.996890
-1.136384
0.608840
-0.727642
-2.026083
-0.784111
-0.519476
1.078097
-1.651118
-1.866549
0.630472
-0.330524
0.168961
0.315997
0.214472
-0.383267
0.095819
-1.277555
-0.240458
1.315946
1.129098
-1.316926
1.604845
-0.095670
0.819951
0.579740
-0.868786
0.362149
0.439378
0.842679
-1.801430
-1.220409
0.609924
-0.303893
-1.106065
-1.284904
1.640882
0.079051
-0.421908
-1.767799
-1.355771
-0.247534
-0.969943
1.027245
-1.568720
0.721744
0.138852
0.543374
-0.243112
0.955721
-1.023192
0.598971
-0.773269
-0.985610
1.461197
-0.353701
0.765397
0.917410
-0.262503
-0.535083
0.266560
1.321805
0.363606
0.664789
-0.531177
-0.124998
1.085125
-0.277869
0.814003
-0.300256
-0.087898
-1.433125
-0.458090
-0.043489
-0.189885
0.122835
0.683453
0.245433
-0.713846
-0.792376
-0.284268
-2.210815
-1.678934
1.130685
0.185368
0.871907
-0.594435
1.061511
-1.294984
0.304401
-1.510838
0.092455
-1.534194
-0.822911
0.152794
-0.587479
-2.099154
1.611350
1.261367
-0.424760
-1.390189
-0.656734
0.937411
0.914846
-1.523748
0.795374
1.061692
0.234414
-0.770322
-1.056535
-0.981174
1.338920
1.273986
0.712865
-0.025237
-0.095138
-0.011525
0.249491
0.942621
-1.112657
-0.684548
-0.689555
-0.007048
1.034693
2.063356
2.039986
-0.825235
-1.676433
-2.293815
1.781756
0.429685
1.369210
2.582677
-0.315491
1.244245
-0.579471
-0.980770
0.528080
0.125636
-1.578257
0.442740
2.358359
-1.077117
1.206541
0.555987
-0.174667
0.967081
1.916715
0.078980
0.288040
-1.515588
0.061940
-1.601004
0.488859
-0.392281
1.036644
-0.977525
0.074609
-0.331663
0.703197
0.835206
-0.395230
-0.502139
1.661428
0.654556
0.641616
-1.278958
-0.194017
1.854414
-0.188491
1.061214
-1.118515
0.360222
0.211419
-0.998927
-0.485663
0.283703
0.999735
-1.412199
-1.601312
1.652070
-0.179861
2.455497
1.579468
0.137712
0.405463
-0.341035
-0.816617
-0.011592
-0.034945
-0.194019
0.519592
1.265249
-0.417278
1.553403
1.123680
0.925226
-0.222665
-0.664728
0.131479
-0.313887
0.168086
1.368100
-0.892917
1.583079
-0.142344
-0.537956
0.888532
-0.311382
-1.652162
-0.556861
-0.927627
-0.698492
-0.667997
-0.628320
0.799493
1.036755
-0.095052
-1.348434
-0.757656
-1.273152
-0.424033
0.874180
0.076740
0.228148
-0.114729
0.062122
-0.132320
0.438969
0.628598
0.428028
-1.011269
-0.320337
-0.700421
0.367128
-1.353986
0.674569
1.339052
0.438318
-0.685970
0.141630
-0.907563
-0.101365
0.251773
-0.242733
-1.030075
-0.737234
2.197406
0.188264
-0.574344
-1.809657
1.180148
-1.042052
-0.444447
-1.332634
0.976987
0.554462
-0.717073
-0.085505
0.838826
-0.620016
0.197849
-0.929561
0.000718
-1.167881
1.049928
0.057584
-0.474589
0.649906
1.525647
0.817971
1.251580
1.047935
1.279074
-0.926625
0.883727
-1.983216
1.950160
0.662862
0.861679
-0.197412
-0.593800
0.551330
-0.670114
-1.427301
1.224438
0.717975
-0.415208
0.171779
0.423662
0.625845
-1.043623
0.897962
0.698740
0.795412
0.795839
-0.130503
1.018291
0.063886
-0.304275
0.031665
0.082506
1.550150
-0.240659
0.879675
0.722518
-0.926214
1.063439
-1.200427
-0.039754
1.523740
0.189310
-0.587434
-1.128250
-0.525089
0.250476
0.935143
0.314670
-0.255439
-0.642544
0.666142
0.327300
-0.893688
0.038120
1.113568
1.501184
0.151701
-0.392529
1.406102
1.514152
0.014189
0.125596
-0.598985
1.270556
0.065407
1.225253
-0.179746
1.231337
-0.868931
1.042040
0.575248
0.061178
1.236575
0.393224
-0.635195
0.881902
-0.507093
1.614782
0.751682
0.631196
3.290647
0.170485
0.591592
0.656048
0.110320
1.269923
0.014465
0.921454
-1.268873
-1.114213
0.213668
0.682618
-0.760641
0.228186
-1.158710
0.921005
-0.363057
0.120983
-0.660125
-0.569824
2.067188
0.862431
0.993786
-1.313187
0.421264
-0.059068
1.013957
-1.956898
1.732042
1.205203
0.382072
0.549223
-2.015778
-3.038572
-0.372086
1.203581
0.744509
0.992466
0.722103
-0.016925
0.757412
0.661130
-0.013998
0.246782
-0.340465
0.469680
-1.239689
-1.540157
-1.570740
1.010140
-0.158883
-0.108228
-0.095538
-0.240375
-0.580145
2.614099
0.087588
-0.607619
-0.199095
0.023262
-0.532763
-0.892805
-1.131523
1.732026
0.143900
0.583537
-1.840503
0.046902
-0.160057
1.134992
1.033991
-0.456135
1.311327
-0.646543
0.223875
0.573151
-0.274687
-0.685086
-1.109005
-0.237766
-0.618291
0.263870
0.536438
0.437218
-0.874740
-0.928752
-0.230653
-0.292530
1.473263
-0.189330
-0.045441
0.218230
0.881942
1.268108
1.898312
-0.216963
-0.250711
-0.042373
0.913478
0.006128
-0.811204
0.745853
-0.033072
0.064467
-0.745561
1.708417
0.764349
0.241116
0.816158
1.244302
-0.178550
-1.621449
-0.056492
0.882904
0.833358
1.744170
-0.775299
-0.831166
-0.550574
-0.242089
1.140783
0.964789
-1.202536
-0.265578
0.749837
0.251874
0.642212
-0.612973
-0.572929
-1.723418
-0.091194
-0.103350
-0.122021
1.397778
0.073877
0.069781
1.025476
0.829168
0.799061
-0.853620
-1.625697
-0.047102
0.087701
0.080412
1.994015
1.010859
-0.450827
1.096551
-0.255331
-0.950527
1.014648
-1.222876
0.487797
-0.546307
1.319668
-0.241680
1.122608
1.085598
0.012851
0.250537
-0.351283
1.033558
-1.724172
0.645800
1.628860
-0.187766
-0.766059
-1.089108
0.363529
0.917675
1.489704
-0.589123
1.015070
0.533937
-0.265083
-1.326056
0.239678
-0.248123
1.813002
2.059557
-2.072543
0.496564
1.461519
1.417452
-1.493040
1.479165
0.455922
0.142886
-0.660531
0.527324
-0.752234
1.239114
-0.785203
1.547021
-1.058532
-0.953871
-0.395312
0.326755
0.979806
-1.225342
0.326011
1.627445
0.404816
-0.364513
1.263217
0.133098
-1.075820
-0.961792
-1.235887
-0.462968
-1.114546
-0.850029
-0.754398
-0.853926
0.728292
0.706212
0.038258
-1.586618
-1.969277
1.226344
-0.171812
-1.203065
-1.540734
1.264408
-0.550127
-0.566067
1.109918
0.093515
-0.525410
0.192332
-1.035699
0.231137
-0.101710
0.530086
-0.401993
-0.433135
-1.954635
0.784981
-0.320385
1.017617
0.893619
-2.258574
0.019871
-1.176075
0.793824
0.579050
-0.711573
1.268482
0.857913
-0.134896
-0.725387
0.995195
0.602113
-0.564048
0.229543
0.910583
-0.942207
-0.344519
-0.260430
-1.426832
0.459231
1.291661
-0.929523
1.268074
-0.553696
0.946422
-0.347413
0.552102
1.836179
-1.324685
-0.409059
-0.332528
0.394107
0.302374
2.108011
-0.513693
0.938750
-0.843954
-0.299030
0.283299
0.229622
0.593041
0.330647
0.033957
-0.793996
0.529834
-0.031751
-1.170721
1.547263
0.822387
0.199806
-1.055507
1.454884
1.185834
-0.413641
-1.702829
0.007842
-1.183803
0.586883
-2.144275
-1.831264
-0.070197
0.913043
0.042496
-1.684323
-0.015830
0.547852
-1.552997
-0.364097
0.468431
-0.237635
-0.665415
-1.046305
1.609163
1.218419
-0.177382
0.188396
-0.368924
1.653181
-0.887994
0.957254
0.906118
-1.007150
0.714074
-1.698120
-0.510068
-1.447660
1.248149
-1.253082
0.046865
0.843400
-0.028057
-0.052056
0.435612
-0.194479
0.271577
0.070648
1.116586
-0.152446
-0.841807
0.601730
0.685181
-1.204396
-1.132145
-0.420459
0.798748
0.433816
-0.845624
-0.461180
0.472619
1.544412
-1.368324
-1.186276
-0.759224
0.188400
0.035193
0.089540
0.283409
0.093368
0.894068
1.617079
-0.648755
-0.128898
-0.531138
0.255994
-1.229561
1.414510
-0.383450
0.559748
-0.010000
-0.531909
1.301951
-0.646870
-0.346705
1.091524
-0.240699
-1.513898
-0.558572
0.689852
0.478216
1.037033
0.269804
-1.101158
0.344433
0.235184
0.298529
-1.120899
0.302027
-0.847447
0.495610
-0.652416
-0.227053
-0.092613
0.866563
-1.048962
-0.933893
0.018256
0.654816
0.627649
0.151269
-0.816670
0.931813
1.679036
0.131184
0.636350
-0.439480
1.506532
0.580679
-0.022593
-0.706945
-0.065669
0.222742
0.554516
-0.303128
-0.933939
-0.320385
-1.348576
-0.107020
0.432936
0.408877
-0.258783
0.860615
-1.006596
-0.921710
1.280495
-0.920549
1.163260
1.463329
-1.219382
-1.085222
0.694193
-0.224589
0.772585
2.332839
-0.493953
1.893355
3.699771
-0.720536
-0.546735
1.067302
-0.032585
-1.199340
0.876985
-0.562034
-0.446462
0.987380
-1.312970
0.291831
-0.964596
0.676899
1.264799
-1.841606
1.384412
0.932765
1.590737
0.066353
-0.608244
-0.189866
-0.522819
-2.286660
0.145291
0.407660
-1.005077
1.448639
0.013134
0.471813
2.024585
-0.220522
-0.416707
0.783072
-1.206897
-0.606599
-2.336754
1.363993
0.565314
-0.625324
1.323566
0.195661
0.272442
0.912483
-2.499794
1.133996
-1.041385
0.232197
-0.113241
-0.702411
1.927174
0.661532
0.841753
-0.695789
-1.616277
-1.524434
-0.463646
-0.941319
0.158288
-0.339173
0.656708
-0.235603
-1.788851
-2.033588
0.648746
-1.105364
0.175392
-0.846469
-0.086182
0.470687
-1.041031
0.162333
-2.345838
0.221404
0.052896
-0.975519
0.347359
0.157241
0.784063
0.213679
0.289175
0.902415
-1.415435
-0.325545
-0.337595
1.618138
0.806118
-0.163927
-0.373098
1.627602
0.963032
0.119267
0.191648
0.999841
0.794821
1.849502
-0.673334
-0.070489
0.137050
-1.809696
1.671423
0.120975
-0.457071
-0.542204
-0.534531
-0.620880
1.175778
-0.721804
-1.219641
-0.111115
-0.071404
0.819680
-0.526169
-0.632663
0.492117
-0.669995
0.294424
0.122078
-0.205912
-1.325564
-0.111868
0.714120
-0.525339
1.098765
-0.843246
0.456282
0.781439
-0.117372
-0.503000
-0.192059
-0.714710
-0.184277
1.333707
-1.723801
0.720974
-1.409076
1.270292
0.328384
0.400594
1.490619
1.345767
0.593861
1.278856
-0.939078
0.573396
-0.329084
0.575395
0.210683
1.299959
-0.414259
-0.908095
1.088112
0.570314
-1.528703
1.148616
-0.852938
0.830745
0.008993
0.560480
0.412417
1.642093
0.098709
-1.243849
0.177741
-1.012936
0.763016
-0.024658
0.168308
0.331043
1.147368
1.279096
0.378991
-0.639226
-0.401842
1.700820
-0.032897
-1.799807
-0.338591
0.197502
0.560077
-0.136535
0.606430
-3.219610
0.618237
-0.406522
0.449114
-0.835794
-1.638468
0.417507
-0.682185
1.073930
0.276237
0.113628
2.536368
1.278141
0.165747
-0.352423
0.413570
0.331017
-0.657162
-2.054255
-1.108343
-0.197594
0.723390
-0.777303
-1.052412
-1.702364
0.145632
1.058296
0.569760
0.142049
0.903076
-0.219399
0.535118
0.023123
1.525207
-1.413782
0.258092
2.185863
-2.540583
-2.061189
2.107779
0.280360
-0.492114
-2.039012
0.525760
0.335447
0.287072
0.994718
0.780756
1.117500
-2.258602
0.181397
-1.660645
1.203470
1.514300
0.705456
0.075051
-0.123651
0.635322
-0.470401
1.415148
0.006810
0.829704
0.385873
-0.274020
0.050099
0.709950
-0.358134
-0.571892
-1.035339
-0.192540
-1.871880
-0.643857
-0.171823
0.733145
1.457506
-0.818978
0.206440
0.441990
-1.570817
-0.469402
1.741856
-0.294683
0.274589
-0.973565
0.016986
0.820820
0.045127
-0.139137
-0.046975
-1.539475
-0.811494
0.752007
0.402456
-0.703356
-0.455519
0.688756
1.167853
-1.627187
1.831747
-0.570061
-1.518875
0.316266
-0.139315
0.532316
1.411120
1.669673
0.583624
0.564652
0.783856
0.341505
-0.100996
-0.409985
-1.961488
-0.695125
-0.590283
-0.989027
-0.413841
0.710612
-0.152183
-1.244126
-0.048440
2.042642
-1.014160
-0.339379
-0.098656
0.869788
-1.386826
-1.320328
-0.287681
0.231507
-0.028647
1.453585
-0.302787
1.415562
-0.942720
-1.016246
0.494839
-0.381175
-0.436837
-0.247583
-0.224230
-0.500948
0.363139
-0.922574
-0.314448
0.879593
0.308608
-0.432837
-0.258876
0.412104
-1.080457
0.235140
-0.710649
-1.173160
1.531758
0.536490
1.743289
1.209743
-0.172989
-0.892372
0.231677
1.803963
0.652274
0.340791
0.261430
-0.306712
-0.440903
0.572293
0.682871
-0.268846
0.860881
-1.751005
0.034280
-0.470676
-0.992179
-0.324181
1.400732
0.409771
0.283398
0.466453
0.286673
0.128855
-0.013863
0.110823
1.054529
1.013783
-0.675616
-0.506509
0.191625
-0.140087
0.795806
-1.200683
-0.775140
1.047686
0.962432
1.116435
-0.726791
2.619131
0.163395
-0.623162
-1.502213
0.036901
0.821495
-0.332819
-0.674772
0.085014
-1.069601
0.009071
0.469997
0.237621
-0.597364
-0.632454
0.157316
-0.978619
0.139241
2.031959
0.085178
1.838699
1.866542
-1.239397
0.258439
-0.934364
0.549235
-0.554840
0.621483
-1.013442
0.571440
-0.051159
-0.867736
0.292825
-1.123109
0.528310
-0.108167
0.412591
1.641433
-0.933144
-0.637409
0.905648
-1.986861
-0.364158
-2.413798
-0.915612
-1.555314
-0.363940
-1.358870
1.026190
0.421496
-0.471381
-0.374315
1.690881
-0.599589
1.043904
0.154584
0.140669
0.192112
0.642600
-1.185134
0.458893
0.250169
-0.849753
-0.932171
-0.192994
0.931866
-0.085459
0.536292
0.427542
-0.310400
1.864985
-0.672471
-0.755837
0.880093
-0.304602
1.753937
-0.059514
1.143399
-0.151440
-0.248218
-0.060630
-0.446154
1.829459
0.463421
0.980475
0.474834
-0.499241
-0.311798
0.817944
0.136922
0.836097
0.885431
-2.061929
-2.337785
0.154761
-1.290445
1.257524
0.301032
-0.745104
0.375724
0.478469
1.460681
-0.613566
-0.535024
-0.243610
2.048537
0.218898
0.638248
0.593506
0.493944
0.077584
1.734130
-0.654456
0.399713
-0.395359
-1.070896
-0.732901
-1.078315
0.020574
-0.372790
-0.747084
1.477433
-0.511126
-0.095698
0.526576
-0.004395
0.097863
-0.294081
-0.125655
-1.091430
-0.594776
0.305189
1.009902
-0.506200
-0.554461
0.916563
-0.496015
-1.834585
-1.013453
-0.824012
1.159050
0.182002
-2.186215
-2.185649
0.902220
0.688207
0.801615
-0.596283
0.751581
2.093853
0.341813
0.348918
-0.965152
0.046285
-1.152237
-0.025728
-0.347633
-0.004923
-0.625376
0.188284
-0.382088
-0.634085
-0.144688
0.612893
0.730844
-0.754489
0.594287
-0.049274
0.318827
-0.381100
-1.828552
-0.321505
-1.221534
-0.046543
0.007553
0.000580
-1.096108
1.186540
-0.237451
0.815327
0.678188
0.033208
0.522669
-0.659240
-0.613500
0.458542
0.487684
0.951390
0.841510
-2.114550
-0.556214
-0.117917
-1.962813
0.897529
0.536341
2.470141
-1.478824
-0.067887
-0.254622
1.328537
-0.427166
0.647274
-0.582544
0.583160
-0.033240
-0.333707
-1.008957
0.665306
-0.334713
-0.533460
-1.043633
0.059010
-0.533019
1.505589
0.613899
0.950110
0.711785
-0.095090
-1.328038
-0.583427
-0.250517
0.335531
-0.012252
2.516466
-2.188315
-0.140174
-0.671613
0.763508
-1.321364
-1.397222
2.663741
-1.071556
-0.291676
0.394703
-0.024212
0.508373
1.843153
1.143630
-1.972418
-0.176035
0.109040
0.777794
-0.553477
-0.190213
1.245548
-0.473374
-0.266080
-1.410245
1.681702
-0.914564
0.830084
0.318602
0.233230
1.444487
-0.041850
-0.984656
0.460613
0.911076
-0.329477
0.758977
-0.893925
-0.498710
0.153128
-0.769937
-1.182785
0.932970
-0.892735
-1.131888
0.387703
-0.116393
2.287215
0.470995
0.014958
-0.845961
0.901935
0.827965
1.394401
-0.661061
0.036129
-0.488490
0.609227
-0.349668
-0.396931
-0.361424
0.881254
-2.030815
-0.421179
0.160186
-0.159369
0.885586
-0.480081
0.521819
-0.113691
-1.762356
-1.282360
0.131280
-0.097305
-0.045055
1.390242
-0.319010
-1.282717
0.723327
-0.117574
-0.789988
-0.112099
1.454836
0.760221
0.958652
0.052700
-0.671989
0.939932
0.766762
-1.539506
-1.102212
-0.014661
-1.322566
-0.064501
1.632414
-0.781709
-1.091557
-1.351525
0.052232
0.015502
-0.721062
-0.024014
-0.083028
1.803209
0.437314
0.196616
-0.708381
-0.983122
0.393733
0.287110
0.647428
-0.644711
-0.267585
-0.684655
2.442467
1.105791
-1.712532
1.583984
-0.697029
0.102463
-0.463038
0.977335
-0.120019
-0.753938
0.891399
1.755189
-0.259578
0.521906
0.808251
-0.877995
-0.625051
-0.341439
-0.065160
-0.092367
1.428441
1.066919
-0.082189
0.048096
0.852034
0.404581
-0.326635
-0.377780
-0.797312
0.562126
-0.426355
0.770355
2.001387
1.618162
0.806871
0.320872
1.409983
-0.888096
0.150722
1.260604
1.224460
0.101154
-1.332473
0.131493
2.225794
-1.991827
0.839771
-0.886460
-1.896548
-1.429374
-1.514294
-0.554145
-1.645826
-0.867254
0.852493
-0.403304
-0.629315
0.687522
-1.297374
1.605739
-0.777917
-2.164029
-0.991753
0.930652
1.153379
0.395709
-1.010008
-1.282877
0.494711
-1.260331
-0.393309
1.536721
0.216763
1.132427
-1.318167
1.139192
0.151548
0.668172
0.142170
1.626248
-0.201425
1.301120
0.515846
-2.353036
0.347646
0.415182
0.188181
1.597298
-0.549111
0.142700
-1.211702
-0.616005
-0.019977
-1.097791
1.062068
0.747493
-0.504218
-1.922266
-0.078925
0.100053
-0.402825
-0.613787
0.515098
0.162379
-0.960607
0.072614
-1.621154
-0.505097
0.280865
-0.831170
0.439846
0.362797
-0.345089
0.765229
1.309598
1.117019
0.122691
1.077329
1.033875
-0.548728
-1.890924
0.505972
0.185676
-0.954519
1.432602
0.823614
-0.221202
-0.446682
-0.311567
-0.421192
-0.524264
0.301258
-0.405677
0.135095
-1.062820
0.029975
0.149806
0.339785
0.914196
0.468821
2.473823
0.335900
-1.433958
-0.437759
-0.329748
-0.422465
-1.172989
-1.543282
1.318750
-1.019902
0.265619
-0.206948
0.636756
-0.114478
1.246013
-0.508369
-1.168924
-1.169707
-1.310332
-0.297805
-0.314722
-0.720841
-1.100277
0.234719
-0.654233
1.061372
-0.396006
0.752902
0.943926
1.860463
-0.305454
-0.806613
-2.032107
0.519127
0.616945
0.180938
0.544255
0.183433
0.643608
-0.908429
-0.310804
0.241118
0.662285
0.005987
-0.013122
-0.422499
-0.762036
0.401987
0.133314
-0.167702
0.302168
0.998259
-0.897523
-0.138411
1.113292
-1.635066
-0.442617
-1.354156
-0.771711
2.177059
-0.194646
2.575815
0.339102
0.514480
-0.203151
-0.317314
-0.599469
1.073477
0.593200
-1.306002
0.148910
-0.013681
-0.092221
-0.834399
-1.833189
-0.268109
0.773850
1.428368
-0.449715
1.192895
1.972539
0.435680
0.887198
1.019813
0.573479
-1.843351
0.678275
-0.664567
-1.352122
-0.570699
-0.176000
0.338998
0.033766
-0.139938
-0.497404
1.037433
-0.953394
-0.931727
0.357931
-0.178435
0.990538
0.140853
1.176889
-0.674362
0.343888
-0.129141
-1.733927
1.617735
0.787081
0.446891
0.555822
-0.858520
0.209498
-0.693060
-0.712359
-0.641999
0.710437
0.292198
0.416349
0.469792
-2.135637
-0.209241
1.652146
-1.001237
-0.358826
-0.593019
-0.474970
-0.781502
-0.098598
-0.213040
1.211668
-0.190950
0.599205
0.505949
0.331737
-2.104138
-1.364761
0.550175
-0.534954
-0.166222
-0.418882
0.020902
0.088297
-0.178519
-0.485799
-0.373707
-1.488060
-0.568164
-0.917002
0.920147
-0.797288
-1.009550
0.906383
1.932048
-0.367991
-0.596563
0.234612
-1.785223
-0.563683
0.285599
0.549158
2.485170
-1.151322
0.143678
-0.945308
-1.367983
-0.934884
-0.174839
-1.950530
0.571349
-0.292381
-0.703945
-0.091844
-2.286149
-0.916100
1.036737
-0.563723
-0.874413
1.725754
0.587326
-0.368138
0.205515
-0.115005
0.715680
-0.103666
0.214030
-0.023616
-1.083676
0.366098
-1.791434
-0.072619
1.059938
0.338867
2.345330
0.056788
1.180574
0.059935
2.271532
0.285600
-0.535278
0.593447
1.472880
0.308602
1.315366
-0.670573
-0.767124
1.994766
-0.306570
0.917503
0.847339
-0.662691
-0.336668
-0.553532
-0.284660
1.004524
-1.078058
1.578817
0.238541
0.960229
0.171238
0.759653
-0.205346
-0.662216
-0.686098
0.503036
-0.194945
-0.852153
0.159750
1.165726
-0.579950
0.813032
-0.264000
-2.459687
-1.509581
0.669523
0.246160
1.065279
-0.603774
1.571460
-0.587159
-1.490621
1.337493
0.615998
-0.142808
-1.657722
-0.187071
-0.977944
0.083225
-0.486158
-1.733854
1.170548
0.275608
-0.174635
-1.482069
0.802514
1.373572
0.651200
-2.509986
0.283523
0.008078
1.550348
1.615032
-1.436265
0.229637
0.390291
0.491467
1.228912
0.828800
1.015288
1.294869
1.267155
1.176253
0.418533
1.202627
0.731626
-0.883213
0.205208
-0.264339
-0.614512
2.444433
-0.842659
1.014921
-0.212761
-0.313557
-0.142578
-0.933216
0.701277
0.685865
-0.027632
-0.157878
-2.859311
0.178713
-0.933250
0.115460
-1.039734
0.432317
0.869099
-0.420226
-1.267828
-0.189319
-1.266116
-0.247918
-0.838276
-0.222786
-0.702811
-0.057254
0.259915
0.256047
-0.292333
-1.125831
-1.074072
-0.668992
0.375891
1.377062
0.062401
0.701276
-0.797550
1.076133
1.104633
-0.536512
0.618895
-1.543040
0.483339
-0.972947
-0.288986
0.510891
-1.316046
0.139340
1.424206
1.093214
-1.422022
-0.087531
0.942194
-0.338578
0.856011
-1.290569
-0.319964
-1.117908
0.265092
-0.330452
-1.212257
-2.962797
1.380689
0.271320
-0.581561
2.676163
2.652849
1.117925
1.124566
0.339695
0.252392
1.471419
1.382541
-0.351926
0.886064
-1.282950
0.965969
-1.421897
-0.442507
-0.161111
1.729598
-0.311251
0.420616
0.206648
-1.607467
0.910479
-0.187555
0.122945
-1.141723
-0.961859
-0.007211
0.293553
0.286297
-2.208979
-0.909148
0.103270
0.176572
0.439522
-0.040899
1.058654
-0.025792
-0.725514
0.324619
-0.801302
-0.298265
-0.117163
0.359057
-0.993768
0.007976
-0.514100
-0.644761
0.398787
-1.286520
1.015230
1.128398
-0.293940
0.180076
0.627551
-0.284456
-0.872651
0.166291
1.431191
-0.295726
-1.271942
-0.328485
0.433157
0.429291
0.514161
0.719139
-0.567651
0.711022
0.436180
-0.394344
0.539286
-1.779288
0.195398
-0.734648
-0.677465
-0.286500
-0.963025
-0.353867
-0.216245
-0.946302
-1.721949
-0.329782
0.852557
1.043075
1.320081
0.415072
1.508016
-1.500050
0.733013
1.429574
0.993635
-0.143401
-0.501724
0.113193
-0.389944
-0.165985
1.719620
-0.482454
0.928674
-0.747127
0.648280
0.542401
-0.649141
0.403127
-1.633979
0.896450
1.118189
0.204866
0.579025
-0.338276
-0.353009
0.062562
0.641090
0.433032
1.715516
0.602437
2.160007
0.328091
-1.683113
-0.451296
-0.307243
1.137161
1.758290
-1.233638
0.007591
0.293273
1.207775
0.672736
-0.495435
-1.033473
-0.485264
0.432477
0.289146
1.905164
0.501392
0.530293
0.385204
1.245758
0.143981
1.189216
-0.816215
-0.515447
-1.234731
1.160227
-1.335060
-1.107329
1.323240
-1.205471
1.197260
-0.836383
-0.212934
1.448554
-0.068319
0.177718
0.152699
-1.011232
-0.518010
0.361631
0.185060
0.943859
1.195805
1.176327
0.199909
0.927973
-0.006861
0.261363
-0.084693
-0.369598
-1.050330
0.673733
-0.913510
1.611843
0.543779
0.714077
-0.950931
-0.980753
-0.485931
0.824641
1.216924
0.919996
-1.145185
0.855432
1.771202
-0.222818
0.079245
-1.290848
-0.193597
0.554067
1.921083
0.580674
-0.521723
-0.195199
-1.093248
0.332975
2.479948
-1.481678
-0.217466
1.861237
0.002794
-0.431533
0.267905
0.775949
0.063548
-0.797683
-1.754357
0.411396
-1.821725
-0.553850
-1.051831
0.180503
1.369962
-1.423537
0.428532
0.936321
0.632880
-0.208651
-1.222259
-0.875809
1.403041
1.806574
-0.409164
0.859672
-0.667627
0.026623
-0.972723
-2.108210
-0.477683
0.340930
-0.911200
0.552891
-0.976600
0.302922
1.281209
-0.120350
0.824655
-1.140072
0.163740
0.639427
1.719867
-0.600159
0.030644
-0.368179
-0.258531
0.651649
-0.874427
0.242669
-0.276938
-0.445659
0.652348
0.915687
-0.036812
-0.628824
1.121779
-0.190821
2.768755
-0.655804
-0.048772
0.604550
1.438197
-0.822697
0.308376
-2.294868
-0.180939
1.485977
-0.509730
-0.520097
-0.290754
-0.358794
-0.680906
-0.259480
0.416480
-0.278629
-0.079114
0.959691
-0.795925
-0.624210
0.647884
0.048076
0.015732
0.105494
0.973714
0.472692
-0.169399
-1.454752
0.552658
-0.792061
-0.035673
-0.910222
-2.054418
-2.459380
0.472871
-0.987533
-0.308090
-0.166980
-0.075164
0.398172
-1.945153
-0.463720
-0.180641
-0.164522
-0.487213
0.810207
-0.424512
0.696881
0.607957
1.834317
0.681188
0.523399
0.333210
0.468439
-1.438532
1.296691
-0.415856
-1.122465
-1.144555
-0.113031
-0.524172
0.054287
0.784210
-0.811041
1.084326
0.569254
0.121965
-2.074455
-0.470210
0.237410
1.093113
1.950180
-0.447332
-0.283619
0.015708
-0.971110
-0.931117
0.441658
1.543142
0.693091
-1.898384
0.717075
1.697820
0.405222
-2.181331
0.733477
1.306531
-1.611384
0.676421
-0.081203
0.275679
-1.956270
-0.288526
0.573274
-0.387913
-0.569860
0.484456
0.291110
0.495950
-1.323633
-0.522399
0.416808
-1.323920
-0.120804
1.229706
1.433941
-0.571610
0.159333
-1.406880
-0.834190
1.342689
0.387056
0.929355
-0.069417
0.593195
-0.980569
-0.175477
-0.836723
-0.461949
0.087231
0.258882
-0.492384
0.665096
1.152209
0.701558
0.090020
0.073901
0.321528
0.643315
0.791576
0.258376
-1.188749
1.913314
1.702149
-1.753281
-0.513738
0.055387
-0.556491
1.776905
0.087952
0.130524
-0.830893
0.090670
-0.794548
0.824075
0.199043
0.533648
-1.938928
-0.455364
-0.117170
-0.724637
0.005985
-0.098167
-0.636392
1.105979
0.473752
0.590695
-1.889614
0.741732
0.537592
0.465400
1.697492
-0.468112
1.089155
-2.400029
-0.354730
0.633400
3.015655
1.139487
2.596077
-0.254125
-1.499560
0.567113
-0.053298
-0.714554
0.090721
-0.451671
-0.595811
0.927201
0.438284
-0.525993
0.557047
-0.054287
0.682085
-1.739555
0.039953
0.420596
-0.729544
-1.739865
-1.645366
-0.264419
-1.362079
0.336110
0.532589
-0.405054
0.243839
-0.265684
0.647770
0.620057
-0.566676
-0.270756
-0.565318
-0.211210
-0.899135
-0.263268
0.838310
-0.234747
0.134574
0.420386
-0.814892
1.230289
0.460278
-0.583522
-0.393145
0.189385
-0.758884
-0.284726
0.787723
-1.192382
-0.822894
1.124970
1.138119
-0.147778
1.166726
1.150834
1.037973
1.241749
1.284842
-0.466734
0.075205
0.459629
0.048390
-2.053711
-0.612481
1.451742
1.151397
-0.533525
0.229211
-0.434456
0.251223
-0.752966
-0.685399
-0.136008
0.671730
-1.255118
0.038088
-0.344578
1.049150
-0.665696
-1.096439
1.155524
0.556559
0.941847
0.067316
0.112607
-0.835349
-0.600367
-0.299795
0.150981
0.709605
0.368157
-0.631266
1.376838
0.257127
0.762046
-0.865730
-0.567482
1.086947
0.638301
-0.085193
0.670321
-1.361169
-0.775452
0.356821
0.296533
-0.615492
-0.609652
-0.004105
1.248826
-0.032873
-2.085984
-0.184590
-0.172446
0.362808
-0.095887
0.390104
-0.133591
-2.142542
0.294471
0.242093
-0.991785
1.304907
0.142253
-0.668556
-0.035029
1.378227
-0.528213
0.900613
-0.295727
1.439459
1.101802
-0.819999
-1.708609
-0.633316
-0.403024
0.219704
0.154568
-0.273895
-1.247360
-0.179403
-1.236535
-1.609136
-1.033558
-1.009500
0.153197
-0.784654
0.309844
-0.369896
0.680560
1.298148
-1.221679
0.193074
0.063855
-0.061268
-1.029004
1.259648
-0.468594
-0.155529
1.397565
-0.972341
-2.228429
-0.100218
-1.602258
0.841521
1.106091
1.898463
-1.178891
0.787821
0.599792
-0.873269
-2.010298
-0.208150
-0.675158
1.253344
0.821814
-0.734772
-0.292005
1.412088
1.708205
1.124082
0.101921
0.472947
-0.927487
-0.860601
-0.929527
-0.189573
-1.644768
0.184279
-1.294773
0.062680
1.453940
-0.899577
0.171383
-2.241393
0.033084
0.529793
-1.298341
-0.391876
-0.552679
0.890341
-0.875444
-0.763134
-0.974127
-1.371714
-1.751386
-2.078812
0.693685
-0.260323
0.601724
0.565475
-1.128278
0.727553
-1.634903
0.397984
0.202702
0.088878
-1.883043
-0.192821
1.813149
0.547180
-1.526718
1.998366
-0.500915
-1.917870
-0.449505
1.289870
-0.092413
0.424919
-0.996576
-0.375861
0.595564
0.195644
-0.564481
-0.323629
-0.020256
0.031305
-0.132095
-0.600070
-1.458405
-1.331044
0.086877
0.400680
0.562254
0.119501
-0.008659
1.157490
-0.517426
-0.327523
1.052179
0.378958
-0.023291
-1.316659
0.445028
-0.102887
-2.001735
-1.208390
-0.593543
0.556117
-1.752758
0.587413
1.113683
-1.418906
-0.231103
-1.875438
-0.392280
0.795988
-0.549802
-1.039250
-0.168142
-0.107407
1.331342
0.667761
-0.897888
0.731827
0.271161
0.202419
-0.079382
0.512862
0.692935
-0.111313
2.161790
-1.083231
-1.235260
1.025738
1.740059
1.972390
2.358772
-0.812144
0.636757
-0.120244
-1.358056
-1.058500
-0.799289
1.118644
0.832004
-0.542701
0.592702
-0.605205
0.442433
0.287859
-1.455819
0.083532
-1.185725
0.331661
0.007681
0.429916
-0.955006
-0.606247
-1.694349
1.136754
-0.530309
1.403094
1.739809
1.808728
0.599143
-0.105252
-0.553430
0.038191
1.936656
2.044686
1.769032
0.431979
-0.366729
-0.870907
0.720307
-0.302731
-0.718431
0.133194
0.293146
-0.613116
-0.605336
0.756449
-0.078060
-0.001303
-1.228988
-0.457567
-0.436890
-1.247298
0.118820
0.662458
0.139159
-0.031266
0.144238
-0.528306
1.512119
-0.067125
-1.294962
-2.074849
-0.567370
1.872849
1.970293
0.081032
0.188135
1.107863
0.701830
0.344403
-0.356613
0.996907
-1.092202
-0.707959
-0.486801
-1.235266
-0.139540
0.864034
-0.747100
-0.684691
0.245669
0.032841
-1.191511
-0.643005
-0.550234
-0.053806
1.260224
1.793452
-0.657742
-1.025363
-1.193868
-0.370085
0.470224
0.524593
-1.580824
1.351233
-0.668542
-0.968755
1.069867
-1.169678
0.134611
-2.165790
0.432265
0.944221
2.680865
-1.233573
-0.205077
-1.909888
1.902345
-0.170798
0.533428
0.351216
1.170794
-0.033043
-0.464835
-0.085864
1.677007
0.553343
1.983969
-1.633633
0.747382
0.405749
-0.919674
-0.318008
0.769402
0.653528
0.420293
0.521375
0.497002
-0.871572
0.717282
-0.374395
-0.426881
2.011245
-1.502934
1.667747
0.998144
0.754880
1.233731
-0.312780
-1.435999
-0.385913
-0.443632
0.317283
0.598380
0.402424
1.572786
-0.425302
-0.781419
-0.391845
-0.827365
-0.153930
-0.974005
-1.739283
-0.658980
-0.885495
-0.200467
-1.520522
1.241214
-1.415214
-0.071810
0.002877
0.460274
0.698625
0.083477
1.479700
0.608774
1.028441
-0.567477
-2.239739
-0.613810
-1.534426
-0.205053
1.312263
1.597369
-0.357325
0.227988
0.216768
0.554091
0.258660
0.188701
0.244838
0.071730
0.194169
0.165392
0.220718
-1.013085
0.994271
-0.270507
0.259948
0.385770
1.405931
-0.749574
0.104378
-0.131097
-0.731581
0.261623
0.294168
0.286781
-1.427671
0.809718
-0.896418
-0.145930
0.857739
0.077934
-0.553389
-1.011229
1.350993
0.936628
0.154154
-1.782322
-0.366291
1.333552
-1.171489
2.209043
-1.302770
0.049026
-1.654985
0.457466
0.016273
1.056834
0.100152
0.969138
1.656127
-0.626611
-2.612826
-1.416589
-0.738661
-0.719925
0.070951
-0.048945
-0.649894
0.655100
-0.214201
0.033434
0.986161
0.536904
-0.040084
0.970520
0.010664
-0.222179
-0.676634
-0.305731
-0.507978
1.385160
0.798269
-0.325532
1.319501
0.262747
0.066921
1.017883
-0.417219
-0.792515
0.107704
-1.170229
-0.092772
0.053924
0.303584
-0.535238
1.866040
-0.278158
0.181049
-0.021584
0.497893
0.969583
0.911452
0.204494
-0.550281
-0.736808
-0.145404
-1.320651
-0.987453
-1.743799
0.364510
1.318509
-0.359417
-1.778121
0.178523
0.744548
0.503686
-0.461369
0.745303
1.481306
1.078837
1.143122
1.037524
-0.526547
-0.061297
0.247933
-0.228764
-0.143330
-2.168895
0.252995
-0.790690
-0.714490
0.643622
-0.715320
1.698096
0.917568
-1.021814
-0.758021
0.509106
-0.259268
1.307582
0.839641
0.181287
-0.890110
0.752377
-0.137832
0.139727
-1.708965
-1.186637
-1.144690
0.535883
-0.675968
-1.197671
-0.805971
0.239659
-0.416054
0.456231
1.613675
0.342238
0.154151
-0.906697
-0.648760
1.150201
0.198700
1.656157
-2.247097
-0.223807
-1.091387
-0.046472
0.686146
0.574015
0.565764
0.861481
-2.071738
0.320769
0.526538
1.576344
-0.135626
-0.536752
0.780512
0.189299
1.170717
-0.873093
-0.647047
0.102873
0.823259
-0.603946
-0.104280
1.093649
1.342910
0.292044
-1.704224
0.262118
0.149998
1.210243
-0.797652
0.371801
-0.658303
-1.408729
1.348949
0.003732
-0.952533
1.144052
-0.366599
0.541591
-0.407808
-0.245031
-1.113062
1.379131
-1.488642
0.421840
1.147319
0.503441
-0.615134
-0.193932
-0.490252
-0.013433
-0.202360
-0.120580
-0.930049
-0.062731
1.249075
-1.540768
-1.026256
1.373300
1.548164
-1.385675
-0.042981
0.451519
0.203669
0.787764
1.866232
-0.365444
-1.113840
-1.337345
0.749851
0.100623
1.026619
0.660301
-0.547647
0.307968
-0.220722
0.848443
-0.059731
-0.920000
3.095908
1.428687
-0.530217
0.180896
0.547026
-1.048466
-0.885215
-0.738873
0.003495
-1.451604
-0.118245
0.709512
0.323833
0.258798
0.005539
1.111037
0.683711
-0.333085
1.497329
0.073692
-0.036096
-0.911554
-0.266186
0.157746
-0.627243
-0.032847
0.721017
-2.106914
0.066224
0.561332
1.713032
0.992674
-0.206108
-3.519944
-1.843546
-0.624593
-0.319701
1.620452
-0.230988
-1.005820
0.233566
0.529237
-0.156340
-0.688023
0.493848
-1.062643
0.179301
0.387681
0.713176
-0.064274
0.832338
-0.069339
-0.617776
-0.310440
-0.213002
0.324641
-1.646064
0.119127
-2.510216
1.172246
0.414086
-0.368410
0.514660
-1.513791
-0.269172
1.276857
-1.427806
-0.156359
0.209284
1.332088
1.039042
-0.036438
-1.350201
-0.853326
0.081231
0.017759
0.803882
-0.647173
-0.943928
2.334934
0.362629
-0.914105
0.363225
0.607536
0.960146
-2.322017
0.451123
1.509406
0.973471
0.511995
-0.404005
0.814724
1.285211
-1.582469
0.226475
0.169298
0.796668
-0.762935
1.013141
-0.523458
0.058668
-0.033761
0.404882
0.765330
-1.629155
0.542840
-0.835392
0.059945
-0.552029
2.143489
1.982307
0.505614
-0.426804
-1.284116
-2.522687
-0.250369
1.137983
0.745130
-0.618995
-1.148131
-1.345026
-0.481969
0.291500
-0.195932
0.660968
0.469610
0.094114
0.356959
-0.591332
1.944978
0.181302
-0.441877
-1.336460
-0.030175
1.378821
-0.399534
1.222829
0.783698
1.264412
-1.058335
2.914471
0.477285
-0.756346
0.569129
0.668784
0.091151
1.829690
0.590590
-0.647479
0.068701
-0.265502
0.211960
0.861995
-0.401093
-1.875579
-1.391835
-0.084076
-0.588432
-2.263283
-0.758090
0.011684
-0.637946
-0.644617
-0.218385
-1.131013
-0.562669
0.717315
-0.783998
-1.876875
0.817500
0.761777
-1.301341
-0.546338
0.055165
0.515481
2.946927
-1.455960
0.844615
0.311605
0.245274
-0.924794
0.418828
-1.047665
-0.180659
-1.104877
-2.207301
0.662102
1.013066
0.125552
2.218507
-0.284451
-0.194877
-2.066919
-0.254438
1.265877
0.631016
-0.293207
-0.231608
-0.712260
-0.314347
-0.321309
0.693568
0.015184
0.069528
0.067427
-0.824533
0.692270
0.221057
0.833867
-1.722826
-0.103693
0.316218
0.335901
0.580324
1.206104
0.776043
-1.443161
-1.291241
-1.019109
0.430106
-0.064951
-0.116050
1.436374
-0.658502
-0.011648
-1.577424
-0.089115
-0.969944
1.482800
-2.313146
1.092376
0.397150
-0.263260
-0.487608
0.536308
-0.574751
-0.916888
-1.185788
0.236005
0.517551
-1.189656
-0.363588
0.907591
-1.307813
0.502054
-0.295446
1.353826
-0.155676
-0.414296
1.330300
-0.900252
-0.187773
0.541096
0.883526
0.356034
0.893226
0.280720
-0.521687
0.789194
1.290517
1.454879
0.091083
-0.998415
0.832470
1.695040
-1.160278
-0.320622
0.879726
0.665023
-0.895684
-0.024995
-0.088293
0.947093
-0.793483
-0.847785
-1.214452
1.728052
0.572321
0.867109
0.635252
0.590325
-0.791730
-0.008719
-1.249220
0.459202
-0.211441
-1.094711
-0.678887
0.107330
-0.043747
1.294546
0.262034
0.853721
0.334467
1.141944
-1.941011
-0.861100
-0.851204
1.430066
2.246392
-0.804983
-0.013514
-0.511773
0.105409
0.519133
-1.525560
0.272861
0.465861
0.660448
0.603732
-0.003171
-1.033143
-0.190137
-0.306080
-0.575472
-0.313545
-0.465932
-0.104067
0.236927
0.232191
-1.480150
-0.353346
0.480145
-0.122981
0.553658
-0.102386
0.914975
1.246980
1.583891
-0.891599
0.663273
-0.600225
0.530932
-0.139408
0.136533
-0.165182
-0.533910
-0.475704
0.155247
1.268377
0.089109
-0.167266
-0.526295
-1.040232
1.779016
-0.034018
1.120356
-0.279722
-1.234083
0.010158
-0.611577
-0.333838
-1.226930
0.560383
-0.226300
-0.512174
1.915620
-1.791800
-0.296644
1.438790
1.001338
0.452382
0.243911
-1.289443
-0.890042
0.762894
0.738114
0.409126
-0.160348
-0.057919
0.713764
-0.218100
-1.686345
0.897281
-0.813931
-1.874192
0.796099
0.336837
1.891388
-2.091842
-0.049254
-0.511357
0.234368
0.722336
-0.134703
-0.490355
-0.175191
0.072329
0.629555
0.248055
1.198775
-0.412742
0.964560
0.580918
0.707440
0.884706
0.995279
-0.664576
-0.824526
1.665551
-0.668615
-0.176312
0.016425
-0.991349
2.122153
0.141716
-1.703317
-0.768476
-0.823583
-0.403775
0.217494
1.231582
1.057207
0.322585
-0.859013
-1.235299
0.472696
-1.012986
1.125672
-0.079014
0.125330
2.062786
-0.719483
0.685167
-0.895793
-0.190659
0.817962
-0.987454
1.715335
-0.173082
1.290668
-2.465320
-0.062775
-1.123539
-1.478310
-0.056528
-0.398975
0.863242
1.417225
0.022947
0.849427
0.419888
0.223724
1.084115
-0.489483
0.472879
-0.033076
0.240395
-0.230542
1.169452
0.680572
0.822475
0.179608
-0.859641
-1.224693
0.417290
0.905943
0.019625
-0.970188
0.844897
-0.361951
-0.744473
0.604011
1.022994
-0.353941
0.977281
0.821605
-1.726025
0.495000
-0.678457
-0.366563
0.803517
-1.109468
-0.479609
0.557573
-1.299199
0.255806
0.537772
-0.556680
1.128009
-1.173313
-0.055938
1.321155
1.239074
-0.835090
-1.669665
-1.248747
-2.543336
0.505121
-1.077184
0.907020
0.436222
0.473124
-1.207930
1.024801
0.073274
-1.215967
-0.909150
-1.745894
-0.762704
-0.052049
0.653367
1.646790
1.368976
-0.065884
-1.651373
-1.210717
1.197157
0.063498
-0.035355
0.523109
0.568909
-0.533321
-0.913694
-0.572625
1.359564
1.572045
0.703411
-0.025315
1.463542
0.423108
1.755776
-0.002170
-0.394447
-0.547607
-1.041108
-0.127973
0.960860
-0.207660
0.307950
0.965356
-0.972716
1.249419
-0.221159
0.684098
-0.510656
0.395176
-0.508662
0.270411
1.672482
0.549136
-0.260375
-0.282084
0.346249
-1.175454
1.224825
-0.913465
1.224124
0.984874
1.540751
0.361635
-0.154099
-0.202620
-1.626085
0.988846
0.065196
-0.754343
1.813231
-0.420255
0.207845
-0.398917
-1.828221
-0.011042
1.673965
0.610086
1.168106
0.377776
-0.740484
0.394466
0.895655
-0.644401
-1.387331
0.157900
0.411321
0.465516
-0.747164
0.108833
0.114960
0.129444
-0.245693
1.067895
1.437303
1.850849
0.261790
-0.058433
0.780630
-1.211562
0.919912
-1.815691
-1.024071
-0.569005
-0.046421
-1.581802
0.954354
1.211897
1.065903
-0.581302
-1.114538
-0.407213
0.624238
-0.324425
1.361971
-1.564174
-0.886831
0.442487
1.035987
0.070799
-0.783214
1.200814
-1.699811
1.632670
1.767724
0.845700
1.060735
-0.073302
-1.137186
1.899116
-0.790913
-0.708961
-0.981010
0.424694
-0.221437
0.611056
0.396090
0.211798
-0.833892
1.839068
-1.250137
-0.346531
0.660853
1.055036
-1.638133
2.105563
-1.395118
-1.746788
0.889582
-0.448689
-0.635483
0.261614
1.366930
1.067326
-0.035766
-0.513867
0.075714
-0.272885
-0.906924
0.382831
-0.774371
-1.282714
0.929797
1.235253
-0.677123
0.652265
-0.926235
1.226824
-0.175988
-0.146778
-0.303562
-0.751782
0.248378
-0.074442
-0.064256
1.203463
-0.128699
1.328280
0.090044
-0.504291
-0.569639
-0.120071
-0.902948
-1.747881
0.884638
-0.857297
0.685798
0.601809
0.445162
-2.038583
-0.422738
0.811664
0.874902
1.133847
-0.250250
-1.036513
-0.360978
-0.163889
-0.702711
1.105462
0.724544
0.908127
-0.939963
-0.143591
1.313582
-1.177780
-0.352048
0.160066
1.034746
-0.824625
-1.023194
0.096627
-1.240093
0.347594
-0.716965
-1.354734
1.716911
0.621838
0.166286
-0.128120
-0.331825
0.660885
-0.720930
-0.237603
0.993784
0.068924
0.804396
0.316090
-0.965100
1.647276
-0.443587
1.583138
0.940338
-0.507052
-0.262234
0.280174
-0.375817
2.187417
-1.041067
-1.128780
0.538955
1.404673
0.000670
0.863054
0.736475
-1.254238
-0.778753
-2.116779
-0.316952
1.766739
0.317700
-0.739473
2.615941
-0.203885
-0.650572
1.706115
1.662345
-0.541128
1.562645
0.272730
1.056432
-0.770192
0.295637
-0.292362
0.099377
-0.151362
-0.969586
0.831961
0.349713
-0.644292
-0.702962
-1.797333
0.196579
-0.600927
1.179768
0.089924
0.168826
1.635865
-0.645030
0.444335
0.945747
-0.206060
-0.190944
0.552160
-0.898456
1.192374
1.656819
0.630729
1.030478
1.289413
-0.140962
-1.281033
-0.615192
0.623494
0.442636
2.688127
0.235519
0.669360
0.367633
-0.371300
-0.158110
-0.010354
0.806835
1.058132
-2.695164
-0.198396
-2.523991
-0.590940
0.575407
-1.812757
0.139199
0.757684
0.154830
-0.774509
-0.901694
0.306897
-0.029288
0.941150
0.397177
1.172887
-1.059056
-0.800531
-0.459581
-0.149805
-0.271868
0.344839
-1.519279
0.899293
1.413817
0.577478
-1.056858
-1.437361
-1.583389
0.564452
-1.218382
0.900036
0.855892
-0.264344
1.461154
1.128446
0.496276
-0.771178
-0.336172
-2.351717
-0.312652
1.380323
0.147772
-1.247609
-0.883267
-0.707400
-0.330918
-1.383595
-1.166092
-0.113920
1.254014
-1.192865
0.543705
-0.239940
-0.043200
1.104499
0.045221
1.262078
0.215103
1.048271
-0.511613
0.414139
0.753615
-1.113250
-0.096737
-0.965998
-0.054672
-0.355350
0.756107
0.053678
-1.040426
-0.182716
0.800770
-0.032961
0.042903
1.061293
-0.453691
0.247395
1.137775
-1.330187
0.981017
-1.070052
1.076857
0.105004
-1.004164
0.035918
-0.592140
0.783583
0.674094
-0.365238
-0.567941
-0.537827
1.863005
-0.613927
-0.575355
-1.729088
0.664425
-1.353177
0.210081
0.018182
0.503482
-0.860487
0.748395
0.696851
-1.002398
0.047331
1.871515
0.004820
0.696132
1.415857
-0.747005
-1.041171
1.628889
0.164164
-0.595731
-0.784851
0.845713
-0.908124
1.071918
2.335343
1.242821
1.773809
-1.472019
0.454723
1.196178
-0.415405
-0.130189
0.437865
-0.360536
0.412184
-0.499409
0.784571
-1.261361
-0.778962
0.736716
-0.665465
0.356275
-0.151029
0.322621
-0.509264
-1.853871
-0.521298
-2.195053
0.419504
0.171736
0.250529
-0.145253
-0.887231
2.237821
-1.543638
1.360802
0.783329
0.434581
-0.485838
0.394354
0.200609
0.318031
-0.750314
0.696950
-0.432863
2.032322
-0.687097
-0.582244
-1.772730
-0.426077
0.862093
-1.258114
-1.299385
-1.601641
-1.643561
-0.049768
-0.834497
-0.103089
0.712003
-0.727788
-1.858522
-1.546276
-0.809096
-0.689146
0.476223
0.933698
-0.080645
2.017367
-0.157091
-0.585032
0.441151
0.563458
0.172437
-1.047412
-0.907610
-0.942814
1.512341
0.450821
0.519864
-1.022595
-1.089055
0.396688
-0.975518
-0.538764
0.274180
0.147345
0.835224
-1.696777
0.774830
0.223403
0.650083
1.241129
-0.525414
-0.471561
-0.811654
-0.909567
-1.451721
-0.368890
-0.075956
-0.848620
0.114862
-0.883992
-0.370559
-0.214211
0.508351
2.064008
-0.011243
-1.028992
1.222695
-0.319571
0.155409
-1.712607
0.271370
1.096473
0.060411
-1.894665
-0.934495
1.922339
-0.317758
-0.698409
-0.781697
1.347959
-0.109216
0.353727
-0.247048
0.475929
-0.746645
0.021334
1.162691
0.616917
2.077672
2.167975
0.997891
1.061831
-0.887001
-1.070007
0.732074
-1.628841
0.271517
0.016472
-0.380587
-0.516609
-0.242704
1.359573
0.672508
-1.070437
0.194843
1.808653
0.183366
0.111523
0.169210
1.598324
-0.051206
-1.145142
-0.365126
0.272225
-1.971050
0.135880
-2.050089
0.408244
-0.293488
-0.021145
-1.334990
0.269371
0.740018
0.442225
-0.414295
-1.048503
-1.043723
1.672874
-0.483138
-0.364347
0.233801
-1.499234
0.034855
0.293848
-0.869754
-0.332916
0.038735
0.682823
-0.380746
-0.526524
-0.442709
0.364216
1.522911
1.236166
1.179501
0.127862
-1.492114
0.764688
-0.969966
0.215663
-0.490127
0.486291
0.476717
-0.158906
1.199750
0.327892
-0.066985
0.718244
-0.011187
1.167739
0.513644
0.592619
-0.547484
0.443159
0.019307
0.579135
0.203485
-0.038886
0.315982
0.504765
0.341939
-0.779437
1.909983
0.960285
0.334704
-0.617678
2.470272
-0.292680
-1.518911
1.348056
0.187052
-0.560920
-0.594840
-0.857873
0.999475
-0.518697
1.461976
-1.446275
0.295951
-0.597373
-0.640261
-1.203178
-0.054732
0.183787
0.903639
-0.052109
0.133570
0.122852
-1.200212
-0.507562
-0.287648
0.151205
0.327591
0.861112
-1.415391
0.341491
0.307768
2.301419
-1.840611
0.179974
-0.398843
-0.396148
0.999524
-1.235147
0.403226
-0.851324
0.074345
0.057479
-0.789210
0.727240
-1.143358
-0.765851
1.320787
1.322595
0.322798
-0.573273
0.332929
-1.211937
0.660582
0.400696
-1.176168
0.490799
0.062844
0.768705
0.064225
0.901757
-0.300294
-0.241507
0.816276
1.017210
-0.537061
-0.717194
0.047847
0.257151
2.239134
-0.088822
1.160695
-0.679608
0.361379
0.138594
0.832708
-0.671421
1.694732
-0.153999
0.250419
0.901799
-0.518999
-0.959418
0.526057
0.074789
-0.773972
-0.649091
-3.202572
-0.854793
-1.183186
-0.958938
-0.440589
0.596034
0.018848
0.531226
-0.332106
0.112817
0.982472
2.219960
-0.102792
-0.587811
0.161289
1.240401
0.852548
-0.438773
-1.455253
-0.974698
-1.219712
-0.232134
0.277774
0.689274
0.027840
1.339137
1.802194
-0.481506
0.520939
-0.303682
-0.077214
0.327559
-0.199932
-0.744933
-1.978461
-0.081692
0.757988
-1.566230
-0.463758
0.029850
-0.786378
-0.847675
-0.203975
0.619117
0.567838
0.785120
0.904901
0.269899
1.530014
0.301938
-2.101846
0.048689
-1.226380
0.252798
-0.746413
1.203735
0.017667
0.829511
-2.296396
-1.438547
0.509043
-0.451580
-1.430931
0.567865
0.229990
-0.007257
-1.396549
1.427763
-0.824990
-1.867857
-0.545637
0.167991
1.804272
-0.528803
-0.132396
0.186305
-0.231735
-0.385448
-0.051144
0.733340
-1.079297
-0.079244
0.685026
0.796343
0.654602
-1.148527
0.962052
0.184127
-0.417364
0.450678
-0.042432
0.070561
-0.215585
-2.208663
0.676873
-0.473490
-0.705637
0.840909
1.083568
-0.687512
-0.700336
1.474279
0.561041
0.314079
-1.536609
0.506513
-2.200584
-1.586045
-1.721743
0.858576
-1.577578
0.741976
-0.590500
-0.321769
-0.063136
-0.056546
-1.849669
-1.526584
-0.122301
1.302495
-0.812175
0.744247
0.237477
0.955947
-0.002357
0.369451
0.314756
-1.198752
-0.147813
-1.284502
-0.371844
-0.857671
0.245497
0.338746
0.509839
-0.312572
-0.276465
-0.038448
0.083617
0.383005
-0.044220
1.412372
-0.520704
-0.737843
0.245420
0.253003
-1.114123
-0.763045
-0.321641
-1.844874
1.129110
-0.206039
2.024497
0.879554
2.145298
-1.858204
-1.011445
0.429191
2.340707
0.613318
-0.825165
2.235234
-1.659907
1.634988
-0.152622
-0.342561
-0.120104
-0.424175
-0.636202
-0.219130
0.406927
0.730138
0.810540
0.109153
1.214239
-1.158509
1.674900
0.324080
0.512395
-1.762988
0.167932
0.083407
-0.683253
-0.523667
0.232260
-1.365599
-0.040529
0.234747
-0.456094
-1.394329
-0.127674
-0.391641
1.111275
0.960242
0.347969
-0.159314
-0.722330
-0.302819
1.670574
1.586231
-0.029224
-1.154915
-0.116115
-0.541981
0.565207
-1.191270
0.418539
-1.452670
0.092190
0.165221
0.269128
0.584197
-0.943413
0.442658
0.942484
1.346876
1.323567
-0.730947
1.947275
0.201322
-1.897966
-0.123139
-0.263002
-0.036806
0.923860
0.850129
-0.337329
0.726964
0.062911
-1.210274
0.798675
-0.153088
0.484916
-0.346214
1.634045
-0.162280
0.686053
-0.602776
-3.097241
0.337669
-0.476437
-0.670639
-0.150401
-0.566090
-0.675591
-0.910268
-1.004651
0.218359
1.703368
-0.262260
0.448214
-0.552103
-2.129072
0.132443
0.266302
-0.832023
-0.993238
1.959327
0.602440
0.687306
1.585965
0.137121
1.350475
-0.954749
-1.374466
0.444392
1.545908
0.624123
-0.260269
-1.123574
0.053817
-0.025523
-0.550321
2.241825
0.962999
0.042408
0.936054
0.151885
-0.292213
-0.291530
0.134477
0.022377
1.441326
-0.679115
-1.321916
-0.583912
1.838706
0.065348
0.259101
0.415892
0.661374
-0.861721
-0.497323
1.285292
-0.440972
0.414882
-0.555725
1.038076
-0.475500
0.159261
-1.079158
-1.092426
-2.203780
0.759635
1.087843
-2.794542
-0.544750
-0.208143
-0.095441
-0.461407
-1.902872
-0.070299
0.958265
0.488487
0.833136
0.509265
-0.297425
0.593074
-0.762215
0.519203
-0.497700
1.155617
1.835018
-1.024960
-0.515836
0.998396
0.447096
-0.507734
-0.297463
-0.022942
-1.951805
0.114059
-0.939499
0.110356
0.063287
0.092425
-0.780183
-0.390636
-0.223222
0.935621
0.436475
0.284585
1.972647
-0.334680
-0.955626
0.020830
-2.316463
-1.701157
1.417336
0.390512
-1.387338
-0.566797
-1.560828
-0.054078
-0.106341
-0.120000
-0.037064
0.041675
-1.402482
-0.392483
1.194847
-1.264784
0.703144
0.220255
-0.006860
1.591275
-0.510485
0.129392
-0.533757
-1.250111
1.298893
0.008910
0.155225
-1.363065
0.899124
-0.550428
1.338902
0.193482
-1.635713
-0.258999
-1.135646
0.029496
2.139321
0.814265
0.395952
-1.135281
-0.598111
-0.511345
0.797646
0.419281
0.822785
1.798092
1.203964
-0.835742
-0.776099
0.992541
0.088907
-0.191850
1.403841
-1.601442
-0.456691
-0.929984
1.166095
-0.141894
-0.466945
-0.299893
-0.915926
-1.059866
-0.694708
1.662842
1.248759
0.802491
0.472737
-0.394580
1.215932
0.311858
0.887902
-0.464046
0.001557
0.994680
-0.327772
0.687762
0.827113
-1.284759
0.945818
0.327485
-1.030746
0.313515
-0.684746
-2.364047
-0.696141
0.888122
0.265521
0.024901
0.173195
0.691113
-1.519113
-0.824317
0.603507
0.486348
1.105143
-0.546908
-0.441233
-0.024381
-0.777135
-0.686871
0.163709
-0.562581
0.626030
-0.201352
0.134514
1.538070
-2.797091
-0.706898
0.939124
0.686251
0.628149
-0.182362
-0.089941
-1.277285
0.866002
0.077691
-0.699250
0.611139
1.242408
0.272216
0.597771
-0.358742
-1.992229
0.171834
0.344290
-1.838655
0.644025
-1.369748
0.231858
-0.270654
1.040831
-1.235057
0.608869
-0.379937
0.390481
-2.148008
-0.272929
2.685078
-1.383539
-0.222069
-0.158487
1.206718
0.568292
0.237380
-0.347442
0.036385
0.138858
0.193790
0.573051
0.937096
0.667697
-0.483160
0.809646
-0.206462
-2.221771
-2.016858
1.514848
0.113657
-0.604939
0.630737
2.976224
-0.881636
0.128658
-0.063030
0.427598
0.603361
0.660980
0.208963
3.229342
-1.185756
0.630871
-0.465796
0.348514
-0.264523
-0.270505
1.393425
0.649551
-0.081364
-1.700287
-1.411411
-0.289210
2.071382
-0.177648
1.363149
-0.342728
-1.620027
1.664644
-1.648011
-0.060314
-1.169171
-0.627413
-0.717811
0.699495
-0.337900
-1.377925
0.014427
1.062976
0.076428
-0.647361
-1.299566
0.403525
-0.519884
1.051789
2.738916
0.221910
0.512246
0.481667
-0.269577
0.778900
0.545424
-0.081644
-0.506630
0.408037
0.826726
0.306512
-0.840820
-0.909234
-0.646370
0.586148
-0.188585
-0.796879
-0.292121
-1.476094
-0.745841
0.576946
-1.097769
0.122556
0.942064
0.137912
-0.119380
-0.427554
0.398310
0.529923
-1.257103
-0.553120
-0.763260
-2.077104
0.790362
0.576412
-2.521949
0.186954
1.097627
-0.192351
-0.727508
-0.720457
0.707566
1.207453
0.402761
-0.045351
0.180852
-0.216721
-0.254750
0.076098
-0.525327
-0.548808
0.498634
-1.057704
0.056103
0.616591
-0.416318
1.179962
1.061517
-0.671834
-1.016217
0.147712
2.269887
-0.749635
0.092238
0.516944
1.936280
0.724804
0.066625
-1.182527
-0.676721
-0.119500
0.703516
0.649413
-1.440138
0.236350
-0.503590
-0.446467
-1.072067
0.683277
-0.878032
1.581141
-0.682532
-1.628417
0.394988
1.629327
0.890849
-0.583177
1.489687
1.215315
-0.821070
1.069267
-0.627439
-0.202453
0.343135
-0.502938
-1.076925
-0.088221
0.566727
-0.188532
1.368219
-0.403132
0.624272
-0.483637
-0.335124
-0.578414
0.852294
0.344735
0.788747
-0.029520
-0.560396
-0.086825
0.428117
-1.617075
-0.229150
0.097803
0.287639
-1.900107
1.185747
0.429241
-0.800350
1.105750
-0.829960
-0.928306
-0.995887
-0.238802
-0.471344
-0.902451
-0.160619
-0.498611
0.103487
-0.496969
0.137944
0.509052
0.012473
1.684096
1.655797
-0.149133
-1.650709
-0.041850
-0.984656
0.460613
0.911076
-0.329477
0.758977
-0.893925
-0.498710
0.153128
-0.769937
-1.182785
0.932970
-0.892735
-1.131888
0.387703
-0.116393
2.287215
0.470995
0.014958
-0.845961
0.901935
0.827965
1.394401
-0.661061
0.036129
-0.488490
0.609227
-0.349668
-0.396931
-0.361424
0.881254
-2.030815
-0.421179
0.160186
-0.159369
0.885586
-0.480081
0.521819
-0.113691
-1.762356
-1.282360
0.131280
-0.097305
-0.045055
1.390242
-0.319010
-1.282717
0.723327
-0.117574
-0.789988
-0.112099
1.454836
0.760221
0.958652
0.052700
-0.671989
0.939932
0.766762
-1.539506
-1.102212
-0.014661
-1.322566
-0.064501
1.632414
-0.781709
-1.091557
-1.351525
0.052232
0.015502
-0.721062
-0.024014
-0.083028
1.803209
0.437314
0.196616
-0.708381
-0.983122
0.393733
0.287110
0.647428
-0.644711
-0.267585
-0.684655
2.442467
1.105791
-1.712532
1.583984
-0.697029
0.102463
-0.463038
0.977335
-0.120019
-0.753938
0.891399
1.755189
-0.259578
0.521906
0.808251
-0.877995
-0.625051
-0.341439
-0.065160
-0.092367
1.428441
1.066919
-0.082189
0.048096
0.852034
0.404581
-0.326635
-0.377780
-0.797312
0.562126
-0.426355
0.770355
2.001387
1.618162
0.806871
0.320872
1.409983
-0.888096
0.150722
1.260604
1.224460
0.101154
-1.332473
0.131493
2.225794
-1.991827
0.839771
-0.886460
-1.896548
-1.429374
-1.514294
-0.554145
-1.645826
-0.867254
0.852493
-0.403304
-0.629315
0.687522
-1.297374
1.605739
-0.777917
-2.164029
-0.991753
0.930652
1.153379
0.395709
-1.010008
-1.282877
0.494711
-1.260331
-0.393309
1.536721
0.216763
1.132427
-1.318167
1.139192
0.151548
0.668172
0.142170
1.626248
-0.201425
1.301120
0.515847
-2.353036
0.347646
0.415182
0.188181
1.597298
-0.549111
0.142700
-1.211702
-0.616005
-0.019977
-1.097791
1.062068
0.747493
-0.504219
-1.922266
-0.078925
0.100053
-0.402825
-0.613787
0.515098
0.162379
-0.960607
0.072614
-1.621154
-0.505098
0.280865
-0.831170
0.439846
0.362797
-0.345089
0.765229
1.309598
1.117019
0.122691
1.077329
1.033875
-0.548728
-1.890924
0.505972
0.185676
-0.954519
1.432602
0.823614
-0.221202
-0.446682
-0.311567
-0.421192
-0.524264
0.301258
-0.405677
0.135095
-1.062820
0.029975
0.149806
0.339785
0.914196
0.468821
2.473823
0.335900
-1.433958
-0.437759
-0.329748
-0.422465
-1.172989
-1.543282
1.318750
-1.019902
0.265619
-0.206948
0.636756
-0.114478
1.246013
-0.508369
-1.168924
-1.169707
-1.310332
-0.297805
-0.314722
-0.720841
-1.100277
0.234719
-0.654233
1.061372
-0.396006
0.752902
0.943926
1.860463
-0.305454
-0.806613
-2.032107
-0.041850
-0.984656
0.460613
0.911076
-0.329477
0.758977
-0.893925
-0.498710
0.153128
-0.769937
-1.182785
0.932970
-0.892735
-1.131888
0.387703
-0.116393
2.287215
0.470995
0.014958
-0.845961
0.901935
0.827965
1.394401
-0.661061
0.036129
-0.488490
0.609227
-0.349668
-0.396931
-0.361424
0.881254
-2.030815
-0.421179
0.160186
-0.159369
0.885586
-0.480081
0.521819
-0.113691
-1.762356
-1.282360
0.131280
-0.097305
-0.045055
1.390242
-0.319010
-1.282717
0.723327
-0.117574
-0.789988
-0.112099
1.454836
0.760221
0.958652
0.052700
-0.671989
0.939932
0.766762
-1.539506
-1.102212
-0.014661
-1.322566
-0.064501
1.632414
-0.781709
-1.091557
-1.351525
0.052232
0.015502
-0.721062
-0.024014
-0.083028
1.803209
0.437314
0.196616
-0.708381
-0.983122
0.393733
0.287110
0.647428
-0.644711
-0.267585
-0.684655
2.442467
1.105791
-1.712532
1.583984
-0.697029
0.102463
-0.463038
0.977335
-0.120019
-0.753938
0.891399
1.755189
-0.259578
0.521906
0.808251
-0.877995
-0.625051
-0.341439
-0.065160
-0.092367
1.428441
1.066919
-0.082189
0.048096
0.852034
0.404581
-0.326635
-0.377780
-0.797312
0.562126
-0.426355
0.770355
2.001387
1.618162
0.806871
0.320872
1.409983
-0.888096
0.150722
1.260604
1.224460
0.101154
-1.332473
0.131493
2.225794
-1.991827
0.839771
-0.886460
-1.896548
-1.429374
-1.514294
-0.554145
-1.645826
-0.867254
0.852493
-0.403304
-0.629315
0.687522
-1.297374
1.605739
-0.777917
-2.164029
-0.991753
0.930652
1.153379
0.395709
-1.010008
-1.282877
0.494711
-1.260331
-0.393309
1.536721
0.216763
1.132427
-1.318167
1.139192
0.151548
0.668172
0.142170
1.626248
-0.201425
1.301120
0.515846
-2.353036
0.347646
0.415182
0.188181
1.597298
-0.549111
0.142700
-1.211702
-0.616005
-0.019977
-1.097791
1.062068
0.747493
-0.504218
-1.922266
-0.078925
0.100053
-0.402825
-0.613787
0.515098
0.162379
-0.960607
0.072614
-1.621154
-0.505097
0.280865
-0.831170
0.439846
0.362797
-0.345089
0.765229
1.309598
1.117019
0.122691
1.077329
1.033875
-0.548728
-1.890924
0.505972
0.185676
-0.954519
1.432602
0.823614
-0.221202
-0.446682
-0.311567
-0.421192
-0.524264
0.301258
-0.405677
0.135095
-1.062820
0.029975
0.149806
0.339785
0.914196
0.468821
2.473823
0.335900
-1.433958
-0.437759
-0.329748
-0.422465
-1.172989
-1.543282
1.318750
-1.019902
0.265619
-0.206948
0.636756
-0.114478
1.246013
-0.508369
-1.168924
-1.169707
-1.310332
-0.297805
-0.314722
-0.720841
-1.100277
0.234719
-0.654233
1.061372
-0.396006
0.752902
0.943926
1.860463
-0.305454
-0.806613
-2.032107
-0.036816
0.190146
-2.180600
-0.082489
-0.014481
1.202516
-0.286297
0.847053
-0.993637
1.537056
-0.606180
0.713837
0.764713
0.098351
0.924936
0.265662
0.804855
0.442658
0.869771
1.054691
-0.548678
0.424406
1.175725
-0.754566
-0.937921
0.795219
0.922713
-0.690934
-0.103349
-2.622277
-0.083788
-2.111496
-0.420388
0.019147
-1.089363
0.436948
1.213844
-1.410943
-0.622700
0.430759
0.090122
-0.416035
1.069875
0.342213
-1.108977
-0.432620
-0.296606
0.358232
2.006010
1.660533
1.060525
-0.754748
-0.991870
-0.008823
-0.520687
-0.688000
-1.995860
-0.032180
0.394051
2.185692
0.053521
0.100682
-0.394278
-1.051315
-1.699282
-1.460358
0.913550
-1.502620
-0.194422
-0.922379
-1.680443
-1.160461
-1.288655
-0.081942
-0.692092
-0.942467
0.140438
0.318560
0.681878
1.836960
-1.043638
0.814854
1.150010
-1.434975
0.136262
0.133494
0.561038
-0.291377
0.384344
0.727297
-1.385738
-0.914173
-1.363982
0.141230
-0.050394
0.675117
-0.516458
-0.352289
1.207273
-0.059180
-0.764443
0.592017
-0.106380
0.592746
-0.015636
0.093841
0.930233
1.467595
0.509313
-0.740604
0.727363
0.816886
1.747635
-1.436746
-0.414049
-0.299532
-0.619298
-1.269606
0.403798
-0.038530
1.191827
0.112296
-1.196850
1.511945
0.802620
-0.557114
0.199795
-0.615408
1.225131
0.538012
-0.064099
-0.140846
0.245865
-0.943174
-0.368903
1.618312
0.932102
-0.000534
-0.602591
0.089155
0.539702
0.311645
1.710683
0.432680
-0.561411
0.067775
0.734716
-0.587547
-0.617463
-0.045079
-0.539878
0.596769
-0.028153
0.177439
-1.891976
0.292711
1.039372
-0.258773
0.561338
-0.184499
0.733655
0.555074
1.403050
2.769299
0.440966
-0.120262
-0.282943
0.173037
2.249198
-0.586493
0.010864
1.439135
-1.265184
-0.374257
-1.298194
0.771551
-0.632680
1.025596
-0.235298
-1.146909
-2.444818
1.352097
-0.031562
0.346772
-0.669025
-0.541483
-0.579786
-0.322796
0.218901
0.347446
-0.852692
0.785373
-0.121614
0.939899
0.670608
-1.786191
-0.494413
-0.196655
-0.197171
0.693991
-0.307030
1.245217
-0.504494
-1.002886
-0.645548
-1.276044
-0.881134
-0.087225
0.208824
-1.319139
-1.418745
0.642100
1.043913
-0.682099
-1.578868
0.065672
2.452223
-0.179489
1.977447
-0.370904
0.611807
-0.326009
-0.301240
0.203654
3.129074
0.548844
0.353323
1.532305
-0.301871
0.317077
-0.675290
-0.239341
-1.487989
-0.529080
-1.043554
0.562678
0.854744
0.849445
-1.659207
-1.391384
0.336889
0.058556
-0.101829
-1.443653
-0.007096
0.704024
-2.236271
-0.349975
0.113379
-0.006174
1.662134
0.467598
0.883691
-0.842425
-0.459091
0.196650
-0.535238
1.866040
-0.278158
0.181049
-0.021584
0.497893
0.969583
0.911452
0.204494
-0.550281
-0.736808
-0.145404
-1.320651
-0.987453
-1.743799
0.364510
1.318509
-0.359417
-1.778121
0.178523
0.744548
0.503686
-0.461369
0.745303
1.481306
1.078837
1.143122
1.037524
-0.526547
-0.061297
0.247933
-0.228764
-0.143330
-2.168895
0.252994
-0.790690
-0.714490
0.643622
-0.715320
1.698096
0.917568
-1.021814
-0.758021
0.509106
-0.259268
1.307582
0.839641
0.181287
-0.890110
0.752377
-0.137832
0.139727
-1.708965
-1.186637
-1.144690
0.535883
-0.675968
-1.197671
-0.805971
0.239659
-0.416054
0.456231
1.613675
0.342238
0.154151
-0.906697
-0.648760
1.150201
0.198700
1.656157
-2.247097
-0.223807
-1.091387
-0.046472
0.686146
0.574015
0.565764
0.861481
-2.071738
0.320769
0.526538
1.576344
-0.135626
-0.536752
0.780512
0.189299
1.170717
-0.873093
-0.647047
0.102873
0.823259
-0.603946
-0.104280
1.093649
1.342910
0.292044
-1.704224
0.262118
0.149998
1.210243
-0.797652
0.371801
-0.658303
-1.408729
1.348949
0.003732
-0.952533
1.144052
-0.366599
0.541591
-0.407808
-0.245031
-1.113062
1.379131
-1.488642
0.421840
1.147319
0.503441
-0.615134
-0.193932
-0.490252
-0.013433
-0.202360
-0.120580
-0.930049
-0.062731
1.249075
-1.540768
-1.026256
1.373300
1.548164
-1.385675
-0.042981
0.451519
0.203669
0.787764
1.866232
-0.365444
-1.113840
-1.337345
0.749851
0.100623
1.026619
0.660301
-0.547647
0.307968
-0.220722
0.848443
-0.059731
-0.920000
3.095908
1.428687
-0.530217
0.180896
0.547026
-1.048466
-0.885215
-0.738873
0.003495
-1.451604
-0.118245
0.709512
0.323833
0.258799
0.005539
1.111037
0.683711
-0.333085
1.497329
0.073692
-0.036096
-0.911554
-0.266186
0.157746
-0.627243
-0.032847
0.721017
-2.106914
0.066224
0.561332
1.713032
0.992674
-0.206108
-3.519944
-1.843546
-0.624593
-0.319701
1.620452
-0.230988
-1.005820
0.233566
0.529237
-0.156340
-0.688023
0.493848
-1.062643
0.179301
0.387681
0.713176
-0.064274
0.832338
-0.069339
-0.617776
-0.310440
-0.213002
0.324641
-1.646064
0.119127
-2.510216
1.172246
0.414087
-0.368410
0.514660
-1.513791
-0.269172
1.276857
-1.427806
-0.156359
0.209284
1.332088
1.039042
-0.036438
-1.350201
-0.853326
0.081231
0.017759
0.803882
-0.647173
-0.943928
2.334934
0.362629
-0.914105
0.363225
0.607536
0.960146
-2.322017
0.451123
1.509406
0.973471
0.511995
-0.404005
0.814724
1.285211
-1.582469
0.226475
0.169298
0.796668
-0.762935
1.013141
-0.523458
0.058668
-0.033761
0.404882
0.765330
-1.629155
0.542840
-0.211210
-0.899135
-0.263268
0.838310
-0.234747
0.134574
0.420386
-0.814892
1.230289
0.460278
-0.583522
-0.393145
0.189385
-0.758884
-0.284726
0.787723
-1.192382
-0.822894
1.124970
1.138119
-0.147778
1.166726
1.150834
1.037973
1.241749
1.284842
-0.466734
0.075205
0.459629
0.048390
-2.053711
-0.612481
1.451742
1.151397
-0.533525
0.229211
-0.434456
0.251223
-0.752966
-0.685399
-0.136008
0.671730
-1.255118
0.038088
-0.344578
1.049150
-0.665696
-1.096439
1.155524
0.556559
0.941847
0.067316
0.112607
-0.835349
-0.600367
-0.299795
0.150981
0.709605
0.368157
-0.631266
1.376838
0.257127
0.762046
-0.865730
-0.567482
1.086947
0.638301
-0.085193
0.670321
-1.361169
-0.775452
0.356821
0.296533
-0.615492
-0.609652
-0.004105
1.248826
-0.032873
-2.085984
-0.184590
-0.172446
0.362808
-0.095887
0.390104
-0.133591
-2.142542
0.294471
0.242093
-0.991785
1.304907
0.142253
-0.668556
-0.035029
1.378227
-0.528213
0.900613
-0.295727
1.439459
1.101802
-0.819999
-1.708609
-0.633316
-0.403024
0.219704
0.154568
-0.273895
-1.247360
-0.179403
-1.236535
-1.609136
-1.033558
-1.009500
0.153197
-0.784654
0.309844
-0.369897
0.680560
1.298148
-1.221679
0.193074
0.063855
-0.061268
-1.029004
1.259648
-0.468594
-0.155529
1.397565
-0.972341
-2.228429
-0.100218
-1.602258
0.841521
1.106091
1.898463
-1.178891
0.787821
0.599792
-0.873269
-2.010298
-0.208150
-0.675158
1.253344
0.821814
-0.734772
-0.292005
1.412088
1.708205
1.124082
0.101921
0.472947
-0.927487
-0.860601
-0.929527
-0.189573
-1.644768
0.184279
-1.294773
0.062680
1.453940
-0.899577
0.171383
-2.241393
0.033084
0.529793
-1.298341
-0.391876
-0.552679
0.890341
-0.875444
-0.763134
-0.974127
-1.371714
-1.751386
-2.078812
0.693685
-0.260323
0.601724
0.565475
-1.128278
0.727553
-1.634903
0.397984
0.202702
0.088878
-1.883043
-0.192821
1.813149
0.547180
-1.526718
1.998366
-0.500915
-1.917870
-0.449505
1.289870
-0.092413
0.424919
-0.996576
-0.375861
0.595564
0.195644
-0.564481
-0.323629
-0.020256
0.031305
-0.132095
-0.600070
-1.458405
-1.331044
0.086877
0.400680
0.562254
0.119501
-0.008659
1.157490
-0.517426
-0.327523
1.052179
0.378958
-0.023291
-1.316659
0.445028
-0.102887
-2.001735
-1.208390
-0.593543
0.556117
-1.752758
0.587413
1.113683
-1.418906
-0.231103
-1.875438
-0.392280
0.795988
-0.549802
-1.039250
-0.168142
-0.107407
1.331342
0.667761
-0.897888
0.731827
0.271161
0.202419
-0.079382
0.512862
0.692935
-0.111313
2.161790
-1.083231
-1.235260
1.025738
1.740059
1.972390
2.358772
-0.812144
0.126152
0.651426
0.565682
-0.304616
0.667108
-0.532098
1.562235
-1.175843
0.573944
-0.797747
-0.368748
0.181582
-1.507026
-0.016069
0.402325
1.342204
0.700214
0.619893
-0.318493
0.518841
0.297961
-0.309441
0.766305
0.603023
0.197330
0.844885
-1.668427
0.414995
1.237903
-1.635915
0.422380
0.876537
-0.143912
0.361936
0.172304
-1.148192
0.707051
-0.940190
-0.438497
-0.241706
0.864023
0.947946
-0.248825
0.721169
0.001051
-0.971032
-0.195871
0.817928
2.191701
0.385196
1.533433
-0.897989
-0.272972
-0.966274
0.901535
-0.527552
-0.473138
-0.135580
0.921860
0.391911
0.591503
-1.438433
0.467913
-1.432869
-0.092205
-1.679587
-0.166091
1.454764
0.915835
-0.804230
-1.952132
-1.020965
2.387833
0.440258
0.444179
1.040723
0.408940
-1.352698
1.972043
-0.554149
1.040660
-0.979745
0.077795
0.295375
-0.361347
-0.198050
0.137643
-1.339182
-0.773648
0.105016
-1.429358
-0.076071
0.261616
0.880962
0.029220
1.136316
0.052605
0.668656
1.453295
1.342254
0.197830
0.640151
0.283225
0.497824
-1.060531
-1.448594
-1.644490
0.078520
0.712350
0.636764
-0.180904
-1.150496
2.122280
-1.425136
-1.057966
-0.998303
0.660260
-2.468106
-0.460666
1.321955
-1.730395
1.395314
1.635762
-2.945038
-0.997057
-0.155069
0.118715
0.077710
-0.347296
-0.561156
-1.015133
-0.488698
0.528977
1.430327
-0.373722
1.385741
-1.206032
2.230510
0.306491
-0.222051
-1.142828
1.634039
0.690650
-1.265760
-1.065882
0.566894
0.749156
-0.371393
0.040418
1.609943
-1.040487
0.728087
-1.077260
-0.859530
-0.360542
-1.072133
1.912667
1.359539
1.704487
0.306658
-0.582440
-1.162208
1.091278
-0.962431
0.763736
0.010507
0.272824
-0.428685
0.228539
0.451559
0.561351
0.056768
0.729312
-0.434419
-1.331491
0.229973
0.619543
1.693546
-1.281662
0.950760
1.743572
0.415013
0.512705
0.044555
-0.553941
0.214691
-0.197072
0.572333
-0.649163
-0.369461
-0.905785
-0.435386
-0.744280
-1.041009
-1.337935
-0.024320
-0.228988
0.343891
-0.712402
-0.627569
0.331695
-2.331128
0.226268
0.585672
-0.398290
0.325902
0.569510
-0.715390
0.158319
-0.197422
1.553319
1.140246
-1.150886
-0.241534
-0.331824
-0.141541
0.728775
0.508472
-1.537619
-0.014712
2.003602
-0.600296
-0.381202
-0.955508
0.489403
0.245264
0.020446
-0.837491
0.813385
0.005993
-0.258045
-0.223392
0.298040
0.834314
-1.488482
-1.124808
0.991812
-0.107748
0.967656
-1.071064
-1.371409
0.202304
-0.645545
0.188175
1.818511
0.756139
0.076780
1.993710
-0.233166
-0.818849
-0.756170
0.720840
-0.028029
-0.633757
0.369335
-1.487638
0.030510
-1.071243
0.070665
-1.336172
1.776640
-0.370003
0.378137
-2.457447
0.882020
-0.990605
1.337571
0.570151
-0.225932
-0.491313
-0.930817
-0.863645
-0.487594
0.102064
-1.488189
-0.440170
-0.585434
-0.078153
-0.269796
0.470682
-2.095158
0.741305
0.709389
-0.588725
-0.235658
-1.287214
-0.598483
-0.529369
0.670299
0.591032
1.536709
-1.329405
-0.707852
0.591413
1.062807
-0.772582
-0.522618
-0.887782
-0.079909
-0.224303
1.722874
0.465490
-0.610327
-1.172350
-0.682642
-0.036553
0.026664
0.307321
-0.864844
0.617029
-0.222201
0.284254
-0.088875
-0.231828
-0.790174
-1.822129
-0.611621
-0.237423
0.163560
-0.618582
-0.468314
0.256555
-0.553934
-0.108153
-0.553666
2.085814
0.936836
-0.415266
0.170588
0.454353
-2.158810
-0.965049
0.531879
-0.455844
-1.065345
-2.301419
-0.968948
0.805499
-1.135931
0.726133
-0.517650
0.562340
0.538687
0.300994
-0.889911
-0.517565
-0.847362
0.391007
-0.221881
1.412516
0.412759
0.877368
-0.619503
0.833731
0.820359
0.546031
-1.230342
-0.408583
1.310459
-0.068477
1.359720
0.131255
-0.656557
0.447103
1.149282
2.530960
-0.190374
-1.111818
-0.149277
1.387154
-0.528567
0.982265
-0.723737
1.435526
0.357033
1.049101
-0.899314
0.904221
0.964629
-0.613237
0.717166
-0.667785
-0.937828
-0.082887
0.437401
-1.071000
-0.217550
1.065500
-0.006772
0.117632
-2.119866
0.541214
-1.558047
0.631206
0.836665
1.678346
-0.868726
-1.546046
-1.201095
0.372842
-0.037035
-0.822953
-0.462478
0.281269
1.911577
-0.743550
0.168254
0.371301
1.088551
0.099201
1.102618
0.102262
0.426225
1.181933
1.377747
0.472970
0.971784
0.608349
0.382517
-0.550931
-1.288278
0.643304
-0.091146
0.692833
-0.708132
0.077312
-1.864494
-0.697722
0.205889
2.029620
-0.045204
0.813555
-0.181515
0.957536
0.602557
0.878547
-0.308591
-0.754869
-0.738131
-2.451186
-0.950598
1.607382
-1.087321
-0.431133
-0.385943
0.733508
-0.018442
-0.694333
0.248920
0.073953
-0.539137
0.290523
0.153921
-0.782104
-1.285616
-0.424490
1.721758
0.951865
0.478711
0.995797
-1.527516
0.306874
-0.889001
0.200934
-1.223482
0.316984
-1.711696
0.454468
0.219347
-0.534962
0.545848
-0.858497
1.000728
-0.859490
-0.624864
0.874835
0.241101
-1.809581
0.303088
-0.023974
1.805574
-0.689819
0.882970
-1.604903
-0.012953
-2.916177
-0.755923
-1.191438
0.816383
1.769180
0.060013
-0.359796
0.373531
-0.969336
-1.323518
0.134920
0.854190
-2.615188
0.394240
-1.474126
0.074567
0.272783
-0.402516
-0.099239
-0.550006
-1.028514
1.500179
-0.193329
-0.333543
-1.353633
-0.262160
-0.193150
0.153352
0.749594
-1.134458
1.738010
-0.109019
0.897142
0.808996
0.888295
-1.781814
0.428771
-0.168228
-1.308711
-1.059541
0.039363
1.165017
-0.299174
-1.355749
-0.175728
-0.928020
-0.442080
-0.015637
1.829184
-0.383479
0.147025
-0.079790
0.296216
-0.131934
1.571755
-0.311036
-2.442054
-1.569028
-0.485083
0.521031
0.331744
0.888547
1.211897
-0.831601
0.214029
0.029670
1.490005
1.703059
0.726452
0.300416
0.520337
0.855891
-0.116285
0.076251
0.120751
-0.309785
0.898001
1.802193
0.699650
0.987619
-0.969454
-0.718686
-0.288031
-0.564923
-0.345271
1.446608
0.443302
-0.526137
-0.225655
0.730832
-0.280559
-0.474728
1.758638
-1.892789
-1.128995
0.196463
-0.800518
-0.166749
0.505302
-0.255787
-0.882067
-0.225596
0.579955
1.982420
0.673646
2.428772
1.597846
-0.176683
0.897711
-0.445250
0.807168
1.120747
-0.268829
-0.049209
0.400712
-0.157463
-0.788179
0.527848
0.937127
0.022597
0.800274
0.599682
-1.816337
1.213711
-0.230483
-1.243076
0.239548
1.459136
-0.755527
1.210934
0.627647
-0.219965
0.545636
-0.611212
0.504536
1.359373
0.924699
1.472885
0.309713
0.518977
1.151323
0.587289
-1.133956
-1.653547
-0.520363
0.488518
1.259624
-0.543024
-0.367557
0.333842
-1.508910
0.300890
-0.180003
1.499079
0.924501
-1.245453
1.651395
1.559698
-0.048468
-1.144316
-1.053872
-0.606560
-0.755569
0.682538
0.040554
-0.530298
0.242078
0.153769
-0.652870
0.989985
-0.329138
0.246898
1.145605
0.375187
1.257587
-0.231987
-1.071822
0.141521
-1.237795
1.743681
-0.039151
-0.164798
-2.175555
-0.059912
0.674933
0.647674
0.511235
-1.247627
0.171016
1.002560
-0.032351
0.180989
2.600139
-1.741009
-0.380216
0.437567
1.065770
-0.630677
-0.687823
-0.616044
0.169560
-0.120264
-0.027099
-0.651910
-0.887631
-1.497225
0.396936
-0.966967
-0.130436
2.325253
0.575424
0.117365
-0.867073
0.545043
1.144729
0.104997
-1.485002
0.056164
-1.384967
-0.960312
-0.624140
0.069880
-0.921453
0.405152
1.817474
-0.750508
-0.852662
-1.492463
-0.864190
-0.714632
0.081263
0.782521
-0.341451
1.616686
-1.085686
-1.143396
0.805503
0.255729
-0.844653
0.290324
-1.040547
1.889175
1.028321
-0.951758
-0.505458
-0.296011
1.051759
0.820188
-1.694127
0.627321
-0.067028
-0.473067
1.323509
-0.000925
-0.830107
0.526390
0.133045
-0.138893
0.153259
-0.643945
-2.438337
0.096070
-0.506588
0.064418
-0.811345
1.562810
0.687355
-0.318396
-0.275060
0.762555
-0.616571
-0.546461
-0.513048
-2.077179
-0.398627
0.196875
-0.836154
1.063999
1.554518
-0.361131
0.931400
2.242308
0.611021
