
Data:
0.174568
0.471159
-0.747065
-0.751651
0.198345
-0.310234
-0.737618
1.484077
-1.313668
-1.098454
-1.003352
1.788919
0.160770
0.322014
0.624579
-1.077220
-0.567163
0.019213
0.217885
-0.984066
0.455899
-0.275975
0.570771
-0.732354
1.885442
0.838003
0.187069
-1.466115
0.704270
-1.014887
-0.245856
0.086276
0.992130
0.636868
0.648952
-1.444899
0.062397
0.353661
1.047190
-0.098736
-0.173836
-0.028768
-1.479724
-0.715666
-0.601211
1.203001
-0.147347
1.297153
0.912604
-2.220902
0.399765
-0.236740
0.773835
-0.011998
1.474612
-0.200654
0.748267
-0.144811
-1.094860
1.078831
0.322389
-1.031176
-0.537601
0.331778
-0.305892
0.143928
-0.698695
0.817772
-2.052022
-0.604440
1.160109
-0.367564
1.875447
0.430636
0.402615
0.150627
0.768782
-3.178599
-0.679467
-0.495722
-0.564583
-0.540812
-0.989275
-0.036972
-0.491030
-1.494850
-0.945421
-0.254580
0.526464
0.345957
1.425960
-0.204607
-0.311674
-0.370903
0.337819
1.272879
-0.616886
0.125618
0.007556
-0.655593
-0.285401
1.496267
-0.558983
-1.280614
-2.480602
-1.868030
0.485899
1.276538
-0.236512
-0.293186
1.742307
-0.552373
0.206315
-1.158932
0.331838
1.419438
0.145739
0.768022
0.032616
0.953440
-0.885259
-1.568558
0.122675
-0.745685
0.272193
0.147355
-0.671593
1.447920
-0.852310
-0.894744
0.051308
-2.127203
-0.424795
0.677113
-0.534889
0.664543
1.821761
-0.239608
-0.765790
0.237267
0.419212
-0.715879
-1.475899
-0.919550
-1.771313
-0.751103
-0.562859
-0.133052
-0.044396
-1.472033
0.754156
1.057522
-0.191879
-0.328014
-0.605413
-0.202755
1.414222
-0.841212
-0.364450
0.395582
-1.808927
-0.638021
0.353687
-0.678435
-0.454140
-0.680258
-0.098837
0.295210
-1.551195
0.222099
-0.151789
-1.346168
1.701056
1.424172
0.185340
-0.112793
0.336876
0.418029
1.753213
1.060278
-0.422206
0.164553
0.625439
0.737654
1.144266
0.311271
-0.948578
-0.293473
1.129688
0.960569
1.324347
-0.573403
-1.150408
-0.123076
0.288835
-0.906792
0.256034
2.935994
0.418568
-0.509895
-1.831933
0.310659
0.414937
-0.569111
-1.603644
1.460320
0.100292
0.237193
0.147471
0.184241
0.923768
0.865115
0.894461
0.081274
-1.475380
-0.042691
-0.294905
0.198148
-0.376421
0.922739
-0.097424
-1.462856
-0.377776
0.031778
0.251808
-0.135319
0.276369
-0.545915
-0.872813
-2.191256
0.312520
0.099251
-1.153341
0.826008
-1.982014
-0.376496
-1.282216
-0.671094
-0.131618
-1.713475
-0.724863
-0.671255
-0.306560
0.596852
-0.879108
-0.404180
1.416034
-0.961236
2.446385
0.769155
2.395224
0.064143
1.523403
-0.675009
0.399507
-1.169700
0.670078
0.666589
0.933688
-1.108581
0.112396
-0.527647
0.606432
1.004246
0.946997
-0.124211
-0.146383
1.682327
-0.919192
0.935757
0.710138
-0.349192
0.161998
0.164911
-0.934781
0.952671
1.472194
-0.602376
0.644639
-0.900677
1.313187
-1.101411
1.364985
0.870921
0.023161
-1.046739
0.843002
-0.005069
-0.028902
0.944505
-0.439662
-1.673975
-1.173924
-0.368272
0.052242
1.293896
0.925800
1.881351
-0.690169
0.349641
-0.207117
1.041727
-1.497234
0.544455
-0.011285
0.422466
0.628614
0.364177
-1.222888
-0.954542
0.739719
-1.356359
-0.504026
0.482115
-2.582393
-0.191894
0.695564
0.217923
-1.452030
-1.319631
-2.319445
1.742256
1.134354
-0.839396
0.374063
-0.834155
1.344584
2.152540
-0.164207
-0.611116
0.800416
-0.791434
1.005721
-1.669603
-0.564075
0.628417
0.669007
3.618745
-0.740219
0.835960
-0.076273
-0.065302
0.344118
1.666583
1.247331
1.323947
0.574084
-1.128097
-1.129209
-1.785023
0.902001
-1.090236
1.437548
-0.218400
-1.073202
-0.829754
0.373688
-0.838619
0.032473
0.686570
-0.175074
0.124151
0.894465
-0.090966
0.066783
-0.705053
1.926144
-0.993959
-0.810306
-0.846400
0.291441
-1.018967
-1.083919
-1.761564
0.560827
-0.253590
-0.162922
1.238347
0.189349
-0.460280
1.397533
0.017453
0.655922
-0.816713
0.067634
0.998069
0.717355
0.565565
0.928883
-0.456211
-0.122856
-0.306809
0.456898
0.670164
-0.721078
0.455347
-1.056909
1.046873
0.782235
-0.157479
-1.715449
0.347554
-0.386628
-1.296618
1.938984
0.229894
-0.857317
0.746144
0.713492
0.604216
-1.730305
0.126537
-1.886613
0.612411
1.278870
-1.144910
0.211666
-0.857509
-1.257017
0.357543
0.646307
0.127517
1.381664
0.382830
-0.752777
-1.204977
-0.994658
0.345370
0.682927
0.313714
-0.002704
0.530259
0.549114
0.401387
0.145279
0.751596
-0.884372
-0.651566
-1.195983
-0.777511
-0.235567
-1.523879
0.234455
-0.027220
0.052142
1.687182
-0.142941
-0.356884
0.776026
0.224622
0.414511
0.219486
-0.574774
-0.358675
-2.058273
-0.623850
-0.395572
0.593808
-1.092078
-2.088625
-0.739727
-0.305471
0.512198
-0.088979
0.870996
0.096341
1.278547
-0.424626
0.539498
-0.619588
-1.050420
-0.493596
-2.902563
0.626869
-1.322478
0.524177
0.480324
-0.063947
0.205636
-0.093661
-0.044609
0.640726
0.532534
-0.500663
1.004038
1.172108
1.601218
-0.292321
-0.088433
0.483583
0.416483
-0.307004
1.200927
1.136542
-0.360387
1.426337
0.933290
0.819439
0.737023
0.045612
-0.899760
0.604508
-0.813069
1.023440
-0.708858
0.513240
-0.316462
-0.208331
-1.416234
1.728002
-1.240253
0.415252
1.608362
-0.626585
-0.385781
-0.646669
1.046706
-0.444431
-1.017434
0.900133
0.038273
0.252033
0.273791
-0.834938
-0.398851
0.586878
-0.721047
1.748338
1.407490
-0.466096
0.132082
0.188314
0.699457
-0.171805
-0.401637
-0.799833
-0.998522
1.710491
-0.623218
-0.979644
-0.150994
-0.122522
-0.914065
0.375359
-0.730802
0.605120
0.870144
0.699848
-0.397307
-0.918762
1.296328
0.187327
0.584607
0.087095
-0.097706
0.591153
-1.300498
-0.631214
-0.522596
-1.149019
-0.510357
-1.702682
-0.171181
2.076166
0.369816
1.183912
-1.226959
0.120309
-0.614695
-1.706326
-0.927411
-1.656118
-0.385321
-0.739323
-0.282253
1.889434
0.213683
-0.872353
-1.271644
0.297983
-0.509990
0.619942
-0.218770
0.569581
-1.016358
-1.450947
0.186658
0.479592
-2.213349
0.396585
0.883153
0.393216
0.634921
-0.699630
0.463115
-0.465558
-0.626438
0.912755
1.060717
-0.894140
1.805837
-0.722880
-0.690928
-0.791451
0.057010
-2.072051
-0.694547
0.765710
-0.714217
-0.530044
-1.197275
1.578053
-0.564183
-0.275710
-1.177144
0.927668
0.188539
-0.186157
-0.087976
0.515860
-0.690179
0.980184
-0.337918
0.190065
0.142932
0.787685
-0.168227
-0.659558
0.514842
-0.628719
-0.168536
-0.427627
0.807667
-0.423271
-0.008314
-0.968859
0.266786
-0.170181
-0.622250
2.992145
-1.451769
1.990431
0.873861
0.134868
-1.251900
0.266426
-1.303057
0.041136
-1.099796
-2.097695
-0.240396
0.728720
-0.172857
1.948404
0.977608
-0.855076
-0.414964
-0.271324
1.063734
-0.583313
0.553655
0.003291
1.419550
-1.691707
0.226493
-0.304138
0.257571
0.722667
0.309386
-0.133026
1.220335
0.575061
0.069114
-0.766699
-0.908725
-0.643120
-0.416558
0.452199
0.089987
-0.555605
1.717744
-0.635693
0.292107
1.688723
1.442902
0.181816
-1.132322
-1.041562
-0.266761
1.490183
1.910581
-0.200328
-1.214374
0.499238
-0.936666
2.125709
0.883760
-0.368560
-2.113191
-0.459884
-0.474184
-1.333100
1.419396
0.018110
-0.306582
1.194665
-1.296855
1.234898
0.330919
-0.814467
-0.555214
0.895467
0.629606
-1.000144
-0.381430
-0.618399
0.506260
-0.377787
-0.167473
1.953448
1.386799
0.623622
0.969672
0.312241
-0.252245
-1.022104
-0.408710
-2.722292
-0.480157
0.110026
0.720693
-1.000065
0.371255
-1.454952
0.757134
1.787029
-0.683895
0.983326
-0.782055
-0.085265
1.285155
-0.200442
0.799001
0.292238
1.337310
1.310903
-2.429314
-0.414278
-0.584005
0.134048
-2.197660
-0.243258
0.627380
0.126692
0.212487
0.206959
-0.553948
1.397519
-0.650468
0.683429
0.037213
-0.166565
2.527283
-0.547498
-0.523614
0.034365
-0.697759
-0.756631
0.345343
0.160001
1.234661
0.462158
-0.286719
-0.834801
2.132077
-0.252354
0.131551
-0.100599
0.341517
-1.507836
-0.561288
0.202560
-0.572828
-0.829280
-0.851397
-0.110353
-1.592363
0.960374
1.499632
-0.843255
-0.454453
1.381722
1.108382
-0.336201
-1.353126
-1.387301
1.221040
0.315570
0.396107
-0.580865
-0.140028
0.258543
0.595223
0.134423
-0.885178
-0.475280
0.427507
1.452057
-0.184385
0.508834
-0.098428
0.756414
-1.018812
0.259281
0.477754
0.837421
-0.177934
0.170101
-1.577844
0.025628
-0.704125
1.877055
0.166741
-0.106485
0.284496
-2.132006
-0.477915
-1.048163
0.582362
-1.064104
-0.676971
2.221873
0.242702
0.225421
-0.350549
0.982524
1.376908
-0.048519
-0.330504
0.051816
0.730670
-1.121949
0.890816
0.986750
0.147174
-0.283054
-0.102333
-0.371339
-0.945777
1.718824
0.880572
-0.353802
-1.116797
0.353026
0.661607
0.120050
-0.532300
-0.995468
-0.570108
-0.871713
-0.591321
-1.809486
-0.452442
-0.654912
-0.657516
0.317482
-0.342908
-1.009182
-1.485921
-0.538684
0.153608
-1.157125
0.797191
0.616600
-0.813198
1.297262
-1.349527
0.344469
0.095888
-0.800657
0.982801
0.328858
-1.545248
-0.430705
-0.090944
0.996855
-1.136490
0.608860
-0.727622
-2.026142
-0.784142
-0.519443
1.078129
-1.651036
-1.866499
0.630480
-0.330541
0.168904
0.315988
0.214462
-0.383245
0.095738
-1.277623
-0.240439
1.315935
1.129196
-1.316946
1.604754
-0.095707
0.819965
0.579639
-0.868744
0.362087
0.439448
0.842640
-1.801408
-1.220496
0.609838
-0.303973
-1.106071
-1.285022
1.640911
0.079027
-0.421944
-1.767756
-1.355743
-0.247556
-0.969954
1.027227
-1.568733
0.721723
0.138839
0.543330
-0.242998
0.955593
-1.023248
0.598958
-0.773224
-0.985655
1.461160
-0.353641
0.765454
0.917448
-0.262528
-0.535106
0.266580
1.321861
0.363585
0.664858
-0.531217
-0.124998
1.085164
-0.277822
0.814016
-0.300356
-0.087904
-1.433030
-0.458120
-0.043438
-0.189809
0.122773
0.683483
0.245526
-0.713786
-0.792420
-0.284281
-2.210769
-1.678978
1.130573
0.185388
0.871875
-0.594440
1.061510
-1.294946
0.304356
-1.510916
0.092451
-1.534238
-0.822863
0.152779
-0.587474
-2.099133
1.611331
1.261399
-0.424692
-1.390216
-0.656758
0.937391
0.914841
-1.523659
0.795428
1.061695
0.234429
-0.770302
-1.056599
-0.981044
1.338828
1.274056
0.712848
-0.025241
-0.095167
-0.011489
0.249441
0.942594
-1.112651
-0.684524
-0.689479
-0.007018
1.034729
2.063383
2.039968
-0.825306
-1.676452
-2.293795
1.781760
0.429681
1.369287
2.582678
-0.315547
1.244313
-0.579513
-0.980825
0.528059
0.125598
-1.186471
0.377615
-0.040257
0.489110
-0.032253
-1.401713
-1.027216
-0.678008
-0.487627
-1.539984
1.206558
0.566896
0.443153
-0.268634
-0.427591
1.332159
0.392196
0.274522
-1.760908
-1.255083
-1.424025
0.622037
0.797735
-1.046752
-1.435100
-2.365305
-0.017086
0.932388
-0.606793
-1.311133
-0.764914
1.379917
-2.326724
-1.498820
-1.303133
-0.539130
-0.774448
-0.124257
-1.326354
-1.118033
0.686717
1.050114
0.666497
-0.535156
-0.138991
-0.036908
-0.382474
1.145719
0.751075
0.589363
0.971975
0.628674
0.000102
-0.373899
1.974714
0.295326
-0.830751
-0.171227
0.045667
-1.204672
0.706076
1.607336
2.388806
-0.451063
-0.724097
0.258710
1.086733
0.311026
0.461221
-0.405969
-0.491835
0.368319
1.155267
0.068528
-1.353673
-0.480935
0.593503
0.536337
0.737749
1.491247
-1.253856
-1.300938
-1.780797
-1.159044
-0.565584
-0.494195
1.534059
0.332747
-0.428090
-2.042935
-0.368413
-0.482223
0.422211
0.987995
1.691441
-1.112713
0.834375
0.439894
-0.425037
-1.548529
-0.357102
1.721198
0.892746
-1.047773
0.816222
-2.154571
0.162181
1.246155
-0.301580
0.475060
0.789786
0.524875
-1.048447
-0.166391
1.963644
0.715851
-1.282568
-1.477622
-0.093607
0.205013
-0.726454
0.689421
-0.580234
0.218946
-0.727216
-0.230796
0.029221
0.340571
-0.413366
0.171326
0.670314
-1.475858
1.212600
0.421896
1.484551
1.639953
0.521014
0.400638
-0.449428
-0.354581
-0.265546
1.417046
0.053946
0.290370
0.141280
0.027840
-1.210116
0.628038
-1.529851
1.451098
0.181025
0.057236
1.110641
-0.015810
-0.171995
-0.565178
-1.506287
0.510141
-0.285974
1.182135
0.045423
0.355705
0.738061
-0.479525
-1.288371
0.420447
0.900830
-1.095836
0.822838
-0.415184
0.466558
0.425597
-0.139775
0.519762
0.473581
-0.522815
-1.354563
2.911107
0.448464
0.095684
-0.340497
-0.875888
0.497726
0.713564
0.300279
0.735529
0.005722
0.593838
-0.688166
0.490605
1.265207
0.443188
-1.865361
-1.486918
1.073142
0.422254
0.587654
0.203741
0.209078
1.351876
0.920291
-1.132433
0.427573
-1.113165
-0.552008
-0.637304
-0.482953
-0.379922
2.444041
-0.535520
0.202429
-0.459468
-2.027777
-0.329800
0.008818
0.655035
-0.098144
-0.726691
-0.798499
-0.483152
-1.799251
-0.143793
-0.446595
-1.703903
-1.058884
0.048996
-0.076349
-2.602057
-0.189886
-1.851779
0.997690
-0.451108
0.567087
-0.516223
0.385583
0.032522
-0.212166
-0.836851
0.494729
0.931273
-0.085485
-0.394619
-0.333113
0.556733
-0.413967
-1.429515
1.315820
1.969864
-0.555258
0.762889
-0.296448
-0.561210
0.527519
-0.621117
1.527848
-0.174839
0.933626
-0.085173
-1.360491
-0.757638
1.857794
-1.906846
1.572591
0.807873
0.126292
0.293446
-0.283153
0.002134
0.722652
-1.947238
-0.740028
-0.463997
1.405132
1.980250
0.446505
-1.321239
0.255353
1.412978
1.065701
-1.291364
0.441223
0.041902
-0.635206
-1.687367
0.848084
-0.525323
0.457689
-0.245245
0.997513
-0.349856
-1.139849
-0.205303
1.054598
-1.516179
0.012635
0.486087
-1.177809
-0.391888
-0.470251
-2.361050
-1.303238
-1.221911
-0.026362
-1.201371
-0.343910
-1.476707
-1.880389
-1.084570
-0.440793
-1.429393
-1.354428
1.289036
0.720824
1.095116
1.015464
1.245252
-0.691605
1.155112
-0.618381
2.133819
1.353104
-0.813799
0.275174
0.551498
0.509056
0.935969
1.035580
0.604523
0.539971
-0.341655
0.449445
1.051138
-1.402830
0.844844
1.851588
1.840344
0.152806
-0.215879
1.123152
1.966387
0.674114
1.727343
0.560836
1.226632
1.279254
-0.861476
0.412975
0.456588
-0.942120
-0.373401
-2.957542
-0.010748
-0.040967
-1.933167
1.020568
-0.942313
-0.482963
0.189184
-1.049319
-0.916302
-1.572314
-1.488060
-2.133779
-0.774601
0.615762
-0.578692
-0.360173
1.154703
0.955791
0.401729
-1.315812
0.330751
-0.864433
0.700029
-1.280379
-1.270676
0.608065
0.081753
-0.427900
-0.779647
-0.626078
-0.168835
-0.203038
-1.425272
-0.043922
-0.582566
-1.369221
0.386819
0.962628
0.048273
-0.323528
1.782402
-1.121351
0.589220
0.525184
0.623389
-0.290937
-0.585932
-0.566102
-0.220599
-0.231440
1.222118
-0.014633
-0.722801
-0.419333
0.660150
1.925618
0.301425
-1.101997
0.048294
-1.336764
0.250862
0.597597
0.788554
-0.565815
-0.125056
1.666356
0.893874
-0.470400
-0.151750
0.094445
-0.398696
0.128467
-0.497440
-0.917191
0.892327
0.079221
-0.975566
0.648015
0.532828
0.602207
-0.515579
1.248149
-1.178622
0.514883
-0.421517
-0.045711
-0.131257
-1.749453
-0.211641
-0.545588
-0.908978
-1.097916
1.010723
0.644145
-0.643133
0.539451
-1.890862
-0.440001
0.549944
0.929643
-0.035580
-0.145221
0.504645
-0.785461
-0.214852
-0.609409
-1.576199
1.574369
1.250389
-1.143252
0.021795
-0.308306
-0.784920
-0.365918
0.107812
-1.148225
-0.470017
-0.293555
-0.149105
1.144362
0.114987
0.698564
0.468763
0.524826
0.712397
-0.656601
-0.818413
-0.170001
0.224649
1.162322
0.948574
-0.698600
-1.263901
-0.324252
-1.133079
-0.940151
-0.294382
-0.794361
1.005061
0.325321
-0.905571
-0.502629
0.731554
-0.965028
-0.025754
0.309811
-0.292401
-0.483335
0.260240
-1.407200
-0.666691
0.887399
0.188941
0.122020
0.495863
0.368029
-1.209870
0.504086
-0.564192
-0.607880
1.399571
-0.070186
0.913011
0.042577
-1.684325
-0.015804
0.547826
-1.552965
-0.364077
0.468420
-0.237686
-0.665400
-1.046273
1.609189
1.218444
-0.177299
0.188446
-0.368899
1.653089
-0.887961
0.957210
0.906159
-1.007143
0.714023
-1.698059
-0.510070
-1.447639
1.248174
-1.253067
0.046949
0.843407
-0.028046
-0.052029
0.435571
-0.194442
0.271665
0.070717
1.116580
-0.152420
-0.841946
0.601720
0.685184
-1.204410
-1.132209
-0.420464
0.798765
0.433778
-0.845603
-0.461222
0.472616
1.544436
-1.368289
-1.186236
-0.759269
0.188364
0.035212
0.089561
0.283367
0.093315
0.893989
1.617004
-0.648781
-0.128873
-0.531155
0.255940
-1.229541
1.414546
-0.383427
0.559754
-0.009948
-0.531939
1.301948
-0.646834
-0.346661
1.091548
-0.240705
-1.513842
-0.558567
0.689856
0.478249
1.037010
0.269797
-1.101235
0.344356
0.235126
0.298528
-1.120901
0.302039
-0.847467
0.495611
-0.652405
-0.227049
-0.092621
0.866573
-1.048996
-0.933957
0.018257
0.654830
0.627640
0.151138
-0.816603
0.931773
1.679048
0.131208
0.636353
-0.439440
1.506530
0.580736
-0.022561
-0.706990
-0.065731
0.222718
0.554583
-0.303082
-0.933947
-0.320330
-1.348532
-0.106874
0.432854
0.408860
-0.258776
0.860608
-1.006561
-0.921769
1.280528
-0.920549
1.163330
1.463398
-1.219442
-1.085191
0.694214
-0.224513
0.772622
2.332839
-0.494027
1.893286
3.699850
-0.720495
-0.546735
1.067325
-0.032683
-1.199308
0.876898
-0.562055
-0.446417
0.987357
-1.312882
0.291898
-0.964639
0.676915
1.264806
-1.841577
1.384384
0.932734
1.590736
0.066331
-0.608281
-0.189818
-0.522831
-2.286634
0.145351
0.407635
-1.005058
1.448686
0.013114
0.471793
2.024623
-0.220576
-0.416724
0.783020
-1.206910
-0.606687
-2.336771
1.364050
0.565267
-0.625315
1.323539
0.195730
0.272459
0.912529
-2.499776
1.133966
-1.041416
0.232160
-0.113177
-0.702415
1.927140
0.661511
0.841820
-0.695729
-1.616289
-1.524429
-0.463603
-0.941387
0.158289
-0.339221
0.656711
-0.235597
-1.788876
-2.033555
0.648705
-1.105386
0.175388
-0.846467
-0.086103
0.470664
-1.041035
0.162254
-2.345897
0.221457
0.052905
-0.975495
0.347366
0.157267
0.784099
0.213653
0.289264
0.902426
-1.415481
-0.325492
-0.337638
1.618152
0.806209
-0.163875
-0.373097
1.627548
0.963017
0.119234
0.191723
0.999768
0.794911
1.849444
-0.673339
-0.070533
0.137072
-1.809789
1.671411
0.120936
-0.457010
-0.542161
-0.534501
-0.620857
1.175801
-0.721833
-1.219667
-0.111219
-0.071316
0.819637
-0.526146
-0.632659
0.492072
-0.669934
0.294513
0.122071
-0.205940
-1.325551
-0.111856
0.412636
1.596807
-0.420556
-0.785091
0.506165
1.171331
0.445666
-1.761936
-0.270423
-2.540853
-0.139748
0.914197
0.019736
0.091827
0.934479
0.597717
0.275449
-0.672365
-0.267734
0.152161
0.758133
-1.349140
-0.876246
-0.406548
0.092192
-0.438528
1.051864
1.071124
-0.947041
0.152435
0.253157
0.211731
0.486503
1.095340
-0.366426
-0.243347
0.267921
-0.077184
-0.769127
1.796129
2.512305
0.129023
2.476425
-1.562974
-0.853285
-0.738080
1.622361
0.664976
-0.677206
0.841305
-0.767994
1.488033
0.040565
-0.224550
-0.079199
0.390608
-0.228001
0.952002
0.674397
0.751902
-0.131883
-0.879217
-0.081629
0.631053
0.373759
-1.308240
0.307985
0.130904
-0.696725
1.056311
0.501204
-1.511651
-0.149904
0.014566
1.737418
0.741764
0.601156
1.890157
0.694760
1.248250
-0.263513
-0.752073
-0.132540
-1.709500
-1.278876
1.792266
-0.790633
-0.343387
-0.513077
1.983412
-0.051262
1.059639
1.079259
-0.697135
0.309059
-0.806137
1.320603
-0.512791
0.944070
0.879764
-1.489762
0.906301
0.100497
-0.564284
-0.584879
-0.746735
-0.150192
-0.179723
-1.548763
-1.936961
-0.681918
1.482245
0.338886
1.740635
0.154964
-1.276034
-0.457359
0.741780
-0.729969
0.270777
-1.575025
1.370020
-1.218925
0.686752
-0.140023
0.569829
-0.827032
0.297088
1.203029
0.460605
-0.129916
-1.248793
-0.775981
1.925963
0.467059
1.230063
-1.479818
-1.268841
0.192385
0.052899
0.024195
-2.055899
1.368001
-0.787290
-0.699100
1.856285
1.435714
-0.407272
0.941735
-0.931232
-0.779553
1.059482
-0.249971
1.052013
0.172958
1.305131
-0.908206
0.921942
-0.399671
1.155707
-0.650297
-1.049191
-0.494652
1.289078
1.448835
1.582256
0.596603
0.174571
0.248701
-0.430821
-1.135878
-0.748850
-0.091646
1.169841
1.284793
-1.051601
2.204966
0.415801
-0.474185
-0.136761
-0.369984
0.141942
-0.169183
0.653089
-2.270549
0.509973
0.620021
0.048202
-0.012909
-1.454153
0.495230
0.623490
1.569569
1.995058
-0.132791
0.350772
0.550896
-0.482372
0.961440
0.169247
-0.364308
-1.264066
-0.025105
-0.307089
-1.141255
0.902742
0.277014
-0.414448
0.623277
0.749105
1.108672
-0.426629
-0.219976
1.304188
0.099034
-0.102477
0.395471
0.452644
-0.815759
-0.326131
-0.033284
0.330301
0.236683
-1.171212
1.069599
-1.023822
-0.393407
-0.641462
0.030563
0.760958
2.296545
-0.708478
-0.259493
1.482190
-0.613500
0.814945
-0.756574
-0.843507
-0.819839
0.922974
-0.258119
0.518631
-0.346678
1.902182
0.238804
-0.897964
0.480365
0.134750
-0.980383
0.684274
-0.589380
-0.577745
0.225076
2.466474
-0.339381
-0.591557
0.125434
0.837467
0.208890
0.806345
0.256588
-0.090691
1.538165
-0.687792
0.294735
-1.241689
1.366155
1.361437
-0.282279
-0.551961
1.121450
0.145286
-0.073183
0.753688
-0.301811
1.232830
0.299917
-0.279293
-0.734019
0.708300
-0.460561
-1.130615
-0.137621
-0.333893
0.154097
-0.546642
1.523875
0.801097
0.782244
-0.072524
-0.211708
-1.314789
1.067943
0.627566
-0.913344
-0.174735
0.660735
-1.072380
1.271686
-1.273815
-0.476198
0.082870
0.024365
-0.594857
0.904868
-0.764580
0.515889
-2.576085
1.146187
-0.592461
-0.415439
0.419044
-0.201568
0.236611
-1.035141
-0.898252
0.409267
-0.022487
-0.345779
0.071199
-0.801094
-2.455541
-0.291512
0.153816
-0.599465
-0.231674
-0.975385
-1.332234
0.553869
0.548848
-0.201364
-0.524141
-0.222901
0.324786
0.589557
-0.603062
0.703505
1.033011
-1.392500
-0.280612
0.555554
-0.251212
0.906594
-0.414267
1.494719
0.273909
-0.205875
0.181307
0.565604
-0.017971
-0.322168
1.170049
0.605329
1.242551
-0.144023
-0.456210
-0.354279
-0.141295
0.171453
-1.037306
-0.506002
1.258486
-1.373307
-0.596964
1.053875
0.460881
-1.847853
1.542361
0.433716
0.661665
-0.158593
-0.030798
1.046836
0.186080
0.214781
-1.341008
0.025017
-1.439819
0.010945
-0.039106
1.394980
-0.932727
0.109340
-0.637765
-0.242255
-1.006794
-1.777900
0.991818
-0.318364
0.546771
-1.663157
-2.179882
1.067723
1.255834
-1.056242
2.096448
1.091904
0.998733
-1.497774
0.411288
1.684431
-1.029073
0.591063
-0.991704
-0.762698
0.000143
-1.231040
0.559148
1.757952
1.002439
-0.218973
1.096351
0.203274
-0.080376
-0.138700
2.169216
-0.965869
0.421889
-0.321928
0.060649
0.967346
1.214617
-0.877276
-0.072832
-0.766551
-0.878557
0.081332
-2.654779
1.734983
-0.593750
-0.076107
-1.337067
0.187968
-0.098248
0.231775
1.179483
-0.232522
0.479287
2.493349
-0.500251
-0.724852
-0.141386
-0.011266
-1.020766
0.375735
-1.222663
-0.895561
0.221631
1.278340
-0.452189
-0.064917
-1.134721
-0.983264
-1.031199
0.181235
-0.267594
0.636915
-0.773679
-0.922639
-0.028144
-0.346724
0.244175
-0.134663
-1.123217
0.370488
0.048712
-0.603754
-0.825572
-1.782304
1.197623
-2.926508
2.000853
-1.066633
0.132909
-0.586477
0.584576
0.735670
-0.415527
2.275873
0.392846
0.836870
-0.961675
-0.231201
1.904987
-0.705667
0.354371
-1.632775
-0.077148
0.019378
-1.384217
-2.627612
0.280927
-1.679703
0.062699
0.421952
0.317962
-1.761554
-1.337423
0.163182
-1.176959
-1.033724
-0.119901
-0.904157
0.316334
0.183068
1.640319
0.130002
0.993822
0.005290
-1.380088
-0.835996
-0.906571
0.683213
0.066874
-0.085185
1.273595
1.760033
0.792210
-0.832479
2.038435
-0.063994
-0.664863
-0.158248
1.603612
-0.869839
0.733749
-0.409001
0.109048
0.316531
0.505185
1.473230
-0.394222
0.743090
-0.285504
0.272163
-0.089290
-2.019217
1.616760
0.023286
0.016508
1.009897
1.128382
-1.511065
-0.746989
-0.377717
-0.927223
-0.111934
-0.494063
-1.680966
-0.216499
-0.013555
-1.795236
2.520219
0.295693
-0.533539
0.004887
-0.880559
-2.118952
0.720987
-0.115075
0.484036
1.396919
-0.073542
-1.690548
0.718784
-1.273285
-0.691224
-0.785908
0.846685
-0.716173
0.277048
0.469469
-1.178236
1.185942
-0.223081
0.721561
-0.016428
1.377390
2.512862
0.263660
1.544907
-1.192078
-0.093764
0.075783
-0.436162
0.672919
-0.853763
0.146357
0.102037
-0.166695
0.498344
0.680779
1.469326
1.665627
0.226274
0.015659
1.745009
0.187150
1.814119
0.305037
1.475581
-0.570426
0.964078
-0.933798
0.306911
1.072408
1.020181
-0.986979
0.653959
0.514810
-2.000751
0.501874
1.819361
-1.075798
1.129291
0.340448
-0.168967
-0.898581
-0.524328
-0.217023
-0.043333
-0.449329
-0.788948
1.759591
-0.171023
1.371370
-0.505043
-0.000611
-0.283507
1.419863
-1.309393
-1.623678
0.531609
-2.126228
-0.469851
-1.543410
-0.244641
2.314536
-0.096235
0.022411
-0.481423
3.252940
0.285745
0.865830
-0.440238
0.159164
-0.831047
0.507160
0.299098
-0.610349
0.299546
-0.444602
0.156397
0.361904
-1.102166
-1.036246
-0.720072
1.098267
-0.379233
0.649566
1.131532
-0.372232
0.193741
-0.527690
0.426111
0.659189
0.540389
1.821218
1.740890
0.320042
-0.421551
-2.076380
0.334976
0.258565
0.654627
0.171957
-0.467911
0.681692
0.008809
0.038405
0.228803
-0.601616
0.427939
1.211439
-0.335041
0.533752
-0.387373
-0.687248
-0.736405
0.141590
-1.200074
-0.562139
0.007301
1.170384
-0.632881
-0.434764
-0.149751
1.722335
0.788771
2.067760
-0.451133
-0.888953
-0.247820
-0.389905
-0.596223
-0.355548
0.269929
-0.279857
0.981995
-0.685282
-0.036255
-0.971364
0.246616
0.572752
0.944188
-0.790193
-1.254459
0.382045
1.029943
-0.254246
1.023187
0.131877
-1.809782
0.531302
0.094947
-1.153784
0.177868
-1.575535
0.234903
0.022187
-0.700098
0.200362
0.748036
1.408284
-0.931185
0.879743
-0.471959
0.400372
0.067743
-0.448732
-0.032321
-0.631724
-1.349082
1.273011
1.497125
0.414110
-1.335493
0.344726
0.467247
-0.523412
1.030413
0.773791
-1.328491
1.395006
-0.598425
-2.487507
-0.545081
0.612410
0.604160
0.912928
-0.790371
1.227900
-0.816924
0.162574
0.094501
0.179399
-0.326993
0.359299
-0.835399
0.059904
-0.551984
2.143536
1.982350
0.505645
-0.426796
-1.284124
-2.522667
-0.250388
1.138027
0.745147
-0.618993
-1.148130
-1.345028
-0.481936
0.291500
-0.195928
0.660973
0.469555
0.094161
0.356968
-0.591362
1.944973
0.181315
-0.441918
-1.336500
-0.030149
1.378868
-0.399509
1.222825
0.783707
1.264408
-1.058292
2.914463
0.477308
-0.756329
0.569067
0.668699
0.091160
1.829697
0.590566
-0.647515
0.068670
-0.265478
0.211954
0.862056
-0.401106
-1.875588
-1.391784
-0.084151
-0.588464
-2.263291
-0.758132
0.011680
-0.637996
-0.644605
-0.218383
-1.131006
-0.562675
0.717324
-0.784033
-1.876838
0.817419
0.761758
-1.301318
-0.546259
0.055169
0.515487
2.946906
-1.455934
0.844668
0.311619
0.245272
-0.924852
0.418820
-1.047669
-0.180658
-1.104870
-2.207310
0.662083
1.013010
0.125540
2.218509
-0.284456
-0.194906
-2.066917
-0.254426
1.265927
0.631041
-0.293198
-0.231602
-0.712272
-0.314348
-0.321317
0.693602
0.015191
0.069510
0.067373
-0.824465
0.692244
0.221081
0.833842
-1.722782
-0.103724
0.316191
0.335948
0.580324
1.206064
0.776030
-1.443154
-1.291216
-1.019066
0.430155
-0.064911
-0.116022
1.436389
-0.658517
-0.011689
-1.577455
-0.089138
-0.969928
1.482785
-2.313169
1.092369
0.397078
-0.263242
-0.487616
0.536376
-0.574704
-0.916832
-1.185793
0.235991
0.517516
-1.189698
-0.363568
0.907569
-1.307778
0.502064
-0.295469
1.353808
-0.155707
-0.414262
1.330331
-0.900270
-0.187736
0.541122
0.883590
0.356066
0.893155
0.280757
-0.521713
0.789182
1.290532
1.454908
0.091079
-0.998373
0.832501
1.694998
-1.160272
-0.320596
0.879740
0.665030
-0.895656
-0.025065
-0.088258
0.947060
-0.793482
-0.847797
-1.214481
1.728027
0.572343
0.867206
0.635288
0.590327
-0.791728
-0.008703
-1.249253
0.459215
-0.211437
-1.094618
-0.678904
0.107299
-0.043781
1.294494
0.262044
0.853638
0.334496
1.141912
-1.941045
-0.861122
-0.851151
1.430036
2.246398
-0.804961
-0.013501
-0.511789
0.105447
0.519151
-1.525580
0.272842
0.465834
0.660420
0.603733
-0.003187
-1.033155
-0.190131
-0.306136
-0.575520
-0.313577
-0.465896
-0.104067
0.236908
0.232235
-1.480212
-0.353333
0.480139
-0.123023
0.553611
-0.102407
0.914966
1.247009
1.583915
-0.891589
0.663227
-0.600248
0.530900
-0.139376
0.136486
-0.165150
-0.533948
-0.475708
0.155289
1.268396
0.088979
-0.167296
-0.526325
-1.040241
1.778995
-0.034003
1.120372
-0.279727
-1.234126
0.010080
-0.611612
-0.333806
-1.226957
0.560379
-0.226259
-0.512182
1.915646
-1.791760
-0.296646
1.438826
1.001310
0.452397
-0.708967
-0.981019
0.424718
-0.221409
0.611058
0.396093
0.211835
-0.833881
1.839056
-1.250246
-0.346513
0.660872
1.055015
-1.638159
2.105563
-1.395119
-1.746829
0.889640
-0.448671
-0.635459
0.261651
1.366976
1.067317
-0.035754
-0.513855
0.075703
-0.272876
-0.906934
0.382842
-0.774340
-1.282716
0.929723
1.235290
-0.677051
0.652253
-0.926203
1.226809
-0.175960
-0.146882
-0.303536
-0.751743
0.248324
-0.074465
-0.064310
1.203455
-0.128732
1.328298
0.090010
-0.504261
-0.569617
-0.120059
-0.902959
-1.747936
0.884685
-0.857225
0.685765
0.601841
0.445133
-2.038559
-0.422741
0.811690
0.874882
1.133852
-0.250288
-1.036515
-0.360948
-0.163828
-0.702727
1.105494
0.724511
0.908128
-0.939944
-0.143551
1.313642
-1.177801
-0.352027
0.160051
1.034741
-0.824601
-1.023167
0.096630
-1.240153
0.347600
-0.716955
-1.354778
1.716911
0.621826
0.166266
-0.128115
-0.331825
0.660887
-0.720949
-0.237579
0.993825
0.068919
0.804436
0.316087
-0.965069
1.647221
-0.443498
1.583125
0.940338
-0.507100
-0.262230
0.280194
-0.375820
2.187425
-1.041063
-1.128852
0.539006
1.404637
0.000745
0.863085
0.736496
-1.254202
-0.778834
-2.116733
-0.316965
1.766700
0.317672
-0.739473
2.615917
-0.203889
-0.650601
1.706118
1.662321
-0.541143
1.562634
0.272746
1.056479
-0.770154
0.295679
-0.292379
0.099333
-0.151404
-0.969562
0.831980
0.349745
-0.644326
-0.703001
-1.797389
0.196540
-0.600919
1.179808
0.089881
0.168835
1.635863
-0.645027
0.444341
0.945749
-0.206073
-0.190972
0.552191
-0.898393
1.192415
1.656781
0.630722
1.030478
1.289427
-0.140981
-1.281002
-0.615156
0.623487
0.442643
2.688097
0.235547
0.669365
0.367616
-0.371346
-0.158120
-0.010387
0.806834
1.058180
-2.695108
-0.198358
-2.523995
-0.590898
0.575406
-1.812769
0.139133
0.757724
0.154779
-0.774535
-0.901693
0.306861
-0.029283
0.941178
0.397193
1.172894
-1.059055
-0.800473
-0.459540
-0.149865
-0.271862
0.344848
-1.519326
0.899294
1.413840
0.577425
-1.056886
-1.437355
-1.583393
0.564441
-1.218439
0.900065
0.855894
-0.264375
1.461031
1.128434
0.496229
-0.771166
-0.336216
-2.351712
-0.312629
1.380324
0.147784
-1.247576
-0.883272
-0.707357
-0.330926
-1.383610
-1.166079
-0.113899
1.254002
-1.192906
0.543696
-0.239926
-0.043158
1.104432
0.045154
1.262021
0.215073
1.048256
-0.511579
0.414038
0.753651
-1.113228
-0.096781
-0.966036
-0.054683
-0.355318
0.756101
0.053669
-1.040432
-0.182736
0.800837
-0.032939
0.042918
1.061300
-0.453687
0.247412
1.137789
-1.330174
0.981036
-1.070092
1.076860
2.358829
0.642770
-0.306387
1.076959
1.238730
0.670131
2.059758
1.298715
1.080242
-0.667479
0.381568
-0.978340
-0.694544
0.091104
2.197221
1.167734
-0.246579
0.415025
1.484992
-0.333491
0.795950
0.387811
-0.728796
-1.118651
0.620327
-2.004690
-0.223260
0.364729
-0.870513
0.971425
-0.806256
0.832102
-1.192019
1.256543
1.425102
-0.195300
-0.644031
1.200500
0.094562
0.701178
0.333779
0.845660
-0.274369
0.891134
-0.330266
0.730876
-0.944996
1.067664
0.654025
-0.382580
0.174851
-0.352698
-0.051576
0.445926
2.304973
-2.051540
0.066724
-1.033953
0.017819
-1.863076
0.820680
-0.916965
-0.069484
0.069834
-0.750243
0.669013
0.828486
1.253008
1.503556
-2.134997
0.287650
-0.617648
-1.995633
-0.491946
-0.901193
-1.662350
0.220047
-0.555085
-0.969656
-1.908013
-0.345795
-1.189157
0.263585
0.594729
-0.839039
1.597249
-0.939093
-1.676810
0.485604
-0.156152
0.067064
-0.881968
-0.343959
-0.572548
0.145889
1.451135
0.586196
0.428402
0.265108
-0.793835
0.326990
-0.337663
-0.089507
-1.359798
0.262482
0.723600
0.011319
-0.445201
-0.414785
0.431938
-2.832565
1.039054
0.423954
-0.076480
-1.518103
-1.303495
-0.015792
-0.373673
-0.403299
0.469931
1.066116
0.799403
-0.851651
-2.106335
-0.280419
0.927660
0.993786
-0.650220
-1.632512
-0.210914
0.739471
-0.970254
-0.263809
-1.280451
0.363563
0.348478
-0.033397
0.122785
1.101982
1.064651
-0.510165
0.538035
-0.233024
-0.786745
-0.871491
0.825366
-0.221396
-0.535428
1.228068
-0.444852
0.191279
-1.829623
1.241804
-1.224460
-0.096855
1.662826
-1.398960
0.377044
0.118430
-1.108293
0.101642
-0.521891
-1.069710
-0.172721
-0.215777
-0.172910
-1.311466
-0.621821
0.561099
-1.345438
-0.892865
-0.298580
-0.291485
-1.304480
0.698705
-1.262621
0.368829
0.987604
-1.118645
-1.164660
-0.340059
0.107701
-1.847065
0.728152
-0.296091
-0.574926
0.405154
1.065449
-0.423498
0.486537
3.355963
1.305260
-0.415863
1.252668
-0.388065
1.391794
0.031910
0.447259
-0.593933
-1.151639
-1.627379
-1.210525
0.847829
-0.610632
0.584099
-0.349487
-1.648191
-0.011095
-0.187689
0.182848
0.847663
-1.179405
-0.065510
0.555838
0.374478
-0.320968
-1.002581
0.138435
-0.867062
0.296922
-1.167331
0.577283
-0.696760
-0.415633
1.027587
1.711812
-0.040040
0.524137
0.417609
-0.020757
1.221152
0.444727
0.954584
-1.115355
0.943901
0.633709
0.574119
-0.205363
-0.028644
-0.890227
-0.376397
1.313635
0.061624
1.030108
-0.648462
0.823340
-0.074198
-0.607951
-2.134649
1.704804
-0.419093
-0.606606
0.085123
-1.382913
-0.125011
-0.443516
-0.015509
-0.169057
0.163490
-1.392801
-0.404497
-0.655514
-0.137981
0.374284
-1.010497
2.083419
-0.025513
-0.753614
-0.735600
0.693468
1.469658
0.020886
-0.153932
-0.829297
-0.145613
-0.270272
0.118901
-0.732193
0.068824
0.103247
0.983000
-1.250994
-1.527234
0.752826
-0.559411
0.022824
1.905539
0.781214
-1.474286
-1.755585
-0.510110
-0.969783
0.706025
1.661922
0.091875
0.728448
0.186110
-0.071853
1.588234
0.425582
0.905529
0.526227
0.048031
1.241811
-0.985071
0.027740
-0.052681
-1.232068
-1.428722
-0.557920
-0.015622
1.037806
-0.808715
-0.145362
0.218103
0.046892
0.295774
-0.151979
0.216088
1.003605
0.064733
0.224299
1.422410
-0.753968
-0.118926
-0.117507
-0.624072
-0.858048
0.249822
-0.071767
-1.568123
1.136548
-2.097090
-1.606851
0.723037
-0.678869
0.367735
0.246717
1.128165
-0.587620
-0.189559
0.067814
0.476798
-0.504238
-0.977755
1.277894
-0.281855
-0.679679
1.875720
-1.458639
0.710833
-0.883519
-0.287653
-1.151632
0.524927
0.732242
1.256995
-0.125582
-1.679060
0.884686
0.080304
0.790844
-0.897916
-0.218377
-2.276808
1.010372
-1.013945
0.256073
-0.246498
-0.885981
-1.351396
-0.151988
1.762253
1.574345
-0.464803
-1.468087
0.654020
0.314182
0.140185
-1.630573
1.612326
-1.991268
-1.231361
-1.082695
-0.379328
0.902812
-1.537705
0.311594
-0.835837
0.757054
-0.639592
0.008868
-0.120439
-0.903533
1.378366
-1.839275
-0.176041
0.135975
0.743318
-0.427208
0.853065
-0.795273
0.091983
0.974619
1.559220
-1.374326
-0.098119
0.973475
0.210126
-0.504589
2.372856
1.920132
-0.367738
-1.916754
-0.068934
-0.449154
-0.051015
-0.539727
-1.333995
0.191775
0.099957
1.945916
-0.624791
-0.315303
0.104075
0.216926
-0.801325
-0.880819
-0.245409
-0.004780
0.795716
-0.037832
0.894276
-0.775359
-0.314028
-0.691029
1.517633
0.314620
0.843524
0.857036
0.835267
-0.100792
0.283938
-0.172559
0.126184
0.036122
-1.320516
2.327072
0.290066
0.253944
0.577422
-0.534426
1.810232
-0.000479
-1.201352
0.718886
0.032212
0.274002
-1.527046
-0.342731
2.412088
-0.765719
-0.371019
-1.032155
-0.994000
-0.677803
1.179067
1.906464
1.955244
-0.840029
0.000182
0.732490
-0.785044
-1.141766
0.056048
-0.998897
-1.198643
1.045897
-0.810246
1.552961
1.556095
0.359216
0.367939
1.294645
-0.187750
0.906383
0.324009
0.183556
0.890257
0.497958
-1.016999
0.084027
0.150962
-0.679196
0.181596
-0.358347
0.528353
-0.699769
1.249469
-0.278474
1.356276
-0.122004
0.688079
2.232076
0.675741
-0.677727
-0.385675
-0.897328
1.419245
-1.703830
0.865789
-0.773014
-0.193408
-0.256913
0.703083
-0.790783
0.556247
-0.573227
0.207639
0.265706
-0.775244
0.874856
0.849031
0.540275
-0.758715
-0.950211
0.086866
1.364058
0.666570
0.049431
-0.829260
-0.829871
-0.166303
-0.787373
-0.251195
0.581197
0.113829
0.053691
-1.708274
-0.246382
0.348118
-0.345402
-0.129051
-0.630258
-0.647801
1.487861
-1.041543
-1.167450
-1.631732
0.556088
-1.240841
0.232689
1.788692
0.302215
-0.156079
0.267570
-0.198436
0.543487
-0.453420
-0.479318
-1.135719
1.530486
1.499420
2.680237
-0.375063
0.507192
0.894128
0.114896
-0.368238
0.990576
-0.803179
0.556756
0.346457
0.361571
0.120824
0.206567
1.201460
-1.707166
0.707210
1.626024
-1.297677
0.470261
1.975902
-0.943559
-1.247179
0.950207
-1.774306
0.360101
0.907176
1.271351
-0.810296
1.465310
0.727266
1.411977
-0.075400
-0.145511
1.137704
0.392292
0.850151
-0.938331
-0.871833
0.138110
0.130159
0.327094
0.894337
1.284670
1.362411
-0.165401
0.777984
-0.962912
-0.914582
-0.145421
-0.758893
-0.636288
-0.039070
1.357608
-1.952289
-0.396693
0.532297
0.316972
1.134001
-0.289048
-0.667532
0.329659
-1.610082
-0.576714
-0.714525
0.518966
0.282476
-0.730204
1.515445
-0.774070
1.316757
-1.026354
-0.902817
-0.944383
0.182984
-1.754319
0.865425
-1.016502
0.308074
0.322126
-0.423550
0.493467
-1.063643
-0.479420
-1.830402
1.526577
-2.272931
0.758398
0.118225
-0.742244
-0.425500
-1.108271
-0.377016
-0.523184
0.859494
-0.931351
-0.271656
-0.127579
0.024410
-1.357468
0.602494
-0.904211
0.172300
-0.083383
-0.374284
-0.029596
1.612520
0.160225
-0.270076
0.004277
1.236378
-0.010985
-0.997252
1.113332
0.292132
0.747453
-0.138551
-2.521747
0.178958
1.512138
-0.461532
-2.204641
0.261323
-1.124664
-0.887990
-1.754424
-2.253399
-0.059519
-0.883657
-1.573124
0.560352
-1.078068
0.328042
1.555561
0.139646
0.959034
-0.483409
-0.488393
0.086575
1.917883
0.847417
0.655536
-0.955154
0.587576
0.425644
-0.248550
-1.448932
0.044094
-0.503312
-1.029640
0.668185
-0.295698
1.712618
1.101826
-0.675325
1.302924
-1.319389
0.278417
2.226570
1.090919
-0.054679
1.087992
1.381811
-1.873764
1.763460
-1.694170
-0.258332
-0.944420
-0.641412
0.824794
-0.083175
-0.996383
0.065078
0.786160
1.790159
-0.188973
0.051481
0.853217
-0.990214
-0.435762
0.767929
-0.401504
-0.715833
-2.187917
1.386287
-0.077888
0.726387
-0.715836
0.509275
0.708722
-0.016250
-1.473621
-0.083987
0.716746
-0.467487
1.372620
-0.170941
0.213991
-0.104279
0.244719
-0.385932
-0.108743
0.802214
0.787538
1.406667
-0.681798
-0.169901
-0.415879
0.626662
0.395932
0.789361
0.652424
-0.814624
-1.608288
1.036815
-0.742097
0.651170
1.856615
0.668702
-1.067895
-0.412910
-0.295530
-0.314207
0.768840
-0.633671
-0.316726
1.240924
1.065014
0.377213
0.998359
1.203001
0.621062
1.460113
-1.910239
0.196642
0.318726
-0.063000
-0.764796
-1.150602
-0.863658
-0.954432
-0.105679
0.618468
0.419572
-0.365500
-1.660370
-0.128793
1.225803
0.721693
0.943013
0.097126
-1.038247
-0.114393
-0.708133
0.215712
-1.200702
-0.685608
-1.233228
0.184508
1.847989
0.270788
0.590353
-2.331603
0.122425
0.005022
0.972442
-0.879200
-0.793407
1.389804
-0.597989
-0.914518
-0.778735
0.993622
-0.320533
-1.664208
-0.011490
1.209571
-0.489626
1.397371
-0.439444
-0.289038
-0.471919
0.403704
-0.122560
1.114783
-0.092726
-0.811962
-0.772890
0.013855
-0.185591
-0.793712
1.719357
-0.074874
0.623060
-0.130091
-0.154507
-1.077587
-0.164860
2.242746
1.599821
0.327819
-0.421925
-1.540211
0.565095
-1.281888
3.091871
-0.235830
-0.025226
-0.871897
0.105265
0.786961
-0.592070
-1.992472
-0.559245
-0.892317
-1.366808
-1.916033
-0.407149
0.019760
0.320590
-1.142834
-0.555771
-0.531617
0.753986
-0.861148
-1.970316
1.165494
0.086264
-0.951569
-1.568666
1.062981
0.082600
1.283674
-0.400242
0.059063
1.053387
-0.734251
-1.074545
1.136549
-2.034819
-1.334900
0.690337
-0.568817
0.062989
-1.364269
-0.967423
0.570272
0.467632
-0.436708
1.971997
-0.178253
-0.383015
-0.738979
0.115123
0.096740
0.326621
-0.245551
-0.745073
0.400486
-1.140255
-0.608600
0.135639
-0.081681
-1.970265
0.392434
0.170096
0.926093
-0.686673
-0.514530
-0.504348
1.991136
2.204182
-1.298399
0.553084
1.457395
0.008494
0.227429
-0.760724
1.014584
-1.118089
0.927524
1.061536
-0.452161
0.087466
0.407683
2.265064
-0.410334
0.493833
0.448437
0.294125
0.963766
-0.260204
0.348279
-0.321355
-0.120461
-0.579502
-0.356134
0.275577
-0.833296
-0.123792
0.926622
0.338652
1.623140
0.185562
-1.431668
-0.327447
1.789917
0.734255
0.403427
2.300472
0.914497
0.512175
0.459420
-0.230197
0.507956
0.456245
0.565872
-0.975545
-0.754720
1.193225
1.390048
1.193600
0.783104
-0.329522
-1.003035
-1.094037
-0.071711
0.464727
0.528006
-2.120175
0.752705
-0.179784
1.230068
0.966501
-0.403839
-0.122905
0.157168
1.288551
2.694986
-0.339889
0.130041
1.893187
-0.996736
-1.063674
-0.358364
1.467939
0.235374
0.237209
-1.010162
0.283309
0.365372
-1.381018
0.069031
-1.335872
-0.956194
1.103395
-0.189271
-0.122927
0.901430
-0.393979
0.622612
0.290669
1.263359
0.198746
0.466735
0.171644
1.000940
-1.670369
-0.702290
-0.953272
0.254321
-0.927590
-0.219866
0.193114
-0.444396
0.829115
-2.061622
-2.376615
0.269548
-0.376166
-1.700357
0.682040
1.262277
-1.359235
0.364031
2.012991
0.122991
1.004221
0.571409
-0.025658
-0.112405
1.206180
-1.715920
1.229259
-1.539375
0.264088
0.254446
0.825471
0.794529
0.779538
-0.288856
0.488839
-0.801598
-0.987313
1.400303
1.898023
0.460000
1.513873
1.028302
0.710553
0.093697
0.361418
1.020810
-1.152187
-0.533406
-0.446207
1.122318
-0.624867
1.356498
2.670698
-0.392478
0.467436
-0.722077
-1.025368
1.216878
-0.050585
0.315509
0.344218
-0.638900
0.814896
-2.551139
-2.001698
-0.718434
0.916695
-0.825897
-1.297461
-0.676436
-0.875807
-1.399664
0.759898
-0.307814
1.126561
-0.572299
-0.812946
-0.207314
0.130475
-0.223458
0.164431
0.536784
-0.905248
0.986094
-1.198028
-0.051446
-0.821172
-1.346759
-0.441691
-0.643644
1.778048
0.921774
0.184423
0.348477
-0.106948
-0.278700
1.263668
1.120229
0.425125
1.603372
-0.631317
-0.132006
2.002678
-0.314793
0.015345
1.385605
-0.475167
-0.636176
0.568826
1.553848
0.215674
-0.429542
0.818928
-1.743524
0.416498
0.936103
-0.018811
0.479841
-1.299363
1.049935
1.032533
-0.031650
0.491318
0.741571
2.358113
0.086129
-1.537780
-0.886863
-0.626291
-0.037775
0.338832
1.305848
-0.902311
-0.512444
1.348478
1.604348
-0.018846
-0.379844
1.243664
-1.086445
-0.367139
0.170570
-0.595184
0.326319
0.250654
0.841433
-1.054999
0.556334
-0.642068
1.502354
0.910138
1.023828
0.482719
0.257778
0.020951
-0.297451
-1.266161
-0.905240
1.418539
-0.176129
-2.402145
-0.190536
0.720831
-0.209231
1.033763
-0.615676
0.438621
0.190439
0.146469
-0.966057
0.043864
-0.321861
1.275844
-0.631555
0.670865
0.475386
0.585048
1.544923
1.183387
-0.884780
0.657654
0.720429
-0.750288
-0.177433
-1.478119
-0.874098
0.261952
0.153916
0.785899
-0.406653
-0.740536
-0.089088
0.455353
-0.492257
0.795136
1.633443
1.700326
-0.225181
0.377073
0.002935
-2.363616
-0.281816
0.816890
0.452581
-0.882905
0.080629
0.754388
-0.341252
0.384738
-0.773776
-0.477910
-0.175805
0.229404
0.697961
-1.133736
1.916574
-0.222428
-0.266646
0.411710
-2.313624
-0.554980
1.151089
-0.261717
-0.779779
-0.083149
-0.660524
2.564942
-0.881940
0.864235
0.582005
-0.210137
0.908500
-0.030921
-0.600185
-0.959423
0.040479
0.473549
1.343721
1.699754
0.507147
-0.183703
-0.493472
2.057191
-0.454090
-0.311000
-0.110689
0.573170
0.482273
0.375379
-0.455325
0.856395
-0.286699
-1.553089
-0.215252
0.178443
-2.699045
0.609379
2.319803
0.358920
0.698891
1.201222
-0.946062
1.848636
-1.109598
0.476081
0.378033
0.090697
1.853715
1.977356
-0.775032
-0.470482
1.219955
2.196154
0.508091
1.502275
0.391071
0.199357
-0.169576
0.655568
-1.400661
0.114290
0.977737
-0.137922
-0.039492
-0.451336
-0.903435
-1.573498
-1.325084
0.191846
-0.142886
-1.041242
0.269712
0.000606
-0.074804
-0.850085
0.657038
-0.106909
1.064412
0.376169
0.458932
-0.104147
0.532243
-0.694721
-0.739238
-0.383610
1.150114
-0.595390
1.281806
-1.101673
-0.258893
0.186220
-0.376978
-0.907401
0.206923
1.323040
0.549491
-0.439254
-1.598339
0.065504
1.069527
-1.502927
-0.986613
0.244379
0.043253
0.026285
-0.164156
0.202985
-0.186664
-0.282946
-0.597942
1.151781
-0.495106
-0.943819
1.088368
1.021672
1.263522
-1.396918
-0.558617
1.055614
1.411558
0.434380
1.112525
0.763627
-0.138351
-0.650208
-0.724879
-1.315940
-0.460016
0.304260
-1.471537
0.428903
0.376167
1.062707
-0.957392
0.742809
0.425878
0.280560
-0.684075
-0.058073
2.242164
-0.445222
0.685983
1.090355
-0.468304
0.057013
0.066775
0.750748
1.273700
1.734783
2.629138
-1.352121
-0.485281
0.732162
-0.689568
-0.723075
0.934888
0.356798
-0.880156
-2.039801
-1.352481
-0.894071
-1.589887
2.265677
-1.294052
0.755944
-0.270695
1.196261
-0.341630
0.955284
-0.311916
0.968208
1.199460
-0.433228
-1.423324
0.458933
0.556279
0.908949
-0.657272
-0.633344
0.131223
-0.140092
0.340394
-0.330624
-0.809449
0.097150
0.418311
-0.387889
0.522180
1.416191
1.987118
0.125213
0.757099
-1.507899
-1.317277
0.128534
-1.530323
0.186243
1.057171
0.162279
0.336407
-1.057998
-1.008048
-0.519995
-0.574892
-1.758489
-1.290071
0.344033
-1.304008
0.674694
-0.076041
0.298987
0.802716
0.072480
-0.213434
-0.843878
1.148276
0.851989
1.575097
-1.001148
0.338695
-0.161220
1.059196
-0.002154
-1.002548
-1.155311
1.177327
-1.612461
-0.667038
-0.053128
0.309192
0.758869
1.353315
-0.842423
-1.180529
0.735649
0.238419
-1.183596
0.380470
1.008793
0.441012
0.377124
-0.457665
0.276238
-1.559348
-1.210830
-1.845464
1.512202
-0.425908
1.487857
0.059767
2.021945
0.111769
1.457229
0.333534
-1.187611
0.177854
0.109725
-1.248438
-1.389940
0.617564
-1.237180
0.524302
-0.529310
-0.612049
0.258433
0.873674
-0.869493
0.634902
-0.236134
-0.689297
-0.373686
-1.107026
-1.217018
-0.295039
0.963671
-0.274787
-1.170126
0.112241
-1.688205
-1.244108
0.509926
0.397888
0.009783
1.340123
-0.756864
-0.443447
-0.092115
1.200211
-1.941966
-0.763495
0.962511
0.457302
-0.366653
0.252011
1.456265
-0.130526
0.522918
0.297471
-0.008227
0.202706
0.124998
-0.446978
-0.089348
-0.777671
-1.073735
-0.244722
0.299879
0.708942
0.261252
-2.521718
2.262009
1.200241
-0.297506
-0.508080
-1.846345
-2.074405
-1.277050
0.049727
-0.312417
-1.000528
-0.051744
-0.383206
-0.082105
-1.311253
0.513057
0.240876
-0.872717
0.811608
-0.053962
-1.904760
0.728440
-1.083720
0.395865
0.524493
0.157330
0.149725
1.028827
0.714425
0.574727
0.644091
0.411565
-0.429568
-0.319306
-0.667889
0.082400
-0.807473
-0.791031
0.527142
0.282993
0.595976
0.183128
-0.600448
-0.256502
-0.542525
-0.255518
-1.473493
-0.183321
0.078009
0.275941
-0.140841
0.126417
0.560734
0.468128
-0.756254
-0.188660
1.910527
0.186189
-1.458136
-0.567802
-0.191587
-0.927222
0.305883
0.887052
0.148281
0.888049
1.709655
-1.489239
-0.380012
-1.900001
0.039797
-0.724497
0.070295
-1.261927
-0.989653
-1.891468
0.602191
-0.316075
0.128124
0.084455
1.031483
0.790789
0.130905
1.761327
0.173344
-0.376922
0.913270
-1.136693
0.368601
0.532971
1.865788
-0.389308
-0.323609
-0.366720
-2.007380
0.226199
0.497902
0.543269
-0.067986
0.705170
-1.596956
1.029099
0.126635
-0.607779
0.262808
0.569399
1.203357
0.505880
0.241351
-1.097275
1.766191
-1.054687
-0.432961
-0.571531
0.809671
-2.117357
0.879613
-0.320799
-1.492158
1.382943
-0.005158
-0.580352
-0.357967
-0.676513
0.687379
-0.220682
-1.313587
0.383604
1.054857
0.938564
-0.971551
0.039407
-1.715552
1.324916
-1.321594
0.371174
-1.001904
-1.565442
1.627053
1.128423
0.424488
0.279153
-0.107040
-2.366810
0.902033
1.106574
0.667319
1.518442
0.554165
-0.685675
1.331170
-0.543155
0.471856
0.664189
-1.487399
-0.485909
0.132814
-0.840181
0.083159
-1.779679
0.374630
0.008839
-1.700513
0.176122
0.610587
-0.508341
0.889242
0.755458
-1.207674
0.618702
-1.960877
-0.505103
-0.818224
0.420228
0.660208
-0.778059
0.140968
-0.705363
0.119347
-1.207597
0.128479
-0.093684
-0.490802
1.138673
-0.028326
-0.610672
-0.345927
-2.464357
0.222482
0.144217
-1.434864
0.622420
2.109488
-0.458766
0.077086
-0.152682
0.471102
-1.060596
1.170390
0.775424
-0.288180
1.001435
-0.419522
1.706793
-1.575060
-0.904424
-0.520232
0.109660
-1.304687
-0.116544
0.491722
1.140321
1.940879
-0.166220
0.481872
-1.782263
0.500578
-1.851960
0.439105
0.116644
0.652803
0.927829
-2.374840
-0.882249
-0.970308
0.259929
-0.555425
1.413251
0.327749
0.111330
-0.423394
1.329045
0.536518
2.123761
-0.211211
-0.899104
-0.263235
0.838254
-0.234764
0.134584
0.420424
-0.814896
1.230302
0.460257
-0.583441
-0.393088
0.189428
-0.758836
-0.284732
0.787768
-1.192424
-0.822879
1.124956
1.138215
-0.147685
1.166706
1.150828
1.038036
1.241724
1.284856
-0.466724
0.075193
0.459672
0.048460
-2.053735
-0.612494
1.451709
1.151423
-0.533514
0.229231
-0.434455
0.251238
-0.753063
-0.685402
-0.136062
0.671715
-1.255128
0.038168
-0.344576
1.049159
-0.665679
-1.096456
1.155517
0.556558
0.941831
0.067301
0.112556
-0.835396
-0.600402
-0.299848
0.151010
0.709540
0.368186
-0.631317
1.376849
0.257097
0.762108
-0.865759
-0.567469
1.086943
0.638338
-0.085240
0.670299
-1.361184
-0.775423
0.356848
0.296556
-0.615502
-0.609670
-0.004054
1.248860
-0.032841
-2.085885
-0.184528
-0.172368
0.362805
-0.095887
0.390085
-0.133591
-2.142601
0.294433
0.242065
-0.991775
1.304892
0.142284
-0.668489
-0.034984
1.378229
-0.528210
0.900676
-0.295745
1.439464
1.101775
-0.819942
-1.708715
-0.633303
-0.403079
0.219719
0.154589
-0.273949
-1.247383
-0.179395
-1.236532
-1.609093
-1.033604
-1.009523
0.153250
-0.784613
0.309846
-0.369906
0.680631
1.298144
-1.221659
0.193121
0.063822
-0.061420
-1.028977
1.259626
-0.468606
-0.155565
1.397609
-0.972364
-2.228381
-0.100179
-1.602243
0.841462
1.106068
1.898440
-1.178882
0.787828
0.599787
-0.873252
-2.010295
-0.208203
-0.675094
1.253327
0.821793
-0.734676
-0.292027
1.412113
1.708239
1.124086
0.101944
0.472943
-0.927480
-0.860637
-0.929458
-0.189561
-1.644749
0.184285
-1.294768
0.062654
1.453966
-0.899608
0.171413
-2.241380
0.033077
0.529820
-1.298358
-0.391875
-0.552710
0.890366
-0.875465
-0.763171
-0.974138
-1.371690
-1.751424
-2.078872
0.693707
-0.260358
0.601794
0.565495
-1.128208
0.727516
-1.634833
0.397980
0.202720
0.088870
-1.883086
-0.192776
1.813098
0.547204
-1.526664
1.998401
-0.500871
-1.917857
-0.449479
1.289862
-0.092400
0.424859
-0.996556
-0.375835
0.595597
0.195617
-0.564525
-0.323674
-0.020266
0.031268
-0.132116
-0.600082
-1.458441
-1.331055
0.086795
0.400703
0.562241
0.119501
-0.008741
1.157532
-0.517383
-0.327509
1.052113
0.379008
-0.023359
-1.316592
0.445047
-0.102901
-2.001688
-1.208407
-0.593497
0.556122
-1.752791
0.587396
1.113732
-1.418927
-0.231124
-1.875393
-0.392244
0.795996
-0.549831
-1.039221
-0.168127
-0.107388
1.331321
0.667724
-0.897868
0.731777
0.271109
0.202428
-0.079384
0.512873
0.692988
-0.111265
2.161785
-1.083184
-1.235255
1.025869
1.740079
1.972353
2.358761
-0.812104
-0.157931
-2.859344
0.178796
-0.933268
0.115448
-1.039743
0.432368
0.869135
-0.420187
-1.267879
-0.189292
-1.266085
-0.247905
-0.838245
-0.222760
-0.702732
-0.057245
0.259947
0.256032
-0.292325
-1.125850
-1.074085
-0.669006
0.375930
1.377038
0.062372
0.701245
-0.797515
1.076141
1.104665
-0.536509
0.618897
-1.543016
0.483376
-0.972905
-0.288938
0.510921
-1.316063
0.139312
1.424196
1.093197
-1.422057
-0.087534
0.942150
-0.338554
0.856054
-1.290517
-0.320014
-1.117869
0.265133
-0.330471
-1.212288
-2.962768
1.380679
0.271394
-0.581544
2.676223
2.652818
1.117911
1.124556
0.339662
0.252381
1.471473
1.382509
-0.351949
0.886085
-1.282950
0.965982
-1.421965
-0.442489
-0.161123
1.729595
-0.311243
0.420598
0.206614
-1.607428
0.910479
-0.187515
0.122963
-1.141710
-0.961793
-0.007243
0.293582
0.286268
-2.208970
-0.909149
0.103277
0.176529
0.439487
-0.040875
1.058695
-0.025736
-0.725536
0.324596
-0.801257
-0.298206
-0.117191
0.359046
-0.993751
0.007996
-0.514121
-0.644690
0.398712
-1.286526
1.015204
1.128415
-0.293931
0.180109
0.627497
-0.284440
-0.872705
0.166344
1.431252
-0.295748
-1.271919
-0.328479
0.433104
0.429299
0.514151
0.719164
-0.567642
0.711001
0.436115
-0.394389
0.539270
-1.779274
0.195367
-0.734637
-0.677405
-0.286490
-0.963021
-0.353922
-0.216201
-0.946298
-1.721943
-0.329739
0.852590
1.043057
1.320069
0.415087
1.507995
-1.500045
0.733038
1.429599
0.993629
-0.143450
-0.501728
0.113170
-0.389987
-0.165953
1.719655
-0.482468
0.928679
-0.747145
0.648301
0.542402
-0.649177
0.403183
-1.633978
0.896457
1.118170
0.204881
0.579018
-0.338291
-0.353025
0.062569
0.641074
0.433023
1.715526
0.602443
2.160017
0.328121
-1.683112
-0.451284
-0.307316
1.137204
1.758289
-1.233641
0.007591
0.293351
1.207832
0.672710
-0.495371
-1.033500
-0.485289
0.432520
0.289176
1.905187
0.501409
0.530314
0.385227
1.245772
0.144004
1.189256
-0.816207
-0.515411
-1.234735
1.160251
-1.335057
-1.107362
1.323266
-1.205475
1.197290
-0.836364
-0.212958
1.448554
-0.068336
0.177714
0.152683
-1.011199
-0.517984
0.361699
0.185054
0.943852
1.195828
1.176282
0.199901
0.927971
-0.006887
0.261381
-0.084732
-0.369540
-1.050298
0.673677
-0.913454
1.611841
0.543757
0.714142
-0.950943
-0.980681
-0.485972
0.824661
1.216939
0.919967
-1.145218
0.855403
1.771162
-0.222803
0.079256
-1.290839
-0.193618
0.554047
1.921081
0.580635
-0.521732
-0.195176
-1.093284
0.332977
2.479926
-1.481657
-0.217489
1.861254
0.002753
-0.431532
0.267894
0.775869
-0.341500
0.251485
-0.327906
0.201108
0.581500
-0.022975
0.320339
1.636843
-0.962356
1.347305
-0.367888
-1.809607
1.758892
0.231695
-1.967758
0.368620
-0.478336
-1.100302
0.388858
2.110814
0.764775
0.748563
-0.573980
1.083289
1.019463
-2.228277
0.793139
0.370666
-0.090556
-0.565547
0.920860
-0.204747
-1.663858
0.402113
-0.252171
-0.281511
-0.735916
0.035299
0.070172
-1.451979
-0.706491
-1.181389
0.102138
-0.495351
-0.356974
-1.460992
0.946568
-1.061269
0.405191
-0.716144
0.617200
0.835027
-0.387767
-0.650785
-0.623477
0.107685
1.375273
0.254690
0.556077
0.959469
-0.941065
0.022158
-0.262175
-0.245089
-0.035090
1.387101
0.053740
-0.258136
0.989725
0.356993
-0.380102
2.620862
-0.717806
-0.052568
1.059978
-1.661743
0.679856
1.110756
-0.020121
-1.067887
0.395858
0.744752
0.180622
-0.037008
0.114852
-0.010619
-0.578994
-0.749182
-0.258417
-1.206507
-0.840944
-0.417555
1.166976
-0.031163
1.155092
-0.004357
-0.377310
-0.229483
0.954882
-0.376745
-1.389024
-0.204786
0.321457
-0.201815
-0.770909
0.047500
2.357240
-0.100665
-0.116535
1.304775
1.151400
0.261984
0.382076
-0.356532
0.731494
-0.892197
0.486494
-0.033404
0.648874
-0.419819
-0.479508
1.471033
-0.640113
-1.585997
-0.731741
0.251023
0.563276
-1.858093
-0.089145
-0.933799
0.665075
2.579374
1.143151
0.542056
1.047305
-0.489925
0.408975
0.835253
0.483712
0.535091
-0.342637
3.366868
0.733821
-0.595972
-0.008162
1.999819
-0.333793
0.746831
-1.282929
-0.785971
0.147877
-0.561196
-0.434202
-0.069688
0.222415
0.499481
-1.169428
-1.473576
1.072099
0.000231
0.286986
-0.334700
0.244837
1.224104
1.071097
0.066465
-0.249223
0.482895
0.121237
-0.881517
0.319368
-0.190927
0.118784
0.670782
-0.939342
-1.642093
0.413048
0.864492
0.765986
0.103236
-1.076149
0.265821
-1.365771
-0.415936
-0.121123
0.082879
-0.550729
-1.076197
-0.437223
-1.038012
0.319357
-2.304008
-0.876531
1.231375
0.599663
2.243426
0.249372
-1.999085
-0.033012
1.064545
-0.592744
1.243201
2.047440
1.844074
0.873849
0.024144
-0.413054
0.308488
1.725807
-1.507780
-0.444409
1.344967
-0.195953
-0.915949
-0.000851
0.600539
0.716941
0.411937
1.942604
0.846835
-0.338489
-0.002528
-0.091136
-1.566848
-1.298087
0.038930
0.114682
-1.044088
-3.012688
2.021154
-1.452248
-0.067525
-0.648645
0.158479
0.268734
0.661321
-0.778768
-0.813323
-0.174453
-0.042156
-1.673138
0.405614
-0.066653
-1.030381
-1.143523
1.257773
-0.358537
-0.915501
0.496821
-0.082729
-1.309986
-0.276289
0.152461
0.487891
0.403541
1.034638
2.358832
0.642784
-0.306427
1.076949
1.238750
0.670140
2.059756
1.298704
1.080232
-0.667475
0.381561
-0.978329
-0.694542
0.091135
2.197227
1.167735
-0.246588
0.415036
1.485019
-0.333484
0.795918
0.387786
-0.728806
-1.118637
0.620332
-2.004692
-0.223256
0.364724
-0.870526
0.971426
-0.806236
0.832103
-1.192020
1.256520
1.425099
-0.195323
-0.644036
1.200507
0.094608
0.701188
0.333766
0.845673
-0.274353
0.891164
-0.330266
0.730880
-0.944975
1.067674
0.653992
-0.382568
0.174859
-0.352693
-0.051558
0.445922
2.304966
-2.051543
0.066724
-1.033960
0.017835
-1.863101
0.820672
-0.916962
-0.069489
0.069866
-0.750266
0.669008
0.828487
1.253020
1.503543
-2.134977
0.287630
-0.617669
-1.995647
-0.491958
-0.901175
-1.662352
0.220063
-0.555055
-0.969661
-1.908012
-0.345783
-1.189122
0.263594
0.594727
-0.839043
1.597268
-0.939099
-1.676805
0.485576
-0.156144
0.067060
-0.881961
-0.343968
-0.572559
0.145884
1.451150
0.586199
0.428409
0.265125
-0.793857
0.327007
-0.337650
-0.089479
-1.359800
0.262469
0.723598
0.011288
-0.445197
-0.414760
0.431948
-2.832559
1.039035
0.423938
-0.076507
-1.518125
-1.303468
-0.015811
-0.373678
-0.403252
0.469953
1.066118
0.799407
-0.851638
-2.106319
-0.280414
0.927661
0.993773
-0.650186
-1.632502
-0.210937
0.739437
-0.970249
-0.263795
-1.280434
0.363584
0.348485
-0.033401
0.122792
1.101945
1.064677
-0.510160
0.538053
-0.233013
-0.786745
-0.871492
0.825334
-0.221414
-0.535449
1.228056
-0.444839
0.191283
-1.829622
1.241802
-1.224478
-0.096867
1.662849
-1.398974
0.377040
0.118420
-1.108295
0.101621
-0.521923
-1.069703
-0.172735
-0.215773
-0.172930
-1.311458
-0.621834
0.561101
-1.345431
-0.892840
-0.298581
-0.291494
-1.304487
0.698705
-1.262611
0.368825
0.987604
-1.118643
-1.164653
-0.340065
0.107721
-1.847021
0.728152
-0.296073
-0.574905
0.405188
1.065434
-0.423516
0.486534
3.355978
1.305246
-0.415870
1.252667
-0.388080
1.391782
0.031914
0.447245
-0.593930
-1.151631
-1.627386
-1.210521
0.847843
-0.610608
0.584103
-0.349491
-1.648196
-0.011065
-0.187699
0.182861
0.847678
-1.179390
-0.065522
0.555826
0.374497
-0.320986
-1.002595
0.138425
-0.867043
0.296933
-1.167319
0.577274
-0.696778
-0.415643
1.027623
1.711811
-0.040023
0.524141
0.417625
-0.020765
1.221159
0.444733
0.954580
-1.115370
0.943951
0.633706
0.574124
-0.205356
-0.028641
-0.890222
-0.376407
1.313648
0.061642
1.030107
-0.648464
0.823334
-0.074198
-0.607941
-2.134660
1.704836
-0.419080
-0.606617
0.085123
-1.382910
-0.125012
-0.443548
0.063534
-0.797638
-1.754328
0.411395
-1.821750
-0.553865
-1.051792
0.180518
1.369923
-1.423575
0.428523
0.936352
0.632880
-0.208615
-1.222259
-0.875782
1.403027
1.806542
-0.409170
0.859671
-0.667588
0.026628
-0.972714
-2.108205
-0.477665
0.340920
-0.911254
0.552851
-0.976634
0.302944
1.281239
-0.120396
0.824628
-1.140097
0.163770
0.639458
1.719900
-0.600157
0.030582
-0.368176
-0.258519
0.651627
-0.874435
0.242671
-0.276903
-0.445663
0.652414
0.915646
-0.036871
-0.628815
1.121779
-0.190847
2.768721
-0.655806
-0.048742
0.604555
1.438228
-0.822698
0.308370
-2.294864
-0.180961
1.486016
-0.509700
-0.520118
-0.290738
-0.358790
-0.680909
-0.259482
0.416487
-0.278628
-0.079119
0.959678
-0.795942
-0.624151
0.647868
0.048090
0.015705
0.105499
0.973728
0.472666
-0.169373
-1.454757
0.552681
-0.792109
-0.035676
-0.910222
-2.054380
-2.459383
0.472838
-0.987542
-0.308059
-0.166919
-0.075160
0.398185
-1.945185
-0.463674
-0.180655
-0.164513
-0.487182
0.810234
-0.424500
0.696923
0.607875
1.834329
0.681177
0.523398
0.333232
0.468471
-1.438533
1.296696
-0.415822
-1.122478
-1.144527
-0.113057
-0.524193
0.054301
0.784219
-0.811085
1.084339
0.569299
0.121941
-2.074545
-0.470226
0.237409
1.093140
1.950172
-0.447303
-0.283600
0.015696
-0.971054
-0.931037
0.441616
1.543169
0.693085
-1.898390
0.717097
1.697835
0.405206
-2.181326
0.733445
1.306530
-1.611408
0.676390
-0.081170
0.275609
-1.956247
-0.288521
0.573276
-0.387974
-0.569889
0.484464
0.291125
0.495954
-1.323685
-0.522379
0.416826
-1.323914
-0.120797
1.229691
1.433922
-0.571604
0.159342
-1.406867
-0.834174
1.342635
0.387100
0.929334
-0.069391
0.593250
-0.980582
-0.175478
-0.836714
-0.461953
0.087206
0.258861
-0.492392
0.665137
1.152264
0.701605
0.090044
0.073913
0.321511
0.643312
0.791586
0.258376
-1.188742
1.913295
1.702131
-1.753263
-0.513739
0.055388
-0.556515
1.776878
0.087929
0.130505
-0.830898
0.090696
-0.794553
0.824104
0.199027
0.533633
-1.938920
-0.455367
-0.117159
-0.724645
0.005991
-0.098204
-0.636443
1.105973
0.473798
0.590726
-1.889629
0.741722
0.537627
0.465423
1.697503
-0.468130
1.089117
-2.400059
-0.354705
0.633396
3.015657
1.139481
2.596035
-0.254077
-1.499507
0.567091
-0.053304
-0.714614
0.090699
-0.451683
-0.595785
0.927177
0.438249
-0.525993
0.556995
-0.054281
0.682091
-1.739632
0.039925
0.420614
-0.729546
-1.739872
-1.645368
-0.264411
-1.362031
0.336088
0.532583
-0.405051
0.243851
-0.265690
0.647816
0.620056
-0.566675
-0.270800
-0.565328
0.636772
-0.120267
-1.358047
-1.058516
-0.799288
1.118696
0.832029
-0.542714
0.592745
-0.605218
0.442480
0.287852
-1.455790
0.083587
-1.185762
0.331725
0.007717
0.429991
-0.954997
-0.606254
-1.694347
1.136746
-0.530258
1.403090
1.739781
1.808761
0.599124
-0.105280
-0.553424
0.038234
1.936653
2.044689
1.769030
0.431942
-0.366671
-0.870882
0.720330
-0.302706
-0.718533
0.133180
0.293125
-0.613115
-0.605337
0.756404
-0.078102
-0.001349
-1.228956
-0.457576
-0.436948
-1.247308
0.118823
0.662446
0.139180
-0.031239
0.144293
-0.528356
1.512124
-0.067149
-1.294943
-2.074862
-0.567381
1.872901
1.970281
0.081037
0.188099
1.107861
0.701891
0.344453
-0.356587
0.996896
-1.092175
-0.707910
-0.486762
-1.235231
-0.139584
0.864033
-0.747075
-0.684661
0.245687
0.032855
-1.191490
-0.643021
-0.550228
-0.053790
1.260264
1.793466
-0.657712
-1.025355
-1.193865
-0.370062
0.470216
0.524616
-1.580844
1.351213
-0.668567
-0.968753
1.069855
-1.169637
0.134564
-2.165748
0.432240
0.944221
2.680824
-1.233599
-0.205091
-1.909872
1.902345
-0.170754
0.533440
0.351214
1.170821
-0.033052
-0.464829
-0.085890
1.677004
0.553320
1.983983
-1.633653
0.747406
0.405781
-0.919680
-0.317991
0.769360
0.653548
0.420315
0.521315
0.497030
-0.871538
0.717349
-0.374446
-0.426868
2.011213
-1.502962
1.667705
0.998107
0.754891
1.233759
-0.312786
-1.436032
-0.385977
-0.443637
0.317252
0.598383
0.402438
1.572799
-0.425285
-0.781371
-0.391858
-0.827405
-0.153905
-0.974004
-1.739306
-0.659004
-0.885488
-0.200463
-1.520498
1.241213
-1.415197
-0.071812
0.002835
0.460302
0.698589
0.083454
1.479637
0.608727
1.028439
-0.567424
-2.239752
-0.613814
-1.534424
-0.205086
1.312290
1.597359
-0.357320
0.227967
0.216774
0.554147
0.258648
0.188753
0.244821
0.071691
0.194151
0.165376
0.220706
-1.013073
0.994282
-0.270472
0.259932
0.385775
1.405920
-0.749596
0.104376
-0.131131
-0.731577
0.261607
0.294167
0.286792
-1.427693
0.809748
-0.896381
-0.145972
0.857730
0.077985
-0.553344
-1.011261
1.350967
0.936621
0.154131
-1.782319
-0.366306
1.333587
-1.171496
2.208960
-1.302757
0.049077
-1.654972
0.457484
0.016279
1.056855
0.100141
0.969137
1.656139
-0.626647
-2.612845
-1.416595
-0.738676
-0.719950
0.070992
-0.048975
-0.649921
0.655102
-0.214278
0.033481
0.986160
0.536919
-0.040112
0.970492
0.010728
-0.222186
-0.676643
-0.305761
-0.507973
1.385175
0.798282
-0.325579
1.319452
0.262752
0.066959
1.017911
-0.417177
-0.792519
0.107784
-1.170237
-0.092787
0.053896
0.303587
0.234741
-1.476954
-0.224846
-0.048515
-0.251938
-1.506311
-1.228721
-0.323325
-1.127080
0.513073
0.832513
0.314170
0.265050
0.780395
0.910207
1.633187
1.968526
-0.633951
-0.636313
-0.314149
-0.456286
1.806544
0.498404
0.168834
0.736133
-0.229473
0.506277
-0.237352
-0.316262
0.398976
-0.060369
0.382579
1.046054
0.468360
1.909454
1.468626
-0.046116
0.184197
-1.101985
1.343604
-0.179238
-1.407860
0.423246
-0.247407
0.890670
-1.502730
-0.052728
1.141774
0.176590
-1.111066
0.966781
-0.187496
1.063234
1.559761
0.536141
-0.330824
-1.927823
0.139928
-0.045649
-1.148206
0.825970
0.452760
0.144904
0.157943
0.411819
-0.705249
0.651820
-0.449282
0.130642
0.804682
-0.684468
-0.100426
1.643525
1.426271
-0.187630
0.239871
-1.966148
0.330637
-0.928161
1.079047
-0.331611
-0.224263
-2.882343
0.019678
1.185513
1.314295
0.420035
1.184453
-0.825487
-1.654121
1.261192
-0.304183
0.178722
-0.391492
1.473628
-0.206753
-0.452015
1.297115
0.928430
0.133694
1.954890
-0.032621
0.223475
-0.186565
-0.259616
-0.188289
0.570435
-0.413015
0.998503
0.574001
-0.014767
-0.433461
-0.150758
-0.746895
0.677355
0.171141
-0.318042
-0.793850
0.494265
-0.325572
-0.220325
0.380318
0.576878
1.501078
0.047297
0.343731
-0.269756
-2.065506
-1.133381
-0.462704
2.080623
-1.161627
0.943513
-1.550282
1.381508
-1.526067
0.156545
0.692378
0.779392
1.076240
0.403880
-0.338923
-1.189548
0.682286
-3.109644
-1.185297
0.387693
-1.423172
0.125990
0.392568
-0.845673
0.353073
0.535986
-0.059375
-1.410290
1.069768
-1.263244
0.912366
0.773485
1.518595
0.692378
-0.059455
-1.117543
1.105036
0.222104
-1.067706
-0.960488
0.368468
-1.779726
0.650618
-0.713518
0.321606
1.000153
0.404073
0.262141
0.623472
-0.149017
-0.455642
0.174153
0.378910
-1.651339
0.017829
0.438843
-0.573388
-1.168833
0.991130
1.163206
0.733137
0.341540
0.522342
-0.556705
-0.423895
-1.106094
-0.152563
-0.171191
0.149921
-1.112901
1.792250
0.604841
0.912065
1.256423
-2.331053
1.253974
0.359837
-0.737962
-0.995489
-2.177939
-0.571933
-0.461214
-1.585506
0.498311
-1.181085
0.509447
-1.484378
-0.686419
1.225288
-0.690642
1.238518
-0.076962
-0.285822
0.370123
0.721072
2.071688
0.447281
0.464460
1.537822
-0.117645
-0.964872
0.560202
0.796994
-2.120460
1.107416
-1.600259
1.140473
1.419967
0.773666
-1.199870
0.635001
0.368764
0.351297
0.837439
-0.729641
-0.232705
-0.133881
-1.036474
-0.166043
-0.152024
0.081635
0.866937
0.108119
-0.242938
0.674380
1.551186
-0.938551
-1.470702
-0.871093
1.392710
-0.772248
-0.937213
-0.649438
0.524998
1.160045
-0.727162
1.875789
-0.626809
-1.082059
0.710747
-0.346298
-1.112341
-0.002140
-0.023079
0.077134
-0.657020
0.120755
0.045135
-0.964580
1.227501
0.581841
-0.422283
-0.556388
0.401326
-0.923347
-0.526479
0.170223
0.229442
0.456226
-1.164936
1.031104
-0.760854
0.457767
2.135072
1.322405
1.532574
0.675844
-0.433866
-0.878142
0.264429
-0.066858
-0.139821
0.748294
-1.193529
0.552130
-0.846167
0.864483
0.634354
1.482546
0.966183
-0.181236
-1.367924
-0.780438
-0.791720
-0.628419
-0.494689
-0.087837
0.853180
-0.437535
1.246179
1.055557
-0.649229
2.612539
0.406892
-0.697809
0.397631
0.281128
-0.436244
-0.273487
0.677874
-0.765988
-1.173379
0.119385
0.458833
-0.170533
0.229692
1.464131
-0.116723
-1.473754
1.338498
0.287577
0.314024
-1.302561
-1.469370
1.477129
-1.099390
0.229862
-2.062602
-0.420080
-1.894052
-0.687901
0.153750
-0.232299
-0.286942
-0.408680
0.186107
0.110222
-0.167780
-1.591949
0.684216
-0.358621
-0.840226
-0.693370
0.844452
-0.103136
-0.575351
0.265275
1.626641
-1.395379
2.103449
-1.053318
0.197575
-0.260386
2.465381
-1.199977
1.272779
-0.870713
-0.498894
-0.106141
-1.536379
0.571502
-0.909098
-0.571514
-0.357773
0.147801
-0.468873
2.634887
-1.733290
1.186048
0.199694
0.389613
0.210544
-0.170301
0.137838
1.180515
-0.236358
1.256855
1.088144
-0.655858
0.930600
0.472262
-1.165128
-0.155759
0.111336
-0.779434
-0.457295
0.276123
-0.110042
0.776552
1.051447
-0.328934
0.844391
2.009391
0.809382
-0.951352
0.940654
-0.424777
0.878055
-0.162940
-0.723621
-0.911889
-0.819864
0.071134
0.411851
-0.267318
-1.613646
0.481699
-1.942236
-0.135623
-0.326689
-2.432152
0.711941
1.642657
0.678066
1.207092
0.020754
0.288398
0.663624
-0.115883
0.148551
0.651850
-0.074651
-0.817622
1.012587
-0.972942
-0.221845
1.005606
-0.641889
0.143006
-0.222203
-1.139322
1.980497
-1.673615
-1.225446
0.151588
0.147453
1.365717
-0.896461
-0.463945
-1.718907
1.867629
0.255770
0.155530
0.576682
-2.015005
-1.002622
0.592809
-1.512714
2.030863
0.156429
-0.155399
-0.207080
2.075634
1.309329
-0.755360
0.485358
0.760796
-0.677412
1.044240
1.145812
0.054045
0.136289
0.877019
1.543645
0.696837
-0.933156
-0.034717
0.674262
-0.256684
-0.277032
-1.462969
0.362066
-1.015286
1.800391
0.435220
-0.549663
0.566435
0.749003
0.591340
-1.231534
-0.733427
-0.217171
-0.372213
-0.732852
1.496881
-0.151704
0.397967
0.067600
-1.135463
-0.403740
-0.172515
0.459467
0.234477
1.301739
-0.433307
-0.802664
-0.070937
0.568190
-2.094237
-0.245296
0.064086
0.012821
-0.640747
0.102559
-0.156418
1.201123
1.325215
1.649910
-0.858962
0.769440
0.303104
-0.602141
-1.795263
0.207517
-0.743297
0.368462
-0.672298
0.770847
-0.095979
0.016447
-0.342626
-0.678705
-0.794292
0.513681
-0.775727
1.074187
-1.069671
-0.174968
0.578461
1.248402
-0.091363
2.582753
-1.075574
-1.489444
1.074826
0.147181
1.787943
-0.317536
1.450970
0.888762
0.017363
-0.779002
0.619861
1.697037
-0.459753
-1.464101
-1.382880
0.876029
-0.748131
0.069654
0.275231
1.343681
0.057727
1.029624
0.812860
0.368149
0.855987
0.106206
1.678068
0.081482
-0.400707
1.251538
0.696176
0.839708
-1.101241
-1.070554
1.223410
-0.784312
-1.627581
0.900480
-1.207549
0.213357
0.355101
0.567995
-0.195586
0.025059
0.296673
0.079875
-0.916467
0.998325
1.779343
-1.145708
-1.159942
-1.228238
-0.224207
0.886918
1.066453
-0.002422
-0.192004
-0.416512
-1.332572
1.562186
0.215083
-0.012337
0.444109
1.373184
0.364581
0.119536
1.235433
1.992601
-0.494993
-3.008819
0.413804
0.825580
-1.591447
-0.349398
0.900670
-0.024305
0.391233
-1.582731
2.430161
0.509180
0.368407
0.476923
0.533278
0.409179
-0.160097
0.408576
-0.653412
0.505309
2.042458
-0.301337
-0.676420
-0.642375
0.496193
-0.085011
0.513837
-0.021268
1.378717
-0.833357
-2.392904
1.282989
0.066133
0.844588
-0.541486
0.035084
-0.906967
-0.964214
-0.394404
1.009200
-0.917454
0.869152
-0.219198
0.886300
-0.790923
1.722467
-0.375332
0.782110
-0.274127
-0.261363
-1.014511
0.866011
-1.016826
0.609079
-1.236143
1.092637
-1.910431
0.683727
-0.797933
0.384926
0.562333
0.410064
0.296129
0.954116
-0.745145
2.107754
0.598520
-0.802496
0.689818
0.668392
1.371503
1.890813
0.445319
0.676541
-1.886830
-0.123242
-0.042041
0.556848
0.631844
-0.736202
0.831878
0.028115
-0.436018
1.224167
-0.157418
1.171310
0.483737
-0.870171
0.341249
-0.595541
0.362794
0.466466
-1.162966
0.125149
0.357215
0.500563
-0.216245
0.692520
0.541828
1.542728
0.788296
-0.801268
-0.545243
-2.989730
-0.395601
-0.086747
-0.292618
0.365811
-0.199215
-0.294255
-0.549987
0.869415
-0.454333
-1.678956
0.165973
-1.613578
0.482335
0.672759
0.193320
0.711914
0.625521
0.756338
0.684830
0.641981
-2.281059
0.153117
-1.319037
-0.836773
0.083069
-0.098131
0.909922
-1.066637
0.436444
0.700212
-0.409315
-0.245157
0.421212
-2.039723
-0.268548
-1.025075
0.577423
-0.358229
1.285852
-0.278152
-0.923956
-1.722564
1.060203
0.333111
-0.812831
-0.406676
1.715685
-0.368688
0.379211
-0.611944
-1.578110
-0.222313
-0.210860
0.052356
-0.757039
-0.550146
0.001563
1.319314
0.023647
-0.534260
0.615150
0.303825
-0.666824
0.348794
-2.694548
-0.381091
1.079505
0.411538
1.547136
0.909620
-0.130773
0.309462
-1.351402
2.266196
2.815027
1.034624
0.548876
0.570853
1.000498
-0.908102
0.031696
-0.286305
0.032906
0.326220
-0.610874
0.461467
-0.038109
-0.469090
0.411223
-0.112845
0.302380
-2.030861
-0.430720
-0.228270
-0.664436
-0.089141
-2.082437
-0.848515
0.440920
1.386202
-0.425578
0.046059
1.980114
1.115636
1.828055
0.082422
-1.288288
0.434748
-0.036576
1.351631
-0.634378
0.122550
-0.065347
-0.672462
0.857535
-0.537167
0.912450
-0.218289
-0.869001
0.954474
0.492712
1.324010
1.688244
0.239982
1.416946
0.500654
-3.219070
-0.933807
1.024645
0.460559
2.123232
-1.027533
-1.073030
-0.151603
0.111561
-1.440396
-1.678156
1.158992
-0.228242
-0.271566
0.977378
1.786701
0.046097
0.335093
0.255350
0.713654
-0.555388
0.003341
0.998424
-0.210488
-0.263356
-0.884259
-0.796671
0.111677
-0.727758
-0.189619
0.981067
-1.063127
1.029526
1.552456
-1.119071
-0.708494
-0.739198
0.751555
0.297180
0.554726
-0.018521
-0.043635
-0.927940
0.946388
0.278332
-0.076241
-0.056656
1.925776
0.737372
-1.082023
1.049352
0.655239
-1.467876
0.304313
-0.340816
-0.063110
-0.605793
0.568254
-0.919762
0.570087
-1.323176
-0.527627
-0.911087
0.255658
-0.865735
-0.046977
-0.808796
0.399364
-0.039936
2.639736
0.012335
1.387497
-0.173358
-1.677956
-0.820620
0.023752
2.077489
0.525587
-0.246320
0.063620
-1.239030
-0.998308
-0.950860
-1.380067
0.138014
-1.249476
0.788906
-0.060203
-0.286054
0.769769
1.151116
-0.259433
0.931686
-0.899216
0.259191
0.840724
0.003750
0.815839
0.144964
0.966651
0.291769
-1.067133
1.766197
-1.444991
-0.455541
1.535167
0.055090
0.466872
0.881199
1.221674
-0.227061
-0.077834
0.063754
0.535721
1.590859
0.006840
-0.427259
0.533567
1.084465
0.514780
1.620991
0.030871
0.210034
-0.481281
0.418036
1.261315
0.777546
0.397502
0.164437
0.193110
0.246234
0.651477
-0.862388
-0.171519
-0.026092
-0.203744
0.752990
0.317640
-0.509594
-0.455722
-0.902092
-0.117367
0.185322
0.248381
-0.856355
-0.840639
0.209721
-1.269163
1.856593
1.580064
0.951755
0.117662
2.394832
-0.125111
-0.012974
-0.797908
0.359155
-1.343078
0.245740
0.680648
-0.054872
-1.279328
1.151686
-1.599702
0.456990
-0.765035
1.253831
-0.201245
-0.395368
0.738901
-1.562329
-0.131694
1.914921
1.394247
0.474938
0.910991
0.193314
0.714086
-0.525357
1.098729
-0.843280
0.456280
0.781419
-0.117277
-0.502897
-0.192064
-0.714761
-0.184292
1.333736
-1.723828
0.720982
-1.409097
1.270325
0.328341
0.400615
1.490650
1.345728
0.593888
1.278860
-0.939074
0.573424
-0.329055
0.575411
0.210657
1.299922
-0.414262
-0.908002
1.088192
0.570280
-1.528744
1.148657
-0.852908
0.830746
0.009017
0.560447
0.412369
1.642189
0.098693
-1.243891
0.177690
-1.012936
0.763061
-0.024617
0.168348
0.330997
1.147317
1.278990
0.379051
-0.639237
-0.401881
1.700803
-0.032812
-1.799811
-0.338614
0.197428
0.560109
-0.136458
0.606457
-3.219579
0.618303
-0.406537
0.449112
-0.835740
-1.638461
0.417522
-0.682180
1.073912
0.276288
0.113618
2.536417
1.278236
0.165775
-0.352467
0.413608
0.331009
-0.657117
-2.054258
-1.108381
-0.197639
0.723391
-0.777304
-1.052379
-1.702383
0.145656
1.058388
0.569726
0.142070
0.903089
-0.219408
0.535130
0.023141
1.525216
-1.413762
0.258079
2.185883
-2.540612
-2.061150
2.107754
0.280378
-0.492135
-2.039001
0.525783
0.335404
0.287051
0.994778
0.780750
1.117574
-2.258605
0.181422
-1.660686
1.203462
1.514246
0.705421
0.075107
-0.123619
0.635270
-0.470361
1.415152
0.006765
0.829722
0.385870
-0.273991
0.050015
0.709987
-0.358045
-0.571860
-1.035425
-0.192474
-1.871860
-0.643889
-0.171842
0.733118
1.457482
-0.818891
0.206445
0.441991
-1.570846
-0.469402
1.741798
-0.294610
0.274639
-0.973565
0.016968
0.820744
0.045095
-0.139189
-0.046985
-1.539410
-0.811543
0.752002
0.402468
-0.703327
-0.455583
0.688744
1.167906
-1.627146
1.831774
-0.569988
-1.518879
0.316311
-0.139386
0.532324
1.411148
1.669679
0.583630
0.564668
0.783856
0.341513
-0.101045
-0.409961
-1.961454
-0.695139
-0.590335
-0.989010
-0.413909
0.710600
-0.152206
-1.244153
-0.048426
2.042630
-1.014154
-0.339433
-0.098644
0.869782
-1.386789
-1.320359
-0.287686
0.231514
-0.028640
1.453553
-0.302781
1.415565
-0.942779
-1.016353
0.494839
-0.381209
-0.436802
-0.247597
-0.224271
-0.500978
0.363174
-0.922570
-0.314391
0.879591
0.308571
-0.432824
-0.258860
0.412105
-1.080411
0.235191
-0.710696
-1.173165
1.531758
0.536484
1.743268
1.209714
-0.172997
-0.892319
0.231739
1.804031
0.652290
0.340713
0.261364
-0.306717
-0.440894
0.572222
0.682827
-0.268899
0.860821
-1.750932
0.034250
-0.470674
-0.992104
-0.324176
1.400700
0.409822
0.283408
0.466478
0.286755
0.128806
-0.013866
0.110719
1.054534
1.013768
-0.675645
-0.506444
0.191638
-0.140031
0.795889
-1.200636
-0.775132
1.047632
0.962445
-0.368687
0.379211
-0.611950
-1.578105
-0.222310
-0.210862
0.052362
-0.757042
-0.550144
0.001563
1.319312
0.023647
-0.534267
0.615153
0.303829
-0.666821
0.348788
-2.694546
-0.381093
1.079497
0.411532
1.547139
0.909617
-0.130778
0.309460
-1.351404
2.266193
2.815026
1.034629
0.548878
0.570854
1.000497
-0.908109
0.031703
-0.286306
0.032901
0.326220
-0.610880
0.461468
-0.038105
-0.469093
0.411228
-0.112843
0.302380
-2.030863
-0.430719
-0.228274
-0.664436
-0.089142
-2.082439
-0.848509
0.440928
1.386204
-0.425576
0.046065
1.980116
1.115638
1.828049
0.082420
-1.288292
0.434746
-0.036576
1.351632
-0.634371
0.122556
-0.065346
-0.672459
0.857533
-0.537170
0.912447
-0.218287
-0.869000
0.954465
0.492716
1.324011
1.688239
0.239980
1.416947
0.500649
-3.219069
-0.933810
1.024642
0.460560
2.123232
-1.027532
-1.073037
-0.151601
0.111568
-1.440394
-1.678153
1.158988
-0.228241
-0.271564
0.977377
1.786699
0.046093
0.335086
0.255345
0.713657
-0.555388
0.003343
0.998423
-0.210482
-0.263352
-0.884256
-0.796675
0.111681
-0.727759
-0.189620
0.981065
-1.063132
1.029527
1.552453
-1.119069
-0.708498
-0.739195
0.751551
0.297185
0.554715
-0.018522
-0.043635
-0.927938
0.946392
0.278336
-0.076237
-0.056656
1.925778
0.737374
-1.082025
1.049357
0.655239
-1.467882
0.304313
-0.340823
-0.063115
-0.605795
0.568257
-0.919762
0.570087
-1.323175
-0.527625
-0.911089
0.255657
-0.865739
-0.046973
-0.808792
0.399367
-0.039938
2.639740
0.012328
1.387496
-0.173360
-1.677965
-0.820629
0.023748
2.077485
0.525592
-0.246317
0.063623
-1.239028
-0.998308
-0.950862
-1.380066
0.138016
-1.249476
0.788905
-0.060203
-0.286054
0.769767
1.151116
-0.259427
0.931682
-0.899215
0.259193
0.840724
0.003743
0.815834
0.144962
0.966649
0.291772
-1.067141
1.766194
-1.444988
-0.455539
1.535160
0.055086
0.466867
0.881200
1.221675
-0.227058
-0.077834
0.063753
0.535720
1.590855
0.006846
-0.427256
0.533567
1.084469
0.514779
1.620992
0.030872
0.210039
-0.481279
0.418037
1.261319
0.777553
0.397499
0.164434
0.193108
0.246232
0.651477
-0.862388
-0.171517
-0.026093
-0.203749
0.752985
0.317641
-0.509592
-0.455722
-0.902087
-0.117373
0.185318
0.248378
-0.856355
-0.840634
0.209716
-1.269169
1.856593
1.580067
0.951753
0.117661
2.394835
-0.125108
-0.012978
-0.797905
0.359155
-1.343068
0.245738
0.680651
-0.054875
-1.279331
1.151691
-1.599704
0.456996
-0.765031
1.253830
-0.201240
-0.395371
0.738903
-1.562329
-0.131693
1.914919
1.394247
0.474942
0.910986
0.193317
-0.236076
0.751436
2.463730
-0.497210
0.745614
-0.832686
-0.023794
-1.144347
-0.457862
0.014663
-0.222395
-1.676894
0.878086
-0.605526
0.998017
0.530919
-0.255327
1.495199
1.317201
1.366791
0.745710
1.330080
-0.794413
-0.629921
0.159619
-0.489899
-0.901878
0.968624
0.287632
-0.636610
1.859511
0.565549
-1.398401
0.219174
0.981159
0.227550
0.694523
-0.138146
1.632206
0.636477
1.636459
-0.321947
0.169063
-0.042413
-0.390709
0.065659
1.081450
1.722483
-0.062658
0.090852
1.021435
-0.514959
-1.245111
-0.493413
-0.535832
-1.138034
-1.014975
-0.087090
-0.274453
0.338355
-0.050045
-2.183974
-0.896564
-0.558158
0.574752
1.080893
-0.781016
-1.122876
-1.165939
0.850121
0.695981
1.185533
0.832592
0.164057
-0.918829
-0.320618
0.398008
-0.638289
0.230906
1.156290
-1.610733
-0.673062
-0.511254
-1.671029
0.401322
-0.209604
-0.840956
-0.364642
0.517817
0.705030
1.452020
0.068498
-0.694629
-0.426580
-0.918231
-0.801403
0.320904
-1.822369
-0.159876
0.255112
0.198514
-0.442430
0.284073
1.798613
0.366672
-0.837430
0.587465
0.782141
-1.269538
-0.095240
0.129978
0.145989
-1.421528
1.421851
-0.972162
0.186934
-0.455880
0.272017
-0.492777
1.420666
-0.599423
-0.251825
0.760188
0.420465
-1.104361
-0.731126
0.569710
-0.869349
0.295653
-0.492366
-1.286936
0.610034
1.297143
-0.676931
-0.789642
0.682866
-0.644134
1.017269
-1.200795
-0.410446
-1.373261
-1.046520
0.565937
-0.501174
0.406007
0.051771
-1.312066
1.169057
-0.720819
-1.184504
-0.201430
0.988395
-0.214137
-0.305082
-0.775469
-0.774161
0.078685
0.978671
-0.033879
1.717707
0.720616
1.064169
1.173000
-0.139267
0.948681
0.051671
1.314041
1.180470
2.192826
1.154532
-0.814619
-1.213536
0.445917
-0.855394
1.125990
0.087328
0.429079
0.355818
-1.739954
1.134831
0.343280
-0.207443
0.298223
-0.574512
-1.682164
-0.581357
0.444186
-2.363369
1.712875
1.373963
-1.225929
-0.063673
-1.239393
1.179824
1.881679
-0.214178
0.369910
0.572812
-0.188705
-0.259894
-0.285355
0.112183
-0.008919
0.800136
1.536169
-0.017493
1.927023
0.783958
-0.424376
0.877036
1.826625
-0.778300
1.201182
0.500576
-0.175578
0.848212
-0.119797
0.103169
-0.069466
0.622214
0.465653
-0.334807
0.016632
0.438895
0.488724
2.860269
-0.054779
0.349310
-0.355054
-0.833302
0.882870
0.237326
1.797143
-1.198614
0.314686
2.162265
2.466270
0.371841
1.702478
0.456549
2.303116
2.043101
-0.384403
0.817438
1.398533
0.583126
0.257434
1.030314
-0.488372
-1.073040
-1.182907
0.365862
0.723183
0.721863
-0.000227
0.003420
-0.507211
0.801371
-1.114943
-0.469896
0.654882
0.066869
1.515739
-0.228584
0.020077
0.971015
0.628223
0.914451
-1.149907
0.177697
-0.542269
1.998755
0.983479
0.642429
0.137748
0.735492
0.252246
1.499624
-0.728154
-0.687898
1.061755
-0.401406
-0.214125
1.157991
-1.286054
1.074808
0.533302
-0.857082
-0.918165
-0.094610
-2.076486
-0.337402
-0.509219
0.367783
0.330346
0.468418
-0.916117
-0.324900
-0.114575
-1.688543
0.017385
-1.082117
0.077653
-0.531292
-0.538704
0.283461
0.177030
0.009877
-2.223615
1.608855
0.427773
-0.520497
0.121968
1.303396
-0.185216
-0.868016
1.444705
-1.071428
0.369336
0.911752
0.413275
1.440778
-0.342346
0.790238
1.029100
-0.680126
1.769090
-0.390215
2.054861
3.206964
-0.373466
-1.415899
-0.486089
-0.847127
0.172225
-0.761797
-0.518069
-0.007281
0.439574
-0.602879
-1.243995
0.106061
0.629204
-1.181924
-0.205161
-0.823259
1.203322
0.979739
-0.507330
-0.535637
1.573778
0.236585
1.090399
0.249840
1.469704
-0.894068
0.193282
0.896736
0.323097
0.434435
-1.170845
-0.667909
-0.262879
0.090169
0.217217
-0.451726
-0.029043
-1.727327
-0.612225
0.531245
0.547663
-1.093042
-1.988823
0.675182
-1.388077
-0.124021
-1.656105
0.435364
0.634571
0.121384
0.636732
-0.525799
-0.045436
-1.322974
1.823757
-0.367691
-0.671565
0.736643
0.702914
0.127826
-0.110923
1.013441
-0.409876
1.119445
0.207687
0.260880
-1.372740
-0.665182
-0.165589
0.656674
-0.011519
0.425144
-2.010098
-0.628850
-1.481273
1.371661
-0.984071
-0.663463
0.069486
-2.173101
0.553550
-0.189651
0.328304
0.047511
0.002415
1.303001
0.639742
0.501470
-1.254527
1.290937
0.841435
-1.442765
1.740987
-0.359956
-0.071324
1.096528
1.686782
-0.233785
-1.343842
-0.224342
0.359150
0.388246
-0.124374
0.240751
0.282815
-1.653777
-0.886947
-0.009024
-0.133257
-1.454736
-0.530547
-2.388847
-1.935487
-0.550184
2.674170
-0.658771
-0.353217
0.085778
0.189693
-0.417895
1.340731
1.373689
0.286021
0.301430
0.274653
-1.597413
0.206689
0.471118
0.250040
-0.422395
0.649242
1.146826
0.784286
-0.360413
0.449796
-0.779182
0.628682
-0.840050
0.045546
-0.107263
0.635743
0.908557
0.387639
-0.977936
-1.635850
0.048474
1.724725
1.962336
0.523720
1.055043
0.299355
0.570085
0.908122
0.295123
0.940848
0.616078
0.509761
0.175288
-0.674651
1.332986
0.998902
-0.926265
0.704279
0.336210
1.797567
1.371329
1.249058
0.866828
1.236260
-1.737594
-0.221381
0.811927
-0.512941
-0.080134
0.880808
0.158420
0.937696
-0.910144
1.361040
-0.472812
0.458648
-0.300032
-0.836703
-0.707875
1.316439
-1.713481
-0.884408
-0.299898
2.076308
0.038299
-0.263403
0.672565
-1.413677
1.090385
0.396826
1.535464
-1.355911
1.310306
0.832891
-0.087430
-1.118759
1.504924
-0.820658
0.099162
0.445065
0.754331
-1.245892
1.390018
2.484930
1.193522
-0.494713
0.616113
0.454318
0.548640
1.348553
-1.628185
-0.062035
-0.500228
1.098630
-1.277404
0.057327
0.696903
-1.242308
0.243614
-0.195170
2.187583
-0.907520
0.571741
-0.366404
-0.039703
-0.093101
-0.717436
-0.055873
1.401824
-0.298140
-0.480088
-0.742023
-0.784341
0.710215
-0.450660
-1.284628
0.169446
1.408664
-0.981182
0.376154
0.935929
-0.013736
-0.865154
-0.635534
-0.367075
-0.956674
-0.351172
-1.618631
0.467092
-0.201377
1.220101
-0.757881
-0.687392
-1.834957
0.011323
0.018874
-0.563051
-0.444400
0.148826
1.804211
0.713969
-0.442048
-1.767568
0.504955
-1.421878
1.459594
0.627463
-0.350960
-2.409217
0.109579
-0.734065
0.643333
0.193115
-1.564175
0.775198
-0.632251
0.483617
-1.179186
-1.160265
-0.797793
-0.114770
1.077697
-0.037189
-0.763972
0.572855
0.897830
1.247419
-1.244379
1.148443
0.089508
0.059503
0.688553
1.085788
-0.022621
-0.336265
-0.040871
-0.625504
-2.154549
0.728824
-1.261972
-0.354014
-0.005409
-1.896839
-0.854309
0.264127
-1.624264
0.136946
0.274452
-0.828469
-0.614202
0.729624
2.296762
-0.899790
1.096205
-0.067307
0.382744
0.266968
0.170019
0.621267
1.031181
1.652181
1.514635
-0.708899
-1.222239
0.696080
-1.150236
0.517361
-0.117340
-0.358267
-0.004967
-1.134134
-0.136026
0.590040
2.120167
0.919543
-1.907495
0.859812
-0.053735
0.398577
-0.784028
-0.760846
-1.476083
-0.261603
0.296833
0.839289
-2.193561
-1.102889
1.476619
0.159433
-0.125006
0.899475
-0.087741
-0.751073
1.072430
0.523336
-0.226722
-0.178786
1.081254
-1.030991
-0.744416
0.455519
1.036799
1.175230
0.818734
0.256522
0.415710
0.524172
0.494190
0.450448
2.244208
0.726976
-0.350609
-0.104760
-1.421590
-0.506203
-0.602116
-0.645588
-0.836025
-1.872762
-0.994764
-0.241300
-1.017559
-0.361927
0.219133
0.635492
2.035738
1.183604
-0.926841
-1.140427
0.450317
-0.166925
0.794885
0.356206
0.042218
0.024531
0.753763
0.357781
-1.145766
-1.067140
0.208552
0.105130
-0.794344
0.183035
0.613241
0.218539
-0.158254
-0.148707
2.290195
-0.124533
-0.211424
0.619738
-0.545343
0.046110
2.032891
0.148252
-0.720267
0.366782
-0.133338
-1.223205
-0.877036
-1.164920
-0.684307
-0.708742
-0.142448
-0.083982
-0.004883
-0.250046
1.127568
1.225909
-1.702974
0.236134
-0.082000
-1.821453
1.173747
-0.025773
-0.660758
-0.361037
0.401225
0.570555
0.965098
-1.042936
0.944352
-0.994136
-0.693630
1.385834
0.748360
1.071333
-1.500278
-1.789673
0.200352
-0.251908
1.353679
1.395318
0.876871
-0.488210
-0.259722
0.263506
-0.906558
-1.435181
-0.595225
0.548183
0.549239
0.813968
0.294148
-0.377243
0.676877
0.945869
-0.638009
2.533628
0.552220
0.099365
0.056360
-1.656519
0.243328
-0.560426
0.037676
1.060025
1.111055
-0.648472
-1.234830
-1.059127
-0.782810
-0.460374
-0.897800
-0.205950
0.575092
-1.321872
-0.667170
-0.329726
0.662113
-1.197744
0.228405
-0.390856
1.335057
0.696147
-0.858168
0.311751
-0.791776
-0.795804
-0.676346
-2.180865
-0.401661
-0.195593
-0.877336
1.211298
-1.023654
-0.069651
-0.083739
1.924816
-0.002364
-0.100489
-0.404821
1.273327
0.045314
1.438449
-1.887630
2.166418
0.388556
-1.170700
0.078532
-0.848304
-1.513853
0.343254
2.143111
0.775446
-1.840742
0.854824
0.088350
1.810138
0.733335
0.771912
0.641567
0.599665
-0.954091
0.673214
0.651577
-0.422998
-0.101746
-1.225244
2.500733
-0.954579
1.219727
-1.342405
0.866535
-0.417866
0.241778
-0.905593
1.573590
0.821751
1.673873
0.878483
-0.771921
0.158773
2.911364
-0.546233
0.879962
0.872660
-0.570406
-0.331930
0.340677
-1.214791
0.066228
-1.010707
0.137542
-0.119437
-0.134017
1.441144
0.863338
-0.773844
-1.485589
-1.059942
-0.058865
0.005285
0.084138
0.548803
0.063066
-1.580155
0.437078
0.584588
0.368598
0.901001
-0.000888
-0.585635
0.541114
0.888170
-0.216728
0.204736
0.300619
-1.616895
-0.631713
0.546456
-0.742838
-0.989801
-0.098792
-0.555150
-0.507240
0.004612
0.044159
0.315541
-1.100857
-0.916757
0.878763
-0.773986
-2.267392
-0.224960
1.782321
0.133585
-1.240100
0.835433
-0.255033
-0.808100
0.736327
0.929749
-0.784188
0.201735
-0.312360
0.844835
-1.246738
0.116058
2.686198
0.475305
-1.009966
0.227629
0.491945
-0.025062
0.422536
0.270476
-0.148641
1.073145
-0.007217
-0.744736
0.095476
0.042975
1.282145
-0.118700
0.690138
-0.710014
0.937561
1.342676
-0.771882
0.925468
0.795950
0.526366
-1.448536
-0.796514
0.715866
-1.340167
0.631713
0.699737
0.319616
-1.156748
0.485595
0.355096
-0.494507
-1.287202
1.385344
0.989472
0.396169
0.966305
-1.474563
0.384199
0.272889
-0.040857
0.287784
-0.394038
-1.750860
1.546790
0.445161
-1.366077
0.366518
1.900139
-1.205039
1.125525
1.286290
0.138109
0.259827
-1.423573
-0.755154
0.046202
-0.276778
0.477763
-0.039594
-0.610355
-0.308396
0.951588
-1.324610
1.375599
-1.426271
0.366876
0.636776
-0.120267
-1.358061
-1.058515
-0.799273
1.118697
0.832025
-0.542724
0.592752
-0.605216
0.442463
0.287843
-1.455802
0.083590
-1.185757
0.331723
0.007714
0.430005
-0.954997
-0.606271
-1.694350
1.136741
-0.530265
1.403085
1.739789
1.808758
0.599114
-0.105286
-0.553419
0.038232
1.936655
2.044684
1.769032
0.431943
-0.366674
-0.870910
0.720349
-0.302712
-0.718517
0.133187
0.293119
-0.613099
-0.605322
0.756402
-0.078110
-0.001342
-1.228974
-0.457568
-0.436932
-1.247314
0.118832
0.662457
0.139187
-0.031230
0.144306
-0.528349
1.512131
-0.067153
-1.294940
-2.074880
-0.567385
1.872898
1.970274
0.081057
0.188113
1.107852
0.701883
0.344451
-0.356595
0.996898
-1.092174
-0.707907
-0.486780
-1.235234
-0.139574
0.864028
-0.747069
-0.684665
0.245680
0.032855
-1.191516
-0.643026
-0.550229
-0.053771
1.260259
1.793449
-0.657719
-1.025346
-1.193866
-0.370057
0.470198
0.524613
-1.580834
1.351211
-0.668565
-0.968772
1.069851
-1.169632
0.134584
-2.165747
0.432258
0.944215
2.680846
-1.233595
-0.205084
-1.909877
1.902343
-0.170755
0.533439
0.351214
1.170808
-0.033049
-0.464843
-0.085885
1.676983
0.553329
1.983966
-1.633627
0.747393
0.405781
-0.919674
-0.317973
0.769373
0.653542
0.420316
0.521324
0.497027
-0.871529
0.717333
-0.374447
-0.426876
2.011211
-1.502961
1.667706
0.998108
0.754879
1.233766
-0.312779
-1.436042
-0.385969
-0.443630
0.317253
0.598374
0.402437
1.572798
-0.425302
-0.781372
-0.391862
-0.827403
-0.153917
-0.974014
-1.739316
-0.659030
-0.885498
-0.200467
-1.520506
1.241216
-1.415191
-0.071801
0.002838
0.460303
0.698578
0.083451
1.479635
0.608742
1.028424
-0.567437
-2.239740
-0.613812
-1.534416
-0.205068
1.312295
1.597347
-0.357329
0.227982
0.216767
0.554137
0.258665
0.188740
0.244833
0.071668
0.194154
0.165365
0.220701
-1.013092
0.994290
-0.270473
0.259914
0.385773
1.405916
-0.749600
0.104364
-0.131116
-0.731585
0.261621
0.294162
0.286785
-1.427679
0.809743
-0.896386
-0.145966
0.857733
0.077988
-0.553353
-1.011236
1.350982
0.936626
0.154134
-1.782311
-0.366311
1.333591
-1.171484
2.208960
-1.302769
0.049065
-1.654974
0.457488
0.016282
1.056863
0.100157
0.969125
1.656132
-0.626664
-2.612840
-1.416594
-0.738693
-0.719952
0.070989
-0.048963
-0.649925
0.655098
-0.214275
0.033486
0.986144
0.536938
-0.040120
0.970508
0.010726
-0.222172
-0.676657
-0.305774
-0.507967
1.385176
0.798303
-0.325572
1.319454
0.262751
0.066951
1.017914
-0.417179
-0.792517
0.107770
-1.170224
-0.092781
0.053880
0.303591
0.345303
0.160035
1.234600
0.462169
-0.286696
-0.834836
2.132045
-0.252358
0.131544
-0.100601
0.341431
-1.507850
-0.561311
0.202552
-0.572851
-0.829339
-0.851421
-0.110255
-1.592311
0.960415
1.499634
-0.843248
-0.454448
1.381683
1.108419
-0.336270
-1.353177
-1.387229
1.220950
0.315619
0.396218
-0.580865
-0.140016
0.258488
0.595182
0.134346
-0.885143
-0.475288
0.427609
1.452075
-0.184364
0.508831
-0.098368
0.756461
-1.018813
0.259289
0.477798
0.837480
-0.177936
0.170084
-1.577845
0.025602
-0.704113
1.877102
0.166702
-0.106525
0.284516
-2.131930
-0.477867
-1.048153
0.582414
-1.064059
-0.676987
2.221960
0.242669
0.225363
-0.350568
0.982585
1.376859
-0.048504
-0.330577
0.051850
0.730702
-1.121982
0.890804
0.986732
0.147227
-0.283034
-0.102328
-0.371394
-0.945761
1.718908
0.880597
-0.353711
-1.116801
0.353040
0.661527
0.120094
-0.532279
-0.995464
-0.570137
-0.871730
-0.591344
-1.809415
-0.452384
-0.654911
-0.657456
0.317466
-0.342846
-1.009251
-1.485888
-0.538729
0.153592
-1.157095
0.797183
0.616609
-0.813232
1.297207
-1.349476
0.344502
0.095898
-0.800751
0.982766
0.328865
-1.545320
-0.430746
-0.090990
0.996920
-1.136418
0.608859
-0.727603
-2.026097
-0.784103
-0.519453
1.078102
-1.651084
-1.866519
0.630488
-0.330505
0.168920
0.315973
0.214464
-0.383254
0.095825
-1.277598
-0.240442
1.315962
1.129171
-1.316981
1.604823
-0.095636
0.819964
0.579692
-0.868770
0.362121
0.439375
0.842649
-1.801450
-1.220485
0.609884
-0.303962
-1.106049
-1.284958
1.640886
0.079065
-0.421944
-1.767771
-1.355764
-0.247551
-0.969943
1.027240
-1.568777
0.721732
0.138804
0.543335
-0.243092
0.955662
-1.023206
0.599013
-0.773238
-0.985592
1.461143
-0.353667
0.765424
0.917412
-0.262468
-0.535145
0.266524
1.321818
0.363585
0.664842
-0.531184
-0.124996
1.085133
-0.277847
0.814032
-0.300300
-0.087899
-1.433116
-0.458101
-0.043400
-0.189837
0.122842
0.683436
0.245490
-0.713897
-0.792402
-0.284263
-2.210800
-1.678949
1.130677
0.185350
0.871893
-0.594421
1.061562
-1.294917
0.304404
-1.510887
0.092430
-1.534167
-0.822839
0.152799
-0.587525
-2.099104
1.611374
1.261379
-0.424759
-1.390159
-0.656727
0.937469
0.914834
-1.523769
0.795344
1.061687
0.234443
-0.770320
-1.056572
-0.981121
1.338866
1.273987
0.712836
-0.025243
-0.095138
-0.011516
0.249499
0.942586
-1.112643
-0.684563
-0.689524
-0.007042
1.034676
2.063361
2.039958
-0.825250
-1.676467
-2.293814
1.781744
0.429694
1.369218
2.582670
-0.315529
1.244278
-0.579511
-0.980792
0.528044
0.125597
-1.578269
0.442740
2.358320
-1.077139
1.206566
0.555931
-0.174662
0.967031
1.916697
0.078995
0.288044
-1.515530
0.061927
-1.600947
0.488887
-0.392309
1.036632
-0.977506
0.074628
-0.331673
0.703162
0.835214
-0.395208
-0.502153
1.661451
0.654543
0.641648
-1.278951
-0.194025
1.854423
-0.188437
1.061186
-1.118556
0.360201
0.211424
-0.998922
-0.485662
0.283687
0.999721
-1.412184
-1.601329
1.652086
-0.179857
2.455519
1.579484
0.137729
0.405496
-0.341075
-0.816585
-0.011581
-0.034952
-0.194001
0.519554
1.265249
-0.417230
1.553373
1.123668
0.925209
-0.222618
-0.664747
0.131453
-0.313870
0.168082
1.368113
-0.892944
1.583066
-0.142383
-0.537964
0.888544
-0.311419
-1.652159
-0.556883
-0.927607
-0.698525
-0.668006
-0.628359
0.799523
1.036799
-0.095011
-1.348371
-0.757645
-1.273158
-0.424019
0.874186
0.076739
0.228146
-0.114747
0.062137
-0.132346
0.438986
0.628613
0.428037
-1.011316
-0.320400
-0.700401
0.367150
-1.353959
0.674544
1.339009
0.438316
-0.685982
0.141621
-0.907572
-0.101416
0.251749
-0.242716
-1.030108
-0.737200
2.197427
0.188283
-0.574330
-1.809618
1.180151
-1.042063
-0.444518
-1.332633
0.976979
0.554454
-0.717052
-0.085510
0.838828
-0.619996
0.197879
-0.929538
0.000752
-1.167881
1.049919
0.057603
-0.474567
0.649922
1.525680
0.817967
1.251581
1.047949
1.279081
-0.926639
0.883755
-1.983167
1.950138
0.662810
0.861684
-0.197460
-0.593825
0.551354
-0.670181
-1.427301
1.224439
0.717960
-0.415232
0.171761
0.423680
0.625859
-1.043724
0.897946
0.698755
0.795410
0.795861
-0.130477
1.018284
0.063864
-0.304279
0.031674
0.082497
1.550125
-0.240730
0.879681
0.722482
-0.926207
1.063431
-1.200415
-0.039734
1.523751
0.189331
-0.587418
-1.128242
-0.525075
0.250445
0.935166
0.314707
-0.255412
-0.642534
0.666161
0.327323
-0.893671
0.038089
1.113610
1.501212
0.151680
-0.392535
1.406047
1.514153
0.014174
0.125638
-0.598987
1.270592
0.065376
1.225235
-0.179749
1.231327
-0.868962
1.041993
0.575211
0.061184
1.236598
0.393199
-0.635175
0.881951
-0.507108
1.614766
0.751673
0.631228
3.290738
0.170482
0.591617
0.656060
0.110332
1.269896
0.014502
0.921484
-1.268874
-1.114224
0.213674
0.682603
-0.760629
0.228239
-1.158716
0.920965
-0.362994
0.120972
-0.660109
-0.569827
2.067174
0.862407
0.993772
-1.313188
0.421263
-0.059080
1.013941
-1.956890
1.732026
1.205191
0.382051
0.549188
-2.015772
-3.038603
-0.372069
1.203592
0.744514
0.992484
0.722115
-0.016877
0.757426
0.661132
-0.014021
0.246748
-0.340485
0.469710
-1.239789
-1.540172
-1.570764
1.010078
-0.158937
-0.108268
-0.095569
-0.240451
-0.580158
2.614069
0.087573
-0.607624
-0.199064
0.023319
-0.532717
-0.892838
-1.131487
1.732084
0.143865
0.583549
-1.840555
0.046962
-0.160030
1.134951
1.034017
-0.456137
1.311368
-0.646525
0.223898
0.573162
-0.274744
-0.685121
-1.109025
-0.237833
-0.618283
0.263804
0.536444
0.437191
-0.874709
-0.928715
-0.230661
-0.292530
1.473219
-0.189308
-0.045424
0.218265
0.881928
1.268130
1.898334
-0.216933
-0.250782
-0.042382
0.913503
0.006153
-0.811197
0.745882
-0.033081
0.064510
-0.745567
1.708373
0.764386
0.241173
0.816157
1.244286
-0.178536
-1.621450
-0.056524
0.882987
0.833349
1.744242
-0.775334
-0.831207
-0.550597
-0.242057
1.140774
0.964770
-1.202551
-0.265551
0.749830
0.251864
0.642204
-0.612980
-0.572913
-1.723446
-0.091254
-0.103284
-0.122014
1.397831
0.073857
0.069744
1.025517
0.829215
0.799042
-0.853591
-1.625732
-0.047060
0.087721
0.080413
1.994045
1.010803
-0.450830
1.096556
-0.255361
-0.950518
1.014617
-1.222881
0.487868
-0.546315
1.319636
-0.241674
1.122632
1.085632
0.012865
0.250463
-0.351288
1.033571
-1.724122
0.645738
1.628837
-0.187814
-0.766065
-1.089108
0.363446
0.917782
1.489709
-0.589108
1.015040
0.533980
-0.265073
-1.326020
0.239624
-0.248031
1.812996
2.059543
-2.072485
0.496527
1.461527
1.417410
-1.492963
1.479170
0.455931
0.142957
-0.660486
0.527303
-0.752236
1.239126
-0.785235
1.546978
-1.058532
-0.953857
-0.395365
0.326718
0.979789
-1.225317
0.326029
1.627431
0.404781
-0.364559
1.263204
0.133130
-1.075768
-0.961791
-1.235885
-0.463019
-1.114545
-0.850019
-0.754387
-0.854005
0.728333
0.706259
0.038256
-1.586577
-1.969249
1.226318
-0.171782
-1.203015
-1.540764
1.264388
-0.550123
-0.566103
1.109938
0.093545
-0.525436
0.192373
-1.035700
0.231127
-0.101736
0.530022
-0.402022
-0.433100
-1.954606
0.784992
-0.320320
1.017596
0.893596
-2.258553
0.019904
-1.176129
0.793815
0.579061
-0.711532
1.268474
0.857878
-0.134864
-0.725293
0.995204
0.602125
-0.564102
0.229547
0.910624
-0.942225
-0.344494
-0.260407
-1.426826
0.459206
1.291680
-0.929520
1.268099
-0.553649
0.946436
-0.347437
0.552086
1.836159
-1.324671
-0.409117
-0.332513
0.394183
0.302374
2.108015
-0.513775
0.938706
-0.843981
-0.299050
0.283306
0.229608
0.593072
0.330595
0.033925
-0.794021
0.529841
-0.031752
-1.170740
1.547276
0.822333
0.199820
-1.055549
1.454891
1.185824
-0.413698
-1.702816
0.007811
-1.183777
0.586871
-2.144359
-1.831232
-0.070201
0.913026
0.042504
-1.684315
-0.015787
0.547828
-1.552977
-0.364083
0.468430
-0.237689
-0.665442
-1.046277
1.609193
1.218443
-0.177327
0.188414
-0.368916
1.653162
-0.887939
0.957230
0.906111
-1.007153
0.714044
-1.698084
-0.510041
-1.447677
1.248158
-1.253041
0.046901
0.843423
-0.027991
-0.052034
0.435531
-0.194467
0.271619
0.070675
1.116590
-0.152431
-0.841842
0.601750
0.685181
-1.204389
-1.132151
-0.420424
0.798745
0.433827
-0.845595
-0.461180
0.472569
1.544434
-1.368308
-1.186251
-0.759247
0.188390
0.035237
0.089554
0.283385
0.093353
0.894056
1.617008
-0.648754
-0.128841
-0.531137
0.256016
-1.229555
1.414517
-0.383439
0.559771
-0.010008
-0.531931
1.301915
-0.646837
-0.346690
1.091534
-0.240685
-1.513873
-0.558526
0.689864
0.478211
1.037006
0.269810
-1.101165
0.344380
0.235187
0.298507
-1.120887
0.302022
-0.847444
0.495632
-0.652425
-0.227064
-0.092633
0.866560
-1.048995
-0.933924
0.018268
0.654824
0.627668
0.151202
-0.816664
0.931824
1.679013
0.131241
0.636361
-0.439497
1.506532
0.580673
-0.022570
-0.706934
-0.065690
0.222733
0.554520
-0.303131
-0.933974
-0.320400
-1.348567
-0.106934
0.432897
0.408933
-0.258748
0.860629
-1.006546
-0.921732
1.280535
-0.920536
1.163301
1.463359
-1.219405
-1.085180
0.694216
-0.224551
0.772595
2.332861
-0.493946
1.893338
3.699828
-0.720470
-0.546732
1.067283
-0.032610
-1.199268
0.876926
-0.562043
-0.446422
0.987356
-1.312961
0.291868
-0.964660
0.676929
1.264820
-1.841555
1.384400
0.932741
1.590716
0.066365
-0.608278
-0.189847
-0.522847
-2.286630
0.145366
0.407650
-1.005109
1.448655
0.013064
0.471808
2.024589
-0.220551
-0.416730
0.783028
-1.206915
-0.606608
-2.336786
1.364010
0.565249
-0.625299
1.323584
0.195690
0.272457
0.912517
-2.499799
1.133966
-1.041387
0.232193
-0.113204
-0.702396
1.927191
0.661558
0.841795
-0.695804
-1.616292
-1.524423
-0.463639
-0.941342
0.158267
-0.339236
0.656640
-0.235573
-1.788869
-2.033610
0.648751
-1.105358
0.175355
-0.846456
-0.086104
0.470691
-1.041020
0.162270
-2.345867
0.221432
0.052940
-0.975502
0.347384
0.157233
0.784103
0.213697
0.289225
0.902428
-1.415454
-0.325471
-0.337573
1.618153
0.806139
-0.163931
-0.373102
1.627600
0.962999
0.119261
0.191667
0.999812
0.794855
1.849477
-0.673336
-0.070543
0.137033
-1.809735
1.671407
0.120953
-0.457041
-0.542189
-0.534522
-0.620899
1.175800
-0.721814
-1.219644
-0.111220
-0.071325
0.819665
-0.526117
-0.632694
0.492108
-0.669942
0.294485
0.122080
-0.205914
-1.325570
-0.111859
0.714090
-0.525355
1.098711
-0.843290
0.456294
0.781416
-0.117276
-0.502909
-0.192062
-0.714755
-0.184290
1.333727
-1.723835
0.720982
-1.409094
1.270322
0.328345
0.400607
1.490658
1.345734
0.593879
1.278852
-0.939087
0.573427
-0.329058
0.575412
0.210659
1.299908
-0.414258
-0.908007
1.088199
0.570281
-1.528738
1.148661
-0.852896
0.830730
0.009020
0.560438
0.412377
1.642195
0.098699
-1.243882
0.177699
-1.012935
0.763049
-0.024618
0.168339
0.330994
1.147325
1.278993
0.379056
-0.639225
-0.401880
1.700809
-0.032799
-1.799808
-0.338618
0.197431
0.560114
-0.136461
0.606441
-3.219590
0.618287
-0.406534
0.449118
-0.835743
-1.638467
0.417522
-0.682180
1.073920
0.276292
0.113617
2.536409
1.278232
0.165774
-0.352464
0.413610
0.331001
-0.657120
-2.054245
-1.108389
-0.197642
0.723393
-0.777292
-1.052378
-1.702386
0.145650
1.058391
0.569722
0.142084
0.903085
-0.219402
0.535133
0.023135
1.525223
-1.413775
0.258083
2.185886
-2.540609
-2.061151
2.107765
0.280373
-0.492115
-2.039016
0.525781
0.335408
0.287048
0.994778
0.780751
1.117568
-2.258619
0.181428
-1.660696
1.203464
1.514230
0.705420
0.075096
-0.123605
0.635274
-0.470361
1.415151
0.006776
0.829732
0.385862
-0.273982
0.050018
0.709997
-0.358049
-0.571869
-1.035430
-0.192483
-1.871853
-0.643889
-0.171842
0.733114
1.457471
-0.818896
0.206446
0.441985
-1.570836
-0.469390
1.741800
-0.294621
0.274650
-0.973567
0.016954
0.820752
0.045089
-0.139187
-0.046998
-1.539417
-0.811544
0.751982
0.402472
-0.703316
-0.455578
0.688744
1.167905
-1.627137
1.831771
-0.569987
-1.518885
0.316298
-0.139395
0.532330
1.411140
1.669662
0.583636
0.564667
0.783856
0.341524
-0.101044
-0.409963
-1.961471
-0.695135
-0.590339
-0.989024
-0.413903
0.710600
-0.152196
-1.244156
-0.048422
2.042624
-1.014152
-0.339433
-0.098633
0.869774
-1.386798
-1.320353
-0.287683
0.231525
-0.028637
1.453565
-0.302784
1.415574
-0.942776
-1.016350
0.494850
-0.381199
-0.436807
-0.247603
-0.224270
-0.500971
0.363169
-0.922571
-0.314389
0.879586
0.308585
-0.432818
-0.258864
0.412111
-1.080398
0.235182
-0.710700
-1.173172
1.531753
0.536478
1.743262
1.209725
-0.172986
-0.892313
0.231743
1.804025
0.652296
0.340711
0.261368
-0.306713
-0.440895
0.572226
0.682832
-0.268897
0.860823
-1.750939
0.034247
-0.470668
-0.992109
-0.324165
1.400704
0.409823
0.283400
0.466463
0.286755
0.128803
-0.013863
0.110724
1.054529
1.013760
-0.675640
-0.506439
0.191643
-0.140031
0.795884
-1.200638
-0.775127
1.047624
0.962446
1.116425
-0.726797
2.619087
0.163383
-0.623159
-1.502182
0.036906
0.821517
-0.332819
-0.674856
0.085027
-1.069559
0.009052
0.470023
0.237606
-0.597315
-0.632453
0.157325
-0.978575
0.139219
2.031997
0.085189
1.838657
1.866533
-1.239409
0.258396
-0.934383
0.549243
-0.554826
0.621524
-1.013413
0.571392
-0.051171
-0.867705
0.292840
-1.123101
0.528342
-0.108165
0.412559
1.641474
-0.933139
-0.637436
0.905628
-1.986872
-0.364145
-2.413803
-0.915610
-1.555328
-0.363958
-1.358839
1.026214
0.421500
-0.471411
-0.374325
1.690902
-0.599607
1.043916
0.154584
0.140696
0.192123
0.642617
-1.185127
0.458896
0.250180
-0.849770
-0.932169
-0.193009
0.931851
-0.085471
0.536299
0.427545
-0.310354
1.864962
-0.672477
-0.755839
0.880079
-0.304592
1.753935
-0.059487
1.143456
-0.151425
-0.248215
-0.060646
-0.446137
1.829470
0.463411
0.980486
0.474889
-0.499194
-0.311803
0.817945
0.136909
0.836067
0.885429
-2.061936
-2.337744
0.154764
-1.290459
1.257507
0.301048
-0.745125
0.375751
0.478469
1.460669
-0.613605
-0.535050
-0.243592
2.048543
0.218905
0.638289
0.593507
0.493952
0.077604
1.734144
-0.654472
0.399727
-0.395368
-1.070874
-0.732930
-1.078320
0.020595
-0.372797
-0.747102
1.477435
-0.511103
-0.095726
0.526587
-0.004397
0.097877
-0.294070
-0.125614
-1.091449
-0.594779
0.305214
1.009902
-0.506220
-0.554419
0.916571
-0.496070
-1.834636
-1.013435
-0.824058
1.159021
0.182009
-2.186224
-2.185639
0.902235
0.688220
0.801599
-0.596297
0.751602
2.093847
0.341797
0.348905
-0.965111
0.046271
-1.152236
-0.025721
-0.347621
-0.004933
-0.625363
0.188290
-0.382088
-0.634134
-0.144699
0.612942
0.730811
-0.754478
0.594260
-0.049250
0.318868
-0.381097
-1.828561
-0.321478
-1.221513
-0.046536
0.007586
0.000595
-1.096104
1.186559
-0.237413
0.815352
0.678184
0.033176
0.522646
-0.659221
-0.613533
0.458541
0.487685
0.951397
0.841526
-2.114551
-0.556223
-0.117940
-1.962799
0.897502
0.536303
2.470140
-1.478801
-0.067894
-0.254626
1.328513
-0.427181
0.647312
-0.582548
0.583184
-0.033245
-0.333752
-1.008948
0.665278
-0.334709
-0.533457
-1.043651
0.059028
-0.533002
1.505611
0.613871
0.950129
0.711779
-0.095047
-1.328049
-0.583435
-0.250567
0.335507
-0.012267
2.516442
-2.188331
-0.140161
-0.671596
0.763493
-1.321361
-1.397233
2.663744
-1.071533
-0.291711
0.394694
-0.024191
0.508374
1.843125
1.143605
-1.972425
-0.176015
0.109030
0.777805
-0.553500
-0.190186
1.245545
-0.473356
-0.266067
-1.410227
1.681760
-0.914539
0.830062
0.318623
0.233178
1.444481
-0.041858
-0.984678
0.460642
0.911071
-0.329445
0.758991
-0.893948
-0.498726
0.153117
-0.769964
-1.182803
0.932971
-0.892697
-1.131858
0.387760
-0.116353
2.287148
0.471025
0.014998
-0.845971
0.901934
0.827968
1.394421
-0.661082
0.036071
-0.488543
0.609236
-0.349693
-0.396935
-0.361404
0.881294
-2.030841
-0.421195
0.160258
-0.159346
0.885604
-0.480053
0.521841
-0.113713
-1.762305
-1.282372
0.131237
-0.097325
-0.045079
1.390277
-0.318969
-1.282709
0.723292
-0.117589
-0.789946
-0.112085
1.454843
0.760141
0.958671
0.052757
-0.672027
0.939915
0.766752
-1.539485
-1.102202
-0.014692
-1.322560
-0.064453
1.632445
-0.781725
-1.091560
-1.351540
0.052195
0.015532
-0.721148
-0.024011
-0.082991
1.803156
0.437316
0.196603
-0.708355
-0.983157
0.393767
0.287155
0.647400
-0.644702
-0.267603
-0.684681
2.442469
1.105781
-1.712561
1.583979
-0.697020
0.102491
-0.463073
0.977348
-0.120008
-0.753982
0.891409
1.755186
-0.259580
0.521889
0.808285
-0.877997
-0.625058
-0.341437
-0.065154
-0.092347
1.428402
1.066922
-0.082170
0.048095
0.852042
0.404601
-0.326622
-0.377803
-0.797243
0.562087
-0.426403
0.770343
2.001313
1.618142
0.806862
0.320880
1.410030
-0.888022
0.150726
1.260596
1.224478
0.101210
-1.332458
0.131471
2.225784
-1.991852
0.839807
-0.886392
-1.896536
-1.429379
-1.514306
-0.554154
-1.645791
-0.867241
0.852550
-0.403310
-0.629341
0.687527
-1.297334
1.605734
-0.777965
-2.164051
-0.991701
0.930661
1.153324
0.395701
-1.009988
-1.282912
0.494746
-1.260385
-0.393284
1.536709
0.216763
1.132414
-1.318137
1.139233
0.151521
0.668163
0.142203
1.626300
-0.201434
1.301106
0.515852
-2.353095
0.347628
0.415151
0.188161
1.597301
-0.549150
0.142740
-1.211725
-0.616021
-0.019986
-1.097788
1.062067
0.747523
-0.504218
-1.922236
-0.078896
0.100068
-0.402837
-0.613785
0.515086
0.162340
-0.960599
0.072623
-1.621160
-0.505075
0.280858
-0.831206
0.439828
0.362829
-0.345091
0.765238
1.309600
1.116969
0.122672
1.077376
1.033858
-0.548667
-1.890924
0.506011
0.185723
-0.954465
1.432572
0.823585
-0.221214
-0.446687
-0.311553
-0.421171
-0.524246
0.301266
-0.405657
0.135116
-1.062890
0.029996
0.149864
0.339742
0.914162
0.468804
2.473802
0.335890
-1.433999
-0.437826
-0.329756
-0.422474
-1.173014
-1.543301
1.318711
-1.019915
0.265665
-0.206973
0.636732
-0.114465
1.246011
-0.508357
-1.168917
-1.169738
-1.310317
-0.297753
-0.314722
-0.720902
-1.100284
0.234674
-0.654228
1.061378
-0.395980
0.752948
0.943968
1.860502
-0.305464
-0.806574
-2.032062
0.519124
0.616931
0.180950
0.544249
0.183448
0.643621
-0.908401
-0.310817
0.241119
0.662266
0.005961
-0.013137
-0.422494
-0.762001
0.401982
0.133327
-0.167754
0.302185
0.998325
-0.897555
-0.138412
1.113318
-1.635116
-0.442608
-1.354206
-0.771731
2.177077
-0.194644
2.575805
0.339152
0.514473
-0.203190
-0.317353
-0.599428
1.073471
0.593189
-1.305983
0.148928
-0.013694
-0.092172
-0.834380
-1.833195
-0.268107
0.773837
1.428364
-0.449688
1.192943
1.972526
0.435661
0.887212
1.019844
0.573461
-1.843360
0.678286
-0.664537
-1.352143
-0.570681
-0.175968
0.338991
0.033715
-0.139935
-0.497338
1.037457
-0.953367
-0.931732
0.357925
-0.178416
0.990538
0.140867
1.176923
-0.674351
0.343861
-0.129156
-1.733933
1.617732
0.787053
0.446860
0.555857
-0.858530
0.209509
-0.693099
-0.712367
-0.642052
0.710465
0.292170
0.416338
0.469767
-2.135616
-0.209244
1.652170
-1.001274
-0.358811
-0.593061
-0.474989
-0.781514
-0.098587
-0.213036
1.211662
-0.190977
0.599253
0.505899
0.331730
-2.104152
-1.364758
0.550135
-0.534984
-0.166217
-0.418886
0.020918
0.088305
-0.178525
-0.485747
-0.373716
-1.488055
-0.568123
-0.917005
0.920145
-0.797281
-1.009557
0.906387
1.932048
-0.368035
-0.596607
0.234623
-1.785162
-0.563718
0.285593
0.549145
2.485153
-1.151307
0.143711
-0.945338
-1.367962
-0.934880
-0.174890
-1.950525
0.571403
-0.292356
-0.703985
-0.091851
-2.286124
-0.916120
1.036711
-0.563737
-0.874457
1.725742
0.587332
-0.368158
0.205510
-0.115032
0.715701
-0.103696
0.213981
-0.023630
-1.083678
0.366110
-1.791419
-0.072596
1.059924
0.338844
2.345345
0.056782
1.180567
0.059906
2.271500
0.285593
-0.535226
0.593488
1.472887
0.308619
1.315354
-0.670607
-0.767109
1.994727
-0.306546
0.917474
0.847329
-0.662656
-0.336692
-0.553499
-0.284650
1.004556
-1.078058
1.578792
0.238514
0.960229
0.171244
0.759650
-0.205359
-0.662210
-0.686089
0.503073
-0.194942
-0.852143
0.159742
1.165709
-0.579947
0.813044
-0.264017
-2.459713
-1.509607
0.669526
0.246173
1.065285
-0.603817
1.571460
-0.587137
-1.490657
1.337505
0.615998
-0.142764
-1.657725
-0.187116
-0.977993
0.083228
-0.486147
-1.733861
1.170513
0.275609
-0.174627
-1.482032
0.802518
1.373550
0.651204
-2.509955
0.283534
0.008097
1.550371
1.615043
-1.436313
0.229623
0.390291
0.491473
1.228885
0.828757
1.015245
1.294861
1.267143
1.176239
0.418517
1.202624
0.731597
-0.883188
0.205169
-0.264359
-0.614495
2.444443
-0.842650
1.014967
-0.212788
-0.313563
-0.142572
-0.933192
0.701259
0.685869
-0.027642
-0.157935
-2.859348
0.178764
-0.933272
0.115461
-1.039746
0.432361
0.869131
-0.420176
-1.267872
-0.189328
-1.266098
-0.247913
-0.838240
-0.222766
-0.702732
-0.057249
0.259954
0.256025
-0.292334
-1.125855
-1.074088
-0.669008
0.375909
1.377037
0.062371
0.701237
-0.797523
1.076139
1.104651
-0.536486
0.618887
-1.543021
0.483371
-0.972909
-0.288964
0.510929
-1.316058
0.139333
1.424216
1.093199
-1.422042
-0.087499
0.942154
-0.338568
0.856067
-1.290536
-0.320005
-1.117850
0.265126
-0.330453
-1.212268
-2.962751
1.380693
0.271421
-0.581530
2.676227
2.652817
1.117914
1.124532
0.339655
0.252379
1.471452
1.382528
-0.351947
0.886084
-1.282963
0.965986
-1.421981
-0.442492
-0.161121
1.729597
-0.311259
0.420591
0.206628
-1.607447
0.910471
-0.187514
0.122946
-1.141699
-0.961835
-0.007263
0.293580
0.286302
-2.208971
-0.909169
0.103275
0.176548
0.439482
-0.040873
1.058674
-0.025743
-0.725526
0.324599
-0.801248
-0.298222
-0.117194
0.359049
-0.993728
0.007992
-0.514098
-0.644702
0.398749
-1.286529
1.015208
1.128409
-0.293937
0.180099
0.627497
-0.284444
-0.872707
0.166355
1.431228
-0.295748
-1.271964
-0.328473
0.433085
0.429331
0.514137
0.719156
-0.567638
0.711029
0.436131
-0.394400
0.539270
-1.779265
0.195384
-0.734624
-0.677434
-0.286503
-0.963036
-0.353932
-0.216202
-0.946282
-1.721943
-0.329754
0.852601
1.043061
1.320065
0.415084
1.508012
-1.500041
0.733017
1.429598
0.993626
-0.143464
-0.501722
0.113170
-0.389986
-0.165966
1.719641
-0.482471
0.928639
-0.747140
0.648309
0.542397
-0.649180
0.403189
-1.633962
0.896464
1.118162
0.204866
0.579013
-0.338311
-0.353020
0.062554
0.641074
0.433027
1.715528
0.602441
2.160028
0.328119
-1.683126
-0.451307
-0.307305
1.137204
1.758278
-1.233619
0.007574
0.293361
1.207813
0.672715
-0.495397
-1.033501
-0.485292
0.432530
0.289167
1.905171
0.501412
0.530303
0.385239
1.245754
0.144029
1.189240
-0.816185
-0.515409
-1.234745
1.160263
-1.335062
-1.107352
1.323273
-1.205471
1.197301
-0.836363
-0.212935
1.448563
-0.068318
0.177717
0.152699
-1.011207
-0.517972
0.361716
0.185053
0.943830
1.195804
1.176285
0.199898
0.927957
-0.006886
0.261407
-0.084739
-0.369550
-1.050320
0.673695
-0.913446
1.611826
0.543764
0.714139
-0.950939
-0.980686
-0.485968
0.824647
1.216951
0.919971
-1.145199
0.855405
1.771188
-0.222799
0.079271
-1.290848
-0.193639
0.554051
1.921090
0.580652
-0.521712
-0.195174
-1.093289
0.332980
2.479926
-1.481664
-0.217505
1.861237
0.002762
-0.431528
0.267874
0.775885
0.063539
-0.797642
-1.754360
0.411391
-1.821733
-0.553865
-1.051797
0.180509
1.369935
-1.423564
0.428500
0.936338
0.632864
-0.208616
-1.222257
-0.875782
1.403026
1.806551
-0.409173
0.859659
-0.667600
0.026621
-0.972726
-2.108215
-0.477669
0.340916
-0.911265
0.552839
-0.976627
0.302935
1.281247
-0.120398
0.824626
-1.140095
0.163768
0.639432
1.719914
-0.600163
0.030599
-0.368163
-0.258517
0.651642
-0.874413
0.242678
-0.276917
-0.445657
0.652392
0.915655
-0.036860
-0.628821
1.121792
-0.190824
2.768737
-0.655794
-0.048723
0.604567
1.438240
-0.822699
0.308376
-2.294887
-0.180976
1.486012
-0.509718
-0.520102
-0.290725
-0.358790
-0.680919
-0.259488
0.416472
-0.278619
-0.079111
0.959685
-0.795964
-0.624152
0.647873
0.048078
0.015702
0.105490
0.973713
0.472674
-0.169409
-1.454772
0.552683
-0.792085
-0.035671
-0.910241
-2.054386
-2.459370
0.472830
-0.987535
-0.308076
-0.166929
-0.075151
0.398187
-1.945184
-0.463696
-0.180653
-0.164509
-0.487165
0.810232
-0.424482
0.696908
0.607906
1.834329
0.681186
0.523389
0.333232
0.468460
-1.438534
1.296694
-0.415836
-1.122463
-1.144547
-0.113052
-0.524226
0.054308
0.784200
-0.811051
1.084327
0.569293
0.121949
-2.074528
-0.470211
0.237398
1.093139
1.950184
-0.447298
-0.283598
0.015673
-0.971058
-0.931051
0.441612
1.543164
0.693096
-1.898389
0.717080
1.697842
0.405219
-2.181338
0.733451
1.306539
-1.611401
0.676373
-0.081166
0.275606
-1.956262
-0.288513
0.573277
-0.387969
-0.569912
0.484448
0.291115
0.495912
-1.323682
-0.522377
0.416822
-1.323912
-0.120791
1.229713
1.433927
-0.571604
0.159327
-1.406868
-0.834190
1.342642
0.387082
0.929321
-0.069381
0.593253
-0.980579
-0.175473
-0.836709
-0.461964
0.087178
0.258867
-0.492396
0.665124
1.152279
0.701596
0.090056
0.073894
0.321515
0.643294
0.791585
0.258368
-1.188732
1.913286
1.702114
-1.753258
-0.513747
0.055394
-0.556528
1.776901
0.087910
0.130525
-0.830895
0.090680
-0.794539
0.824105
0.199024
0.533641
-1.938920
-0.455367
-0.117165
-0.724622
0.006002
-0.098190
-0.636428
1.105986
0.473785
0.590731
-1.889610
0.741719
0.537610
0.465406
1.697505
-0.468127
1.089106
-2.400053
-0.354686
0.633387
3.015658
1.139464
2.596041
-0.254073
-1.499520
0.567098
-0.053304
-0.714610
0.090696
-0.451685
-0.595790
0.927190
0.438242
-0.525976
0.556993
-0.054255
0.682095
-1.739618
0.039913
0.420594
-0.729536
-1.739865
-1.645354
-0.264396
-1.362031
0.336077
0.532581
-0.405053
0.243848
-0.265694
0.647803
0.620066
-0.566665
-0.270817
-0.565322
-0.211218
-0.899113
-0.263284
0.838242
-0.234744
0.134579
0.420411
-0.814898
1.230310
0.460263
-0.583482
-0.393099
0.189424
-0.758831
-0.284727
0.787770
-1.192420
-0.822869
1.124951
1.138211
-0.147696
1.166696
1.150825
1.038013
1.241729
1.284855
-0.466733
0.075183
0.459665
0.048443
-2.053709
-0.612501
1.451698
1.151410
-0.533523
0.229207
-0.434448
0.251252
-0.753036
-0.685384
-0.136055
0.671728
-1.255094
0.038172
-0.344594
1.049163
-0.665698
-1.096442
1.155528
0.556551
0.941849
0.067315
0.112576
-0.835388
-0.600373
-0.299839
0.151025
0.709543
0.368196
-0.631348
1.376844
0.257092
0.762080
-0.865735
-0.567469
1.086946
0.638326
-0.085233
0.670276
-1.361187
-0.775422
0.356850
0.296537
-0.615510
-0.609654
-0.004080
1.248855
-0.032828
-2.085911
-0.184517
-0.172417
0.362787
-0.095887
0.390117
-0.133592
-2.142615
0.294430
0.242089
-0.991783
1.304893
0.142263
-0.668504
-0.034981
1.378233
-0.528200
0.900666
-0.295744
1.439479
1.101805
-0.819952
-1.708688
-0.633316
-0.403034
0.219717
0.154591
-0.273950
-1.247392
-0.179398
-1.236529
-1.609095
-1.033607
-1.009513
0.153226
-0.784619
0.309791
-0.369897
0.680602
1.298179
-1.221661
0.193107
0.063831
-0.061388
-1.028957
1.259622
-0.468609
-0.155554
1.397627
-0.972345
-2.228410
-0.100201
-1.602260
0.841445
1.106072
1.898467
-1.178871
0.787815
0.599801
-0.873244
-2.010298
-0.208200
-0.675076
1.253333
0.821771
-0.734673
-0.292030
1.412094
1.708240
1.124090
0.101943
0.472929
-0.927500
-0.860638
-0.929495
-0.189557
-1.644735
0.184279
-1.294777
0.062665
1.453986
-0.899592
0.171410
-2.241402
0.033071
0.529788
-1.298354
-0.391886
-0.552709
0.890369
-0.875464
-0.763170
-0.974121
-1.371683
-1.751436
-2.078903
0.693716
-0.260351
0.601776
0.565520
-1.128225
0.727520
-1.634855
0.397988
0.202690
0.088876
-1.883087
-0.192765
1.813095
0.547185
-1.526664
1.998388
-0.500858
-1.917879
-0.449449
1.289845
-0.092377
0.424854
-0.996570
-0.375831
0.595584
0.195628
-0.564512
-0.323672
-0.020254
0.031272
-0.132090
-0.600074
-1.458411
-1.331047
0.086819
0.400698
0.562253
0.119522
-0.008750
1.157507
-0.517412
-0.327502
1.052111
0.378983
-0.023360
-1.316568
0.445046
-0.102909
-2.001710
-1.208387
-0.593491
0.556105
-1.752778
0.587397
1.113728
-1.418932
-0.231121
-1.875405
-0.392230
0.796003
-0.549801
-1.039215
-0.168092
-0.107373
1.331342
0.667715
-0.897891
0.731783
0.271124
0.202434
-0.079365
0.512881
0.692986
-0.111261
2.161780
-1.083193
-1.235269
1.025852
1.740088
1.972362
2.358740
-0.812094
0.636777
-0.120273
-1.358076
-1.058519
-0.799267
1.118694
0.832022
-0.542723
0.592758
-0.605208
0.442457
0.287837
-1.455805
0.083590
-1.185758
0.331726
0.007717
0.429997
-0.955002
-0.606270
-1.694356
1.136739
-0.530266
1.403083
1.739778
1.808758
0.599110
-0.105294
-0.553416
0.038224
1.936659
2.044687
1.769026
0.431944
-0.366678
-0.870905
0.720341
-0.302710
-0.718512
0.133193
0.293127
-0.613100
-0.605317
0.756411
-0.078116
-0.001342
-1.228979
-0.457567
-0.436943
-1.247314
0.118836
0.662467
0.139192
-0.031229
0.144311
-0.528350
1.512136
-0.067153
-1.294935
-2.074883
-0.567391
1.872895
1.970263
0.081058
0.188112
1.107859
0.701882
0.344447
-0.356603
0.996901
-1.092168
-0.707908
-0.486784
-1.235229
-0.139579
0.864021
-0.747078
-0.684664
0.245668
0.032861
-1.191524
-0.643035
-0.550226
-0.053765
1.260266
1.793449
-0.657715
-1.025339
-1.193872
-0.370052
0.470197
0.524606
-1.580835
1.351214
-0.668563
-0.968770
1.069858
-1.169633
0.134583
-2.165753
0.432258
0.944205
2.680852
-1.233597
-0.205084
-1.909881
1.902344
-0.170763
0.533447
0.351209
1.170807
-0.033040
-0.464847
-0.085886
1.676972
0.553330
1.983965
-1.633621
0.747397
0.405770
-0.919674
-0.317971
0.769375
0.653540
0.420312
0.521322
0.497035
-0.871533
0.717329
-0.374449
-0.426880
2.011204
-1.502966
1.667714
0.998110
0.754875
1.233763
-0.312776
-1.436038
-0.385970
-0.443631
0.317261
0.598368
0.402443
1.572801
-0.425299
-0.781363
-0.391859
-0.827401
-0.153925
-0.974021
-1.739316
-0.659046
-0.885487
-0.200460
-1.520501
1.241213
-1.415192
-0.071789
0.002843
0.460301
0.698570
0.083457
1.479627
0.608732
1.028424
-0.567437
-2.239739
-0.613813
-1.534418
-0.205080
1.312297
1.597349
-0.357344
0.227974
0.216775
0.554133
0.258659
0.188744
0.244836
0.071673
0.194150
0.165361
0.220709
-1.013083
0.994292
-0.270481
0.259907
0.385783
1.405910
-0.749591
0.104363
-0.131110
-0.731596
0.261632
0.294170
0.286779
-1.427681
0.809748
-0.896385
-0.145963
0.857730
0.077990
-0.553346
-1.011238
1.350978
0.936634
0.154142
-1.782307
-0.366321
1.333593
-1.171478
2.208956
-1.302777
0.049059
-1.654974
0.457490
0.016267
1.056863
0.100160
0.969131
1.656137
-0.626662
-2.612838
-1.416592
-0.738685
-0.719943
0.070993
-0.048969
-0.649921
0.655096
-0.214280
0.033494
0.986148
0.536942
-0.040113
0.970517
0.010732
-0.222165
-0.676653
-0.305780
-0.507962
1.385186
0.798296
-0.325564
1.319457
0.262745
0.066953
1.017906
-0.417180
-0.792523
0.107772
-1.170228
-0.092777
0.053878
0.303596
-0.535260
1.866020
-0.278215
0.181069
-0.021587
0.497886
0.969590
0.911486
0.204501
-0.550320
-0.736801
-0.145376
-1.320634
-0.987468
-1.743764
0.364544
1.318480
-0.359366
-1.778118
0.178535
0.744583
0.503704
-0.461416
0.745274
1.481309
1.078831
1.143102
1.037531
-0.526536
-0.061282
0.247981
-0.228767
-0.143336
-2.168909
0.253003
-0.790702
-0.714471
0.643664
-0.715333
1.698094
0.917551
-1.021836
-0.757970
0.509114
-0.259288
1.307593
0.839621
0.181298
-0.890132
0.752363
-0.137857
0.139694
-1.708967
-1.186658
-1.144654
0.535896
-0.675976
-1.197670
-0.805960
0.239642
-0.416083
0.456265
1.613663
0.342236
0.154164
-0.906688
-0.648735
1.150233
0.198680
1.656156
-2.247087
-0.223801
-1.091400
-0.046481
0.686187
0.573996
0.565759
0.861532
-2.071754
0.320826
0.526493
1.576344
-0.135647
-0.536764
0.780511
0.189303
1.170696
-0.873066
-0.647050
0.102905
0.823240
-0.603950
-0.104286
1.093618
1.342912
0.292059
-1.704230
0.262158
0.150015
1.210229
-0.797704
0.371808
-0.658299
-1.408702
1.348932
0.003678
-0.952560
1.144055
-0.366572
0.541597
-0.407871
-0.245018
-1.113049
1.379077
-1.488671
0.421829
1.147325
0.503471
-0.615134
-0.193914
-0.490261
-0.013390
-0.202347
-0.120539
-0.930048
-0.062761
1.249062
-1.540736
-1.026271
1.373310
1.548193
-1.385730
-0.042982
0.451540
0.203646
0.787814
1.866288
-0.365451
-1.113872
-1.337390
0.749846
0.100585
1.026608
0.660339
-0.547681
0.307958
-0.220744
0.848477
-0.059795
-0.919997
3.095885
1.428627
-0.530257
0.180887
0.547011
-1.048466
-0.885241
-0.738815
0.003513
-1.451607
-0.118224
0.709501
0.323871
0.258756
0.005480
1.111039
0.683674
-0.333110
1.497295
0.073660
-0.036075
-0.911541
-0.266180
0.157716
-0.627211
-0.032818
0.720986
-2.106879
0.066233
0.561309
1.713023
0.992694
-0.206107
-3.519897
-1.843552
-0.624589
-0.319741
1.620440
-0.231006
-1.005851
0.233591
0.529248
-0.156331
-0.688001
0.493857
-1.062670
0.179307
0.387724
0.713181
-0.064277
0.832386
-0.069347
-0.617739
-0.310403
-0.212999
0.324668
-1.646045
0.119091
-2.510208
1.172286
0.414144
-0.368394
0.514625
-1.513815
-0.269177
1.276866
-1.427753
-0.156342
0.209277
1.332111
1.039040
-0.036418
-1.350233
-0.853299
0.081234
0.017692
0.803839
-0.647134
-0.943953
2.334934
0.362629
-0.914119
0.363230
0.607533
0.960120
-2.322066
0.451123
1.509388
0.973469
0.511993
-0.403971
0.814688
1.285233
-1.582553
0.226469
0.169321
0.796684
-0.762903
1.013109
-0.523439
0.058657
-0.033747
0.404904
0.765290
-1.629160
0.542785
-0.835407
0.059917
-0.552062
2.143519
1.982376
0.505652
-0.426813
-1.284126
-2.522670
-0.250371
1.137976
0.745145
-0.618998
-1.148097
-1.345020
-0.481933
0.291488
-0.195898
0.660995
0.469566
0.094126
0.356941
-0.591371
1.944977
0.181324
-0.441927
-1.336511
-0.030139
1.378844
-0.399518
1.222852
0.783698
1.264387
-1.058316
2.914450
0.477259
-0.756329
0.569083
0.668770
0.091184
1.829686
0.590587
-0.647465
0.068704
-0.265480
0.211970
0.862050
-0.401075
-1.875603
-1.391800
-0.084125
-0.588446
-2.263255
-0.758129
0.011703
-0.637982
-0.644575
-0.218382
-1.130969
-0.562713
0.717324
-0.784012
-1.876869
0.817476
0.761741
-1.301334
-0.546274
0.055183
0.515450
2.946929
-1.455951
0.844651
0.311599
0.245264
-0.924816
0.418803
-1.047646
-0.180637
-1.104902
-2.207306
0.662055
1.013046
0.125545
2.218532
-0.284465
-0.194892
-2.066907
-0.254399
1.265913
0.631044
-0.293218
-0.231607
-0.712279
-0.314348
-0.321294
0.693617
0.015185
0.069527
0.067413
-0.824512
0.692280
0.221062
0.833898
-1.722775
-0.103724
0.316184
0.335901
0.580317
1.206096
0.776045
-1.443164
-1.291228
-1.019110
0.430134
-0.064980
-0.115998
1.436340
-0.658480
-0.011639
-1.577434
-0.089130
-0.969912
1.482818
-2.313154
1.092376
0.397090
-0.263255
-0.487573
0.536351
-0.574738
-0.916859
-1.185814
0.236014
0.517555
-1.189661
-0.363581
0.907585
-1.307765
0.502035
-0.295432
1.353826
-0.155685
-0.414266
1.330335
-0.900280
-0.187789
0.541095
0.883569
0.356071
0.893150
0.280753
-0.521716
0.789152
1.290511
1.454912
0.091081
-0.998395
0.832500
1.695007
-1.160268
-0.320616
0.879692
0.665014
-0.895703
-0.025060
-0.088302
0.947062
-0.793487
-0.847802
-1.214478
1.728056
0.572346
0.867183
0.635252
0.590337
-0.791714
-0.008732
-1.249234
0.459206
-0.211435
-1.094657
-0.678881
0.107318
-0.043785
1.294505
0.262077
0.853676
0.334476
1.141895
-1.941056
-0.861104
-0.851178
1.430061
2.246389
-0.804956
-0.013530
-0.511800
0.105445
0.519121
-1.525568
0.272851
0.465831
0.660439
0.603753
-0.003158
-1.033148
-0.190123
-0.306111
-0.575514
-0.313548
-0.465885
-0.104048
0.236888
0.232209
-1.480195
-0.353357
0.480137
-0.123033
0.553629
-0.102370
0.914971
1.246980
1.583886
-0.891589
0.663275
-0.600266
0.530933
-0.139393
0.136521
-0.165171
-0.533940
-0.475706
0.155289
1.268371
0.089058
-0.167291
-0.526289
-1.040237
1.779005
-0.034022
1.120338
-0.279716
-1.234102
0.010089
-0.611596
-0.333804
-1.226949
0.560398
-0.226268
-0.512155
1.915648
-1.791792
-0.296629
1.438839
1.001301
0.452380
0.243877
-1.289419
-0.890049
0.762911
0.738128
0.409124
-0.160396
-0.057943
0.713758
-0.218127
-1.686354
0.897303
-0.813957
-1.874180
0.796092
0.336826
1.891421
-2.091827
-0.049287
-0.511403
0.234378
0.722336
-0.134648
-0.490355
-0.175202
0.072287
0.629515
0.248049
1.198750
-0.412697
0.964580
0.580929
0.707403
0.884716
0.995282
-0.664580
-0.824521
1.665570
-0.668644
-0.176320
0.016402
-0.991381
2.122128
0.141726
-1.703296
-0.768481
-0.823599
-0.403793
0.217474
1.231608
1.057219
0.322567
-0.859060
-1.235285
0.472734
-1.012960
1.125688
-0.078992
0.125422
2.062741
-0.719486
0.685162
-0.895809
-0.190634
0.817958
-0.987440
1.715368
-0.173094
1.290666
-2.465358
-0.062773
-1.123561
-1.478315
-0.056515
-0.398959
0.863237
1.417212
0.022962
0.849405
0.419878
0.223669
1.084083
-0.489474
0.472934
-0.033045
0.240390
-0.230548
1.169470
0.680575
0.822441
0.179580
-0.859660
-1.224682
0.417330
0.905936
0.019675
-0.970187
0.844941
-0.361960
-0.744462
0.604006
1.022979
-0.354003
0.977220
0.821585
-1.726075
0.494967
-0.678484
-0.366500
0.803549
-1.109479
-0.479547
0.557592
-1.299219
0.255779
0.537803
-0.556707
1.128041
-1.173294
-0.055920
1.321149
1.239026
-0.835084
-1.669679
-1.248671
-2.543365
0.505073
-1.077135
0.907022
0.436235
0.473149
-1.207925
1.024845
0.073273
-1.216005
-0.909115
-1.745899
-0.762652
-0.052077
0.653340
1.646798
1.368966
-0.065849
-1.651432
-1.210788
1.197134
0.063491
-0.035386
0.523062
0.568884
-0.533345
-0.913704
-0.572641
1.359518
1.572083
0.703432
-0.025348
1.463545
0.423134
1.755787
-0.002131
-0.394441
-0.547632
-1.041116
-0.127983
0.960879
-0.207630
0.307936
0.965323
-0.972680
1.249520
-0.221183
0.684079
-0.510655
0.395191
-0.508679
0.270378
1.672476
0.549129
-0.260352
-0.282100
0.346274
-1.175413
1.224834
-0.913447
1.224105
0.984827
1.540733
0.361668
-0.154111
-0.202574
-1.626095
0.988837
0.065230
-0.754380
1.813148
-0.420233
0.207777
-0.398934
-1.828243
-0.011013
1.673990
0.610118
1.168123
0.377830
-0.740458
0.394439
0.895662
-0.644378
-1.387301
0.157951
0.411343
0.465519
-0.747177
0.108816
0.114985
0.129496
-0.245687
1.067918
1.437378
1.850846
0.261796
-0.058475
0.780608
-1.211526
0.919866
-1.815677
-1.024006
-0.569003
-0.046449
-1.581818
0.954275
1.211920
1.065898
-0.581249
-1.114521
-0.407230
0.624273
-0.324417
1.361885
-1.564246
-0.886834
0.442486
1.035964
0.070823
-0.783199
1.200855
-1.699794
1.632693
1.767722
0.845769
1.060752
-0.073305
-1.137201
1.899062
-0.790893
-0.708967
-0.981010
0.424648
-0.221428
0.611087
0.396103
0.211823
-0.833887
1.839065
-1.250237
-0.346548
0.660874
1.055005
-1.638125
2.105566
-1.395116
-1.746838
0.889657
-0.448654
-0.635461
0.261618
1.366952
1.067310
-0.035757
-0.513843
0.075694
-0.272886
-0.906930
0.382826
-0.774348
-1.282685
0.929721
1.235278
-0.677070
0.652243
-0.926245
1.226807
-0.175947
-0.146817
-0.303512
-0.751753
0.248343
-0.074422
-0.064273
1.203445
-0.128715
1.328295
0.090032
-0.504288
-0.569622
-0.120041
-0.902945
-1.747897
0.884691
-0.857206
0.685782
0.601865
0.445124
-2.038527
-0.422778
0.811676
0.874890
1.133828
-0.250241
-1.036536
-0.360958
-0.163841
-0.702713
1.105467
0.724534
0.908107
-0.939955
-0.143581
1.313627
-1.177773
-0.352047
0.160068
1.034763
-0.824631
-1.023163
0.096608
-1.240125
0.347608
-0.716930
-1.354784
1.716924
0.621825
0.166286
-0.128141
-0.331817
0.660870
-0.720958
-0.237577
0.993822
0.068931
0.804450
0.316092
-0.965055
1.647260
-0.443534
1.583160
0.940327
-0.507046
-0.262230
0.280188
-0.375829
2.187381
-1.041071
-1.128818
0.539013
1.404635
0.000738
0.863039
0.736478
-1.254265
-0.778810
-2.116776
-0.316936
1.766740
0.317688
-0.739467
2.615935
-0.203861
-0.650591
1.706120
1.662326
-0.541142
1.562676
0.272732
1.056446
-0.770192
0.295660
-0.292365
0.099368
-0.151376
-0.969570
0.831986
0.349762
-0.644360
-0.702972
-1.797374
0.196561
-0.600931
1.179811
0.089870
0.168787
1.635846
-0.645038
0.444341
0.945742
-0.206082
-0.190977
0.552156
-0.898400
1.192425
1.656795
0.630707
1.030480
1.289436
-0.140975
-1.281023
-0.615201
0.623476
0.442597
2.688101
0.235512
0.669365
0.367613
-0.371349
-0.158118
-0.010360
0.806839
1.058150
-2.695141
-0.198354
-2.523983
-0.590913
0.575426
-1.812776
0.139137
0.757697
0.154804
-0.774513
-0.901697
0.306875
-0.029250
0.941209
0.397168
1.172876
-1.059072
-0.800450
-0.459568
-0.149844
-0.271878
0.344851
-1.519345
0.899278
1.413834
0.577409
-1.056869
-1.437348
-1.583397
0.564462
-1.218414
0.900085
0.855898
-0.264357
1.461069
1.128439
0.496243
-0.771146
-0.336188
-2.351728
-0.312660
1.380329
0.147770
-1.247580
-0.883288
-0.707337
-0.330893
-1.383602
-1.166094
-0.113927
1.254003
-1.192867
0.543685
-0.239895
-0.043162
1.104460
0.045136
1.262023
0.215068
1.048263
-0.511594
0.414109
0.753656
-1.113199
-0.096775
-0.966026
-0.054689
-0.355345
0.756114
0.053692
-1.040418
-0.182721
0.800836
-0.032943
0.042934
1.061289
-0.453655
0.247410
1.137758
-1.330165
0.981043
-1.070108
1.076847
0.104984
-1.004158
0.035897
-0.592162
0.783560
0.674124
-0.365186
-0.567938
-0.537823
1.862984
-0.613963
-0.575361
-1.729116
0.664434
-1.353152
0.210157
0.018159
0.503524
-0.860456
0.748371
0.696868
-1.002413
0.047289
1.871521
0.004819
0.696094
1.415888
-0.747032
-1.041142
1.628890
0.164220
-0.595746
-0.784886
0.845745
-0.908085
1.071913
2.335362
1.242816
1.773785
-1.472018
0.454727
1.196128
-0.415389
-0.130195
0.437873
-0.360528
0.412194
-0.499424
0.784551
-1.261373
-0.778949
0.736723
-0.665472
0.356267
-0.151015
0.322562
-0.509217
-1.853879
-0.521253
-2.195079
0.419500
0.171769
0.250495
-0.145252
-0.887203
2.237823
-1.543635
1.360824
0.783321
0.434571
-0.485811
0.394352
0.200631
0.318032
-0.750308
0.696949
-0.432865
2.032342
-0.687097
-0.582208
-1.772756
-0.426070
0.862043
-1.258094
-1.299432
-1.601659
-1.643587
-0.049759
-0.834529
-0.103058
0.711984
-0.727786
-1.858511
-1.546289
-0.809108
-0.689084
0.476193
0.933719
-0.080622
2.017390
-0.157123
-0.584996
0.441188
0.563441
0.172419
-1.047408
-0.907628
-0.942808
1.512325
0.450849
0.519863
-1.022526
-1.089013
0.396677
-0.975558
-0.538746
0.274163
0.147362
0.835229
-1.696804
0.774821
0.223397
0.650072
1.241156
-0.525399
-0.471571
-0.811666
-0.909540
-1.451723
-0.368909
-0.075920
-0.848665
0.114904
-0.884043
-0.370572
-0.214216
0.508398
2.064028
-0.011259
-1.029022
1.222678
-0.319561
0.155379
-1.712578
0.271375
1.096485
0.060394
-1.894695
-0.934500
1.922329
-0.317759
-0.698407
-0.781772
1.347934
-0.109217
0.353748
-0.247047
0.475917
-0.746612
0.021299
1.162698
0.616922
2.077693
2.167941
0.997845
1.061836
-0.887008
-1.070023
0.732069
-1.628836
0.271562
0.016455
-0.380601
-0.516625
-0.242765
1.359587
0.672481
-1.070428
0.194881
1.808614
0.183335
0.111547
0.169232
1.598308
-0.051187
-1.145123
-0.365122
0.272221
-1.971068
0.135847
-2.050060
0.408281
-0.293481
-0.021193
-1.335006
0.269362
0.739983
0.442219
-0.414302
-1.048498
-1.043723
1.672866
-0.483098
-0.364326
0.233809
-1.499239
0.034877
0.293841
-0.869718
-0.332911
0.038759
0.682848
-0.380757
-0.526553
-0.442687
0.364237
1.522928
1.236136
1.179480
0.127914
-1.492146
0.764678
-0.969986
0.215674
-0.490093
0.486275
0.476730
-0.158895
1.199714
0.327893
-0.067026
0.718237
-0.011158
1.167713
0.513635
0.592593
-0.547447
0.443180
0.019295
0.579113
0.203507
-0.038890
0.315963
0.504752
0.341903
-0.779419
1.910030
0.960311
0.334761
-0.617675
2.470268
-0.292622
-1.518905
1.348036
0.187027
-0.560926
-0.594824
-0.857825
0.999444
-0.518691
1.462004
-1.446291
0.295928
-0.597356
-0.640240
-1.203181
-0.054706
0.183786
0.903644
-0.052057
0.133580
0.122817
-1.200247
-0.507529
-0.287614
0.151181
0.327577
0.861126
-1.415461
0.341527
0.307768
2.301389
-1.840578
0.179987
-0.398845
-0.396132
0.999596
-1.235125
0.403219
-0.851287
0.074387
0.057435
-0.789228
0.727275
-1.143348
-0.765836
1.320792
1.322605
0.322755
-0.573255
0.332898
-1.211970
0.660623
0.400710
-1.176209
0.490771
0.062838
0.768703
0.064196
0.901769
-0.300303
-0.241530
0.816314
1.017205
-0.537073
-0.717232
0.047840
0.257139
2.239108
-0.088861
1.160659
-0.679616
0.361378
0.138587
0.832701
-0.671418
1.694739
-0.154024
0.250416
0.901773
-0.519054
-0.959362
0.526058
0.074821
-0.773971
-0.649113
-3.202639
-0.854743
-1.183218
-0.958952
-0.440591
0.596048
0.018818
0.531248
-0.332081
0.112858
0.982453
2.219919
-0.102782
-0.587821
0.161307
1.240443
0.852524
-0.438705
-1.455218
-0.974684
-1.219714
-0.232138
0.277788
0.689287
0.027802
1.339130
1.802190
-0.481510
0.520936
-0.303665
-0.077219
0.327625
-0.199906
-0.744943
-1.978471
-0.081720
0.758004
-1.566171
-0.463760
0.029885
-0.786362
-0.847690
-0.203944
0.619130
0.567831
0.785159
0.904904
0.269936
1.529996
0.301960
-2.101811
0.048653
-1.226344
0.252787
-0.746411
1.203748
0.017658
0.829551
-2.296404
-1.438587
0.509112
-0.451580
-1.430944
0.567899
0.229964
-0.007276
-1.396574
1.427754
-0.825002
-1.867858
-0.545636
0.168007
1.804190
-0.528783
-0.132371
0.186300
-0.231704
-0.385420
-0.051135
0.733326
-1.079271
-0.079281
0.685055
0.796267
0.654532
-1.148522
0.962013
0.184136
-0.417387
0.450617
-0.042446
0.070550
-0.215572
-2.208677
0.676913
-0.473479
-0.705685
0.840885
1.083567
-0.687526
-0.700332
1.474315
0.561018
0.314070
-1.536600
0.506517
-2.200569
-1.586052
-1.721767
0.858591
-1.577569
0.741971
-0.590515
-0.321807
-0.063168
-0.056619
-1.849679
-1.526567
-0.122274
1.302505
-0.812138
0.744232
0.237490
0.956001
-0.002369
0.369456
0.314782
-1.198738
-0.147796
-1.284529
-0.371829
-0.857653
0.245541
0.338757
0.509825
-0.312580
-0.276511
-0.038500
0.083635
0.383049
-0.044295
1.412372
-0.520703
-0.737919
0.245449
0.252935
-1.114094
-0.763064
-0.321668
-1.844909
1.129082
-0.206057
2.024533
0.879543
2.145285
-1.858195
-1.011436
0.429197
2.340659
0.613301
-0.825178
2.235218
-1.659920
1.634984
-0.152656
-0.342560
-0.120066
-0.424107
-0.636201
-0.219079
0.406959
0.730115
0.810539
0.109118
1.214242
-1.158540
1.674908
0.324116
0.512379
-1.762966
0.167963
0.083401
-0.683219
-0.523711
0.232250
-1.365616
-0.040525
0.234752
-0.456093
-1.394299
-0.127664
-0.391605
1.111245
0.960272
0.347988
-0.159308
-0.722348
-0.302820
1.670577
1.586194
-0.029216
-1.154941
-0.116162
-0.541942
0.565211
-1.191258
0.418530
-1.452666
0.092160
0.165238
0.269127
0.584167
-0.943389
0.442631
0.942517
1.346907
1.323565
-0.730935
1.947261
0.201299
-1.897973
-0.123141
-0.263002
-0.036792
0.923899
0.850122
-0.337294
0.726962
0.062913
-1.210258
0.798747
-0.153091
0.484919
-0.346207
1.634060
-0.162274
0.686040
-0.602755
-3.097272
0.337677
-0.476437
-0.670619
-0.150405
-0.566109
-0.675595
-0.910283
-1.004653
0.218371
1.703380
-0.262251
0.448200
-0.552090
-2.129101
0.132452
0.266310
-0.831992
-0.993215
1.959300
0.602432
0.687306
1.585927
0.137122
1.350458
-0.954712
-1.374507
0.444392
1.545891
0.624154
-0.260248
-1.123603
0.053808
-0.025496
-0.550368
2.241838
0.962982
0.042424
0.936091
0.151917
-0.292248
-0.291535
0.134466
0.022367
1.441332
-0.679096
-1.321902
-0.583901
1.838717
0.065403
0.259119
0.415847
0.661348
-0.861724
-0.497364
1.285262
-0.440989
0.414914
-0.555745
1.038087
-0.475505
0.159266
-1.079166
-1.092442
-2.203751
0.759640
1.087842
-2.794529
-0.544751
-0.208152
-0.095404
-0.461426
-1.902947
-0.070300
0.958268
0.488486
0.833127
0.509281
-0.297385
0.593095
-0.762225
0.519251
-0.497732
1.155609
1.835025
-1.024963
-0.515827
0.998389
0.447132
-0.507766
-0.297476
-0.022967
-1.951812
0.114046
-0.939503
0.110388
0.063302
0.092415
-0.780203
-0.390662
-0.223262
0.935597
0.436477
0.284591
1.972580
-0.334678
-0.955617
0.020806
-2.316447
-1.701120
1.417350
0.390527
-1.387345
-0.566785
-1.560850
-0.054054
-0.106338
-0.120044
-0.037054
0.041685
-1.402512
-0.392509
1.194844
-1.264764
0.703158
0.220226
-0.006886
1.591237
-0.510462
0.129381
-0.533760
-1.250129
1.298916
0.008922
0.155258
-1.363098
0.899104
-0.550425
1.338899
0.193449
-1.635697
-0.258965
-1.135648
0.029484
2.139329
0.814266
0.395978
-1.135260
-0.598087
-0.511345
0.797665
0.419281
0.822806
1.798120
1.203985
-0.835744
-0.776136
0.992546
0.088910
-0.191865
1.403817
-1.601447
-0.456654
-0.929959
1.166093
-0.141885
-0.466955
-0.299929
-0.915930
-1.059870
-0.694662
1.662866
1.248766
0.802522
0.472748
-0.394564
1.215899
0.311807
0.887877
-0.464027
0.001556
0.994654
-0.327750
0.687779
0.827117
-1.284742
0.945826
0.327522
-1.030703
0.313557
-0.684770
-2.364024
-0.696124
0.888073
0.265470
0.024926
0.173144
0.691099
-1.519092
-0.824362
0.603502
0.486309
1.105168
-0.546910
-0.441269
-0.024360
-0.777073
-0.686872
0.163654
-0.562562
0.626005
-0.201303
0.134540
1.538065
-2.797094
-0.706932
0.939138
0.686220
0.628131
-0.182381
-0.089978
-1.277263
0.866039
0.077656
-0.699223
0.611140
1.242415
0.272224
0.597757
-0.358742
-1.992163
0.171859
0.344234
-1.838696
0.644053
-1.369761
0.231848
-0.270692
1.040825
-1.235008
0.608831
-0.379954
0.390512
-2.148005
-0.272892
2.685063
-1.383555
-0.222096
-0.158351
1.206667
0.568353
0.237347
-0.347398
0.036411
0.138824
0.193797
0.572991
0.937113
0.667683
-0.483121
0.809646
-0.206584
-2.221740
-2.016851
1.514937
0.113613
-0.604920
0.630763
2.976256
-0.881599
0.128631
-0.063037
0.427625
0.603298
0.660956
0.208964
3.229348
-1.185747
0.630867
-0.465860
0.348536
-0.264509
-0.270517
1.393380
0.649560
-0.081386
-1.700297
-1.411370
-0.289211
2.071372
-0.177598
1.363137
-0.342782
-1.620032
1.664704
-1.647994
-0.060320
-1.169174
-0.627436
-0.717875
0.699457
-0.337889
-1.377910
0.014562
1.062918
0.076513
-0.647302
-1.299566
0.403561
-0.519908
1.051801
2.739026
0.221900
0.512309
0.481655
-0.269537
0.778890
0.545431
-0.081656
-0.506651
0.408044
0.826671
0.306501
-0.840767
-0.909228
-0.646378
0.586174
-0.188611
-0.796896
-0.292099
-1.476082
-0.745814
0.576957
-1.097845
0.122587
0.941989
0.137883
-0.119335
-0.427579
0.398324
0.529967
-1.257174
-0.553144
-0.763290
-2.077127
0.790294
0.576387
-2.521930
0.186922
1.097660
-0.192391
-0.727426
-0.720443
0.707665
1.207406
0.402695
-0.045392
0.180841
-0.216739
-0.254718
0.076032
-0.525339
-0.548823
0.498704
-1.057671
0.056166
0.616664
-0.416314
1.179955
1.061506
-0.671871
-1.016199
0.147714
2.269882
-0.749628
0.092188
0.516955
1.936274
0.724820
0.066677
-1.182573
-0.676744
-0.119521
0.703490
0.649455
-1.440176
0.236329
-0.503551
-0.446462
-1.072063
0.683202
-0.878020
1.581104
-0.682507
-1.628422
0.394911
1.629290
0.890909
-0.583135
1.489664
1.215377
-0.821085
1.069292
-0.627473
-0.202457
0.343086
-0.502887
-1.076869
-0.088196
0.566773
-0.188507
1.368203
-0.403153
0.624295
-0.483592
-0.335201
-0.578440
0.852299
0.344815
0.788729
-0.029546
-0.560401
-0.086843
0.428055
-1.617105
-0.229174
0.097818
0.287631
-1.900091
1.185735
0.429244
-0.800273
1.105788
-0.829965
-0.928308
-0.995890
-0.238880
-0.471274
-0.902536
-0.160598
-0.498682
0.103520
-0.496921
0.137957
0.509035
0.012467
1.684106
1.655844
-0.149107
-1.650701
-0.041865
-0.984667
0.460645
0.911063
-0.329441
0.758995
-0.893956
-0.498727
0.153123
-0.769955
-1.182811
0.932962
-0.892689
-1.131861
0.387757
-0.116350
2.287150
0.471026
0.014993
-0.845966
0.901926
0.827960
1.394423
-0.661085
0.036070
-0.488540
0.609232
-0.349689
-0.396950
-0.361416
0.881294
-2.030832
-0.421195
0.160254
-0.159360
0.885610
-0.480060
0.521840
-0.113704
-1.762306
-1.282368
0.131233
-0.097321
-0.045074
1.390273
-0.318964
-1.282721
0.723301
-0.117596
-0.789954
-0.112090
1.454841
0.760141
0.958669
0.052760
-0.672018
0.939923
0.766758
-1.539482
-1.102208
-0.014682
-1.322555
-0.064453
1.632449
-0.781731
-1.091554
-1.351545
0.052187
0.015527
-0.721144
-0.024010
-0.082999
1.803157
0.437313
0.196611
-0.708364
-0.983160
0.393771
0.287147
0.647404
-0.644706
-0.267601
-0.684686
2.442471
1.105787
-1.712561
1.583973
-0.697019
0.102492
-0.463080
0.977346
-0.120014
-0.753985
0.891406
1.755186
-0.259582
0.521893
0.808293
-0.877992
-0.625067
-0.341432
-0.065158
-0.092357
1.428403
1.066926
-0.082177
0.048087
0.852042
0.404601
-0.326624
-0.377810
-0.797241
0.562083
-0.426410
0.770353
2.001318
1.618134
0.806862
0.320884
1.410024
-0.888020
0.150720
1.260592
1.224476
0.101196
-1.332463
0.131471
2.225797
-1.991862
0.839806
-0.886392
-1.896541
-1.429383
-1.514298
-0.554146
-1.645798
-0.867245
0.852555
-0.403305
-0.629345
0.687516
-1.297324
1.605733
-0.777963
-2.164049
-0.991709
0.930660
1.153328
0.395706
-1.009986
-1.282914
0.494745
-1.260384
-0.393280
1.536703
0.216761
1.132414
-1.318137
1.139231
0.151517
0.668164
0.142190
1.626294
-0.201432
1.301104
0.515864
-2.353094
0.347630
0.415143
0.188156
1.597288
-0.549135
0.142731
-1.211730
-0.616016
-0.019982
-1.097787
1.062068
0.747513
-0.504221
-1.922244
-0.078892
0.100067
-0.402842
-0.613767
0.515089
0.162352
-0.960604
0.072617
-1.621164
-0.505070
0.280845
-0.831204
0.439826
0.362828
-0.345086
0.765237
1.309592
1.116966
0.122676
1.077378
1.033856
-0.548658
-1.890919
0.506013
0.185710
-0.954464
1.432582
0.823588
-0.221220
-0.446695
-0.311558
-0.421166
-0.524255
0.301264
-0.405658
0.135122
-1.062888
0.029999
0.149853
0.339749
0.914152
0.468811
2.473798
0.335894
-1.433996
-0.437812
-0.329761
-0.422471
-1.173020
-1.543299
1.318710
-1.019907
0.265668
-0.206969
0.636738
-0.114462
1.246017
-0.508350
-1.168908
-1.169742
-1.310316
-0.297743
-0.314725
-0.720894
-1.100283
0.234673
-0.654228
1.061374
-0.395978
0.752945
0.943966
1.860503
-0.305458
-0.806571
-2.032064
-0.041864
-0.984667
0.460647
0.911065
-0.329440
0.758995
-0.893959
-0.498727
0.153124
-0.769953
-1.182812
0.932960
-0.892689
-1.131861
0.387752
-0.116351
2.287149
0.471025
0.014991
-0.845967
0.901926
0.827961
1.394425
-0.661085
0.036068
-0.488539
0.609230
-0.349690
-0.396949
-0.361416
0.881294
-2.030830
-0.421198
0.160252
-0.159362
0.885613
-0.480061
0.521840
-0.113702
-1.762304
-1.282368
0.131234
-0.097319
-0.045072
1.390272
-0.318960
-1.282721
0.723301
-0.117596
-0.789953
-0.112091
1.454842
0.760142
0.958669
0.052760
-0.672017
0.939922
0.766758
-1.539486
-1.102209
-0.014682
-1.322556
-0.064452
1.632447
-0.781727
-1.091554
-1.351545
0.052186
0.015525
-0.721142
-0.024010
-0.083002
1.803155
0.437315
0.196611
-0.708365
-0.983160
0.393770
0.287145
0.647405
-0.644706
-0.267602
-0.684684
2.442473
1.105787
-1.712564
1.583976
-0.697019
0.102491
-0.463081
0.977346
-0.120015
-0.753983
0.891405
1.755185
-0.259584
0.521893
0.808291
-0.877993
-0.625068
-0.341432
-0.065159
-0.092360
1.428406
1.066925
-0.082180
0.048087
0.852041
0.404600
-0.326626
-0.377808
-0.797241
0.562083
-0.426411
0.770355
2.001319
1.618134
0.806860
0.320884
1.410024
-0.888019
0.150719
1.260594
1.224476
0.101196
-1.332464
0.131469
2.225799
-1.991864
0.839807
-0.886395
-1.896541
-1.429386
-1.514299
-0.554147
-1.645799
-0.867246
0.852557
-0.403305
-0.629346
0.687515
-1.297321
1.605734
-0.777961
-2.164045
-0.991710
0.930661
1.153329
0.395706
-1.009987
-1.282917
0.494745
-1.260387
-0.393280
1.536702
0.216761
1.132415
-1.318138
1.139232
0.151516
0.668161
0.142189
1.626296
-0.201429
1.301104
0.515863
-2.353092
0.347631
0.415142
0.188157
1.597284
-0.549135
0.142731
-1.211733
-0.616013
-0.019981
-1.097785
1.062068
0.747512
-0.504221
-1.922245
-0.078893
0.100067
-0.402843
-0.613767
0.515090
0.162354
-0.960608
0.072617
-1.621169
-0.505070
0.280846
-0.831204
0.439824
0.362827
-0.345086
0.765236
1.309591
1.116966
0.122676
1.077379
1.033855
-0.548661
-1.890919
0.506013
0.185711
-0.954465
1.432582
0.823588
-0.221224
-0.446695
-0.311559
-0.421164
-0.524256
0.301262
-0.405658
0.135122
-1.062890
0.029997
0.149852
0.339750
0.914154
0.468812
2.473799
0.335893
-1.433993
-0.437810
-0.329760
-0.422470
-1.173020
-1.543298
1.318710
-1.019906
0.265665
-0.206968
0.636741
-0.114463
1.246017
-0.508348
-1.168907
-1.169742
-1.310313
-0.297738
-0.314724
-0.720893
-1.100282
0.234672
-0.654226
1.061372
-0.395979
0.752942
0.943966
1.860504
-0.305459
-0.806571
-2.032063
-0.036849
0.190122
-2.180683
-0.082523
-0.014463
1.202513
-0.286324
0.847024
-0.993649
1.537032
-0.606204
0.713800
0.764702
0.098353
0.924934
0.265711
0.804843
0.442725
0.869776
1.054665
-0.548687
0.424382
1.175725
-0.754571
-0.937950
0.795235
0.922749
-0.690926
-0.103355
-2.622223
-0.083740
-2.111481
-0.420467
0.019167
-1.089344
0.436958
1.213849
-1.410914
-0.622710
0.430747
0.090144
-0.416056
1.069842
0.342207
-1.109043
-0.432596
-0.296567
0.358249
2.006014
1.660533
1.060530
-0.754796
-0.991874
-0.008837
-0.520684
-0.687915
-1.995791
-0.032157
0.394067
2.185703
0.053506
0.100700
-0.394256
-1.051314
-1.699235
-1.460361
0.913548
-1.502600
-0.194434
-0.922405
-1.680412
-1.160446
-1.288638
-0.081896
-0.692086
-0.942455
0.140474
0.318591
0.681854
1.837004
-1.043644
0.814845
1.150036
-1.435011
0.136227
0.133531
0.561008
-0.291387
0.384345
0.727267
-1.385762
-0.914130
-1.363979
0.141205
-0.050384
0.675112
-0.516456
-0.352306
1.207276
-0.059143
-0.764461
0.592024
-0.106357
0.592748
-0.015658
0.093813
0.930226
1.467613
0.509274
-0.740626
0.727302
0.816899
1.747672
-1.436763
-0.414029
-0.299520
-0.619350
-1.269591
0.403755
-0.038577
1.191828
0.112315
-1.196814
1.511941
0.802643
-0.557161
0.199838
-0.615442
1.225192
0.538025
-0.064080
-0.140887
0.245862
-0.943160
-0.368908
1.618284
0.932089
-0.000513
-0.602645
0.089157
0.539740
0.311658
1.710646
0.432732
-0.561426
0.067758
0.734717
-0.587539
-0.617468
-0.045106
-0.539903
0.596758
-0.028240
0.177452
-1.891997
0.292710
1.039408
-0.258789
0.561317
-0.184533
0.733676
0.555017
1.403060
2.769274
0.440925
-0.120299
-0.282930
0.173087
2.249211
-0.586489
0.010827
1.439149
-1.265190
-0.374240
-1.298185
0.771564
-0.632645
1.025612
-0.235290
-1.146901
-2.444824
1.352130
-0.031543
0.346783
-0.669026
-0.541452
-0.579755
-0.322830
0.218895
0.347378
-0.852669
0.785350
-0.121580
0.939863
0.670583
-1.786221
-0.494447
-0.196635
-0.197153
0.693982
-0.307008
1.245160
-0.504529
-1.002879
-0.645544
-1.276056
-0.881113
-0.087197
0.208862
-1.319188
-1.418716
0.642129
1.043911
-0.682071
-1.578884
0.065716
2.452235
-0.179499
1.977445
-0.370883
0.611830
-0.326014
-0.301227
0.203634
3.129069
0.548839
0.353325
1.532306
-0.301859
0.317114
-0.675318
-0.239359
-1.487917
-0.529127
-1.043559
0.562657
0.854769
0.849447
-1.659263
-1.391403
0.336864
0.058527
-0.101811
-1.443643
-0.007096
0.704013
-2.236255
-0.349962
0.113394
-0.006172
1.662114
0.467616
0.883681
-0.842435
-0.459127
0.196674
-0.535262
1.866033
-0.278203
0.181073
-0.021583
0.497888
0.969582
0.911481
0.204505
-0.550314
-0.736802
-0.145384
-1.320630
-0.987469
-1.743774
0.364543
1.318474
-0.359366
-1.778123
0.178533
0.744579
0.503701
-0.461414
0.745272
1.481304
1.078838
1.143098
1.037532
-0.526540
-0.061287
0.247975
-0.228758
-0.143335
-2.168912
0.252992
-0.790696
-0.714474
0.643657
-0.715324
1.698096
0.917551
-1.021832
-0.757965
0.509120
-0.259292
1.307604
0.839616
0.181305
-0.890134
0.752365
-0.137867
0.139696
-1.708969
-1.186659
-1.144653
0.535907
-0.675980
-1.197668
-0.805968
0.239636
-0.416075
0.456266
1.613672
0.342233
0.154166
-0.906681
-0.648737
1.150224
0.198676
1.656160
-2.247087
-0.223811
-1.091401
-0.046479
0.686192
0.573993
0.565760
0.861531
-2.071758
0.320828
0.526494
1.576350
-0.135648
-0.536762
0.780514
0.189297
1.170696
-0.873070
-0.647049
0.102898
0.823241
-0.603951
-0.104281
1.093612
1.342908
0.292050
-1.704231
0.262156
0.150014
1.210227
-0.797703
0.371810
-0.658314
-1.408698
1.348933
0.003668
-0.952564
1.144053
-0.366576
0.541590
-0.407875
-0.245019
-1.113052
1.379069
-1.488659
0.421835
1.147321
0.503467
-0.615135
-0.193914
-0.490259
-0.013399
-0.202347
-0.120542
-0.930058
-0.062766
1.249055
-1.540729
-1.026280
1.373313
1.548185
-1.385728
-0.042990
0.451540
0.203645
0.787809
1.866279
-0.365448
-1.113873
-1.337398
0.749835
0.100598
1.026612
0.660343
-0.547669
0.307949
-0.220741
0.848478
-0.059798
-0.919993
3.095884
1.428625
-0.530256
0.180889
0.546997
-1.048464
-0.885239
-0.738815
0.003509
-1.451614
-0.118229
0.709496
0.323870
0.258768
0.005479
1.111041
0.683683
-0.333107
1.497289
0.073660
-0.036092
-0.911533
-0.266187
0.157714
-0.627202
-0.032815
0.720992
-2.106882
0.066223
0.561314
1.713021
0.992694
-0.206102
-3.519905
-1.843540
-0.624588
-0.319732
1.620431
-0.231010
-1.005856
0.233593
0.529242
-0.156334
-0.688004
0.493852
-1.062665
0.179307
0.387716
0.713185
-0.064274
0.832385
-0.069349
-0.617737
-0.310402
-0.213000
0.324666
-1.646049
0.119096
-2.510211
1.172274
0.414140
-0.368400
0.514638
-1.513822
-0.269178
1.276861
-1.427750
-0.156338
0.209277
1.332103
1.039041
-0.036423
-1.350230
-0.853305
0.081235
0.017700
0.803850
-0.647140
-0.943945
2.334932
0.362634
-0.914116
0.363237
0.607530
0.960122
-2.322064
0.451122
1.509388
0.973477
0.512001
-0.403971
0.814696
1.285246
-1.582550
0.226475
0.169324
0.796683
-0.762901
1.013106
-0.523435
0.058652
-0.033749
0.404903
0.765290
-1.629158
0.542782
-0.211218
-0.899099
-0.263267
0.838241
-0.234740
0.134583
0.420402
-0.814898
1.230318
0.460271
-0.583481
-0.393110
0.189428
-0.758831
-0.284738
0.787774
-1.192426
-0.822869
1.124944
1.138210
-0.147701
1.166692
1.150826
1.038010
1.241724
1.284860
-0.466737
0.075188
0.459656
0.048436
-2.053714
-0.612491
1.451698
1.151407
-0.533536
0.229215
-0.434448
0.251242
-0.753023
-0.685381
-0.136051
0.671725
-1.255086
0.038176
-0.344597
1.049173
-0.665709
-1.096432
1.155527
0.556551
0.941837
0.067313
0.112575
-0.835387
-0.600370
-0.299823
0.151025
0.709543
0.368192
-0.631354
1.376852
0.257093
0.762087
-0.865735
-0.567471
1.086953
0.638319
-0.085245
0.670269
-1.361180
-0.775419
0.356839
0.296537
-0.615508
-0.609644
-0.004084
1.248855
-0.032831
-2.085916
-0.184515
-0.172419
0.362793
-0.095892
0.390120
-0.133588
-2.142619
0.294430
0.242087
-0.991780
1.304885
0.142264
-0.668507
-0.034974
1.378224
-0.528204
0.900657
-0.295744
1.439481
1.101808
-0.819957
-1.708683
-0.633316
-0.403050
0.219718
0.154594
-0.273960
-1.247402
-0.179400
-1.236529
-1.609097
-1.033613
-1.009509
0.153223
-0.784625
0.309807
-0.369891
0.680592
1.298178
-1.221657
0.193109
0.063834
-0.061398
-1.028960
1.259619
-0.468624
-0.155559
1.397623
-0.972332
-2.228418
-0.100198
-1.602267
0.841442
1.106061
1.898467
-1.178870
0.787804
0.599789
-0.873235
-2.010300
-0.208207
-0.675087
1.253348
0.821769
-0.734671
-0.292022
1.412084
1.708241
1.124091
0.101944
0.472932
-0.927499
-0.860639
-0.929494
-0.189549
-1.644745
0.184280
-1.294774
0.062667
1.453979
-0.899597
0.171405
-2.241411
0.033067
0.529800
-1.298352
-0.391881
-0.552704
0.890370
-0.875473
-0.763173
-0.974133
-1.371668
-1.751449
-2.078903
0.693726
-0.260351
0.601781
0.565520
-1.128235
0.727520
-1.634860
0.397990
0.202695
0.088864
-1.883070
-0.192762
1.813106
0.547175
-1.526672
1.998383
-0.500856
-1.917888
-0.449449
1.289839
-0.092379
0.424856
-0.996572
-0.375839
0.595587
0.195632
-0.564510
-0.323679
-0.020251
0.031273
-0.132092
-0.600079
-1.458414
-1.331034
0.086818
0.400685
0.562246
0.119515
-0.008740
1.157495
-0.517414
-0.327505
1.052118
0.378987
-0.023357
-1.316578
0.445050
-0.102916
-2.001703
-1.208392
-0.593489
0.556112
-1.752759
0.587390
1.113739
-1.418936
-0.231119
-1.875401
-0.392223
0.795999
-0.549798
-1.039214
-0.168093
-0.107374
1.331346
0.667724
-0.897890
0.731784
0.271135
0.202439
-0.079355
0.512883
0.692983
-0.111259
2.161777
-1.083185
-1.235276
1.025845
1.740089
1.972360
2.358741
-0.812098
0.126125
0.651428
0.565664
-0.304566
0.667108
-0.532073
1.562282
-1.175856
0.573977
-0.797753
-0.368781
0.181600
-1.507043
-0.016051
0.402349
1.342226
0.700181
0.619884
-0.318440
0.518872
0.297978
-0.309431
0.766282
0.602976
0.197341
0.844841
-1.668463
0.415020
1.237900
-1.635898
0.422445
0.876474
-0.143923
0.361915
0.172304
-1.148210
0.707057
-0.940214
-0.438526
-0.241740
0.863984
0.947934
-0.248801
0.721183
0.001024
-0.971026
-0.195842
0.817908
2.191655
0.385211
1.533426
-0.897945
-0.273030
-0.966246
0.901517
-0.527515
-0.473106
-0.135568
0.921889
0.391835
0.591494
-1.438395
0.467931
-1.432887
-0.092144
-1.679579
-0.166104
1.454773
0.915810
-0.804206
-1.952162
-1.020967
2.387840
0.440291
0.444223
1.040705
0.408997
-1.352707
1.972072
-0.554116
1.040671
-0.979782
0.077797
0.295406
-0.361438
-0.197974
0.137659
-1.339164
-0.773640
0.105020
-1.429364
-0.076101
0.261659
0.880968
0.029238
1.136323
0.052592
0.668648
1.453297
1.342254
0.197837
0.640206
0.283217
0.497785
-1.060598
-1.448632
-1.644517
0.078504
0.712415
0.636809
-0.180908
-1.150470
2.122281
-1.425152
-1.057973
-0.998311
0.660234
-2.468076
-0.460671
1.321965
-1.730389
1.395312
1.635763
-2.944964
-0.997067
-0.155068
0.118697
0.077694
-0.347267
-0.561196
-1.015114
-0.488734
0.528974
1.430322
-0.373722
1.385739
-1.206042
2.230539
0.306522
-0.222034
-1.142827
1.634032
0.690612
-1.265749
-1.065894
0.566848
0.749129
-0.371401
0.040394
1.609918
-1.040478
0.728050
-1.077299
-0.859543
-0.360573
-1.072120
1.912722
1.359580
1.704468
0.306657
-0.582417
-1.162197
1.091242
-0.962481
0.763743
0.010540
0.272782
-0.428701
0.228529
0.451588
0.561360
0.056816
0.729305
-0.434441
-1.331441
0.229980
0.619542
1.693547
-1.281630
0.950802
1.743536
0.415057
0.512695
0.044538
-0.553939
0.214667
-0.197011
0.572352
-0.649169
-0.369479
-0.905744
-0.435410
-0.744292
-1.041021
-1.337911
-0.024289
-0.228967
0.343913
-0.712417
-0.627585
0.331731
-2.331129
0.226335
0.585676
-0.398274
0.325896
0.569524
-0.715387
0.158294
-0.197414
1.553313
1.140249
-1.150896
-0.241483
-0.331819
-0.141573
0.728798
0.508506
-1.537642
-0.014756
2.003614
-0.600325
-0.381221
-0.955513
0.489448
0.245235
0.020435
-0.837423
0.813398
0.005985
-0.258068
-0.223395
0.298061
0.834278
-1.488489
-1.124824
0.991842
-0.107752
0.967630
-1.071086
-1.371436
0.202275
-0.645532
0.188213
1.818505
0.756179
0.076786
1.993726
-0.233135
-0.818803
-0.756089
0.720834
-0.028000
-0.633734
0.369347
-1.487622
0.030453
-1.071269
0.070660
-1.336209
1.776649
-0.370006
0.378077
-2.457465
0.882041
-0.990641
1.337562
0.570187
-0.225928
-0.491248
-0.930847
-0.863604
-0.487610
0.102002
-1.488184
-0.440175
-0.585429
-0.078222
-0.269829
0.470681
-2.095205
0.741268
0.709382
-0.588760
-0.235636
-1.287184
-0.598509
-0.529392
0.670215
0.591026
1.536642
-1.329429
-0.707866
0.591355
1.062818
-0.772535
-0.522625
-0.887849
-0.079910
-0.224306
1.722857
0.465520
-0.610316
-1.172379
-0.682677
-0.036609
0.026708
0.307311
-0.864851
0.617064
-0.222158
0.284282
-0.088812
-0.231851
-0.790171
-1.822145
-0.611638
-0.237410
0.163648
-0.618634
-0.468277
0.256604
-0.553870
-0.108176
-0.553683
2.085795
0.936847
-0.415272
0.170585
0.454394
-2.158855
-0.965073
0.531870
-0.455820
-1.065369
-2.301400
-0.968962
0.805497
-1.135962
0.726107
-0.517634
0.562289
0.538651
0.300990
-0.889907
-0.517515
-0.847389
0.390929
-0.221882
1.412483
0.412793
0.877369
-0.619471
0.833788
0.820353
0.546016
-1.230367
-0.408566
1.310450
-0.068455
1.359697
0.131255
-0.656620
0.447103
1.149264
2.530991
-0.190417
-1.111774
-0.149241
1.387139
-0.528578
0.982343
-0.723761
1.435551
0.357059
1.049105
-0.899359
0.904224
0.964542
-0.613178
0.717167
-0.667827
-0.937794
-0.082856
0.437433
-1.071003
-0.217535
1.065502
-0.006786
0.117647
-2.119883
0.541206
-1.558056
0.631260
0.836709
1.678349
-0.868718
-1.546048
-1.201112
0.372905
-0.037020
-0.822972
-0.462492
0.281244
1.911545
-0.743602
0.168290
0.371236
1.088477
0.099188
1.102586
0.102277
0.426211
1.181911
1.377714
0.472994
0.971747
0.608341
0.382459
-0.550930
-1.288350
0.643367
-0.091133
0.692886
-0.708173
0.077311
-1.864528
-0.697679
0.205866
2.029596
-0.045211
0.813552
-0.181560
0.957520
0.602581
0.878571
-0.308585
-0.754838
-0.738192
-2.451193
-0.950566
1.607394
-1.087315
-0.431181
-0.385933
0.733494
-0.018449
-0.694390
0.248842
0.073885
-0.539103
0.290493
0.153889
-0.782106
-1.285606
-0.424437
1.721751
0.951867
0.478713
0.995807
-1.527495
0.306848
-0.888974
0.200923
-1.223477
0.317013
-1.711702
0.454450
0.219368
-0.534964
0.545865
-0.858451
1.000741
-0.859476
-0.624904
0.874866
0.241143
-1.809524
0.303131
-0.023948
1.805588
-0.689850
0.882940
-1.604829
-0.012964
-2.916214
-0.755942
-1.191450
0.816417
1.769107
0.059956
-0.359789
0.373511
-0.969299
-1.323541
0.134891
0.854159
-2.615209
0.394218
-1.474049
0.074565
0.272794
-0.402464
-0.099173
-0.549969
-1.028460
1.500157
-0.193259
-0.333587
-1.353669
-0.262186
-0.193186
0.153333
0.749644
-1.134495
1.738029
-0.109020
0.897130
0.809066
0.888300
-1.781836
0.428770
-0.168220
-1.308709
-1.059558
0.039362
1.165022
-0.299120
-1.355760
-0.175707
-0.928024
-0.442104
-0.015604
1.829219
-0.383503
0.146974
-0.079780
0.296212
-0.131932
1.571753
-0.311004
-2.442015
-1.569008
-0.485060
0.520983
0.331744
0.888554
1.211916
-0.831556
0.214065
0.029656
1.490019
1.703042
0.726369
0.300425
0.520358
0.855853
-0.116301
0.076265
0.120762
-0.309773
0.897980
1.802182
0.699626
0.987666
-0.969459
-0.718672
-0.288048
-0.564934
-0.345274
1.446628
0.443204
-0.526147
-0.225632
0.730833
-0.280529
-0.474727
1.758622
-1.892743
-1.129019
0.196480
-0.800545
-0.166768
0.505288
-0.255745
-0.882055
-0.225617
0.579960
1.982384
0.673655
2.428766
1.597886
-0.176680
0.897700
-0.445234
0.807191
1.120751
-0.268849
-0.049183
0.400728
-0.157511
-0.788211
0.527880
0.937195
0.022612
0.800275
0.599655
-1.816339
1.213701
-0.230424
-1.243122
0.239562
1.459100
-0.755496
1.210931
0.627677
-0.220008
0.545615
-0.611213
0.504548
1.359368
0.924724
1.472839
0.309687
0.518996
1.151318
0.587317
-1.133914
-1.653600
-0.520303
0.488464
1.259588
-0.543038
-0.367544
0.333829
-1.508940
0.300923
-0.180028
1.499101
0.924484
-1.245454
1.651393
1.559713
-0.048460
-1.144307
-1.053864
-0.606541
-0.755571
0.682554
0.040559
-0.530313
0.242077
0.153764
-0.652875
0.989898
-0.329129
0.246868
1.145616
0.375226
1.257647
-0.232033
-1.071827
0.141515
-1.237790
1.743607
-0.039092
-0.164762
-2.175555
-0.059909
0.674921
0.647684
0.511231
-1.247663
0.171011
1.002569
-0.032381
0.180969
2.600177
-1.741039
-0.380212
0.437591
1.065809
-0.630702
-0.687832
-0.616064
0.169575
-0.120226
-0.027051
-0.651883
-0.887635
-1.497198
0.396925
-0.966989
-0.130449
2.325226
0.575455
0.117394
-0.867064
0.545085
1.144706
0.105029
-1.485018
0.056214
-1.385012
-0.960356
-0.624112
0.069794
-0.921497
0.405153
1.817467
-0.750475
-0.852670
-1.492478
-0.864227
-0.714597
0.081258
0.782535
-0.341427
1.616720
-1.085689
-1.143393
0.805474
0.255735
-0.844657
0.290315
-1.040514
1.889187
1.028295
-0.951727
-0.505535
-0.295992
1.051736
0.820179
-1.694116
0.627361
-0.067040
-0.473012
1.323516
-0.000926
-0.830041
0.526357
0.133032
-0.138951
0.153287
-0.643927
-2.438362
0.096037
-0.506603
0.064434
-0.811303
1.562819
0.687350
-0.318354
-0.275033
0.762512
-0.616579
-0.546429
-0.513038
-2.077208
-0.398649
0.196924
-0.836164
1.064029
1.554512
-0.361104
0.931399
2.242261
0.611024
