
Data:
0.011305
0.042095
-0.067306
-0.136850
-0.034515
0.030427
-0.056245
-0.001030
0.045484
0.003540
0.048082
-0.001254
0.053731
0.005013
-0.000696
0.102991
-0.150405
0.152269
-0.001016
0.010665
-0.006635
-0.009072
-0.014654
-0.076661
-0.046222
0.001028
0.077825
-0.128201
-0.022223
-0.037214
0.002869
-0.016438
-0.116971
0.010754
-0.005182
0.116653
0.110132
0.030616
-0.025262
0.059673
0.093603
0.044472
-0.051776
0.006436
0.032805
-0.009729
-0.074432
-0.177947
0.011513
-0.114800
0.001937
-0.025831
0.086246
-0.252273
0.001160
-0.073137
-0.006392
0.039135
-0.007671
0.049032
0.000636
-0.112279
-0.012167
-0.101000
-0.016493
-0.010694
-0.015806
0.041080
-0.028390
0.152345
-0.000209
-0.009947
0.188898
-0.036392
-0.017285
0.206370
-0.002574
-0.077537
0.015167
-0.139918
0.031166
-0.065656
-0.030031
-0.025083
-0.016124
-0.002994
-0.025962
-0.036608
0.005498
-0.000912
0.006837
0.044151
-0.017543
0.041084
-0.039833
-0.007512
-0.074916
-0.106714
-0.169205
0.006880
0.015350
0.008385
-0.108059
0.000878
-0.019633
-0.010836
0.080790
-0.031980
0.097479
0.002404
0.296898
-0.043019
0.044374
0.001833
-0.288351
-0.043071
-0.030180
0.003798
0.093073
0.051472
0.042051
0.060836
0.042851
0.443656
-0.010726
0.020135
-0.112459
-0.173563
-0.015224
-0.015944
0.090853
-0.017621
-0.000338
-0.051809
-0.017228
0.001508
-0.159220
-0.002531
-0.012208
0.208818
-0.013055
-0.043359
0.034066
0.023074
0.086569
-0.030197
-0.093519
-0.040955
0.167861
-0.038556
0.086077
-0.022095
0.264829
0.076687
-0.001417
0.083607
-0.013821
-0.079463
0.050640
0.032920
0.187821
-0.009788
-0.000756
0.035157
0.001225
0.061829
0.014371
-0.001077
0.296111
-0.036534
0.229856
-0.123623
0.064661
0.002318
0.040925
-0.002579
0.029087
-0.021155
-0.020134
0.005997
0.046641
0.155488
0.113746
-0.008155
-0.197980
-0.000550
0.003464
0.043906
-0.072724
-0.058018
0.073618
-0.040561
0.101077
-0.039920
0.000373
0.070643
-0.141871
-0.104383
-0.253635
-0.012056
0.000761
0.001019
-0.045454
0.005890
-0.038280
-0.015415
0.128361
0.043985
0.068747
-0.005898
0.023652
-0.006111
-0.044891
0.001630
-0.025638
0.010563
0.007988
-0.003536
-0.012289
-0.011674
-0.004320
-0.168828
-0.014110
-0.164320
0.099282
0.002052
-0.008353
0.252112
0.006453
0.095654
0.009215
0.000801
-0.023200
-0.089514
-0.006313
-0.043389
0.002649
0.068310
0.074769
-0.003609
0.018409
-0.080982
-0.028453
0.004661
-0.054947
0.076391
-0.079938
-0.050037
-0.038183
0.004393
-0.360702
-0.042437
0.008405
-0.017233
0.046319
0.018220
-0.028501
0.030718
-0.070269
0.008911
-0.122469
0.029896
0.040283
-0.010000
-0.176847
0.001245
-0.036430
-0.000825
0.017420
-0.014649
0.002611
0.047135
0.042093
0.039112
0.075996
0.014286
0.026318
-0.044045
-0.002300
0.025965
0.083532
-0.012328
0.025626
0.165765
0.020029
-0.090217
0.009795
-0.131299
-0.178204
0.000229
-0.211797
0.024568
-0.077381
0.083623
-0.018248
-0.049210
-0.094452
-0.065485
-0.055912
-0.084358
-0.017424
0.026239
-0.084218
-0.240603
-0.018209
0.013163
-0.011034
0.007652
-0.019269
-0.212467
0.010830
-0.158755
0.010353
-0.015611
-0.000968
0.227553
0.013055
0.006109
-0.024940
-0.032911
0.010723
-0.108384
-0.018396
-0.060925
0.028469
-0.113951
-0.012883
-0.037599
-0.143171
0.085410
0.005304
-0.116181
-0.002074
0.064370
-0.012215
-0.110496
-0.238566
-0.116156
0.080068
-0.015740
0.018620
0.048424
-0.007488
-0.030671
-0.014677
-0.011602
0.043746
-0.055865
-0.024419
-0.134498
-0.001177
-0.049756
0.025804
0.018862
0.005676
0.006903
-0.002229
-0.014655
0.038458
-0.017890
0.029398
-0.001877
-0.024646
0.006802
0.231289
0.085562
0.190511
0.016515
-0.000041
0.024512
0.058049
0.024916
-0.005822
-0.015994
-0.115297
0.190162
-0.012592
0.078591
0.069886
-0.369489
0.080912
-0.116929
-0.067010
-0.182648
0.030724
-0.025641
-0.162921
0.017935
-0.051620
0.082613
0.016170
0.081219
-0.025590
-0.029911
-0.088393
0.026044
-0.090687
-0.005899
-0.000108
0.033648
0.084477
-0.059853
0.075944
-0.043878
-0.073053
-0.101636
0.161654
-0.103983
-0.060232
-0.069267
-0.017094
0.143658
0.024021
-0.051969
0.022720
-0.082309
0.083459
-0.037247
0.007894
-0.012960
0.006871
-0.119514
-0.023983
0.024147
0.052676
0.019114
0.048389
-0.114495
0.107985
-0.044032
-0.048847
-0.016445
-0.186242
0.024132
0.046887
-0.020005
0.048655
-0.213404
0.200010
-0.062898
-0.022123
-0.009717
0.069125
-0.010320
-0.102825
-0.029970
0.145243
-0.029032
-0.049432
0.008443
0.039937
0.048189
0.358701
-0.140324
-0.326042
-0.182836
-0.018993
0.003283
0.006557
-0.081480
0.075844
-0.004542
-0.051044
-0.136173
0.002028
-0.003609
0.039155
0.012451
-0.032246
0.046048
0.041489
0.057848
0.005492
-0.027786
-0.033118
0.089039
-0.035800
-0.054339
0.040027
0.206099
-0.087571
-0.039112
0.026588
0.154763
0.032398
0.038545
-0.012472
0.042503
0.117559
-0.020313
-0.014239
-0.050302
0.013952
0.012149
0.175056
-0.074320
0.093082
0.183765
0.031728
-0.065726
-0.018208
-0.080426
-0.044191
-0.039514
-0.084386
0.005957
0.160659
-0.061982
-0.081882
-0.053645
-0.064951
-0.013709
0.013863
-0.043151
0.121776
0.081249
-0.147846
-0.003179
-0.073804
-0.010064
0.121496
-0.037282
-0.009133
-0.001963
0.018814
-0.010935
-0.080765
-0.190860
-0.079712
-0.195106
0.053611
-0.027885
-0.017739
0.017852
0.103639
0.128366
-0.028217
0.000245
0.025698
-0.022091
0.140546
-0.027211
-0.013919
-0.109406
0.005000
-0.005760
0.059894
-0.188660
-0.073738
-0.058732
-0.001871
-0.028197
-0.170497
-0.077821
-0.084346
0.051344
-0.083525
0.017598
-0.045525
-0.140213
0.006687
0.009205
-0.010845
0.001470
0.013955
-0.081788
0.015008
-0.031063
0.087031
-0.017527
-0.068466
0.080804
-0.093070
0.037423
-0.078336
0.009094
-0.051322
-0.180706
-0.050214
-0.041171
0.017718
-0.086166
-0.071260
0.014911
-0.116541
-0.016142
0.006028
0.151407
-0.015668
-0.031913
-0.027064
-0.077338
0.197916
-0.086233
0.006877
0.094966
-0.012631
-0.094950
0.124627
0.049468
-0.009871
-0.046519
-0.085772
0.033469
-0.040672
0.041464
0.059120
-0.105847
-0.007093
0.002268
0.263596
-0.041486
-0.002768
-0.002172
0.155923
0.004597
-0.068525
0.003236
-0.042663
-0.012859
0.200769
-0.108107
-0.159573
0.052868
0.003414
-0.009838
0.199851
-0.000101
0.032920
-0.123569
-0.095546
0.091267
-0.164440
-0.068978
0.070321
0.070451
-0.088608
-0.089025
-0.295528
-0.046851
0.004975
-0.024306
0.117680
0.017584
-0.140653
0.010750
0.062945
-0.047169
-0.043988
-0.007250
0.122055
-0.054369
-0.044297
0.051412
-0.007360
0.086815
0.122278
-0.051377
-0.123752
-0.103562
-0.148405
-0.063055
0.044418
0.151930
-0.295471
0.060725
-0.002140
0.041617
-0.028103
0.006954
-0.032716
0.184292
0.109474
-0.083955
-0.018319
0.006483
-0.024427
0.070190
0.000467
0.030275
0.112004
0.031641
0.243096
0.245843
-0.134592
0.016586
-0.051448
-0.010613
0.081061
0.078192
-0.024913
-0.078401
0.010957
0.040424
0.151077
-0.042940
0.114795
-0.037527
-0.026724
0.134394
-0.071215
0.024588
-0.059753
-0.099310
-0.039437
0.027173
-0.100376
-0.126783
0.121653
0.001746
0.093005
-0.101887
0.002420
0.001456
0.020271
0.076878
0.068890
-0.004507
0.060542
0.154414
-0.100587
0.012235
0.050385
0.149531
0.006687
0.088567
-0.027384
0.072448
-0.009840
-0.025382
0.018727
0.040846
-0.054712
-0.151204
0.093593
0.101016
-0.052303
-0.065895
0.021323
0.345989
-0.007702
-0.043592
0.032466
-0.002187
-0.026199
0.029118
0.015049
0.006318
0.013775
0.076224
-0.045865
-0.005693
0.061494
0.025966
0.119609
0.012378
0.020989
-0.023912
0.051473
0.049791
-0.012106
-0.035029
0.184425
-0.038390
-0.123492
-0.047878
-0.048910
-0.076353
-0.026002
-0.021000
0.146192
-0.082252
-0.053523
-0.021247
0.026812
0.042268
-0.040160
0.042504
-0.013272
0.000812
0.089907
-0.007422
-0.116303
-0.033925
0.104779
0.104099
-0.074269
-0.038020
0.015562
0.010236
0.181165
-0.002096
-0.069555
0.083366
-0.046553
-0.079448
-0.141025
0.002677
-0.023650
-0.068913
0.030390
0.054754
0.032965
-0.042721
-0.175189
-0.152041
-0.059600
0.015200
-0.035135
0.041828
-0.210588
0.073417
-0.064790
0.077367
-0.079368
-0.015755
0.051950
0.070669
0.060290
-0.082472
-0.169565
-0.093282
0.010428
0.067707
-0.120087
-0.001376
0.017170
0.006467
0.027148
0.004054
-0.092483
0.064462
-0.117433
-0.041252
0.034033
0.143517
-0.098913
-0.216721
-0.100084
0.053044
0.022000
-0.044649
0.025459
-0.022508
0.003253
0.116987
0.068220
0.017300
-0.060739
-0.002614
0.217909
0.130276
0.018594
-0.077271
-0.159698
-0.058346
-0.007875
-0.025453
0.044497
-0.028024
-0.042119
-0.063572
0.049376
-0.070419
-0.141287
0.150305
-0.059356
0.039278
0.046204
0.032612
0.086861
0.024670
0.045400
-0.037188
-0.062747
-0.062030
0.235536
0.082684
0.052781
-0.027121
0.056345
0.148626
-0.199828
0.071824
-0.026394
-0.038229
0.159196
-0.125799
0.006733
-0.019430
-0.085086
-0.095101
0.073140
0.014180
-0.258329
0.144345
-0.100004
-0.059188
-0.062545
-0.021849
-0.238117
-0.127951
0.087580
-0.033017
-0.032141
0.098862
0.001670
0.093576
0.049302
-0.046086
-0.029068
-0.004795
0.038145
0.062028
-0.027398
-0.084466
0.088148
-0.223852
-0.070326
-0.009510
-0.168459
-0.113447
-0.067003
-0.021087
0.010998
-0.010772
-0.100412
-0.066298
-0.048330
-0.138544
0.008488
-0.017487
-0.008732
0.177619
0.028157
0.093871
0.108989
-0.050358
0.106853
0.029555
-0.082962
0.141593
0.091920
0.050290
-0.247395
0.000655
-0.029206
-0.056787
-0.016671
0.157213
0.158059
-0.013781
0.068236
-0.017770
0.048787
0.029865
0.058087
0.016361
0.031355
-0.037902
0.088299
-0.039566
-0.113266
0.042327
-0.295603
0.128138
0.083502
-0.087302
-0.020508
0.000311
0.077845
0.082613
-0.023713
0.007671
-0.022045
-0.111049
0.019528
0.085632
-0.042327
0.143285
-0.066368
0.046618
0.027988
-0.051149
-0.016464
0.027730
0.057606
-0.057622
-0.021240
-0.130454
0.082720
-0.021826
-0.020771
-0.082556
0.014505
0.123535
-0.009767
0.076158
-0.054566
-0.134707
-0.000873
-0.048833
-0.019592
-0.008056
-0.040816
0.007247
-0.196790
0.047798
0.084944
0.189791
0.008090
0.114513
0.061666
-0.029062
0.147749
-0.073244
-0.081009
0.063790
0.053548
-0.020463
-0.117717
-0.049534
0.094708
0.128138
-0.012973
-0.032559
-0.039279
0.034465
0.050958
-0.095104
-0.048034
-0.065719
-0.027802
-0.080501
-0.005237
-0.025216
-0.023871
0.019288
0.041475
0.015780
0.092417
0.191526
0.010491
0.037566
0.028034
-0.004307
0.066446
-0.078133
0.023098
0.002596
-0.015741
0.024342
0.213361
-0.004639
-0.032486
0.076356
0.160477
-0.016819
0.129652
0.066448
-0.026965
-0.204839
0.012013
-0.018389
0.104324
-0.070120
-0.036467
-0.018018
0.066683
-0.014664
0.112452
0.141404
0.001041
0.006967
0.013550
0.068965
-0.073464
0.026236
0.030906
0.023345
0.167259
0.055842
-0.105887
0.099023
0.007861
0.111396
-0.125534
0.034769
0.136251
0.015913
-0.006497
-0.157936
0.005402
-0.018893
-0.151719
0.012461
0.064051
0.057469
0.008219
0.169434
0.127539
0.146461
0.009989
0.067820
-0.034129
-0.092654
0.072837
0.121101
-0.058371
-0.126815
0.088659
0.028351
-0.034830
0.179214
0.079793
0.005222
-0.028638
0.022420
0.040409
-0.048539
-0.190170
-0.011765
-0.092778
-0.001413
0.046219
-0.032318
0.097400
0.038479
0.035984
-0.010862
-0.041952
-0.206420
0.192768
0.050821
0.138454
0.009574
0.003390
-0.033418
0.081311
-0.026391
0.034729
-0.102397
-0.035786
-0.102921
0.011192
-0.075516
-0.170796
0.070835
0.007781
-0.050361
-0.349537
-0.079044
0.166409
0.039790
-0.020870
-0.077578
-0.260561
0.006700
0.146491
0.122260
0.047636
0.028815
-0.126107
0.025498
-0.079930
0.012945
-0.011821
-0.185737
-0.158294
0.078091
-0.038900
-0.081217
0.108151
-0.025510
-0.102224
0.009508
0.190368
0.002347
-0.043458
-0.014699
0.037627
0.015656
-0.047240
-0.007505
0.059885
-0.073383
0.005005
0.021994
0.004465
-0.173009
-0.089567
-0.044578
0.093888
0.067496
0.153005
-0.090704
-0.043576
0.183134
-0.034112
-0.042818
-0.008750
-0.071324
0.036924
0.013761
0.018835
-0.049261
-0.005470
0.075967
-0.081347
0.069160
-0.070882
0.062021
0.075233
-0.000956
0.115050
-0.025214
-0.113243
0.068412
-0.028840
-0.030503
-0.001289
-0.034235
0.193030
-0.170974
-0.032290
-0.011154
0.016471
-0.006481
-0.342541
0.054700
-0.101737
-0.050720
-0.014794
-0.151811
-0.049410
0.050242
0.109964
-0.060640
-0.001639
-0.052076
-0.036365
-0.063957
-0.019612
-0.229979
-0.019754
0.029692
0.028997
0.136157
0.037788
0.041979
-0.005953
0.082008
0.060922
0.070767
0.044875
0.040139
0.080840
0.005265
-0.042318
0.022376
-0.101429
0.029309
-0.046095
-0.161143
0.140180
-0.005475
0.039562
0.040179
-0.017915
0.036197
0.000796
-0.049934
-0.104177
-0.039076
0.083517
0.027175
-0.027795
0.022481
-0.025381
-0.198835
0.037370
-0.058644
0.076781
0.038451
0.100645
-0.088626
0.054656
0.042645
0.014265
-0.059155
-0.073215
-0.043918
0.074037
0.067489
-0.016215
0.067220
0.091443
-0.103122
-0.041566
0.087486
-0.014817
-0.055655
-0.056966
0.069557
0.143355
0.053817
0.021771
0.020498
-0.041306
0.042156
0.060895
0.119573
0.030015
0.006239
0.047310
-0.014662
-0.021202
-0.025026
-0.024124
0.015182
0.102223
0.053820
-0.077796
-0.088713
0.117473
-0.013382
0.064949
0.165141
-0.056626
-0.037854
0.021572
0.020899
0.058642
0.042381
-0.000114
0.027596
-0.151269
0.036685
0.121505
-0.063109
-0.070512
-0.019753
-0.251040
-0.021527
0.189352
0.136657
0.105243
0.086973
-0.001030
0.029946
-0.258969
-0.034095
0.045336
-0.111669
-0.050557
-0.219022
0.062720
-0.037777
-0.068431
0.034365
-0.146798
-0.004353
0.083520
-0.030642
0.074135
-0.106793
-0.231993
-0.061043
0.006684
0.066552
-0.048009
0.119972
-0.015895
-0.065410
0.025361
-0.106714
-0.029423
-0.082267
0.042508
0.134418
-0.025190
-0.001026
0.095153
-0.000913
-0.099848
-0.014911
0.039172
-0.132005
0.085410
-0.070358
-0.070607
0.004133
0.053610
0.087431
0.115877
0.012835
-0.113522
0.090379
-0.035377
-0.001612
-0.024083
-0.153798
-0.008898
-0.006457
-0.012601
0.104491
-0.352451
-0.047918
-0.094021
0.094259
-0.000343
0.048418
-0.153857
0.105327
0.047024
-0.112567
-0.049804
0.072381
0.133458
-0.043211
-0.093694
0.090549
0.069571
-0.243626
-0.164606
0.070956
-0.010725
0.007299
-0.042524
0.134781
-0.008627
-0.055225
0.242687
-0.033390
-0.057957
0.073043
-0.123851
-0.020157
0.010139
-0.050131
0.187758
-0.067166
-0.038080
-0.116498
0.070856
-0.121245
0.095830
0.037081
-0.009500
0.055352
0.051295
-0.061854
0.035120
-0.019791
0.041376
-0.069954
-0.076296
-0.022199
0.037400
0.009681
0.044299
0.059425
-0.252667
-0.035028
-0.136968
0.058069
0.002148
0.066896
0.072678
-0.014631
-0.015030
-0.176129
-0.015760
-0.082310
-0.052909
0.018499
-0.019812
-0.089901
0.070745
-0.016331
-0.046539
-0.004236
0.026938
0.058551
0.094705
-0.066614
-0.110223
0.135104
-0.028552
0.030836
-0.010492
-0.168433
0.010220
-0.223178
0.032253
0.098891
0.025223
0.003020
0.039520
-0.088277
0.146093
-0.047124
0.026584
-0.138787
0.029316
0.080204
-0.040360
0.082908
-0.069066
-0.042579
0.031156
0.177898
0.086723
-0.020947
0.122008
-0.075118
-0.028679
-0.074655
0.018025
0.176507
0.077040
0.084082
-0.023915
-0.046249
-0.007835
0.093804
-0.058738
0.040008
-0.064997
-0.077634
0.193927
0.037357
0.055872
0.096359
0.026430
-0.051997
-0.203675
-0.055054
0.006897
0.021078
0.141479
-0.085742
-0.012329
0.026946
-0.031042
0.017948
0.029529
-0.027925
0.020620
0.019017
-0.033060
0.027057
-0.111894
-0.128662
0.281824
-0.076400
0.032085
0.135827
-0.019366
0.098924
-0.035958
0.035451
0.013755
0.041300
-0.274692
-0.061617
0.087673
0.191892
0.104703
-0.015911
0.012939
-0.115580
0.034462
-0.058184
0.066666
0.043291
-0.002531
-0.025557
-0.032023
0.078029
0.018013
-0.063740
0.156179
0.118038
-0.039746
-0.097503
-0.075354
-0.025603
0.074152
-0.035101
-0.029330
-0.010380
-0.009533
-0.070815
-0.024401
-0.057834
0.037139
-0.025720
-0.134288
0.033564
0.074983
0.052983
0.059564
-0.038381
0.050060
0.093835
-0.071481
0.004871
0.065415
0.178956
0.060964
0.266134
-0.240407
0.005971
-0.003243
0.044271
0.134758
0.054087
-0.047133
-0.124670
-0.006911
0.006700
0.141662
0.137248
-0.026349
-0.122145
-0.020309
-0.123899
0.013074
0.096234
-0.044778
0.014070
-0.023579
-0.012443
0.005669
-0.176563
-0.090665
0.100545
0.062371
-0.000498
-0.019504
0.058975
0.029227
0.003569
0.055852
0.027218
-0.062468
-0.033776
0.061064
-0.192358
0.045429
-0.040053
0.070046
0.123059
0.050346
0.031708
0.054171
-0.057535
0.035776
-0.050034
-0.120294
0.149712
-0.039535
0.043568
0.009875
0.022565
0.033274
0.133234
-0.045789
0.169847
0.034284
0.112822
0.226735
-0.009117
-0.130205
0.048269
0.020746
-0.019898
-0.026029
-0.102983
0.104635
0.006395
-0.103699
0.092171
-0.297077
0.102383
-0.171218
-0.023698
0.043087
0.026380
-0.025387
-0.027955
0.051988
-0.014889
0.062662
0.009775
0.093981
-0.051984
0.027857
0.088480
0.206580
0.160877
0.015160
0.031940
-0.011653
0.110027
0.073213
0.038877
-0.062579
-0.111182
-0.114156
0.002591
-0.098613
0.031195
-0.053626
-0.106986
0.068898
0.004089
-0.214928
0.088825
0.012670
-0.045164
0.002382
-0.003976
0.029065
-0.006498
0.125997
-0.023605
0.002938
0.041313
-0.014603
-0.058373
-0.034159
0.013630
-0.039376
-0.046575
-0.009347
-0.010795
-0.037223
0.044763
-0.171742
0.047566
0.027843
0.097528
0.084772
-0.166604
-0.019893
0.060080
0.026201
-0.034931
-0.079295
0.182218
0.088204
0.002303
-0.108838
0.268099
0.085675
-0.077656
-0.034819
-0.138878
-0.042630
0.038756
-0.003349
-0.179474
-0.016433
0.046160
0.044686
-0.070765
0.080780
0.011451
-0.043579
0.152672
-0.033071
-0.132257
-0.009868
-0.093372
-0.049190
0.005873
-0.086471
-0.031095
-0.051695
-0.078613
-0.071519
0.070019
-0.031308
0.094711
-0.042542
0.001390
0.093784
0.157631
-0.006841
-0.006031
0.192788
-0.026544
-0.065240
-0.011722
0.188811
-0.009746
-0.048013
0.014303
0.042114
0.141652
-0.019955
0.044602
-0.024964
0.009497
0.175258
-0.112288
-0.071752
0.143161
-0.151823
-0.173966
-0.020958
0.073743
-0.030871
-0.153647
-0.007807
0.058114
0.023462
0.005029
0.115950
-0.025415
0.004975
0.102295
0.085293
0.024875
0.023908
-0.026979
-0.048267
0.013343
0.010861
0.033641
-0.024891
-0.012799
0.098226
-0.026085
-0.006738
-0.002946
0.183741
0.111841
-0.075782
-0.012733
0.187293
-0.053191
0.129327
-0.012666
-0.008510
-0.014428
0.063981
0.077867
-0.108680
0.120416
0.080091
0.159824
-0.072994
-0.023143
-0.059388
0.256778
-0.000337
0.066861
0.014760
0.056337
0.122460
-0.000157
-0.024539
-0.076198
-0.092758
-0.012828
0.027360
-0.130452
-0.073076
-0.040178
-0.034014
0.046627
-0.201910
-0.121183
-0.093862
-0.163835
0.009631
-0.106071
0.046290
0.087368
-0.142183
0.026881
0.038001
0.066452
-0.008556
-0.043612
-0.069244
-0.068457
-0.044799
0.086543
-0.064455
0.094131
0.129879
0.040732
0.049082
0.025271
-0.012112
0.017340
-0.030593
-0.118700
-0.003264
0.021456
-0.058168
0.014896
0.091445
0.039624
-0.057966
0.211372
0.010042
0.038833
-0.097888
-0.059482
-0.029872
-0.016693
-0.056997
0.039528
0.062346
0.274479
0.011600
0.035535
0.017588
0.032618
0.020376
0.220819
-0.074670
-0.001922
-0.234877
0.025231
0.089253
0.124930
0.064496
0.012873
-0.010853
-0.029599
0.111901
-0.098458
0.089932
0.000169
0.263413
0.090009
0.019733
-0.008294
-0.100326
-0.033557
-0.003238
-0.029682
0.071900
-0.018577
0.042859
0.151128
-0.004050
0.014569
0.007477
-0.043676
0.147465
-0.047710
-0.117740
0.025625
-0.104769
0.022557
0.011418
-0.049870
-0.019874
0.007528
0.002264
0.028105
0.055732
-0.050360
0.026784
-0.148894
0.115815
-0.162150
-0.265266
0.096934
0.106124
-0.072311
0.030157
-0.019701
0.099868
-0.008220
0.057176
-0.019698
-0.070683
-0.005956
-0.057821
0.106079
0.120390
-0.007617
-0.173386
-0.036883
-0.046514
-0.005822
-0.014678
0.047720
0.270915
0.080984
0.095328
-0.089135
-0.181512
0.190560
-0.038081
-0.087932
0.024390
0.024079
0.100117
0.095664
0.102977
-0.002929
0.083756
0.013037
-0.096974
-0.088705
-0.154991
-0.087888
-0.043510
0.019351
-0.021615
0.033124
0.152176
0.081388
-0.005701
0.064528
-0.059000
-0.033157
0.016286
0.012072
0.034320
-0.049669
0.087612
-0.006701
0.004440
0.073864
-0.007835
-0.012600
-0.080477
0.035510
-0.083949
-0.119661
0.058758
0.036231
-0.128864
-0.020354
0.032777
0.007006
-0.162255
0.024455
-0.087057
0.035492
-0.072021
-0.043015
0.218106
0.137082
-0.035746
-0.021737
-0.076148
0.005577
0.078366
0.012555
0.035713
0.006625
-0.027039
0.121349
-0.054700
0.176150
-0.104712
-0.024626
0.016102
-0.065260
0.083796
-0.092089
-0.111560
-0.011810
0.009091
0.133018
-0.026658
0.077946
-0.070823
0.091979
0.020816
-0.009749
-0.211426
0.017793
-0.045793
0.314616
0.042062
-0.009630
0.019440
0.095390
0.053159
0.001051
0.043389
0.011661
0.013545
0.141466
-0.008616
-0.136419
-0.122113
0.073881
0.386564
-0.018091
-0.050722
-0.134426
-0.039604
-0.018053
-0.107205
0.074036
-0.052487
0.039286
-0.045012
-0.028016
-0.039463
0.128091
0.082071
-0.020965
-0.058019
-0.039719
0.070921
-0.033855
0.039670
0.001561
0.079062
0.011064
-0.022875
-0.048651
0.112457
-0.026135
-0.009457
0.029187
0.008391
-0.153658
0.160869
0.014844
-0.041603
0.030243
-0.068867
0.126131
-0.147254
0.015740
0.004306
0.086212
0.023429
0.025686
0.057482
0.021794
-0.092378
0.089188
0.010224
0.020339
0.151860
0.047275
0.011343
-0.046388
0.007446
-0.090364
-0.075306
0.157525
0.112118
0.006312
0.061611
-0.002912
0.048523
-0.011030
-0.050827
0.096433
0.079808
-0.012485
-0.059940
-0.006323
0.082863
0.011224
-0.089098
-0.112387
0.121621
-0.130534
-0.033067
-0.033869
-0.039492
0.096886
0.060925
-0.076253
-0.054925
-0.140927
-0.108740
0.008400
0.055296
-0.038830
0.092420
-0.114849
-0.076918
0.100009
0.018124
-0.019763
-0.225444
-0.033505
0.226165
0.066508
0.198579
-0.016726
0.176342
0.198484
0.063974
0.086692
-0.003757
-0.002761
0.062750
0.168623
0.039435
0.060652
0.033142
0.074303
0.040634
0.007286
0.200787
-0.040706
-0.052084
-0.061870
-0.029146
0.046516
0.012809
-0.076392
0.034407
0.058115
0.042192
0.001209
0.054280
-0.068856
0.115702
0.089503
0.007980
0.027098
-0.155025
0.022541
-0.060524
-0.013072
-0.078316
0.092092
0.160344
0.045311
0.053566
0.035072
-0.050488
-0.052260
-0.020328
-0.070804
-0.010849
-0.227708
0.053396
0.024890
0.005306
-0.121789
0.022591
-0.069706
0.048364
0.122127
0.007864
-0.056353
0.019389
0.009734
-0.075150
0.213754
-0.050005
0.010622
-0.186820
0.009832
-0.015597
0.136917
0.000323
-0.083016
-0.205333
-0.083416
-0.014135
0.033792
0.029078
-0.097877
0.007372
0.035460
-0.124732
-0.010026
-0.115174
-0.144541
0.006673
-0.060119
0.080052
-0.068679
0.156899
-0.002009
0.014629
-0.124997
0.033375
0.000334
0.021116
-0.008137
-0.043224
0.143619
0.003104
-0.129118
0.077155
-0.032577
0.011903
-0.110617
0.055010
-0.055159
0.061332
-0.048070
0.150701
0.084258
0.209945
0.061717
0.039972
-0.052642
0.029801
-0.030736
-0.062709
-0.053103
-0.003416
-0.003938
-0.062958
0.150201
0.055213
-0.153536
0.156359
0.051942
0.004737
-0.059717
0.039712
0.050963
0.065952
0.015771
-0.070565
-0.013181
-0.112231
0.014652
-0.027864
-0.012559
-0.088935
-0.029562
0.085755
-0.022803
0.020703
-0.000978
0.074511
0.034516
-0.056656
0.118533
0.010289
0.004948
-0.008867
-0.015778
0.013530
0.154470
0.057717
0.021289
-0.048194
-0.021865
-0.070965
0.067016
-0.032785
-0.118852
0.013143
-0.076460
-0.038330
0.023640
-0.129649
-0.072623
0.032077
-0.021763
0.111303
0.086694
-0.109206
-0.019718
0.030371
0.034479
0.015210
-0.050021
-0.078882
0.091484
0.037650
-0.014021
0.007484
-0.008445
0.021139
-0.118738
-0.083201
0.171595
0.092970
-0.146527
-0.139267
-0.037142
-0.015922
0.045327
-0.002355
-0.268264
0.180817
-0.034921
0.032262
-0.042257
0.013615
-0.041163
-0.127531
-0.010719
0.117136
-0.100298
0.047798
0.005654
0.159132
0.001159
0.075560
0.006437
0.003516
-0.162669
-0.022168
-0.040935
-0.107346
-0.014314
-0.003601
-0.017784
-0.029122
-0.020181
0.008969
0.088233
-0.103232
-0.050494
-0.034082
-0.090400
-0.010032
-0.393071
-0.059635
-0.010681
0.223972
-0.201779
-0.058863
-0.095742
0.060075
0.063742
-0.071922
-0.193819
-0.109787
0.101205
0.096037
-0.054413
-0.090646
0.012181
-0.006255
0.076364
0.004467
0.241762
0.181428
-0.000562
-0.178371
-0.000596
-0.338587
0.271065
-0.040249
0.022537
-0.046379
-0.129866
-0.056107
-0.171080
0.049462
-0.006407
-0.048124
-0.013796
-0.067952
0.033037
0.007709
-0.069368
-0.107715
0.095857
-0.153553
0.053609
0.008535
0.004401
0.068765
-0.082104
-0.071045
-0.049472
0.086745
-0.016052
0.044621
0.023683
-0.006116
0.120847
0.060256
0.102571
0.243765
-0.065950
-0.075758
0.011548
-0.019613
0.001069
0.078679
-0.033796
0.090396
-0.029602
-0.060375
-0.021114
0.039018
-0.017582
0.066465
-0.011674
-0.037380
-0.038122
-0.048376
0.025564
-0.014376
-0.004667
0.105067
0.054193
0.065457
-0.130082
0.054761
-0.041292
-0.005973
0.046883
0.018783
0.160714
-0.048000
0.026830
-0.049081
0.022318
0.082139
0.051024
0.053378
-0.079085
-0.090947
0.109756
-0.014689
-0.041695
0.019716
-0.209895
-0.127517
-0.016094
0.137024
-0.031578
-0.134461
-0.059803
0.018935
-0.064422
0.003329
0.087309
0.061123
-0.080855
0.018878
-0.002109
-0.029883
-0.046104
0.086937
-0.044201
-0.001450
-0.102592
0.118331
0.043840
0.027962
0.009727
0.056337
-0.020184
0.121080
0.034271
-0.096141
0.027411
0.054157
-0.013724
0.120017
0.087268
0.009879
0.037995
-0.014634
-0.064195
-0.004891
0.057936
-0.030828
0.057515
0.029551
-0.089920
-0.062786
-0.050273
-0.032089
0.070031
-0.022531
0.103799
0.047252
-0.014949
-0.026642
0.081473
0.064937
-0.064060
0.006811
0.151454
-0.059328
0.048855
-0.195030
0.054000
-0.024685
0.092076
-0.022867
0.006234
-0.003233
-0.068743
-0.042026
-0.092153
0.151099
0.051374
-0.047087
0.000098
-0.064927
0.244161
-0.030612
-0.070179
0.051243
0.100838
0.304298
0.058752
0.072227
-0.059386
0.027916
0.012216
0.038096
0.044937
0.005708
-0.035118
-0.065304
-0.062187
0.072375
0.018964
-0.136796
0.101512
-0.106248
-0.038542
0.030921
0.018956
0.026134
-0.161885
-0.132859
0.024368
0.082739
-0.126902
-0.005244
-0.125032
0.199417
0.063462
-0.039948
-0.157204
0.110615
-0.028030
0.168669
-0.015489
-0.027343
-0.146211
-0.063919
0.075027
-0.059753
0.067412
0.030443
-0.042121
-0.116339
0.008004
0.099513
0.104784
0.031594
0.048343
0.214383
0.001001
-0.071868
-0.050512
-0.014691
-0.168567
-0.127152
-0.002374
-0.009818
-0.005166
-0.113989
0.114864
0.087048
-0.040692
-0.052074
-0.086723
-0.036410
-0.054008
0.005154
0.175154
-0.009160
0.060272
-0.101039
0.022690
-0.166295
-0.176902
0.068416
-0.037082
-0.011615
0.096122
-0.082226
-0.161142
-0.020341
-0.012741
-0.143714
-0.031787
0.043539
0.036810
0.062188
-0.061491
0.091954
0.124466
0.303697
-0.021023
0.072702
0.061049
0.231820
-0.100081
0.019136
-0.070223
-0.273126
0.087819
0.095393
0.205629
-0.029622
0.013932
-0.055935
0.098844
0.046290
0.066325
0.004140
0.103116
-0.089910
-0.053989
0.119926
-0.056754
0.013766
0.042239
-0.003001
-0.049535
0.034788
0.046430
0.052934
-0.050660
0.090673
-0.077527
-0.083558
0.158080
0.089141
-0.039968
0.027931
-0.070285
0.077223
-0.026950
0.085862
0.027822
-0.169238
-0.012013
0.084272
0.068025
0.071997
0.025892
-0.031764
-0.005451
0.160955
-0.094825
0.076340
-0.040389
0.039434
-0.004821
0.004639
0.091059
-0.104501
0.012177
-0.018920
0.062709
-0.049681
0.133390
0.022131
-0.082503
-0.039011
-0.104583
0.050702
-0.011588
0.018493
-0.044206
0.329392
-0.158547
0.016349
-0.083005
-0.004168
-0.105137
-0.055979
-0.027713
0.010708
0.147745
-0.006437
0.042503
0.109975
-0.093192
-0.052471
-0.056578
0.073834
0.013120
-0.029906
-0.025166
0.034807
0.025309
0.112587
-0.066644
0.090481
-0.074892
0.025401
0.007815
0.085283
-0.053709
0.084658
-0.038005
-0.025808
0.014151
-0.049293
0.010017
0.099980
0.044442
0.112906
-0.002473
-0.067345
-0.022067
-0.004790
0.110676
-0.043867
-0.003832
-0.006514
-0.033541
-0.033867
-0.010523
0.040689
-0.057465
-0.094834
-0.018684
-0.065674
0.021147
-0.053743
-0.082578
0.016677
0.082321
0.006404
-0.008109
-0.062296
0.012501
0.095018
-0.195642
0.076030
0.066457
-0.067797
0.004678
0.051633
-0.012412
0.058063
-0.003841
-0.058617
0.243299
0.028303
-0.008559
-0.013484
-0.126992
0.156569
-0.084060
-0.027975
-0.046710
-0.172336
0.177872
-0.053584
0.041695
0.101300
-0.033393
0.077417
-0.056245
0.065442
0.100564
-0.080409
-0.084030
0.193678
0.100929
0.168146
0.011803
-0.041034
0.000382
0.073437
-0.081199
0.111253
-0.130787
0.303187
-0.051236
0.054858
0.046387
0.029056
0.121624
-0.104940
-0.001639
0.184213
-0.016707
0.015328
0.036525
-0.067876
0.068781
-0.029000
0.024337
-0.040992
0.043045
0.061339
-0.090928
-0.052577
-0.119843
0.151889
-0.004646
0.045671
0.020722
0.008395
-0.028017
-0.113842
-0.064408
-0.154857
-0.042794
-0.010911
-0.007472
0.149483
-0.000397
-0.049968
-0.034964
0.046517
-0.123965
0.243929
0.025313
0.170456
0.058655
0.009144
-0.114316
0.131334
0.028182
0.027657
-0.046156
-0.019218
0.004000
0.010999
-0.020249
0.151854
0.010095
-0.090593
-0.067156
0.126385
-0.104962
0.088263
-0.023994
-0.012845
0.105018
0.059962
-0.117061
0.023928
-0.018058
0.191144
-0.015842
0.006840
-0.062871
-0.040297
-0.073101
-0.029535
0.029368
0.154344
0.022756
-0.001165
0.146384
0.002657
-0.082873
-0.071240
0.045796
0.026325
0.046382
-0.092952
-0.165817
-0.012233
0.006719
0.108909
0.016777
-0.040330
0.032577
-0.016198
-0.074981
-0.084826
0.041579
-0.120650
0.021371
-0.056221
0.200456
0.184726
0.201157
0.144173
-0.050009
-0.152421
0.045001
0.152695
-0.030729
-0.046080
0.054099
0.079229
-0.002811
-0.079241
-0.023754
0.031097
-0.014121
-0.190255
0.001168
0.095656
0.014304
0.217624
0.005538
-0.043765
0.032232
0.022010
0.022905
-0.047997
-0.104450
-0.013201
0.052650
-0.030811
-0.023355
-0.016772
-0.050238
-0.151301
0.009872
-0.121909
-0.140372
0.048882
0.056892
-0.023923
0.022427
-0.090188
-0.007911
-0.028586
-0.145932
0.050153
0.029020
-0.375762
-0.067152
0.043611
-0.165447
0.057119
0.190972
-0.120454
-0.036052
-0.018865
-0.006998
0.052957
0.099385
0.031676
-0.043061
0.008750
-0.125053
-0.047385
0.069301
-0.000238
-0.000345
-0.047749
0.072569
0.055848
-0.006356
-0.064931
-0.072310
0.018856
0.031144
0.027040
-0.014341
0.052108
0.135787
0.018614
0.005032
-0.120419
0.056612
-0.076377
0.083858
-0.059690
-0.061941
0.004492
0.088870
0.054851
0.022655
0.171709
0.054362
0.006444
0.002358
-0.051272
-0.007260
-0.033214
-0.023927
-0.042315
-0.143614
0.015670
-0.061070
-0.073473
-0.191698
0.006303
-0.015609
-0.148462
-0.039466
0.127119
-0.022487
-0.068992
0.095873
0.064309
-0.152274
0.068248
0.011786
0.099615
0.007931
-0.018919
0.024975
-0.139630
0.033073
-0.024346
-0.027630
0.040979
0.085052
-0.075604
0.039503
0.052376
0.021839
-0.012993
0.145423
0.012513
0.073353
-0.079600
-0.044111
-0.025613
-0.015104
0.101080
0.172430
0.055922
0.144439
-0.052508
0.171257
-0.023962
0.080728
-0.051926
0.087369
0.080161
-0.071237
0.080746
0.140628
0.020811
-0.060490
-0.048878
-0.032720
0.002295
0.005544
0.132689
0.000004
-0.331626
0.085761
-0.054719
0.058683
0.018172
0.082570
0.056745
0.149307
0.017653
-0.048816
0.077752
0.121945
0.010434
0.323863
-0.027208
0.019367
-0.097771
-0.002632
-0.040913
-0.031403
-0.141077
-0.025125
0.181264
0.122882
0.025149
0.012654
0.041586
0.032770
0.113362
0.047688
0.002384
-0.065015
0.022204
-0.062502
-0.183320
0.010895
-0.074591
0.045533
0.027402
0.055492
0.017715
-0.126460
-0.099310
0.095338
0.040389
0.019284
-0.049723
0.105039
-0.067679
-0.067042
-0.148825
0.054555
-0.123014
0.043788
0.006875
-0.091090
0.108232
-0.014349
0.030479
-0.074905
-0.156537
0.045171
-0.070730
-0.007792
-0.072457
0.197986
-0.002103
-0.015680
0.048943
0.050379
0.063906
0.082834
-0.319875
-0.014985
0.045648
0.023568
0.147469
-0.036876
-0.037943
-0.071140
0.083690
-0.016356
0.288102
-0.064843
0.047069
0.050833
-0.038014
0.005417
-0.223904
0.021650
0.106930
-0.018109
0.084309
-0.082595
0.065771
0.017293
0.053279
-0.057585
0.123950
-0.010989
0.008952
0.064556
0.053643
-0.092861
0.021309
-0.034336
0.093660
0.013539
-0.043639
0.109007
0.109691
0.000810
-0.085187
-0.058708
0.113473
0.053597
-0.042834
-0.069876
0.095334
0.051598
-0.120275
0.045677
-0.022293
0.069948
0.003332
-0.023781
0.029441
-0.056791
0.112878
0.056031
-0.038163
0.030423
-0.191995
0.005895
-0.007338
0.033605
0.098841
-0.020274
0.061982
-0.247426
-0.005942
0.003837
0.031340
0.125051
-0.108776
-0.012872
-0.034612
0.289562
-0.091356
0.048767
-0.021089
0.111396
-0.039762
-0.034956
-0.027097
0.034506
-0.035318
-0.082782
0.004231
0.072315
-0.020835
-0.034845
-0.071219
-0.139170
0.025470
-0.062146
0.100037
-0.032410
0.036571
-0.059897
0.064737
0.002172
0.037351
-0.111420
0.155143
-0.036804
-0.020233
-0.000720
-0.100037
-0.121622
-0.042915
-0.072814
-0.011336
0.012031
0.100724
0.035173
-0.181442
-0.032297
0.041956
0.054279
0.079913
0.005693
-0.026729
-0.032271
-0.004581
-0.094938
0.048485
-0.145660
0.187402
-0.112147
0.024024
-0.150221
-0.064571
-0.005445
0.091863
-0.034213
-0.053753
0.256320
-0.002802
-0.129859
0.006441
-0.138833
-0.010928
0.021727
-0.041522
-0.066645
-0.011804
0.050264
-0.057132
0.079079
-0.015745
0.001904
0.166352
0.102113
0.017100
-0.085484
0.030904
0.040542
-0.030713
0.080598
0.189207
0.071244
0.068855
-0.012929
0.095243
0.092547
0.071347
0.024978
-0.093946
0.135926
-0.148605
0.028185
-0.152926
0.024759
0.062903
0.074819
-0.127522
-0.085386
-0.063333
-0.142270
0.030800
0.131509
0.014652
0.071473
-0.066037
-0.005985
0.172983
-0.016281
-0.009513
0.117348
0.060494
0.007105
-0.078734
-0.093215
0.091157
0.031202
-0.190077
-0.042296
0.000607
0.060110
-0.170749
-0.010061
0.098985
0.095986
0.005996
-0.071033
0.186421
-0.002167
0.036240
0.076556
0.004233
-0.001698
0.009780
-0.032821
-0.014354
-0.104183
-0.000224
-0.119375
0.091126
0.016213
-0.032142
-0.004094
-0.058159
0.115697
-0.083955
0.017890
0.028160
-0.052392
0.126357
0.080719
-0.038119
0.076955
-0.158173
-0.101193
-0.045847
0.127546
0.054461
0.223098
-0.024943
0.038779
0.142979
-0.047448
-0.040018
0.062216
-0.020067
-0.093379
-0.047277
0.025444
0.152463
-0.161135
0.018764
-0.032218
0.033991
0.004961
0.098119
-0.012209
0.178024
0.001823
0.012357
0.087627
0.158352
0.044729
-0.013533
0.128610
0.079036
0.103023
0.024308
-0.006771
0.093375
0.000077
0.147535
0.000845
0.050092
0.033492
-0.329473
-0.201727
0.027020
0.120938
-0.077828
0.179099
-0.158398
-0.032047
-0.035727
0.089173
-0.038085
-0.025676
0.261750
0.062132
0.079359
-0.024561
-0.062109
0.047627
0.103939
0.048600
0.080029
0.063547
-0.058594
-0.084309
0.003507
-0.073789
-0.123912
-0.153694
-0.096754
0.028905
0.115633
-0.076730
-0.121695
0.167978
0.010264
0.081467
-0.008659
-0.016023
0.022770
0.063153
-0.044783
-0.075871
0.003592
0.100746
-0.143644
0.033220
0.035289
0.000938
0.076664
0.064730
0.010218
-0.145730
0.012401
0.009983
0.099319
0.175294
0.018113
0.022386
-0.103824
0.006527
-0.056593
0.041807
-0.066796
0.045713
0.096050
-0.018204
0.034861
0.034013
-0.096791
-0.017266
-0.003921
0.026279
0.007766
-0.008760
0.067657
0.133996
0.046677
0.081478
0.133535
-0.001032
0.006706
-0.021396
-0.042517
0.087014
0.066063
-0.086582
0.089628
-0.037065
-0.027494
0.069640
0.125232
0.112223
0.032619
-0.083710
0.088454
-0.018418
0.002980
0.049295
0.265079
0.026087
-0.042084
0.126556
-0.034389
0.026374
-0.018747
-0.053300
0.044234
0.205847
0.115903
0.055449
-0.042247
0.013809
-0.008924
0.007634
0.068364
0.022629
0.059826
0.102762
0.023497
0.002623
-0.058843
0.082276
-0.026608
-0.081526
-0.151566
0.015985
0.012318
0.066267
-0.024184
0.147084
-0.039775
-0.036289
0.045227
0.123423
0.050718
0.070411
-0.018240
0.031753
0.161006
0.008361
-0.063548
0.026244
0.134673
-0.147683
-0.166289
-0.045948
0.100853
-0.040337
-0.097232
-0.109585
0.019810
0.047934
0.330990
-0.092361
-0.040777
0.016837
0.022184
-0.115930
0.084657
-0.049319
0.169241
-0.010366
-0.048265
-0.128792
-0.021868
0.036629
-0.055332
0.033983
0.011366
-0.116146
0.036451
-0.055513
0.048057
0.114772
0.016395
-0.233338
-0.137394
0.031273
-0.228197
-0.055852
-0.007325
-0.034195
-0.104516
-0.101860
-0.073332
0.067904
0.069111
0.100594
0.019091
0.096505
-0.058747
-0.208207
-0.014080
-0.027908
0.006517
-0.013656
0.029064
-0.081735
-0.004430
0.026883
-0.085995
-0.026904
0.053810
0.038253
-0.087169
-0.167296
-0.019464
0.004389
0.040732
-0.033376
0.048257
-0.010176
-0.041403
0.107706
-0.070515
0.007339
0.126073
-0.090930
0.037557
-0.014067
-0.040517
0.046897
-0.045662
0.007807
-0.107842
0.030743
-0.004644
0.122700
0.012559
-0.046936
-0.091740
-0.083622
-0.150610
-0.059165
-0.055360
-0.028592
0.171951
-0.062699
-0.217377
0.042939
0.191893
0.076210
0.045251
0.002572
-0.110381
-0.114604
-0.034138
-0.045832
-0.075816
-0.025772
0.033331
-0.028256
0.026465
-0.086270
-0.034069
0.018800
0.007355
-0.078120
-0.003012
-0.064702
0.046944
-0.209246
0.031318
-0.151897
-0.022511
0.167502
0.078969
0.031225
-0.177530
-0.025123
0.010804
0.068213
-0.083880
-0.005993
-0.125359
-0.042274
0.099445
-0.034392
-0.011001
0.078990
0.025517
0.008822
-0.142486
0.109571
0.094180
-0.009745
0.013085
0.078343
-0.011101
0.067788
0.036666
0.002532
0.037004
-0.011288
-0.038797
0.020198
0.008599
-0.016107
0.110021
-0.115070
0.118528
0.014453
-0.094453
-0.027741
-0.001534
0.030928
-0.017858
-0.066694
0.052294
0.043801
0.112355
-0.432340
0.016116
0.057465
-0.012552
0.226324
0.017932
-0.064808
-0.050070
-0.095146
-0.138862
0.044993
-0.004860
0.017253
-0.117830
-0.051014
0.001565
0.012731
0.005015
0.062533
0.000079
-0.117712
0.148807
-0.139396
0.094674
-0.063095
0.012348
0.033791
-0.053382
0.032083
0.040934
-0.032636
0.066614
-0.032645
-0.114444
0.046171
0.099633
0.109847
-0.091675
-0.016557
-0.089144
0.102983
-0.084901
0.038266
-0.135633
-0.022613
0.073564
-0.061930
0.091744
0.076276
-0.066654
0.063446
-0.010200
0.168564
-0.021532
0.173608
-0.082100
0.013782
-0.009281
0.124162
0.126166
-0.054432
-0.007113
-0.052367
0.068015
-0.262674
-0.026748
0.188873
0.007467
-0.229684
0.069482
-0.007432
0.052682
0.012942
0.067137
-0.133586
0.050498
-0.001560
0.008536
-0.095676
-0.094654
-0.249970
-0.004980
-0.036271
0.089188
0.013787
0.037084
-0.032045
-0.006753
0.097586
0.097640
-0.066353
0.110978
-0.231082
-0.007390
-0.107674
-0.029928
-0.064988
0.071795
-0.007131
-0.037969
-0.115575
0.119369
-0.130244
-0.082559
0.072335
0.035305
-0.052027
0.169542
0.120406
0.072886
-0.162266
0.116582
0.122613
0.053487
0.009203
-0.023565
0.041031
-0.000126
-0.031492
-0.084753
0.037508
0.044929
0.011059
-0.004408
0.049222
-0.000661
0.218588
0.098312
0.096488
0.083448
0.060367
0.028056
-0.136538
-0.114846
0.022974
-0.045179
0.039545
-0.001393
-0.051580
0.026863
-0.081152
0.013861
-0.013990
-0.041697
0.023478
-0.146666
0.076133
0.019092
-0.038703
-0.015177
-0.020396
0.066482
-0.025573
-0.091644
0.046654
0.087037
-0.042697
0.048231
-0.029000
0.122697
0.013262
-0.011408
-0.001567
0.074596
-0.141816
0.103377
0.028791
0.063130
-0.073633
-0.000621
-0.024578
0.038889
0.103446
-0.044409
-0.039755
0.102324
-0.061002
-0.126205
0.045855
0.058046
-0.044896
0.068310
0.018417
0.152903
0.075812
0.068929
0.081052
0.056407
-0.015730
0.051890
0.040649
0.026834
-0.122474
0.045324
0.018103
0.005198
-0.088825
-0.092392
-0.008425
-0.008703
-0.093540
-0.120276
0.051946
0.006283
-0.091353
-0.106225
0.139111
-0.092511
0.192513
0.037025
0.106194
-0.083691
0.033088
0.188316
0.003140
0.053402
0.061015
-0.051773
0.045500
-0.133490
0.022257
-0.084275
-0.046715
0.085631
-0.093399
-0.030457
0.020399
0.065584
-0.011186
-0.173621
0.006632
0.028873
0.018095
0.155183
-0.123198
0.103019
-0.052699
0.054530
0.002997
-0.044356
0.079897
-0.123789
0.067110
0.003089
0.006793
0.187267
0.005568
-0.080596
0.101919
-0.025823
0.040312
0.056260
-0.121771
-0.113834
-0.050028
-0.074779
-0.155940
-0.018014
0.122804
0.046989
0.230634
0.078863
-0.053468
0.007627
-0.033158
0.174820
0.041985
0.067672
-0.012868
-0.070680
0.007265
0.037958
-0.053878
0.022199
-0.022761
0.052048
0.248603
0.157252
0.117884
0.141448
-0.124802
0.005588
0.014285
0.008105
-0.038298
0.051018
0.076843
0.141468
0.008655
-0.061206
0.145339
-0.213706
-0.093031
0.066465
0.014306
-0.214020
0.008620
-0.059881
0.043046
0.265278
-0.013992
0.008324
0.002802
-0.043624
-0.050353
-0.093438
-0.033892
-0.054975
-0.174427
-0.048954
0.017731
0.053381
-0.016139
-0.013895
0.008549
-0.116308
-0.096324
-0.065251
-0.055797
0.012627
-0.074137
0.055721
-0.134718
-0.034219
-0.157997
0.038822
-0.010993
-0.034265
-0.052911
0.021826
0.042332
-0.030280
0.011679
-0.028880
0.024709
-0.076463
0.135287
0.008882
-0.005220
0.129009
-0.226098
0.068621
-0.028314
-0.146221
0.012577
0.146033
-0.131930
0.016751
-0.129249
0.012002
-0.003102
0.101258
-0.065183
-0.152483
-0.033397
-0.053712
-0.092785
0.099195
0.209526
-0.020285
-0.025813
-0.046978
-0.007642
-0.129107
-0.096870
0.021766
0.058093
-0.079091
-0.068156
-0.181557
-0.032310
-0.015693
0.047653
-0.072767
-0.128419
-0.107503
0.205033
-0.047576
0.099742
0.016943
-0.030368
0.006885
-0.103365
0.281351
0.036383
-0.023135
0.035397
-0.001734
0.125364
-0.003582
0.003895
0.185496
0.038346
-0.076272
-0.035197
0.005622
-0.014287
-0.045813
-0.030603
-0.079593
-0.064333
-0.172341
-0.085672
-0.050430
0.014865
-0.034345
0.009621
-0.108840
0.005953
-0.036718
-0.036130
0.036878
0.075895
-0.025007
0.065335
0.140738
0.112467
-0.044671
0.033157
-0.017886
0.092377
-0.077505
0.005263
0.121827
0.043960
-0.012643
-0.155006
0.019505
0.001557
0.001894
0.022601
-0.109750
-0.141166
0.148612
-0.049180
-0.132505
-0.009508
-0.101910
0.041904
0.018687
0.104555
0.003915
0.000753
0.077724
0.016070
0.040700
-0.092834
-0.085373
0.057553
0.006251
-0.003691
0.117760
-0.018578
-0.001408
-0.062924
0.059212
0.108851
-0.055946
0.105077
0.082561
-0.076508
-0.002073
-0.154961
-0.039925
0.005790
0.154926
-0.099262
-0.029237
-0.034015
-0.210537
0.033952
0.023238
-0.029165
-0.027031
0.110132
-0.043412
0.003888
-0.241384
0.020341
-0.045017
0.039494
0.166669
-0.013034
-0.120064
-0.203796
-0.003076
-0.035367
0.097811
-0.027339
-0.012522
-0.157717
0.128648
0.139721
-0.055702
-0.001428
0.016950
-0.002996
-0.045239
-0.024568
-0.094900
0.169916
0.127043
0.025708
-0.047537
0.004506
-0.104855
0.087922
-0.046295
-0.112989
-0.043318
0.062944
-0.110630
0.313745
0.079991
-0.042111
-0.024036
0.038994
0.049282
0.021766
0.094415
-0.154280
0.009837
0.030529
0.004313
-0.044479
0.032965
-0.028547
0.068991
-0.075544
-0.047063
0.022403
0.100188
-0.038912
0.016047
-0.137507
0.058915
-0.041091
-0.022137
-0.020274
-0.002972
0.196551
0.011246
-0.056063
0.078610
0.019867
0.011730
0.138558
-0.206546
0.023391
-0.003113
0.073310
0.129293
0.003085
-0.036860
-0.042682
-0.074493
0.040746
-0.048832
0.075406
-0.056521
0.006331
-0.006557
0.050243
0.013008
-0.167627
0.044825
-0.086628
0.033945
-0.093968
0.062690
-0.082635
-0.017710
0.011355
-0.003374
0.064775
-0.104063
0.133480
0.034100
-0.231246
-0.021440
-0.298260
-0.069098
-0.036244
-0.019218
0.077538
0.066762
0.173984
-0.039630
-0.165562
-0.029700
0.043370
0.059009
-0.117103
0.044960
-0.026280
-0.022827
-0.344609
-0.016985
0.050293
0.079732
-0.143172
0.016269
0.047362
0.032616
-0.129231
-0.007056
0.013710
-0.042676
-0.018275
0.023377
-0.007531
-0.035021
-0.048733
-0.143094
-0.178842
-0.042388
-0.045638
-0.027863
0.040710
0.111531
-0.047357
-0.034846
0.031595
-0.064340
0.047531
0.066565
0.002607
0.047500
0.105142
-0.051563
0.027222
-0.043809
0.086590
0.063165
-0.128470
0.017556
0.045707
-0.012183
0.183573
0.007205
-0.122745
-0.027159
-0.091722
0.022090
-0.059369
0.017181
0.126072
-0.195389
0.019907
0.084569
0.017355
0.001726
0.038789
0.074740
0.134271
-0.083733
-0.005429
-0.025911
0.033308
-0.071563
0.044725
-0.055376
0.145598
-0.251843
-0.119491
-0.059187
0.025552
-0.093906
-0.019419
0.065704
-0.045448
0.070769
-0.026183
0.042923
0.003530
-0.113351
-0.007098
0.041252
0.038673
-0.031073
0.144495
-0.105985
-0.026899
0.021090
-0.072613
0.015587
-0.005642
-0.044756
-0.073866
0.056224
-0.002275
-0.009807
-0.079971
0.031690
0.057813
-0.002311
-0.021686
-0.157033
-0.040405
0.020224
0.039600
0.137005
0.061016
0.004345
0.133132
0.016078
0.002719
0.002274
-0.025045
-0.056890
-0.051072
-0.019814
-0.059356
-0.033100
-0.014649
-0.029119
0.002621
0.003295
-0.033301
-0.078259
-0.344729
0.105354
-0.029399
0.065531
0.023426
0.047513
0.041202
-0.082985
-0.004213
-0.076811
-0.061516
-0.076798
0.047918
-0.216861
0.083889
-0.040833
-0.042851
0.008032
0.102745
-0.170651
0.215015
-0.089314
0.049966
0.050192
0.078347
-0.180935
0.034700
0.350273
-0.137535
0.068552
-0.014846
0.013004
-0.082074
0.006821
-0.042438
-0.089023
-0.005749
-0.034183
0.044571
0.006253
-0.007407
0.025326
0.035081
0.021016
-0.024391
0.088537
-0.061094
0.059329
-0.060712
0.002966
0.122874
-0.031195
0.356441
0.026677
0.056597
0.027853
-0.073937
-0.095173
-0.067682
-0.069094
0.066785
0.012678
-0.128167
-0.038695
0.043035
0.026728
-0.073156
0.027765
-0.075121
-0.051391
0.035618
0.071492
0.057642
0.062203
0.084566
0.043938
-0.007799
0.114259
0.099339
0.061853
0.002853
0.056133
0.057694
0.173041
0.014609
-0.081528
0.095413
0.042903
0.029805
-0.019256
-0.009325
0.010304
-0.013758
0.049776
-0.062220
-0.060775
0.014657
-0.069146
-0.069947
-0.060577
0.099194
0.042615
-0.101033
-0.065801
0.017805
0.030005
0.020391
0.060816
0.093661
0.129328
-0.037033
-0.032962
0.046910
-0.010396
0.080881
-0.028759
-0.065612
0.012902
0.058765
0.020727
-0.099778
-0.009937
-0.332916
0.098532
0.117981
0.033810
-0.142442
-0.107803
0.027937
0.025931
0.099145
0.009486
-0.250529
-0.099561
0.049188
0.021127
0.093310
-0.004835
0.115482
0.058148
-0.143682
0.036935
-0.118694
-0.093380
0.073728
-0.189944
0.138671
-0.063642
-0.083298
-0.128437
-0.171343
-0.102645
-0.006749
0.108112
-0.015227
-0.017030
0.051548
0.019373
0.004442
0.093438
0.060158
-0.229611
-0.023588
-0.068588
0.146749
0.073285
-0.139946
0.043855
-0.077226
-0.034973
0.003315
0.186660
0.028895
0.001286
0.035291
0.005844
0.109873
0.022466
0.040517
0.010206
0.022526
0.075499
0.016740
0.088530
0.099466
0.080579
-0.025316
0.120127
0.047908
0.000037
0.111301
-0.044082
0.099718
0.149206
-0.135022
0.060655
-0.071915
-0.012740
-0.131510
-0.020425
-0.029470
0.058038
-0.037334
0.004196
-0.157297
-0.042062
-0.053176
-0.134561
0.080736
-0.077378
0.039520
-0.046606
-0.123867
0.038866
0.017432
0.021493
-0.057335
0.163024
0.203158
0.105190
-0.056734
-0.069602
-0.025567
0.089429
-0.039877
-0.070024
0.026030
-0.031053
-0.203936
0.063187
-0.079595
0.053064
-0.220429
-0.203640
0.128472
-0.272647
-0.136154
-0.007757
-0.163993
0.051380
-0.061814
0.017362
-0.027961
-0.025083
-0.015887
0.106290
-0.101418
-0.042210
0.009918
-0.030237
0.146263
-0.026252
-0.043490
0.068121
0.160837
-0.034692
0.216912
-0.079637
0.015522
-0.046533
0.000733
0.034142
0.010896
-0.024002
0.032420
-0.199745
-0.063643
0.058393
0.004365
0.115414
0.083971
-0.048305
0.022480
0.076838
0.045783
0.054971
0.050245
-0.121553
-0.015305
0.033926
-0.062931
0.196195
0.072231
0.266481
-0.062747
-0.107065
-0.014350
-0.041382
0.068007
0.023798
0.020360
0.010273
-0.070463
-0.028344
0.098751
0.034066
-0.024606
0.151736
0.114948
-0.033903
-0.050523
-0.011725
-0.024038
0.104375
-0.134103
-0.061714
0.073966
0.056839
0.151771
-0.037529
-0.026972
-0.006671
-0.138050
0.103483
-0.065571
0.053129
-0.004433
0.069035
-0.062320
0.061079
-0.018947
0.051548
0.040973
-0.053774
0.075120
-0.029899
-0.060724
0.040666
-0.014352
0.015224
0.002410
-0.062764
0.117579
0.029294
-0.029364
0.017797
-0.012093
-0.037649
-0.017476
0.068227
0.016559
0.116603
0.071311
-0.104420
-0.130258
0.102066
0.053938
0.051426
0.006743
0.044437
-0.007464
0.039900
0.016868
-0.018220
0.044369
0.032863
-0.062797
0.055124
0.036856
0.162182
0.101233
0.005741
-0.035653
0.044451
-0.057037
-0.118325
0.071205
0.023136
0.049170
-0.019026
0.297778
0.052760
-0.039392
0.065388
-0.009457
-0.023176
0.021442
0.013133
-0.287575
-0.069833
0.133139
0.037879
0.077522
-0.046872
-0.117427
-0.104896
-0.035432
-0.060034
-0.078412
-0.033468
-0.036112
-0.018076
-0.028069
-0.028699
0.084362
0.050071
0.014280
-0.051177
-0.123029
0.108788
0.171790
0.078603
-0.030009
-0.095223
-0.024453
-0.182542
-0.005129
0.091173
0.030788
-0.034188
-0.012700
0.066027
-0.034405
-0.091502
-0.115554
0.010211
0.094902
0.270372
0.009141
-0.083131
0.079913
-0.059653
-0.078905
0.079461
0.108647
-0.017410
-0.003322
-0.101021
-0.135144
0.026463
-0.141368
-0.001188
0.043157
-0.004697
-0.025403
-0.065786
-0.066595
-0.149736
-0.099175
0.145574
0.072780
-0.080146
-0.022486
0.023050
-0.034710
0.005028
0.193016
-0.058288
0.001013
0.104969
-0.154060
-0.057421
-0.020518
-0.031673
0.102870
-0.043099
0.057713
-0.046951
0.034596
0.016645
0.073318
-0.113112
-0.008420
-0.068469
-0.250098
0.074578
0.016748
0.024196
-0.051265
0.036620
0.108007
-0.028196
-0.148045
0.079118
0.152695
0.093058
-0.065817
-0.059134
0.077262
0.112574
-0.005618
0.144604
0.010003
-0.003230
-0.118021
0.039744
0.013462
0.011160
-0.171749
0.286847
-0.092239
-0.216625
0.152419
-0.115641
0.075237
0.010675
-0.098147
0.001220
-0.017522
-0.045286
-0.052687
-0.151117
-0.076079
-0.011196
0.106142
0.152514
0.130561
0.111947
-0.016853
-0.010540
-0.135697
-0.008419
0.154973
-0.087122
-0.053980
0.047388
0.030270
-0.092027
-0.037221
0.087591
0.030239
-0.180382
0.071865
0.142718
0.035085
0.169734
0.069147
0.038731
0.003016
-0.129177
-0.045991
0.057546
-0.129508
-0.095501
-0.061302
0.068754
0.020867
0.203607
0.051265
-0.025686
0.050119
0.027885
-0.011053
-0.021183
0.141426
-0.084999
0.042612
0.125642
0.076324
0.166460
0.166044
-0.039794
-0.052464
-0.163042
-0.003138
0.019148
0.029160
0.081681
0.033861
0.003595
-0.000973
0.000859
-0.050867
0.049674
0.028982
-0.004663
0.019520
-0.119178
0.016248
-0.021694
0.007737
-0.019018
-0.030415
0.053277
0.034059
0.025247
-0.023958
-0.052428
-0.025976
-0.161905
-0.016823
0.059612
-0.024950
0.073314
0.011443
-0.011509
0.048601
0.008722
-0.076797
0.017674
-0.074956
-0.061770
0.010682
0.001039
-0.153924
0.085895
0.088605
0.018579
0.019569
-0.053490
-0.086324
0.161590
-0.009214
-0.047194
-0.052691
-0.023203
-0.008848
0.004432
0.022089
0.014699
-0.012334
-0.046437
-0.035593
-0.083466
-0.011055
-0.142604
-0.016181
-0.015054
-0.031534
0.082807
-0.038369
-0.126898
0.051632
0.103702
-0.001667
0.050426
-0.076810
0.028347
0.084410
-0.074552
-0.012314
0.000783
0.055512
0.009519
0.261538
0.017381
-0.091329
0.131812
-0.112255
0.060201
0.161781
-0.055439
0.054129
-0.156712
0.055204
0.121775
-0.065451
-0.065228
0.010663
0.076854
-0.015029
-0.012186
0.085062
0.087952
0.138208
-0.142116
-0.019129
0.096584
-0.100334
-0.039202
0.049712
-0.156371
0.046490
0.256492
0.052787
-0.020181
0.003859
0.089528
0.013810
0.051201
0.071873
0.094326
-0.127181
-0.088948
0.016567
0.032961
-0.073689
0.016659
0.020474
-0.122315
0.108624
0.140062
0.141853
0.113064
0.189850
-0.032771
0.107949
0.008920
-0.137990
0.050304
0.056552
-0.068595
0.045515
-0.026119
-0.104420
-0.169641
-0.125763
-0.026361
0.013058
0.014970
-0.110194
0.027016
0.156515
-0.002249
0.170945
-0.031522
0.014630
-0.015088
0.060076
0.042787
-0.022910
-0.146114
0.151221
0.061637
-0.051460
0.013294
0.133902
-0.036744
-0.115174
0.062958
0.159145
0.095420
0.078396
0.024959
0.105014
-0.063751
0.076413
0.034699
0.063885
-0.190592
0.019642
0.041876
0.028601
0.100828
-0.006406
-0.131121
0.023783
0.227635
-0.027125
-0.020619
-0.102183
-0.074413
0.031890
-0.041637
-0.164831
0.304410
-0.110249
0.064079
-0.034157
-0.131457
-0.118581
0.047275
0.198054
-0.003265
0.001698
0.073362
-0.180080
0.054546
-0.062284
0.041882
-0.155430
0.080800
0.025055
-0.043941
-0.064451
-0.021560
0.142056
-0.128200
-0.074336
0.042914
-0.059184
-0.085468
0.005100
0.171012
-0.062617
0.006070
-0.032216
-0.058231
0.029440
0.012707
-0.049458
0.022434
0.067851
-0.016259
-0.067028
0.045686
0.080061
-0.077692
0.037380
-0.008493
0.091987
0.090792
-0.015378
-0.096235
0.069407
-0.159218
0.010152
-0.122288
-0.021580
0.025179
-0.066889
0.092045
-0.070634
-0.062622
0.082962
0.071706
-0.012975
-0.028944
-0.102113
-0.052021
-0.049634
-0.005275
-0.056962
-0.018476
-0.029515
0.014089
0.162986
0.020128
0.080286
-0.024673
0.200904
-0.073846
-0.007165
-0.109629
-0.148212
-0.025303
0.057400
0.051028
-0.016032
-0.046760
-0.078300
-0.094498
0.101777
-0.004485
0.197916
-0.081044
0.123141
0.009911
-0.008763
-0.004618
0.007054
0.005780
0.077308
0.047481
0.123623
0.018905
0.006630
0.059291
0.029154
0.082159
-0.132552
0.186781
-0.070996
-0.102554
0.032120
0.051524
0.001408
0.176243
0.048332
0.081814
0.022420
-0.092190
0.016061
-0.033454
-0.007257
-0.052109
0.036305
0.126484
0.023145
0.049421
-0.033653
0.047483
-0.010931
0.034283
0.046818
0.008508
0.086834
0.151880
-0.022719
-0.059255
-0.047426
0.006463
-0.285880
0.001179
-0.048611
0.016465
-0.039772
-0.069050
-0.124822
0.026949
-0.024210
-0.015263
-0.107373
0.074626
-0.013779
-0.006763
-0.102779
-0.016233
-0.075408
-0.131394
-0.007624
0.059803
-0.008681
-0.021601
-0.006051
0.008078
0.172475
0.018172
-0.001489
-0.110495
0.170175
0.005601
-0.265433
-0.123048
0.053982
-0.097766
-0.019648
-0.065554
0.102961
-0.089129
-0.139185
0.201470
0.023272
0.248432
-0.074343
-0.079132
-0.053993
-0.125699
0.122742
-0.012932
0.022761
0.012141
-0.014660
0.074889
-0.021334
0.098204
-0.016650
-0.214076
0.103406
-0.058320
-0.206340
0.024792
0.003414
-0.144541
0.006798
0.003609
-0.070812
0.015998
0.003098
-0.077574
0.073554
0.106870
0.112859
0.031993
0.084865
-0.023899
0.006773
0.066231
0.140612
0.025547
0.125514
-0.052777
0.059807
0.090613
0.018953
-0.033602
0.104742
-0.042661
0.061383
-0.059598
-0.021509
-0.091102
-0.080511
-0.003179
-0.040059
0.056573
-0.146356
-0.043897
-0.108907
-0.052574
-0.138591
0.123121
0.043816
-0.171105
0.111628
-0.067381
-0.121531
-0.079991
0.128035
-0.012442
-0.061694
-0.088121
0.091097
0.116504
-0.023308
0.040403
-0.048112
-0.083234
0.052003
0.167819
-0.080688
-0.346166
0.064595
0.021250
0.026053
0.036625
0.121077
-0.067663
-0.113161
-0.065070
-0.014252
-0.055184
-0.003939
-0.084959
-0.025066
-0.006335
0.106221
-0.047192
-0.000164
-0.000214
-0.051522
0.073542
-0.158338
0.202309
-0.102990
0.044137
-0.057142
-0.020076
0.001031
0.015705
0.002963
-0.074377
0.036590
0.037882
-0.161675
0.015485
-0.056989
-0.001407
0.040901
-0.059165
0.086200
-0.098701
0.027962
-0.186160
-0.028784
-0.171030
-0.047458
-0.070306
-0.001213
-0.195575
0.012955
-0.051664
0.084204
0.079570
-0.018572
0.052972
-0.246092
-0.028912
0.043049
0.039078
-0.018445
-0.143965
0.006705
0.000659
0.028552
0.181214
-0.043096
0.008141
0.050465
0.048395
0.027160
0.023587
-0.048718
0.016149
-0.065684
-0.058963
0.035205
0.033568
0.055319
0.070542
0.040856
0.127459
-0.073959
-0.009846
0.048252
-0.074103
0.068043
-0.055282
-0.156023
0.031097
0.077124
0.075961
-0.157517
-0.064053
0.087617
0.070317
-0.055329
-0.032800
-0.012908
0.002794
-0.039165
-0.088140
0.129722
0.165817
0.013506
0.024335
-0.144098
0.048058
0.016252
0.043350
-0.041561
0.000279
0.022868
0.280347
0.049574
0.022290
-0.016164
0.187699
0.016023
-0.028188
-0.014996
-0.019395
-0.074602
0.088112
0.037296
0.023999
-0.067361
-0.032433
0.045006
-0.029767
-0.013789
-0.067571
0.021743
-0.107519
-0.047384
-0.033184
-0.041847
0.054049
-0.024890
-0.018401
-0.024426
0.058720
0.060204
0.283969
0.058317
0.006445
0.000886
0.010471
0.094241
0.043271
-0.014898
-0.095346
0.068453
0.053919
0.012093
-0.129231
0.011771
-0.014694
0.054869
-0.140264
-0.017049
-0.022551
0.085577
0.013940
0.066503
0.109281
-0.039047
0.051859
-0.077418
0.021464
0.081722
-0.059807
0.120480
-0.025636
-0.136896
-0.025314
0.156837
-0.047011
-0.020367
-0.182737
0.038108
0.055303
-0.009406
0.009984
0.002432
0.040270
0.034633
0.018502
-0.034393
0.062276
-0.004466
0.027397
-0.195072
0.123108
0.234646
0.084316
0.158458
0.006530
0.349019
0.044918
0.085609
-0.027646
-0.110355
0.014928
-0.101402
-0.110891
-0.024756
0.181642
-0.045849
0.044053
-0.020486
-0.123719
0.075644
-0.020949
0.083895
-0.005458
0.076779
-0.088176
-0.128537
-0.107412
-0.008099
-0.041377
-0.047808
0.114810
-0.020562
0.067653
-0.116042
-0.011679
0.012648
-0.107148
-0.137460
-0.098405
0.035727
0.103839
0.092024
-0.017734
-0.032504
-0.063591
0.057325
-0.037151
-0.089308
-0.142656
-0.002162
-0.083954
0.018448
-0.179186
0.002958
0.192815
0.072342
-0.072378
0.179104
0.044943
-0.198196
0.079476
-0.026821
-0.102538
0.078569
-0.352994
0.162185
0.065361
0.060442
0.025798
-0.011482
0.012094
0.065569
0.015128
-0.015663
-0.009509
0.087222
0.203456
-0.146824
-0.026546
-0.084683
-0.187602
0.089782
-0.004094
0.008000
-0.011147
0.058179
-0.122755
0.078328
-0.107952
-0.039076
0.073093
-0.109418
-0.023242
0.086343
0.021223
0.052461
-0.019143
-0.024715
0.204949
-0.031583
0.035073
0.083244
0.023110
-0.065188
0.062785
-0.056398
0.156467
-0.087485
0.125095
-0.026378
-0.016256
0.005484
-0.016811
0.065676
0.096467
0.006835
-0.082095
0.003569
0.046212
0.071132
-0.106926
0.064632
-0.000280
-0.074891
-0.066517
-0.118620
-0.025358
0.044235
-0.122771
-0.084876
0.001425
-0.010485
-0.110297
0.003807
0.050645
-0.094701
-0.087997
-0.011235
-0.073954
0.149093
-0.003358
-0.021030
0.023887
-0.137107
0.076560
-0.096745
-0.097819
0.018741
-0.095087
0.052578
-0.078134
-0.016716
0.017958
0.021304
-0.036632
0.072058
-0.054332
-0.090768
-0.055256
0.023263
-0.021846
-0.032167
0.003109
-0.110445
-0.020288
-0.074408
0.140719
-0.043665
-0.049297
0.044788
-0.151544
0.084587
0.012730
-0.000226
-0.054217
-0.019526
0.241812
0.078932
-0.118762
0.023848
-0.085796
-0.067608
0.084547
0.021410
0.000415
-0.021298
-0.087048
-0.103244
0.103930
0.247289
0.075602
0.045926
-0.010763
-0.112735
-0.049242
-0.045332
-0.034923
0.136282
0.063374
0.209686
0.071909
0.014445
-0.031913
-0.077280
0.114903
-0.041963
-0.115628
0.099874
0.081166
0.080679
0.079049
0.135410
0.012013
-0.064250
0.137045
0.117803
-0.030217
-0.008497
-0.072177
-0.012637
0.022830
-0.022492
0.112136
0.038830
-0.002076
-0.110278
0.032342
0.022180
0.006409
0.036788
-0.025134
0.011114
0.003148
0.007289
0.025339
-0.057270
0.109683
0.102822
-0.006452
-0.134303
0.013642
0.005163
0.032028
0.021266
-0.078065
-0.006963
0.006444
-0.127094
0.097039
-0.059201
0.059275
0.046502
0.033879
-0.026436
-0.093451
-0.013061
0.058475
0.101956
-0.040709
-0.041394
-0.036184
-0.175709
-0.244758
0.005894
0.027527
0.019889
0.011883
0.050221
0.101344
-0.014476
-0.254498
0.004253
-0.041489
-0.039469
-0.029057
0.113365
-0.058568
-0.090009
-0.034412
-0.134837
0.094096
-0.058087
0.074419
-0.033850
0.100454
-0.122963
-0.096645
-0.068627
-0.078957
-0.048019
0.099451
0.070798
0.038633
-0.015255
-0.088074
0.067670
0.034355
0.093110
-0.312822
0.117265
0.009869
0.023299
0.016784
-0.092291
-0.210299
0.120206
-0.051664
-0.144555
0.175980
0.038850
-0.039516
0.081302
-0.061672
-0.098651
0.004774
-0.088041
0.001116
-0.015495
-0.040405
-0.008581
0.403529
0.161989
0.078110
0.032249
0.166898
0.022676
-0.011208
-0.063006
0.013478
0.023319
0.070130
-0.125836
-0.043015
-0.107577
-0.005143
0.043217
-0.089824
0.238660
0.040689
-0.016823
-0.047024
0.013671
0.190263
0.051761
-0.031846
0.052948
-0.005165
-0.007448
0.187480
0.001729
0.039615
-0.031029
-0.062297
0.087637
0.005206
0.024285
-0.040958
0.111989
-0.024033
-0.019957
0.064274
0.057500
0.015836
0.141184
-0.089995
0.019950
0.053676
-0.012871
0.008753
0.126123
0.021079
0.027597
0.032109
-0.006253
0.000647
0.150170
-0.116389
-0.073542
-0.049352
-0.056496
0.158990
0.088373
-0.099739
0.003561
0.061668
0.080643
-0.049861
0.033386
0.029513
0.023362
-0.089215
-0.025570
0.015023
0.067720
-0.069609
-0.000062
0.058194
0.002693
-0.042253
0.154955
0.057860
0.123725
-0.071931
-0.033051
0.066931
0.064746
-0.000716
0.036629
-0.066162
-0.081246
-0.021907
0.171158
0.041544
0.076428
0.134482
0.002237
0.018054
0.008868
0.011370
0.066614
-0.105992
-0.069975
-0.042864
-0.017008
-0.105014
0.134744
-0.177543
-0.077872
-0.010876
0.075147
0.026377
0.030159
0.047130
-0.054508
0.213018
-0.019765
-0.057688
0.087907
-0.070115
-0.057423
-0.035882
-0.000190
-0.028129
0.097266
-0.073418
-0.050449
-0.035583
-0.094899
-0.029236
0.014592
0.061374
0.022056
0.163037
0.034335
-0.007176
-0.079266
-0.051651
0.019121
-0.009276
-0.188732
-0.088093
-0.011260
-0.128335
-0.044426
0.107170
0.053768
-0.017926
-0.247347
-0.010829
0.177605
-0.104659
-0.072003
0.086121
0.011497
-0.012810
-0.072697
-0.016940
-0.016564
0.085745
-0.015342
0.010320
-0.087603
-0.004911
-0.093344
-0.072934
0.053658
-0.062215
-0.113374
-0.072783
-0.146462
-0.189148
-0.153147
0.022185
-0.130744
-0.014829
0.098896
0.158081
-0.005404
0.009086
0.053621
0.078258
0.095416
-0.058106
0.028139
-0.050427
-0.170711
-0.006974
-0.089611
-0.072263
-0.000250
0.072788
-0.054932
-0.229311
0.007656
0.130639
-0.110938
0.010246
0.027579
0.081425
-0.078210
-0.102656
0.150702
0.077906
0.038322
-0.153054
0.023035
-0.080054
-0.021103
-0.008967
0.002078
-0.042207
0.008082
0.106310
-0.021342
0.061200
-0.050664
0.139608
0.031469
0.073679
0.048140
0.034656
-0.066394
0.151678
0.007844
-0.020367
-0.043900
-0.028215
-0.086682
0.157601
-0.108130
0.027079
0.145160
-0.033168
-0.124472
-0.177755
0.162346
-0.019092
0.108336
-0.046344
0.071656
-0.109175
0.047659
-0.100845
-0.011798
-0.048428
-0.011394
-0.058578
0.058141
0.081750
0.007310
0.014474
-0.027656
0.115450
-0.014655
-0.148643
-0.108776
0.089437
-0.007805
-0.063192
0.054571
0.176810
-0.028033
-0.054870
0.265450
-0.074740
-0.011012
0.127088
-0.020966
0.055052
-0.122654
0.006379
-0.012654
-0.005190
0.065939
-0.092023
-0.001353
0.029992
0.087094
0.042693
-0.118018
-0.006352
0.120434
-0.025403
0.063681
-0.068929
-0.088069
0.071999
-0.153127
-0.013735
0.081906
-0.264018
0.100190
-0.112138
0.085810
-0.077915
-0.013386
0.023328
0.062331
-0.104766
-0.287228
0.043152
-0.082212
-0.010929
0.001947
-0.105469
0.029171
0.091917
0.023166
0.007501
-0.016854
-0.011104
-0.162665
-0.002412
0.058301
-0.087095
-0.006678
0.156161
-0.170371
-0.061624
-0.041454
-0.057430
0.035977
0.102278
-0.001447
0.089081
0.018308
0.203436
0.177612
0.026221
-0.029804
-0.023413
0.201324
0.058425
-0.027296
-0.153384
0.006953
-0.088263
0.003519
-0.034850
0.014407
0.064152
-0.031298
0.008708
0.070718
-0.027155
-0.029531
0.039154
-0.269747
-0.039569
0.049497
-0.072435
0.010719
0.038103
0.047228
0.015624
-0.052097
-0.044431
0.072096
-0.033404
-0.017483
-0.069994
0.024690
0.008739
-0.059875
-0.046215
0.024496
-0.034861
0.105313
-0.075520
-0.008152
-0.145100
0.044501
0.052527
0.090048
0.089304
-0.024666
0.012533
0.048859
-0.100089
0.017023
0.021801
-0.112263
-0.102956
-0.003770
-0.015489
-0.049432
-0.003900
0.037185
0.186727
-0.040528
-0.139355
-0.119217
-0.144275
0.106010
-0.032181
-0.169832
-0.143442
0.001685
-0.043859
-0.042895
0.016741
0.093369
0.100048
0.024764
-0.070423
0.093285
-0.042877
-0.008029
0.043844
0.008021
0.098201
-0.229304
-0.047387
-0.013275
-0.152442
0.002901
-0.202325
-0.047415
0.173455
-0.022465
0.021004
-0.000442
-0.079040
0.003053
-0.059607
-0.029411
-0.082317
-0.081950
0.128074
-0.187319
-0.121777
0.009300
0.000923
-0.062982
0.011093
0.022669
-0.024824
-0.031301
0.000777
0.089565
0.031191
0.025525
-0.020735
-0.030841
-0.015283
-0.101016
-0.103435
-0.113653
0.184465
-0.116354
-0.085086
0.079489
-0.020560
0.302358
-0.107250
0.020442
0.038541
0.016512
0.024206
-0.154434
-0.094043
-0.002554
0.032973
0.077974
0.084568
-0.050810
-0.012125
-0.042498
-0.041967
-0.031293
0.038092
0.107549
0.159060
0.169654
-0.054219
0.010550
-0.028458
-0.013497
0.061541
-0.077811
-0.094083
-0.060776
-0.038698
-0.015097
0.098388
-0.053629
0.102686
0.121826
0.178436
0.009788
-0.099201
-0.044984
0.111949
0.005488
-0.115316
0.060760
-0.035768
-0.039564
-0.079946
0.111569
-0.126467
-0.038562
0.023125
0.054021
0.038018
0.028849
0.030082
0.068339
0.162454
0.054217
-0.020723
-0.105511
-0.303779
-0.038211
-0.068762
0.087010
0.081197
0.011366
0.034750
-0.035610
0.032539
-0.014203
-0.032265
-0.065904
-0.125351
-0.006892
-0.022963
0.078349
-0.111484
0.145293
0.219321
0.038918
-0.010351
-0.167884
0.020763
-0.095480
-0.002066
0.027955
0.020664
-0.050532
0.099732
-0.029869
0.035598
-0.085593
0.005724
-0.022144
-0.036312
0.057742
-0.126221
0.048189
0.093106
-0.008566
0.076435
0.009735
0.085121
-0.000557
0.010928
0.054186
-0.038130
-0.027657
0.080147
-0.032717
0.106707
0.054585
-0.011530
-0.014492
-0.068360
0.017273
-0.038077
-0.006040
-0.047258
0.243041
-0.207088
-0.112755
0.032374
0.073221
0.092301
-0.001442
-0.033563
0.064896
0.008447
-0.009607
0.005959
0.234339
0.051267
0.027956
0.087667
0.162773
0.030749
-0.035353
-0.181625
0.212542
0.070467
-0.079786
-0.057359
0.027176
0.039008
0.072023
0.023354
-0.096830
-0.064451
-0.068571
-0.090288
0.280152
-0.100128
-0.130811
0.034524
0.108010
-0.015164
-0.018356
0.009811
-0.041845
-0.095122
0.002939
0.012183
0.017679
-0.020447
0.077686
0.099164
-0.073230
0.026135
0.046133
0.043191
-0.101876
-0.089572
-0.071843
0.048106
0.043336
-0.015020
-0.160607
-0.002721
0.002061
0.017582
0.022409
-0.096263
0.060804
-0.022023
0.189305
0.145927
0.002603
-0.020881
-0.099607
-0.084748
0.042275
-0.264963
0.016053
0.112152
0.059420
0.175745
-0.022566
-0.073000
-0.209124
0.035057
-0.028356
0.030340
0.010253
-0.049866
-0.163350
0.081331
0.014528
-0.037054
-0.076438
0.089050
-0.019335
0.009379
0.043667
0.093076
-0.368640
-0.022763
0.032536
0.039248
0.017588
0.046403
-0.013715
0.100504
0.086912
0.012104
-0.024669
0.100626
-0.038400
0.093848
0.047907
-0.104376
-0.037156
0.142346
0.104173
-0.065758
-0.029784
0.033454
0.000460
-0.014705
0.058621
0.118749
0.159069
-0.000923
-0.149225
-0.090855
0.025489
0.010161
0.023353
-0.094106
-0.031178
-0.034037
-0.001102
-0.105313
-0.160632
0.060725
-0.046634
-0.002985
-0.188036
0.010099
0.038515
-0.007980
-0.068528
-0.060740
0.101501
-0.016209
0.099843
-0.076034
0.022935
-0.060872
0.004046
-0.040783
0.008446
-0.004692
0.001343
-0.024722
0.076139
0.210587
-0.102655
0.107887
-0.002452
0.064464
-0.017294
0.175029
0.057102
0.094505
0.071459
-0.005883
0.094331
0.024556
0.037373
0.099045
0.003175
-0.121797
0.074526
0.024887
-0.112350
-0.005062
-0.059221
0.051487
-0.105897
-0.000183
0.025473
-0.049494
-0.029102
0.191779
-0.013233
0.045167
0.077042
-0.186110
0.031735
-0.057346
0.135141
-0.160419
-0.029665
0.181917
-0.078260
0.016043
0.112917
0.230908
0.072705
-0.094469
0.125714
-0.060468
-0.049413
0.153400
0.003402
-0.100561
0.065825
-0.040784
-0.002249
0.055603
-0.060648
-0.036056
0.018120
-0.103468
0.086988
-0.148864
0.147781
0.011860
0.160651
-0.053074
0.004840
-0.073046
-0.016525
0.052899
0.072917
-0.052162
-0.036228
-0.124788
-0.009392
0.069794
0.005765
-0.103715
0.116776
-0.158167
-0.013027
-0.190478
0.015233
0.179989
0.008075
0.113085
-0.002327
-0.021102
-0.071104
0.012565
-0.058238
0.002425
-0.005970
0.029955
-0.003291
-0.031075
0.121021
0.254043
0.038835
0.031457
0.065628
-0.018654
-0.038089
-0.015864
0.028664
-0.031037
-0.032747
0.079871
0.084799
-0.057088
-0.029443
-0.223295
-0.192743
-0.028846
0.081505
0.014385
0.046011
-0.074227
-0.035497
-0.113231
0.113737
0.104568
0.047044
0.046301
-0.026237
-0.138485
0.009229
-0.002860
0.025921
0.064348
-0.102536
-0.189381
-0.047857
-0.049647
0.033210
-0.039033
0.067736
-0.111028
-0.109280
-0.130284
0.047616
-0.058086
0.018910
0.047944
-0.003793
0.023375
0.026606
0.021910
0.029574
-0.045508
0.051831
0.008771
0.137959
-0.042803
0.006834
-0.064095
-0.025487
-0.007975
0.015267
0.061634
-0.013540
0.062339
0.055417
-0.181904
-0.017182
-0.058931
-0.039256
-0.029424
0.007897
0.013607
0.065857
-0.097568
-0.007243
-0.120406
0.069816
0.084158
-0.182823
0.004913
-0.292508
0.049667
-0.160811
0.033483
-0.058900
0.025299
0.102852
-0.010680
-0.067530
0.064995
0.179655
-0.007481
0.028591
-0.040436
-0.086455
-0.041546
-0.051576
0.136660
-0.204714
-0.005280
0.042478
0.131342
-0.016651
-0.099786
0.010719
0.056477
0.096089
-0.013083
0.117259
0.062189
-0.145944
-0.041924
-0.008431
-0.177245
0.021377
0.055742
-0.004445
0.071424
-0.040522
-0.004823
-0.063738
-0.104366
-0.014535
-0.106873
0.019829
0.136325
0.063009
-0.032815
-0.087225
0.039607
-0.064179
0.071528
-0.085186
0.009287
0.099929
0.062615
0.009631
-0.073971
0.135278
0.059426
-0.134748
0.275451
0.074554
0.031016
-0.045303
-0.055525
-0.010716
-0.100976
0.011324
0.013945
0.034991
-0.009131
-0.045838
-0.004716
-0.039280
0.000646
0.131967
0.070416
0.054050
0.230653
-0.104744
-0.043911
-0.025090
0.022699
0.172594
-0.066683
-0.041933
-0.081285
0.019773
0.002956
-0.064555
0.123199
0.010187
0.066005
-0.006826
0.112259
0.042949
0.204015
0.141941
-0.089066
-0.071309
0.053981
-0.109757
-0.084366
0.009939
-0.029845
-0.010889
0.037975
0.040608
-0.003722
0.018815
-0.060034
-0.079777
-0.001015
0.094448
-0.071003
0.005138
-0.112394
0.016239
0.090337
-0.069344
0.154995
-0.041880
-0.094977
-0.076002
-0.008798
0.130100
-0.022141
0.040066
-0.162741
-0.034978
-0.041745
-0.060107
-0.024769
-0.006115
0.084106
-0.073215
0.186172
0.010681
-0.011072
0.125396
-0.042208
0.166621
-0.117875
-0.041219
-0.009595
0.043688
0.038635
-0.063333
-0.072380
0.022250
-0.202996
0.146542
-0.051178
-0.054222
0.011120
0.185480
0.010515
-0.127169
0.060459
0.074137
0.120842
-0.158975
0.076475
0.040350
-0.080254
0.009376
-0.108077
0.080866
-0.101975
0.165561
-0.001610
-0.010402
0.042896
0.001712
0.074197
-0.006685
-0.050960
0.042516
0.140835
0.039390
-0.020839
-0.015727
0.054816
-0.292647
-0.045188
-0.097863
-0.077608
-0.000727
0.012258
-0.230284
-0.051343
0.083856
-0.078140
0.029287
-0.096168
0.019946
-0.093113
0.168046
-0.105616
0.061557
-0.014620
0.118977
-0.302382
-0.043093
0.057941
0.030253
0.005968
0.039529
-0.035517
0.016525
-0.013492
0.067727
-0.059187
-0.018614
-0.093176
0.153111
-0.018605
-0.030812
-0.003870
-0.037677
0.096321
0.020845
0.083353
-0.038932
0.096247
-0.005055
0.011201
0.002961
-0.071240
0.024002
0.004710
-0.083947
0.052868
-0.013303
-0.103438
0.013582
-0.011511
-0.009291
0.065848
0.080966
-0.107975
-0.047923
-0.019561
-0.073784
-0.141223
-0.095611
0.012311
0.063620
-0.036904
0.011950
0.230446
-0.056389
-0.157100
-0.038804
-0.168620
-0.014848
0.087576
-0.176254
-0.038210
0.000780
-0.133800
0.007198
0.075339
-0.076658
0.015205
-0.212691
-0.029089
0.093379
0.061987
0.116022
-0.052777
-0.006713
0.072058
0.059316
0.018152
0.013659
0.005410
0.016716
-0.192856
-0.020997
0.058485
-0.000897
0.014575
0.079328
-0.004536
-0.074935
-0.113953
-0.048356
-0.120391
0.054979
0.049504
0.100211
-0.013769
0.016270
-0.140008
-0.118909
0.043780
0.004834
0.050872
0.095185
0.006654
0.039880
0.166872
0.086385
0.019244
0.031033
0.065285
-0.108587
0.069937
-0.041885
-0.088318
-0.180206
-0.142645
-0.132587
-0.005149
0.112657
-0.134032
-0.081238
-0.064939
0.102625
-0.029605
-0.004887
-0.043162
0.000126
0.063903
-0.115429
0.029369
-0.079210
0.007147
-0.010796
-0.034644
0.028662
0.114339
0.173647
0.162415
0.240734
0.024729
-0.013828
-0.000167
-0.036934
0.059169
0.075995
0.061942
-0.009851
0.039671
-0.191731
0.057934
0.065733
-0.151428
-0.029634
0.086554
0.026885
0.232248
-0.012203
0.026300
-0.094584
-0.031901
0.041846
0.004721
0.038629
-0.071585
0.052575
-0.243276
-0.000874
-0.086272
0.051888
0.160635
0.022157
0.036540
-0.016917
-0.003796
-0.000882
0.172232
-0.027045
0.092764
-0.095750
-0.182630
0.059111
-0.198421
0.140779
0.022576
0.188765
-0.073032
-0.015598
-0.176082
0.055492
0.082113
-0.039479
-0.036089
0.092989
0.067546
-0.012119
-0.017148
0.045769
-0.122020
0.008986
0.020177
-0.135068
-0.067543
0.042496
-0.008726
0.048727
0.080462
-0.085243
-0.027914
0.058296
-0.130903
-0.057498
0.039004
-0.002134
0.126525
0.067396
-0.122844
-0.022080
-0.125967
0.004839
-0.021234
0.112425
-0.069749
-0.054003
0.002267
-0.074777
0.017350
0.061845
-0.146804
0.169835
-0.008600
-0.001257
0.016403
-0.036428
0.145765
-0.044950
0.006623
0.036517
-0.059251
-0.056778
0.051398
-0.053326
0.071169
-0.228244
-0.023546
-0.132223
0.018460
-0.062212
0.184031
-0.205249
0.034558
-0.028896
-0.050631
-0.019850
-0.013577
-0.040542
-0.032646
-0.087880
0.026422
0.088051
0.041547
-0.033856
-0.190008
0.037114
-0.031157
0.027352
0.035134
0.153207
0.188033
0.136585
-0.051772
-0.065737
-0.023815
-0.048517
-0.028670
0.075375
0.052779
-0.121784
-0.028876
-0.008433
0.079856
0.030915
0.112775
0.029570
0.074814
-0.141398
-0.014953
-0.100962
0.059425
-0.093704
-0.020199
0.056767
-0.080060
0.009705
0.123782
0.072109
-0.084293
0.024828
-0.013685
0.000842
-0.030667
0.138039
-0.187748
0.025359
0.027650
0.051989
-0.010067
0.114448
-0.029286
0.151682
0.192410
-0.057846
0.011823
0.054763
0.063531
0.197140
-0.040983
-0.118625
-0.026965
0.023439
-0.022479
0.004276
0.056277
0.123622
0.125251
0.040747
0.006125
-0.018620
0.002239
-0.089290
-0.047938
-0.082313
0.074717
0.043881
0.008957
-0.074495
-0.077279
0.065231
0.053678
0.054785
-0.040704
-0.009251
-0.043821
-0.098317
0.160377
-0.074280
0.012739
-0.070649
-0.042385
0.068932
-0.033798
0.055676
-0.029902
0.076545
0.030587
-0.002116
-0.035995
-0.013595
-0.014221
0.169925
-0.148647
-0.022394
-0.342971
0.011120
-0.030155
0.008051
-0.022618
-0.043813
-0.068642
-0.198952
0.175079
-0.016827
0.099591
0.077695
0.050047
-0.012106
-0.031928
-0.103629
0.095417
0.118208
0.023417
0.052448
0.116170
-0.003268
0.043851
0.052466
-0.042273
-0.032917
0.078249
-0.024773
0.019273
0.003168
0.023509
0.177964
0.132690
0.031838
0.016159
0.026088
-0.003110
0.037958
-0.004078
-0.137096
-0.092752
-0.007449
-0.060116
0.028752
-0.002624
-0.034552
-0.101720
0.064646
-0.094321
-0.046477
0.375652
-0.011970
0.013956
-0.093255
0.102037
0.113633
0.130129
0.056627
-0.060372
0.016924
0.071330
0.015801
0.079605
0.031338
0.056450
-0.016743
0.063530
0.014609
0.066444
0.039415
-0.159875
-0.012210
-0.082560
-0.124172
-0.089811
-0.005805
0.044371
-0.212193
-0.041646
-0.155626
0.098147
0.005380
-0.035372
0.071751
-0.131146
-0.070116
0.016038
-0.128145
-0.062132
0.107209
-0.038769
0.087653
-0.170183
0.093788
-0.073758
-0.110909
0.104916
0.125109
0.055909
0.003876
-0.102029
0.098773
0.031219
-0.000351
-0.035477
-0.062055
0.068361
0.018601
0.049716
0.004231
0.135515
-0.105159
0.180665
0.014599
0.027173
0.041039
0.156995
0.009876
0.051487
0.121234
0.027064
0.047987
-0.158564
-0.014244
-0.017598
0.008765
-0.003815
-0.089675
-0.033983
0.042277
0.065537
-0.109777
-0.234081
-0.053059
0.088607
-0.012632
-0.183542
-0.293230
0.072628
-0.014782
0.022438
0.018929
-0.095656
0.065820
0.049150
-0.047271
-0.014814
-0.081322
-0.057906
-0.038986
0.070527
0.040640
0.132504
-0.027470
0.035096
-0.077231
-0.183961
0.072568
0.030796
-0.000620
0.081320
0.006265
0.125663
-0.226698
-0.011027
0.061131
-0.052897
-0.018086
-0.048739
0.008221
0.073702
-0.014758
-0.006104
0.049067
0.050362
0.017420
0.091536
0.096531
-0.123023
0.079488
-0.032152
-0.066051
-0.047339
0.021167
-0.035903
0.004821
-0.081095
-0.045062
-0.095586
-0.056464
0.006712
0.015845
0.016790
0.059999
-0.188551
-0.022818
0.040763
-0.013304
0.017344
0.026953
-0.014426
0.018789
-0.011862
0.004341
-0.213403
0.075651
-0.021191
-0.059311
-0.012329
0.056286
-0.073444
-0.005152
-0.031375
-0.052392
0.002233
0.011694
0.011117
-0.068948
-0.024036
0.084595
0.008969
0.006225
-0.049969
-0.014407
-0.029335
-0.059399
-0.001257
-0.068813
-0.000580
0.045876
0.071072
-0.000425
-0.296077
0.009722
0.036495
0.014631
0.050330
-0.170423
-0.216656
-0.061745
0.056988
-0.038615
0.030519
0.022001
0.099921
0.197561
0.029550
-0.146689
0.046994
-0.129521
0.125121
-0.017021
-0.001740
-0.089379
-0.014212
0.041967
0.286132
-0.009485
-0.080310
0.090018
0.018546
-0.086124
0.082545
-0.120724
-0.185897
-0.012513
-0.172206
0.005391
0.031040
-0.041956
-0.006066
0.149200
0.004787
-0.002049
0.067955
0.041993
0.230246
-0.139719
-0.069383
-0.103300
0.001957
0.043948
0.082179
0.072459
-0.024489
-0.080805
0.095320
0.135925
0.092596
-0.097678
0.020191
0.002523
0.022644
-0.103984
-0.039566
-0.064964
0.004438
-0.148815
0.009748
0.101987
0.010619
-0.015163
-0.034827
-0.016787
-0.076270
-0.051772
0.277173
-0.136371
0.020395
-0.158669
0.135450
0.031781
0.014382
-0.020209
-0.108151
-0.027588
0.057677
0.016060
-0.184873
0.007392
-0.030602
-0.006972
-0.087379
0.062390
0.090888
-0.007721
0.186599
0.098354
-0.017315
0.009742
0.014747
0.019576
-0.036360
0.237452
0.007484
0.090870
0.049925
-0.040495
0.064518
0.057479
0.074889
0.011068
0.019437
0.061685
-0.095866
0.050944
0.132164
-0.116496
-0.106953
-0.147426
0.038055
0.072506
-0.016166
0.008858
-0.039488
0.033165
0.136304
0.093872
0.062748
-0.048306
0.025064
0.023518
-0.009302
0.014029
0.042493
-0.037513
-0.113675
-0.040563
-0.163151
0.016636
0.039265
0.012741
-0.205955
0.010223
-0.012973
-0.037202
-0.002163
-0.015945
-0.202434
0.100183
0.000726
-0.005404
-0.014855
0.011396
0.124083
-0.027175
0.050638
-0.026770
0.128787
0.084766
-0.063281
-0.013019
0.034465
-0.188024
-0.092080
-0.051474
-0.032273
-0.045651
-0.079695
0.158599
0.043223
-0.071172
-0.015959
-0.154249
-0.021504
0.030826
-0.038806
-0.133525
-0.196465
-0.049830
-0.099430
0.024538
-0.053144
-0.062792
0.054351
-0.027360
-0.025342
0.019795
0.046152
0.393295
0.047675
-0.087366
-0.056720
0.002168
-0.042861
-0.003661
-0.037544
0.130347
0.008725
-0.097438
0.081870
0.034848
0.108717
0.120554
-0.000486
-0.094233
0.012355
-0.029101
0.013456
0.024889
-0.019523
0.032366
0.124749
0.046847
0.071743
0.069297
-0.082225
-0.004233
-0.062403
-0.064687
0.107139
0.089234
-0.055307
-0.079886
-0.039519
-0.071052
-0.014511
0.028596
-0.039129
-0.039661
0.124865
-0.005439
0.085324
-0.027869
-0.035010
-0.009449
0.039440
0.062485
0.005363
0.067580
-0.002024
0.067659
-0.044696
0.110341
0.006924
0.008765
0.062421
-0.012014
0.148579
-0.031440
0.038279
0.012325
-0.006520
-0.190221
-0.064950
-0.039944
-0.077743
-0.008165
0.077272
-0.041973
0.013946
-0.033115
-0.058655
-0.056098
-0.082577
-0.041163
-0.025156
0.081427
-0.013302
-0.021181
0.114394
-0.025106
-0.010930
0.132107
-0.098068
0.004007
-0.031324
0.019137
0.040829
0.230259
0.018110
0.018188
-0.316183
-0.060964
-0.019123
0.073147
0.013633
-0.099296
-0.070647
0.129971
0.196621
0.010519
0.322127
0.035689
-0.038373
0.169448
0.058593
0.021593
0.019506
0.038345
0.111811
0.028349
-0.097404
-0.011557
0.131441
0.223280
0.011146
-0.013457
0.086421
0.019447
0.017548
-0.127662
0.016135
0.029383
-0.095294
0.093290
0.210038
-0.008041
-0.004400
0.101198
-0.060579
-0.051881
0.079002
0.047259
0.012806
-0.037150
-0.050223
0.007538
0.076881
0.055139
0.120079
0.007448
0.239204
0.212861
-0.214841
-0.063403
0.010193
-0.074944
0.006857
-0.067292
-0.076014
0.022991
0.035988
-0.000524
0.190694
0.063954
0.009262
0.087453
0.025325
0.013090
0.103694
0.031820
-0.273340
0.123593
0.186885
-0.078011
-0.075269
0.004001
-0.072807
-0.194199
0.011396
0.065145
-0.024225
-0.007634
0.108733
-0.019865
-0.046235
-0.004352
0.000877
-0.001486
-0.068617
0.027820
-0.140744
-0.004896
-0.129746
0.060667
-0.051913
0.077084
-0.031701
0.035189
0.123082
-0.020824
-0.237072
-0.014333
-0.015004
-0.024030
0.031705
-0.048023
-0.016265
0.031138
0.001335
-0.019380
0.100830
-0.116242
0.138498
-0.001541
0.072972
0.170138
0.133600
-0.001432
-0.089226
-0.047025
-0.116699
-0.017472
-0.116602
0.104218
-0.056169
0.005310
0.023100
-0.007155
-0.058780
-0.011712
0.072065
-0.252730
0.199824
0.078663
-0.026050
-0.007746
0.048083
-0.129496
0.033687
0.015365
-0.037057
0.031593
0.048111
-0.044249
-0.063897
-0.003148
-0.019696
-0.263125
-0.057063
-0.005279
-0.006148
0.033809
-0.121450
0.065219
-0.016619
-0.015592
-0.031224
0.117935
0.051326
-0.016834
0.017882
-0.069834
0.073317
-0.172472
0.022858
0.217639
-0.033733
-0.003281
-0.028111
-0.021357
0.008505
-0.014061
-0.010045
0.087232
0.038697
-0.018227
0.052712
0.120809
0.094495
0.038753
0.039055
-0.101503
0.121638
0.098884
0.008197
-0.127898
-0.048797
-0.040550
-0.043396
-0.073342
-0.052661
-0.010940
0.033965
0.003009
-0.068496
-0.028584
0.174071
-0.197003
0.047525
0.021653
0.001943
-0.085401
0.030881
0.104167
-0.145204
0.037912
-0.033695
-0.011569
0.128032
0.017600
-0.017225
0.096826
0.050634
-0.042941
0.090102
-0.006080
-0.023874
0.011955
-0.054480
-0.069067
0.008856
0.036024
-0.070126
-0.017728
0.032604
-0.034459
0.047071
-0.207304
-0.032483
0.059244
0.085805
0.068457
-0.088373
0.081912
-0.045274
-0.067822
0.081858
0.130991
0.026751
-0.026393
0.067250
0.120835
-0.067535
-0.074294
0.148656
0.196295
0.051021
-0.055073
0.061049
0.053553
-0.025402
-0.034898
0.069336
-0.182216
-0.091781
-0.051435
0.206346
-0.022882
-0.020104
0.030829
-0.073309
0.083921
0.084837
0.020096
-0.151915
0.040098
-0.175644
-0.028108
0.042222
-0.064721
-0.013664
-0.065058
-0.004866
-0.134422
0.142014
0.104186
-0.166246
-0.089475
-0.047538
-0.190412
0.025397
-0.046953
0.165754
0.075643
-0.010866
-0.125152
0.021968
0.118507
0.073638
0.137038
0.049559
0.032989
-0.019143
-0.064120
0.004116
0.007681
0.014041
-0.099610
-0.026793
-0.092462
-0.074981
-0.099409
0.060899
0.257087
0.026918
-0.093234
0.163819
0.004584
0.213575
-0.056597
0.086055
-0.038681
-0.083084
-0.174090
-0.005926
-0.029038
0.138372
-0.031896
-0.136472
-0.036832
-0.004041
-0.090473
0.020708
0.054846
0.078313
-0.084976
0.079981
0.157621
-0.242473
0.057141
-0.208115
-0.001380
0.124915
0.226680
0.039485
-0.108109
-0.014715
-0.041018
0.125196
0.114241
0.133742
0.021261
0.014825
0.036483
-0.015973
-0.039757
0.098274
-0.074168
-0.191822
-0.076446
-0.000919
-0.149538
0.063127
0.089005
-0.030717
-0.012028
-0.010015
-0.020910
-0.013999
-0.030927
-0.011572
0.013895
-0.054147
-0.042631
0.016340
0.028000
-0.095370
0.043570
-0.174861
0.028416
0.021493
0.138578
0.035295
0.082235
-0.097272
0.037563
0.121486
-0.010497
-0.132780
-0.045956
0.119977
-0.002167
-0.008208
-0.089782
0.159421
0.005371
0.001812
0.040567
-0.012359
-0.086206
-0.060997
0.000451
0.048677
-0.191887
-0.082790
-0.049081
-0.056496
0.037161
-0.122240
0.071171
0.033995
0.073771
-0.038772
-0.089360
-0.021750
0.013917
0.061024
-0.042463
0.118155
-0.049276
0.109233
0.034038
0.125048
0.076071
-0.020266
-0.039562
-0.036769
-0.011810
0.068473
0.028063
0.033605
-0.267703
0.031556
0.004253
-0.042291
0.109268
-0.007605
-0.062559
-0.010145
-0.113913
-0.089811
0.011758
-0.096223
-0.009870
-0.114449
-0.044902
-0.066445
-0.073920
-0.120282
-0.007243
-0.027255
-0.036138
-0.001873
0.018571
-0.008066
-0.129662
-0.044545
-0.027652
-0.039258
-0.085820
0.056250
0.021459
-0.085452
0.209948
-0.143655
0.003426
-0.025247
-0.047566
-0.032330
0.022380
-0.196002
-0.097921
-0.027186
-0.048332
0.128551
0.067550
-0.055365
0.033700
0.042035
0.016480
0.115823
-0.075319
0.059297
0.129668
0.003109
0.056298
-0.033937
0.059298
0.074761
-0.083379
-0.024201
0.073789
-0.050886
-0.009008
0.121857
-0.058923
-0.150397
0.037682
0.204807
-0.019912
0.070981
0.037125
-0.092222
-0.107563
0.031049
-0.039451
0.093815
-0.047495
0.000605
-0.068825
0.075238
-0.001389
0.038383
0.014226
-0.080124
0.023578
0.118168
-0.060282
-0.120164
0.254918
0.090097
0.024530
0.093018
0.070765
-0.056782
0.009838
-0.002194
-0.061250
0.106197
-0.040070
0.037064
0.118027
0.058957
0.079830
0.007150
0.297187
-0.005916
0.040338
0.005327
0.043857
0.066352
0.039199
-0.135762
0.013634
-0.162206
0.203330
-0.001873
-0.027146
0.034611
0.045907
-0.051880
-0.135063
0.015786
0.037490
0.018190
0.005610
-0.249226
-0.021305
0.009062
0.110683
-0.088463
-0.037049
0.050303
-0.043629
0.088265
0.047764
0.003826
-0.064123
0.132740
0.100173
0.087203
0.005968
0.111432
-0.218372
-0.231387
-0.035236
0.063023
0.086631
0.050625
-0.102206
-0.068397
-0.134766
-0.160829
-0.021957
0.062792
0.022647
-0.106673
-0.059527
0.009372
0.005046
-0.004691
0.027303
-0.022696
0.176743
-0.059771
0.040695
-0.130806
-0.004810
0.245489
-0.080860
-0.038666
-0.044982
-0.041341
-0.007054
0.117224
-0.155168
0.096486
-0.062411
0.003252
-0.082919
-0.096984
0.070441
-0.032683
0.017386
-0.078378
0.147734
-0.038019
0.097737
-0.014805
-0.014196
-0.044455
-0.024573
-0.061037
-0.045100
0.014875
-0.057292
-0.070588
-0.008733
-0.012260
0.039851
-0.005660
0.058524
0.033585
-0.025198
0.118377
0.005989
-0.129423
0.095066
-0.114080
-0.088486
-0.053107
0.041296
0.245717
-0.028841
-0.273863
-0.058765
-0.073860
0.003386
0.029860
-0.034442
-0.001529
0.007808
0.040725
0.183935
-0.028950
-0.201928
-0.028684
0.007300
-0.076072
-0.114776
0.017403
-0.019669
0.038164
-0.007912
0.101355
0.081039
0.007360
-0.100762
-0.017425
0.030611
-0.012972
0.008039
0.106266
0.186789
0.061057
0.154592
0.082075
0.005908
0.197659
0.021437
0.050210
0.045373
0.099427
-0.101033
-0.111048
0.020717
0.006996
0.016411
0.100711
0.024337
-0.051183
-0.032009
0.017784
-0.098242
-0.064516
0.113088
-0.069831
0.001271
-0.174600
0.113303
-0.021040
-0.015628
-0.041723
0.012112
-0.036212
0.040969
-0.093974
-0.057580
0.010995
-0.004922
0.010148
0.104052
0.002598
0.015045
0.007464
-0.005275
0.028533
0.050558
-0.043452
0.134904
0.124954
0.071905
0.001685
0.085741
0.019781
-0.088587
0.011799
0.005485
0.032305
0.032215
-0.144473
-0.037433
0.044363
0.033193
-0.193972
-0.044581
0.002624
0.015963
0.022228
-0.410116
-0.003989
0.084430
-0.071049
0.001010
-0.129154
0.111140
-0.086784
-0.017463
0.045986
0.087178
0.116626
-0.080361
-0.076911
-0.024715
-0.056696
-0.139640
0.025908
0.067704
-0.050770
0.003027
-0.032285
-0.010615
-0.098393
-0.118763
-0.000756
-0.052916
-0.000456
0.030565
-0.187288
-0.014839
-0.036274
0.032516
0.184915
-0.059257
0.031747
-0.144803
-0.100811
0.022733
-0.185776
0.035989
0.005670
-0.127621
0.127463
-0.116162
-0.065935
-0.018693
0.017198
-0.082904
-0.025030
-0.070111
0.019802
-0.228009
0.184833
0.009110
0.035816
0.012053
-0.063128
0.043546
-0.009306
0.025169
0.023914
-0.006053
0.028114
-0.011224
0.054079
0.062184
0.000600
-0.021973
0.012513
0.075774
0.147119
0.044120
0.160439
-0.020476
0.040958
-0.147939
0.033545
0.018000
-0.096440
-0.055634
-0.090319
0.165775
0.006324
-0.058093
0.144342
0.099255
0.218084
0.095039
-0.026677
-0.011569
-0.071701
0.021568
-0.100840
0.202129
0.140158
0.128959
-0.024682
0.082610
0.070561
-0.046632
-0.113352
0.060681
-0.040590
0.046948
0.002694
0.152148
0.046148
-0.043416
-0.186310
0.230863
0.130236
-0.060579
0.075990
0.046469
-0.037317
0.045163
0.074768
0.149368
0.001564
-0.021919
0.105448
0.042048
0.070091
0.083492
-0.031748
0.073934
0.073113
0.051610
0.018911
0.024591
-0.014164
-0.211368
-0.065356
-0.084708
-0.191721
0.003760
-0.000255
0.036356
-0.173848
0.029516
0.022152
-0.016104
-0.034797
-0.049054
-0.010739
-0.046497
-0.104946
-0.020359
0.021551
0.000975
-0.006779
0.046523
-0.024163
0.104575
0.204445
0.017168
-0.019071
0.052973
-0.193345
0.000270
-0.071651
-0.035192
0.059047
0.003430
-0.026319
0.121355
0.026478
0.007079
-0.042349
-0.083688
0.193788
0.021344
-0.020377
0.004373
0.007240
-0.108061
-0.056823
-0.122864
0.009900
-0.023854
-0.035699
0.078591
-0.058204
-0.062269
0.036222
-0.267347
0.044733
-0.058188
0.025014
0.127237
-0.263247
-0.025013
-0.149533
0.032558
0.146136
0.159688
-0.045753
0.045728
-0.009902
-0.018913
-0.109101
-0.066819
-0.063563
-0.021509
-0.032891
0.025534
-0.001463
-0.027203
0.015793
0.085688
0.037752
0.072144
-0.113298
-0.003511
-0.057959
-0.046650
-0.035927
-0.011451
0.039055
0.027871
0.049484
0.102770
-0.142151
-0.092725
0.053830
-0.073292
-0.003167
0.030983
-0.052593
0.065783
-0.019240
0.012873
-0.143417
-0.014962
-0.118645
-0.140330
-0.091464
-0.087375
0.003918
-0.046707
0.115077
-0.047588
0.114993
-0.046859
-0.002825
-0.149630
0.008568
0.092751
0.060352
-0.163633
-0.105085
0.032741
-0.067336
-0.016018
0.026276
-0.130024
-0.005421
-0.177967
-0.046940
-0.067266
0.089243
-0.097122
0.019493
0.050585
-0.029380
0.048530
-0.003425
-0.049446
0.101827
-0.025206
0.160952
-0.150579
0.076885
0.013925
0.107368
0.241944
-0.010590
-0.017613
0.043635
-0.118546
-0.116589
-0.162721
0.048511
-0.106652
-0.149729
0.059298
-0.105480
0.017596
-0.064331
0.027223
-0.051273
0.089498
0.118660
-0.226588
0.131399
-0.093576
0.088505
-0.075935
-0.119191
0.032931
0.066913
0.019518
0.030450
-0.084772
0.134557
0.022731
-0.019855
-0.104856
0.056317
-0.019057
0.000250
0.153056
-0.000550
-0.073410
0.150252
0.127644
0.096987
-0.027234
0.022509
-0.006295
0.047614
0.059744
0.081834
-0.018190
0.076499
-0.073541
0.174617
0.125021
0.071134
0.019644
-0.050501
-0.004059
0.088820
0.054659
-0.052921
-0.052822
0.078929
0.028747
0.075446
-0.116461
-0.002830
-0.046364
0.102297
0.025172
0.096035
0.165309
0.222830
0.011106
0.074086
0.115401
0.030975
0.246686
-0.019452
0.068412
-0.029088
-0.042680
-0.004605
0.012974
-0.048907
0.090323
-0.001627
0.097048
-0.047045
-0.060807
-0.027147
0.111574
0.019629
-0.169442
0.005565
0.106510
-0.045382
-0.090446
0.040113
0.147548
-0.006362
-0.004350
0.075273
0.032440
-0.057350
0.028563
0.031701
-0.046088
0.006624
-0.028378
-0.132404
0.020767
-0.056541
0.259116
-0.005794
-0.097599
-0.176591
0.035953
0.024963
0.028220
0.092187
0.006791
-0.132852
-0.018709
0.073705
0.120747
-0.052614
-0.031427
-0.134894
-0.038607
0.041765
0.012572
0.025866
0.064860
0.063742
0.076430
0.081309
-0.062424
-0.057264
-0.109643
-0.100090
-0.118261
0.069281
-0.070353
0.042309
-0.005324
-0.019441
0.073035
0.061745
0.002775
0.032069
-0.209728
0.047483
-0.048685
0.041035
0.093662
-0.004220
0.187874
0.092070
0.052239
-0.096954
0.002057
-0.072710
-0.178905
0.038340
0.006893
0.101798
0.203432
0.072267
-0.122550
0.011934
0.329528
0.037753
0.106584
0.011608
-0.029592
0.093139
0.017892
-0.015067
-0.136570
0.026502
-0.017928
0.115572
0.033992
-0.074841
0.081464
-0.064108
0.022677
0.035838
-0.050351
0.023081
-0.073066
-0.001808
-0.075774
-0.032422
-0.012772
0.078166
-0.022765
-0.033449
-0.101506
-0.092351
0.005333
0.160535
0.050641
-0.110428
0.029780
0.031221
0.047801
-0.079602
0.141400
0.096406
-0.142051
0.084669
0.008129
-0.090615
-0.089848
0.079437
0.083827
-0.032673
0.153017
0.000788
-0.137558
0.084607
0.068936
-0.019099
-0.024945
-0.024806
0.149615
-0.076040
0.044864
-0.065621
0.008353
0.019909
-0.029036
-0.077423
0.008761
-0.083559
0.032525
0.011861
0.045271
-0.075261
0.091745
-0.235686
0.108637
0.010889
0.033263
-0.020101
0.055815
-0.010611
0.024476
-0.046059
-0.020131
-0.218698
-0.091772
0.125478
-0.039235
-0.009398
0.166019
-0.022759
0.013295
-0.031843
0.062978
-0.080037
-0.016429
-0.016320
-0.245329
0.075412
0.002244
0.101099
-0.162562
0.013080
0.031343
0.027396
-0.026075
0.091599
0.114542
-0.043962
0.020925
-0.024264
-0.041206
-0.012054
0.002848
0.211326
0.056429
-0.001376
-0.225775
-0.166027
0.025677
0.019690
-0.033340
-0.113251
-0.083094
0.000917
-0.080264
0.041469
-0.010347
0.120510
-0.043888
-0.092488
0.051711
0.047235
-0.079315
0.012580
0.071584
-0.048630
0.064721
-0.038133
-0.179458
0.093381
-0.004370
-0.042242
-0.003903
0.089394
0.147626
-0.026946
-0.009756
-0.059812
0.011493
0.068257
-0.165525
0.146082
-0.069883
-0.063590
-0.073232
0.105257
0.027186
-0.150554
0.158691
-0.135985
-0.049260
0.023663
-0.150108
0.041579
0.057249
-0.038271
0.032301
0.037821
-0.016160
0.163657
0.120125
-0.041048
-0.097183
0.046648
0.005372
0.019072
0.033420
-0.093212
-0.111744
-0.022190
-0.179042
0.036141
0.043921
-0.123102
-0.108625
-0.044001
-0.156938
0.044476
-0.006951
-0.125454
0.101103
-0.107556
0.095713
0.022458
0.006196
-0.108268
0.120053
0.231505
0.072649
0.059446
-0.164669
-0.031891
0.155040
-0.071056
0.009769
0.057636
-0.097000
-0.113629
-0.075305
0.100965
-0.008190
0.108117
0.079785
0.174278
0.017710
-0.003450
0.013209
0.010466
0.027490
-0.076232
0.031009
0.012797
-0.105219
-0.053169
0.034665
-0.010923
0.042168
0.030574
-0.006745
0.154018
-0.069824
-0.029953
0.017705
-0.008958
0.003757
0.165251
-0.010773
0.030024
0.082382
-0.121419
-0.000101
0.001566
0.094322
0.037028
0.157924
-0.101259
0.239137
-0.096994
-0.037065
0.111161
0.130925
-0.063708
0.010155
0.083924
0.081014
0.028974
-0.062402
-0.082022
0.072414
0.178263
0.028587
0.050095
-0.005306
0.031663
-0.015895
-0.046106
-0.144252
-0.029566
-0.000394
0.109982
0.018272
0.057300
0.191426
-0.090134
0.075177
0.070183
-0.074848
-0.014841
0.067360
-0.085846
0.003952
0.142770
-0.029378
-0.005213
-0.123568
0.140805
-0.079705
0.060347
0.082250
-0.114514
-0.051300
-0.027953
-0.030656
-0.040869
-0.010663
0.036614
-0.186493
0.016625
0.031243
-0.002198
-0.011776
-0.079174
0.063840
0.045824
0.045333
0.192074
0.143833
-0.009901
0.038797
0.069258
0.087911
-0.059650
0.017593
-0.030961
-0.020963
0.234475
-0.108798
-0.093668
-0.126920
0.124358
0.055242
0.137912
0.007873
0.028463
-0.090904
0.033318
0.046204
-0.049960
-0.050034
-0.014445
-0.001646
0.020918
0.006406
0.176957
0.118580
-0.006439
0.057587
0.025526
0.127790
-0.114023
-0.040365
-0.036027
-0.001312
0.070393
-0.184592
0.051721
0.223585
-0.100396
0.076155
-0.163880
-0.017596
0.000403
0.081677
-0.025035
-0.075963
0.111242
-0.115709
-0.147807
-0.003306
-0.027457
0.019479
-0.033707
-0.048634
0.228211
0.048399
0.047185
-0.041273
-0.024862
-0.069978
-0.073354
0.018858
-0.078632
-0.147975
0.001557
0.007590
-0.009231
0.093003
0.194865
0.047519
-0.009489
-0.008784
-0.041705
-0.075340
-0.156531
0.139824
0.179778
-0.182979
-0.008599
-0.100962
-0.072508
0.060826
-0.035823
0.019659
0.026603
0.116229
0.134618
-0.173311
-0.001072
0.012375
-0.031134
-0.019612
0.032585
-0.050533
-0.012609
-0.045308
-0.125167
-0.069961
0.017612
-0.075748
0.066898
0.039550
0.018220
-0.100293
-0.100658
0.066469
0.106701
-0.031237
0.104398
-0.132310
-0.098567
-0.030153
0.056498
0.058964
0.095419
0.025023
-0.096908
0.130302
-0.069521
-0.036192
-0.049587
0.070544
-0.134225
-0.019214
0.139356
-0.141148
-0.009114
-0.134061
0.086167
0.004664
-0.116015
0.014188
-0.073812
0.076065
-0.025479
0.033222
-0.145226
0.041003
-0.080772
0.029699
-0.028435
0.022065
-0.113588
-0.211966
-0.147597
0.065574
0.115415
0.212943
-0.027029
-0.016852
-0.128866
0.114053
-0.031997
0.005694
-0.063293
-0.001264
0.064076
0.003490
0.045845
-0.101305
0.098234
0.041100
0.124411
0.035478
-0.050542
-0.074317
-0.114953
-0.002825
0.086422
0.068795
0.087456
0.010780
0.009660
-0.048722
0.029461
-0.014091
0.218133
-0.121895
-0.006818
0.010795
0.049027
0.096285
-0.223285
0.018277
-0.023368
0.159656
-0.035615
-0.175502
0.006339
0.027322
-0.094158
-0.095880
0.088303
0.150569
-0.105131
-0.034998
-0.235009
-0.152302
-0.101516
0.006941
0.031859
-0.084714
-0.031985
0.088379
-0.092199
0.134136
-0.104437
0.029332
-0.000995
-0.009450
0.005779
0.114185
0.025708
0.117250
0.084028
-0.073334
-0.039478
0.023243
0.099635
-0.024345
-0.148400
0.043373
0.020548
0.050836
0.023718
-0.057058
0.054350
-0.057429
0.011770
-0.009988
-0.062919
-0.029421
0.018122
-0.007043
-0.054296
0.080216
-0.061116
0.007451
-0.001986
-0.005377
0.073841
0.074389
0.062164
0.023090
-0.028624
-0.007467
0.088195
0.007296
-0.059880
0.053374
0.046385
-0.175874
-0.209777
0.090570
-0.000392
0.015862
-0.130301
-0.070094
0.238072
0.071432
-0.026854
-0.089084
-0.021478
0.076744
0.053893
0.030428
-0.064829
0.040875
-0.026363
-0.057887
-0.012510
-0.071693
-0.048353
-0.126831
0.062786
-0.082840
0.037858
-0.076229
-0.039290
-0.016884
0.103947
0.114636
-0.045554
0.047294
0.051134
-0.083929
-0.274508
-0.077780
0.111246
0.077204
-0.100395
-0.030742
0.014987
0.170580
0.044129
-0.034822
-0.136461
0.027719
0.044713
0.002641
0.151837
0.145850
-0.027256
-0.153279
0.093248
0.038577
0.046165
0.099304
-0.039842
0.009381
-0.314595
-0.040121
0.057227
-0.025589
-0.118047
-0.033270
-0.088818
-0.085882
0.067482
-0.116235
0.156111
-0.020862
-0.029492
-0.051353
-0.057438
0.034409
-0.054709
-0.054887
-0.020355
-0.111559
-0.074052
0.049071
-0.209963
0.025511
0.000508
-0.039675
-0.160258
-0.009621
0.022802
-0.022451
0.020952
0.033520
0.036913
-0.116470
-0.149598
0.041881
-0.014778
0.168096
0.089810
-0.057127
0.022329
-0.046651
0.023075
0.005763
-0.061621
0.000970
-0.036365
-0.015023
-0.062931
0.022090
-0.107879
0.170526
-0.068361
-0.036189
0.022673
0.000198
-0.059865
0.183238
0.028835
-0.131422
0.074814
0.016980
0.042985
0.160881
-0.128686
0.046310
-0.047397
-0.127811
-0.178915
0.000882
0.021605
-0.087075
-0.015479
-0.251953
0.060263
0.039233
0.045488
-0.035538
-0.058686
0.196122
0.005111
-0.006353
-0.032887
-0.074685
-0.019632
-0.043064
-0.026751
-0.098570
0.120428
-0.038541
0.151430
-0.028601
-0.088883
-0.054673
0.035953
0.119006
-0.005608
0.163445
-0.070698
0.096791
-0.070298
-0.008513
-0.119316
-0.063888
0.044573
-0.046421
-0.177862
-0.035097
0.151239
0.053139
-0.047389
0.086571
0.007719
0.000000
-0.194913
-0.074198
0.022627
0.014463
-0.069346
0.061174
-0.061149
0.034282
0.111085
-0.024636
-0.009072
-0.000872
0.051674
-0.098384
0.028936
-0.013551
-0.001226
-0.052673
-0.076767
-0.000485
0.006791
-0.054648
-0.051865
-0.212315
-0.056287
0.017886
0.015173
0.011926
0.102352
-0.174464
0.132271
0.012868
-0.030886
0.318361
-0.205075
0.024392
0.045068
-0.041273
-0.062151
0.017942
0.113209
-0.040370
-0.041782
0.017303
0.066610
0.034842
0.012993
-0.097072
-0.093533
-0.130952
0.059556
0.044453
-0.117662
-0.008149
0.010795
0.004510
0.011790
-0.136653
-0.019124
0.059843
-0.032731
0.013470
-0.005904
0.010660
-0.172014
0.029998
-0.074204
-0.078190
0.054408
-0.009301
0.042484
-0.118280
-0.088313
0.015372
-0.148180
0.028988
0.012724
0.022685
0.033208
-0.009270
-0.047359
-0.071758
-0.169687
0.040947
0.185312
-0.036188
0.008000
-0.082432
-0.027407
0.016855
-0.066769
0.068039
0.054980
0.112620
0.024758
0.083398
0.057736
0.107679
0.131998
-0.061454
-0.194046
-0.057676
0.031810
-0.093984
0.083678
0.113685
0.090097
0.157184
-0.082117
-0.037015
0.036198
-0.097629
0.173932
0.060404
-0.031190
-0.107560
-0.115760
0.088253
0.000199
-0.061114
0.067254
0.069552
-0.012057
-0.155981
-0.111830
0.053275
-0.234668
0.077251
-0.136879
0.132469
0.094300
0.059005
0.020034
-0.194099
0.082826
-0.065485
0.113319
-0.066532
0.016728
0.043528
-0.014532
0.025721
0.157505
0.104567
0.030375
0.002754
-0.065992
0.059992
-0.018730
0.056042
-0.013029
0.014586
-0.046641
0.094570
0.008088
-0.075319
0.038584
-0.029113
0.079766
0.060788
0.057598
0.021397
-0.063041
0.079806
-0.171054
-0.045798
-0.066554
0.099166
-0.083575
-0.011110
0.018058
-0.093003
0.023845
0.265840
-0.008640
0.043037
0.059861
-0.062462
0.063612
-0.217667
0.147784
-0.058959
0.046058
0.110782
0.011934
0.075253
-0.034616
-0.103913
-0.087716
-0.069708
-0.049085
0.020588
0.074026
0.024526
0.009529
-0.010661
0.063786
-0.017696
0.036541
0.250155
0.020412
0.067718
0.141738
0.031309
0.028938
0.145342
-0.005980
0.073162
-0.027796
-0.099571
0.006866
-0.012816
-0.109562
-0.081980
-0.270488
-0.086165
-0.109443
0.000540
0.126207
0.064146
-0.049713
-0.139105
0.042561
-0.003352
0.076246
0.058264
-0.207043
0.017194
-0.001387
0.083757
0.159558
0.142429
-0.119634
-0.084393
0.014143
0.080565
-0.090091
-0.080815
0.072104
-0.050571
-0.022375
0.042983
-0.177083
0.028722
0.046080
-0.220949
0.080140
0.050115
-0.139805
0.100305
0.070578
0.017637
0.016505
-0.047437
-0.011385
-0.006232
0.021758
-0.033099
0.006892
-0.030898
0.033317
0.034610
0.026014
0.051725
-0.164860
-0.086712
-0.026511
-0.000820
-0.037205
-0.091057
-0.154486
0.083957
0.013378
0.022191
0.053218
-0.121358
0.019519
0.038015
0.176141
-0.025944
0.006405
-0.031343
0.108171
-0.038261
0.058914
0.186735
0.012311
-0.039158
-0.099657
-0.075609
-0.166566
-0.009838
0.040010
-0.016733
-0.002538
0.074424
-0.001890
0.076378
0.023001
0.032245
-0.034426
0.187827
-0.082789
-0.111065
-0.008236
0.107347
-0.005134
0.002963
-0.132515
0.039206
-0.061289
-0.033123
-0.115500
0.051168
-0.011539
-0.101870
-0.128157
-0.019727
0.026663
0.196661
0.002865
-0.046065
0.091842
-0.059956
0.046489
0.080624
0.123402
-0.005339
0.021214
-0.037115
0.091486
0.038304
-0.006393
-0.007258
0.049759
0.013013
-0.015745
-0.046525
-0.167548
-0.013653
0.015514
-0.093338
-0.027553
0.088465
-0.034502
0.043892
0.075063
-0.025247
-0.006464
-0.037817
-0.169335
-0.128067
-0.037701
0.040186
0.013825
0.044301
0.167234
0.035819
-0.051265
0.218447
-0.043241
0.083142
0.023149
0.073294
0.007881
0.066729
-0.003840
0.028326
0.097758
-0.106714
-0.022001
-0.035988
-0.217244
-0.055703
-0.051648
0.082195
0.088439
0.070264
0.056676
-0.044382
-0.007815
-0.008137
0.021719
0.006188
-0.042316
0.093872
-0.026162
0.284465
-0.093436
0.194405
-0.109894
0.027957
0.145094
0.051144
0.056467
0.016290
-0.081713
0.107576
-0.061521
-0.077088
-0.084944
0.089512
0.044717
-0.044109
-0.061317
0.107275
-0.048708
-0.170574
0.112810
-0.063869
-0.004042
0.011772
-0.137398
-0.045085
0.017203
-0.052736
0.043635
-0.063104
-0.027159
-0.030444
0.274742
-0.156831
-0.037946
-0.034728
0.060459
-0.005060
-0.069390
-0.022442
0.002688
-0.018119
-0.121172
-0.052832
0.049942
-0.042146
-0.031868
-0.023301
-0.256435
-0.020314
-0.009506
-0.023479
-0.018619
0.114573
-0.072911
-0.022714
-0.035762
0.061562
0.055084
0.076584
0.280618
-0.066182
-0.040554
-0.052332
0.181450
0.001728
0.030246
-0.025614
-0.069967
0.025152
-0.086389
0.010038
-0.073707
0.059757
0.089207
-0.027391
0.038022
0.034324
0.118942
0.071063
-0.050462
-0.026857
0.094682
-0.037623
-0.005112
-0.017134
0.133256
-0.097841
-0.017553
0.011877
-0.032458
-0.020686
-0.028946
-0.085771
-0.001555
-0.044729
-0.005634
-0.005523
0.050681
-0.238412
-0.069641
0.071747
-0.141699
-0.020322
-0.042933
-0.187499
0.215491
-0.079612
0.068449
-0.092106
-0.094647
0.049167
0.046072
-0.168086
0.134490
0.003736
-0.104623
-0.004338
-0.045083
0.043074
0.027444
-0.011617
0.164309
0.011367
0.125001
-0.034237
-0.063952
0.020518
0.034909
-0.021559
0.075769
-0.013710
-0.255200
0.029435
-0.023310
-0.003934
0.034959
0.085431
0.217234
-0.022075
0.050795
-0.080165
-0.063423
0.134785
-0.020674
-0.090705
-0.000162
-0.038474
0.011616
0.123222
0.097441
0.031629
-0.130860
-0.010228
0.030491
-0.103562
-0.137925
-0.137335
-0.130535
-0.019518
0.007715
-0.077565
0.072441
0.031736
-0.153306
0.097873
-0.109664
0.102691
0.147298
-0.063231
-0.045345
0.093628
0.102952
-0.182659
0.143493
-0.020801
-0.095190
0.015850
-0.132347
0.038968
-0.097999
-0.062435
0.009302
0.173555
-0.058435
0.000338
0.040500
0.010725
0.096063
0.022348
-0.064374
-0.064563
-0.042373
-0.107206
0.065072
-0.081205
-0.090635
-0.043280
-0.011086
-0.049715
-0.021665
0.044485
0.090755
-0.035403
-0.114681
0.090809
0.056774
0.146854
-0.180013
-0.043319
0.006064
0.030205
-0.025145
-0.123267
-0.041810
0.006930
-0.004665
-0.067605
0.114126
-0.060996
-0.112369
0.073169
0.134248
-0.023519
-0.095471
0.094496
-0.014129
0.050435
0.003067
-0.053424
-0.023215
0.000208
-0.076012
0.080513
-0.019367
0.000218
0.043983
-0.182795
0.009834
-0.017534
-0.097065
-0.028983
-0.020323
0.137011
-0.022373
0.000115
-0.011642
-0.059925
-0.117761
0.018396
0.167073
-0.059417
0.154495
0.120733
-0.015652
0.072343
0.185836
-0.139951
-0.147915
0.089732
0.133664
-0.035384
0.014421
-0.063940
0.058504
0.067646
0.230883
-0.112140
-0.005457
0.093279
0.018039
-0.040459
-0.060287
-0.089285
0.066514
0.045536
-0.093576
0.013786
-0.029299
0.010056
-0.102832
0.037670
-0.007039
-0.037267
0.079374
0.054414
0.168941
-0.108958
-0.059795
0.133399
0.031034
-0.010589
0.000951
0.027039
0.005698
-0.095882
0.048948
0.002847
-0.068115
0.008629
-0.027025
0.021438
0.040387
-0.009519
0.135119
-0.036372
0.019797
0.060622
0.103356
-0.061480
0.042902
-0.029670
0.040518
-0.066771
-0.114959
-0.054154
0.426700
-0.139459
0.036118
-0.091119
0.008023
0.007616
0.006651
-0.111928
-0.087453
-0.025800
-0.105995
0.012396
-0.052510
0.041723
0.041382
-0.086962
0.036756
0.060527
-0.029461
-0.013098
-0.217444
0.090493
0.360478
0.185665
0.188644
0.023251
0.010585
0.183352
0.035967
-0.036492
0.012849
-0.000357
0.016227
0.176603
0.038163
0.004534
0.043757
0.042270
0.052793
-0.114488
0.010574
-0.044157
-0.212239
0.082083
-0.042091
0.045218
-0.148082
0.037340
-0.052966
0.014696
-0.163931
0.046159
-0.060653
0.030804
0.140360
0.055705
0.120909
0.035757
-0.152529
0.115013
-0.039416
-0.043960
-0.030486
-0.071280
-0.166502
0.138112
0.028005
-0.000085
0.012701
-0.017003
-0.077978
-0.021249
-0.185020
-0.020873
-0.005184
0.009762
-0.029063
0.000483
0.079933
-0.066006
-0.135480
-0.094599
-0.025958
0.101777
0.007248
-0.006135
-0.057327
-0.054143
0.012431
0.053184
-0.135050
-0.031228
0.150425
-0.045204
0.092811
0.046714
-0.020363
0.047261
-0.009536
0.111484
-0.127802
-0.036748
0.045258
-0.081198
0.004435
-0.045954
-0.042405
-0.027075
0.023985
-0.040483
0.042964
0.126795
-0.005546
0.067214
-0.003199
0.083620
-0.209460
-0.008022
-0.034856
0.025958
0.095441
0.061436
0.012118
-0.151481
0.103857
0.017120
0.070602
-0.030639
0.091130
-0.050725
0.024431
-0.047661
0.069300
0.026801
-0.102791
-0.094121
0.071170
0.021540
0.002021
0.029043
0.042482
-0.033776
0.021024
0.000895
-0.007837
0.100142
-0.007845
0.030474
0.042333
0.039148
0.003464
-0.084584
-0.009823
-0.110807
-0.252594
0.034663
0.057626
-0.023311
0.001755
0.041527
-0.007444
-0.013280
-0.144670
0.019176
-0.017822
-0.018274
-0.060234
-0.005468
0.041286
0.084529
-0.003483
0.028364
0.097434
0.116014
0.008260
-0.037976
0.097137
-0.158392
-0.011065
0.044681
-0.092737
0.078681
0.065811
-0.043343
-0.132327
-0.054502
-0.063923
-0.136421
-0.019258
0.007170
-0.094831
0.004871
0.051829
0.110377
0.136878
-0.197107
-0.133387
0.096021
0.079054
0.075001
-0.055217
-0.057443
0.030095
0.039942
0.011535
-0.012015
-0.329442
-0.010522
0.035886
-0.018415
0.029336
-0.077090
0.045707
0.087060
-0.055596
0.099274
0.064106
0.053882
0.005740
-0.286753
0.013981
0.024170
0.039937
0.045792
0.054182
0.034889
-0.143677
0.018037
-0.015381
0.004157
-0.000535
-0.000325
-0.121898
0.066428
-0.043574
0.050902
0.034184
0.098090
-0.114321
0.178750
0.027173
-0.017754
0.038125
-0.004833
0.069443
-0.002942
0.010441
-0.093722
-0.050445
-0.200684
0.085945
0.066609
0.087539
0.209187
-0.011154
0.041382
0.293362
-0.136322
-0.040423
-0.087247
0.110880
-0.014092
0.033002
-0.010119
-0.114209
0.014233
0.176948
0.001766
0.119005
-0.025837
0.073155
0.106228
-0.002271
0.018890
0.085789
0.051508
0.001589
0.164301
-0.028489
0.286572
0.029130
-0.030934
-0.037911
-0.070317
0.017329
-0.050349
0.063402
0.015816
0.067426
-0.014196
-0.158135
-0.014106
0.000105
-0.029427
-0.083091
0.122642
-0.019395
0.020808
0.006310
-0.283846
-0.081797
0.003401
0.058033
-0.076838
0.018825
-0.008487
0.046081
-0.038996
0.001200
0.077110
0.107594
-0.028148
0.232592
-0.048590
-0.189602
0.156829
0.025875
-0.024171
0.067205
0.021783
0.070974
-0.099037
0.053705
0.078920
-0.046463
-0.084581
-0.004656
0.081965
-0.096621
0.225088
0.005782
0.020548
-0.057854
-0.001942
0.193135
0.033837
-0.045544
-0.031863
0.212899
0.053326
-0.025763
-0.120923
0.102097
-0.065565
-0.014781
0.180334
-0.089000
0.004261
0.006420
-0.106197
-0.016437
0.027040
0.063593
0.123658
0.017314
0.008794
-0.043084
0.035692
-0.139560
0.038495
0.104345
-0.041389
-0.033034
0.005527
0.011601
-0.053302
0.054920
0.058523
-0.004251
-0.006901
-0.110660
-0.155117
-0.219908
0.020573
0.014315
-0.016392
0.005834
-0.097632
0.025753
0.073085
-0.086435
0.028405
0.095735
-0.037847
-0.028401
0.072792
-0.030384
-0.100557
0.014058
0.123362
-0.207152
-0.114318
0.059853
0.023920
-0.078521
-0.004920
-0.045263
-0.032900
0.074706
0.051876
-0.100212
-0.029325
-0.042416
-0.099720
0.135369
0.029240
0.003635
-0.065574
0.095331
0.061219
0.128439
0.160949
-0.022615
-0.029578
0.099484
0.119036
0.075305
-0.022244
-0.224370
0.053315
-0.022154
0.007589
-0.060696
-0.266965
-0.045759
-0.042934
0.010707
-0.056728
-0.154589
-0.205404
-0.000511
0.020180
0.054942
-0.092043
-0.014965
0.049518
-0.060283
-0.007047
-0.087544
0.112025
-0.085109
0.091468
0.088166
0.189794
0.095659
-0.023739
-0.080390
-0.008024
-0.038771
0.093052
0.120415
-0.182938
0.089458
-0.072985
0.043664
-0.008736
-0.040023
-0.033849
-0.068538
-0.077843
-0.009610
0.043119
-0.020304
0.050068
-0.008346
-0.106198
-0.040565
-0.016319
0.002070
0.075783
0.083035
-0.016780
0.019955
-0.037524
0.026829
-0.097254
0.238799
-0.077853
-0.023130
0.019478
-0.051604
-0.005944
-0.158842
-0.024360
0.046819
-0.136693
0.035145
-0.040708
-0.101602
0.078905
-0.010718
-0.008358
-0.010528
0.100595
0.093918
0.034510
0.005348
0.021917
0.002256
-0.039584
-0.036770
0.049091
0.022932
-0.136844
-0.136549
-0.060171
0.054889
-0.086258
0.153446
-0.171346
0.080291
-0.020627
0.206907
0.054872
0.163247
-0.036280
-0.039780
-0.020978
0.078402
-0.190341
-0.054450
-0.178304
-0.247275
0.030332
-0.122210
0.024927
0.015870
-0.070206
-0.012161
0.046760
0.065872
-0.080254
-0.098271
0.151650
0.054857
0.024215
0.106695
-0.048374
-0.147028
0.104164
0.026126
0.030625
0.001751
0.022093
0.054064
0.028659
-0.053861
-0.038364
-0.023740
0.023712
0.060233
0.086920
-0.029030
0.017333
0.012364
0.076450
0.062421
0.145666
0.174070
-0.104192
0.149982
-0.051654
-0.048436
-0.090543
-0.037327
0.086481
0.116213
-0.045650
-0.046396
-0.045130
-0.005218
0.133201
-0.124002
-0.052150
-0.101081
-0.084377
0.072054
0.096007
0.045218
-0.095303
-0.140684
0.170817
0.107855
-0.030101
0.010683
0.068735
-0.058405
0.004661
-0.032720
-0.109917
0.066563
-0.022814
0.110152
0.078086
-0.101682
0.126323
-0.052325
-0.104553
-0.034799
0.016194
0.026717
0.314040
-0.049467
-0.088567
-0.026831
0.194589
-0.033878
0.078593
0.047060
0.122622
-0.053826
0.111532
-0.037842
0.044084
-0.030953
-0.041843
0.063522
0.011138
-0.017873
0.038319
-0.040031
-0.077828
0.047672
0.001062
0.123006
-0.024711
-0.090267
0.093514
-0.158073
0.053591
-0.050043
0.000264
-0.024028
-0.138293
-0.077144
0.029221
-0.086695
0.028927
0.029262
-0.037906
0.132965
-0.000767
0.158919
-0.017085
-0.098022
-0.074815
-0.116216
-0.036388
-0.164937
-0.032590
0.162591
-0.137869
0.036254
-0.022613
0.075715
0.058368
-0.015047
-0.022003
-0.147205
0.040642
-0.042903
-0.101294
-0.026891
0.061229
0.152095
0.050038
-0.099552
-0.038948
0.059152
0.043152
-0.150628
0.047215
-0.002418
0.019727
-0.129237
-0.021329
0.097975
0.002592
0.038509
0.221540
-0.013736
-0.093549
0.084685
-0.177002
0.074988
0.007978
0.037167
-0.069036
0.053401
-0.006473
0.008701
-0.035586
0.075195
0.036818
0.183869
0.043215
-0.094654
0.081273
0.048329
0.107816
0.153171
-0.105763
0.022176
0.014002
0.065178
0.162397
-0.003601
0.101921
-0.162293
0.114019
-0.061892
0.017916
-0.126302
0.005798
0.019343
0.046139
0.038924
-0.076859
0.191565
0.054508
-0.061496
-0.163771
0.007487
0.010442
-0.120386
0.016607
0.026931
-0.183554
-0.039097
0.066493
0.004825
-0.049430
-0.083539
0.033478
0.027662
0.007775
-0.054857
0.071064
-0.018695
-0.083417
0.061925
0.131519
-0.008969
0.066033
-0.040237
0.017852
0.054805
0.013736
0.018858
0.120379
-0.070864
-0.006539
-0.064799
0.009416
0.111044
-0.097067
-0.242813
0.067305
0.050889
-0.105834
0.104174
0.040921
0.003349
0.160191
0.019211
0.147373
-0.075315
-0.062691
0.056907
0.114897
-0.148219
0.016136
0.078370
0.035843
-0.058564
-0.126904
-0.022019
0.103881
0.162617
0.020889
0.036967
0.054448
-0.037068
-0.051010
0.032736
-0.019899
0.188443
-0.009777
0.046288
0.152525
0.169913
0.017253
0.066424
0.114877
-0.140857
-0.163435
0.033682
-0.159541
-0.063969
0.017653
0.007777
0.000420
0.041819
-0.065951
0.013950
-0.000029
0.049857
0.058678
0.069949
-0.072108
-0.112428
-0.052437
-0.169873
-0.080135
0.035855
-0.014521
-0.073030
0.025293
0.039304
-0.018847
-0.033229
0.050392
0.108283
0.054090
-0.185326
-0.042770
0.071265
0.081393
-0.003940
-0.082513
-0.008606
0.020852
-0.107497
0.135005
0.025412
0.080775
-0.001576
-0.097162
0.162042
-0.100698
0.023067
0.091765
-0.006758
-0.012397
0.042428
-0.196426
-0.002039
-0.004451
0.085831
-0.012071
0.028986
-0.010365
-0.018295
-0.023384
0.108084
-0.150033
-0.135319
0.058405
0.045537
0.008081
-0.075169
0.275872
-0.054832
0.128187
-0.014916
0.025455
-0.109008
-0.067222
-0.103661
-0.085372
0.111585
0.020019
0.023049
-0.152269
-0.164240
-0.004325
-0.009385
-0.004331
-0.061907
0.108661
0.132188
0.070297
-0.052719
-0.089667
-0.217368
-0.053651
-0.059203
0.008256
0.011536
0.114464
-0.010828
-0.053296
0.088779
0.007116
0.030193
0.053424
0.176508
-0.009456
-0.168543
0.035846
-0.027394
-0.081055
0.014080
-0.044510
0.087248
-0.011141
-0.187887
0.116727
-0.010938
0.028971
0.025245
0.045371
-0.082216
-0.068322
0.025763
0.060101
-0.075937
-0.117760
0.020907
0.051641
-0.006821
-0.085845
-0.045450
0.003308
0.005801
-0.117149
0.122046
-0.203534
0.024811
-0.070525
0.163788
-0.056720
-0.077864
-0.110687
0.120031
-0.015247
-0.040670
0.054355
0.044302
-0.048522
0.090356
-0.117515
0.022659
0.015050
0.049859
-0.076095
-0.030611
-0.040735
0.004791
-0.081355
-0.012336
-0.120263
0.054935
-0.077307
-0.127888
0.089273
0.035702
-0.165580
-0.019477
-0.003578
0.063568
-0.041363
-0.033174
0.140521
0.067252
-0.140568
-0.016734
-0.021379
0.250114
0.021964
-0.093625
-0.040683
-0.089791
0.019943
-0.006825
0.065674
-0.084551
-0.044733
0.095222
-0.091549
-0.071015
0.099121
-0.108777
-0.081977
-0.046357
-0.009707
0.032687
0.106147
0.002996
0.013157
-0.054363
-0.067030
0.019420
0.088104
-0.003058
-0.072401
-0.243364
0.013368
-0.050584
0.043875
-0.000033
0.054901
-0.034839
-0.011936
-0.028533
0.073583
0.272788
0.122187
0.150175
0.009745
0.065394
-0.012645
0.177448
0.020666
-0.065427
-0.109539
0.078415
-0.030721
0.098912
-0.036322
-0.154277
-0.020331
0.050113
-0.050804
-0.238844
0.102685
-0.038592
-0.011443
-0.027945
0.000418
-0.071926
0.124205
-0.058956
0.128266
0.240384
-0.057019
-0.021911
0.092954
0.127144
0.028576
0.057443
-0.098232
0.222033
-0.005906
-0.077600
0.103999
-0.205211
0.033093
-0.219670
-0.035669
0.165858
-0.004077
-0.106660
0.102246
-0.011604
0.037903
0.130642
-0.026120
0.113260
-0.120136
0.043044
-0.072262
0.006966
-0.021565
-0.081001
-0.071382
0.044899
0.045954
0.124859
-0.108486
-0.155685
-0.033119
0.050385
0.057570
0.062747
0.051366
-0.053420
-0.060167
0.098656
0.009506
-0.141739
-0.026521
-0.011662
0.049891
-0.037770
-0.075588
0.003888
0.067787
-0.057476
-0.125245
0.082778
-0.063210
0.015971
-0.016918
-0.105571
0.081207
-0.065521
0.147183
0.017075
-0.000581
0.057377
-0.119059
-0.109799
-0.010714
-0.048451
-0.148847
0.088181
0.056560
-0.017490
0.049461
-0.157826
-0.142173
0.126857
0.029646
0.127396
-0.030414
-0.203683
-0.125445
0.029339
0.043781
-0.080523
0.178767
0.012026
-0.030520
0.042319
0.048691
0.023534
0.083340
-0.000672
0.068277
-0.052563
0.003120
-0.029687
0.051605
-0.000737
0.123647
0.101941
0.101227
-0.061809
0.074188
-0.004120
-0.093244
0.003551
-0.044171
0.052430
-0.054261
-0.093889
0.079475
-0.041093
0.016785
0.036810
0.024046
-0.186963
-0.054107
0.067852
-0.032791
-0.051648
-0.101715
0.023730
0.029549
0.060392
-0.028952
0.062433
0.010944
-0.020898
-0.031615
0.034053
0.014520
-0.060697
0.056970
0.084175
-0.080551
-0.030872
0.017413
0.003685
-0.009726
0.002150
0.042277
0.179128
-0.090148
-0.085922
-0.007900
0.044662
-0.113570
-0.003561
-0.046098
0.128645
0.085552
0.015702
0.072088
0.089977
-0.185253
-0.064441
-0.106071
-0.080032
0.272629
-0.083720
0.105380
-0.009630
-0.004377
0.043054
-0.038553
-0.108417
-0.062249
-0.207338
0.021340
0.087271
0.119693
0.067414
-0.063544
0.125725
0.031564
-0.115777
0.065354
-0.051338
-0.094789
0.000847
-0.000358
-0.014554
-0.098367
0.009929
0.110111
-0.157131
-0.030152
0.021923
0.028408
-0.001052
0.101495
0.025370
0.005615
0.051357
0.012651
0.006690
0.103619
-0.085985
0.000204
0.104408
-0.182637
-0.000781
-0.228440
-0.105757
-0.106594
0.023891
0.133548
-0.014696
-0.008620
0.035442
-0.057416
0.004443
0.030464
0.059785
0.067061
0.176015
-0.182421
-0.025969
-0.004527
-0.054467
0.109418
0.016719
-0.013511
-0.058835
0.141627
0.110361
-0.101472
-0.070458
0.007433
-0.003486
-0.252508
0.093573
-0.008942
-0.040550
0.003329
-0.131573
0.120029
0.076086
0.040785
-0.071618
-0.223065
0.145632
-0.036604
-0.015429
-0.020038
-0.083100
-0.007875
-0.072757
-0.099053
-0.007935
0.084357
-0.111532
-0.094403
-0.393786
0.030135
0.117011
0.104881
0.118229
0.163315
0.040696
-0.198992
0.115607
-0.029173
0.123471
0.062968
-0.018006
-0.109044
-0.033032
0.069996
0.086644
-0.026124
-0.007351
0.087875
-0.085304
-0.011077
0.017980
0.064118
0.004862
-0.150240
-0.061519
-0.009499
-0.137939
0.149846
0.055017
0.010891
0.028652
-0.015097
-0.080777
0.041163
-0.173751
0.046176
0.030264
-0.016723
0.002856
0.051723
0.129908
-0.101155
0.140421
0.033874
0.061426
-0.025784
-0.014363
0.075326
-0.074979
-0.027368
-0.135983
-0.078844
0.185214
-0.055411
-0.110283
-0.030520
0.048946
0.021972
0.060012
0.115800
-0.053901
-0.039212
-0.027498
0.008232
0.010357
-0.048204
0.008531
0.003374
0.051591
0.048847
-0.025066
-0.168227
0.041354
-0.013862
-0.132862
-0.061706
-0.022916
-0.027959
-0.078240
0.005864
0.141224
-0.019117
-0.072330
0.024371
-0.051230
0.150100
0.084115
0.003314
-0.023484
-0.131259
-0.145511
-0.088804
-0.151934
0.071659
0.045542
0.023150
-0.151107
-0.010752
0.010678
-0.104880
0.009355
-0.196897
0.028375
-0.062267
-0.092086
0.048020
0.035557
-0.011094
0.049577
-0.072176
-0.048959
-0.043575
-0.100334
0.040802
0.004575
0.073889
-0.054539
-0.023407
0.019636
0.056304
0.028130
0.054323
-0.022612
0.126082
-0.155047
0.018198
0.047582
0.012607
-0.096603
-0.013194
0.044893
0.004177
-0.076346
0.018286
0.013789
-0.204082
-0.053693
0.034615
-0.043109
-0.048690
0.054189
0.045417
-0.017018
0.022209
0.036846
-0.035884
-0.104507
0.119192
-0.044397
-0.213624
-0.059565
-0.015426
0.043828
-0.018900
0.034000
0.250364
0.134144
0.025601
0.006882
-0.165435
-0.023764
0.092130
-0.050178
0.006489
-0.093371
0.018254
-0.078287
-0.028391
-0.138327
-0.019699
0.078890
-0.087296
0.074585
0.078097
-0.001430
0.047362
-0.125016
0.043413
-0.010259
-0.113364
0.008634
-0.188420
0.177791
-0.100929
-0.071830
-0.009078
0.036761
0.002751
0.104060
0.018476
0.016453
0.065709
0.024506
-0.228559
-0.141550
-0.127946
0.056700
0.023866
0.037254
-0.004088
0.024680
-0.195305
0.151140
0.120780
0.151723
0.107204
-0.074335
-0.161912
0.089251
-0.046472
-0.035388
-0.001660
0.024138
-0.021119
0.067444
0.032992
0.018251
0.021693
0.078096
-0.058331
-0.049492
0.118384
-0.040149
0.054058
0.054276
-0.034502
0.037113
-0.134217
-0.108479
0.012236
0.053751
-0.143920
-0.221724
-0.041346
-0.088454
-0.002188
0.040420
0.145652
-0.008045
-0.060456
-0.002473
0.148713
0.057173
0.133380
-0.075123
0.008906
0.036450
-0.025254
0.128110
0.053135
-0.103886
-0.017249
-0.130421
-0.029799
0.012207
0.012880
-0.021281
0.099861
0.183138
-0.123221
0.006730
0.000078
0.061881
0.004122
-0.174970
-0.120357
0.108919
-0.208249
-0.045697
0.017659
0.024278
0.037859
0.031684
-0.017321
-0.006708
0.006849
-0.037881
-0.064400
-0.161712
-0.002628
-0.028006
0.066173
-0.140766
0.263976
-0.127203
-0.005018
-0.036352
0.058621
0.029541
-0.084796
-0.067837
0.001130
-0.063525
-0.027569
0.188929
-0.018496
-0.008655
-0.010604
0.164455
0.100858
0.156161
0.065927
-0.030491
0.087939
0.057953
-0.044091
0.060780
0.070474
-0.016445
0.049180
0.239664
-0.007988
0.052984
-0.009850
-0.027324
0.081847
-0.156274
0.111609
-0.055835
-0.002842
-0.066748
-0.016625
0.061871
-0.039394
0.107963
-0.090169
-0.123887
-0.098329
0.040012
-0.112545
0.000650
0.125920
-0.041667
0.059684
-0.069868
0.007095
-0.013209
0.199094
0.043861
0.010324
0.061972
0.191873
0.091941
-0.006943
-0.019876
0.170619
-0.028889
0.050789
0.066412
-0.056897
0.117346
0.103299
0.000631
0.044661
-0.073953
-0.190861
-0.106316
0.118638
0.065471
0.145133
-0.038050
-0.000992
0.043943
0.064207
-0.007750
0.021620
-0.014916
-0.039894
0.029360
0.010956
-0.030366
0.140370
0.052426
-0.005985
-0.089274
0.132052
-0.023884
0.049620
-0.110476
-0.012950
0.090349
0.033245
-0.156426
0.125536
0.033861
0.040419
-0.008457
-0.053747
-0.223534
0.025651
0.039018
0.192990
0.079311
-0.046790
0.013961
-0.100539
0.013058
0.061803
0.032368
0.027103
0.027875
0.122786
-0.122030
0.127604
-0.025271
-0.125767
-0.123705
-0.018137
-0.055356
-0.035617
-0.006341
0.172395
0.021096
0.060320
0.038219
0.019676
0.024873
-0.017230
0.060805
-0.005654
0.025507
-0.003172
-0.006105
0.047511
0.028911
-0.055447
-0.175033
-0.115850
0.103021
-0.008400
-0.074357
-0.096221
0.031591
0.068561
-0.030490
0.027972
-0.106906
-0.135449
0.131524
-0.206258
0.074281
0.036003
0.008456
-0.062327
0.013987
0.037468
0.011594
0.073245
-0.137292
0.029387
0.076777
0.009691
0.017576
0.056136
-0.060488
-0.005179
-0.046259
-0.020497
-0.084787
-0.140503
-0.116971
-0.001881
0.055109
-0.292055
-0.301302
-0.019536
0.049744
-0.120575
0.051633
0.020850
0.024490
0.077500
-0.125499
0.034596
0.035070
0.007700
-0.063630
0.007310
-0.022927
-0.010761
0.020813
0.079455
0.135659
0.024234
0.131322
-0.004582
0.048267
0.016229
0.126594
-0.008924
0.050802
0.010861
-0.006283
-0.214289
0.157255
0.016020
0.014149
-0.119013
0.106845
0.063820
0.065302
0.015659
0.008861
-0.023393
-0.069877
0.133247
-0.096319
-0.099956
-0.090825
0.082125
0.138612
-0.037164
-0.039691
0.060063
0.059866
-0.045664
0.002729
0.063266
-0.070724
-0.029802
-0.068338
-0.171626
0.016405
-0.204110
-0.115695
0.096522
-0.091220
-0.006075
-0.050737
0.194012
0.131233
-0.023225
-0.086543
-0.028289
-0.087504
0.036084
0.052155
0.007016
-0.103211
0.150167
0.205016
-0.020836
0.017454
0.013737
0.090933
-0.115080
-0.058709
-0.042996
-0.005892
-0.075214
0.029326
-0.003897
0.022236
0.015411
0.049679
-0.017060
-0.083888
0.028546
-0.113033
0.008023
0.008495
0.009315
-0.169129
0.037523
-0.203036
0.021923
-0.133911
0.005945
-0.106610
-0.019731
-0.183295
-0.148154
0.163900
0.013251
0.043077
-0.015635
-0.056681
0.099934
0.111278
-0.010547
0.025010
0.150664
-0.031831
-0.183591
-0.003558
0.068499
0.180605
0.191511
0.014880
0.170130
0.088812
0.009156
0.110717
-0.063101
0.019421
0.039969
0.091308
-0.132741
-0.035034
-0.001162
-0.116466
-0.078224
0.082517
0.207786
-0.070073
0.030570
0.053068
-0.097512
-0.018057
-0.034913
0.004630
-0.006156
-0.015843
0.112386
-0.025578
0.027704
-0.057515
0.016556
0.034934
-0.020673
-0.094242
0.022052
0.063776
0.039930
0.098397
0.026397
-0.028980
0.032159
-0.048369
-0.130929
-0.004057
0.052325
0.057749
-0.135104
-0.207107
0.025881
0.065223
-0.005617
0.136461
-0.131834
0.023540
-0.021420
-0.000995
-0.019576
-0.032853
0.121862
-0.072949
0.088708
0.149969
0.065397
0.015804
0.027869
0.097219
0.050690
-0.116932
-0.020272
0.028108
0.133805
0.084375
0.127499
-0.085929
-0.100409
-0.154766
0.049697
0.108840
-0.013759
-0.029824
-0.186556
-0.048632
0.040453
0.060938
-0.031763
0.197920
-0.070943
0.077409
0.068740
-0.094530
0.010301
0.008008
-0.025877
-0.002004
0.089862
0.143989
0.055816
0.025332
-0.030025
0.008151
-0.120388
0.095642
0.110584
-0.022496
0.060632
-0.166475
-0.116891
-0.055603
0.036926
-0.112228
-0.082603
-0.008547
-0.048561
-0.036361
-0.068607
0.023987
0.040424
0.006418
-0.057607
-0.063940
0.050831
0.014951
-0.154529
0.044199
0.013901
-0.016490
-0.000285
0.000212
0.132299
0.217909
-0.027474
-0.030709
0.378343
-0.023747
0.068249
-0.023902
-0.080341
-0.019551
0.037009
-0.093937
-0.001224
0.086703
-0.018141
-0.023761
-0.012029
0.010648
-0.005675
0.005232
0.058953
-0.012307
0.040525
-0.092114
-0.139419
0.043251
-0.022777
-0.044308
-0.045920
0.061765
-0.047981
-0.014467
-0.068572
0.084200
-0.226699
0.066409
0.067218
0.035587
0.055891
-0.055628
-0.152029
-0.118668
-0.100327
-0.039421
0.034409
-0.035027
-0.019064
0.148160
-0.012691
-0.056985
0.022351
-0.141222
-0.015171
-0.019970
0.009039
-0.173789
-0.066704
0.072580
0.115444
-0.259210
-0.031979
0.026030
-0.101359
0.127830
-0.139451
-0.025681
0.023677
-0.199466
-0.001515
-0.078471
-0.028079
0.000754
0.012281
-0.066440
0.070219
0.006082
-0.016770
-0.005311
-0.020176
-0.093005
-0.066888
-0.059400
0.111785
0.064230
-0.109756
0.018283
0.051895
-0.027362
0.017390
0.072186
0.014859
0.134519
0.051150
0.000629
0.053760
-0.047449
-0.022261
-0.092733
0.000579
0.004245
-0.039146
0.020373
0.032274
0.006758
-0.022198
0.121242
-0.055478
0.047704
0.047367
-0.089974
-0.059198
0.240449
-0.170355
0.155463
0.020909
-0.049123
-0.004931
0.002132
0.150817
0.030861
-0.004166
-0.062727
0.199284
-0.003312
0.053559
-0.019014
-0.011153
-0.122342
0.152488
0.031275
0.199801
-0.026008
0.019712
-0.232240
-0.220172
0.010672
-0.036181
0.041865
-0.110814
-0.056904
-0.064646
-0.104051
0.187516
0.096074
-0.120304
-0.107079
0.022329
0.029582
-0.010444
-0.078882
-0.040428
0.080578
0.060113
0.031197
-0.153101
0.041528
-0.023486
-0.056759
0.125699
-0.025598
0.007486
0.012242
-0.044202
0.036565
-0.160783
-0.015476
0.002612
-0.107347
-0.007567
0.102088
0.082985
0.054732
0.067630
0.056964
0.031987
-0.210860
0.073886
-0.069850
-0.014270
-0.091062
-0.086462
0.047978
0.028888
0.043454
0.009473
-0.103219
-0.034667
-0.029023
-0.097426
-0.106902
0.136817
-0.022266
0.131285
0.134261
0.030046
-0.012979
-0.017972
-0.041959
-0.192112
-0.003321
0.023759
0.077083
0.037149
-0.032475
0.031475
0.051274
-0.020536
-0.053137
0.143082
0.024688
-0.044191
-0.016341
-0.020063
-0.015489
-0.086451
-0.066499
0.010039
-0.037972
-0.088734
0.020006
0.062342
-0.102792
-0.057227
-0.146957
0.005146
0.026787
0.072307
0.008840
0.034980
0.079202
0.064123
0.142520
-0.050144
-0.220415
-0.077461
-0.001968
-0.150707
0.186398
0.050682
-0.010073
-0.027190
0.055620
0.004913
-0.054754
0.076603
0.113253
-0.269901
0.111570
0.077332
0.047395
-0.172655
-0.007365
0.082490
0.187044
-0.032224
-0.105288
0.023880
-0.093210
-0.084833
-0.022710
-0.110600
0.276749
0.014573
0.018043
-0.076887
-0.100976
-0.127852
-0.184154
-0.114420
0.111247
-0.051977
0.002697
-0.052129
-0.001607
-0.068020
0.030308
0.052243
0.001656
-0.094530
0.107767
-0.110205
0.067380
0.014255
-0.010246
0.171171
0.073339
-0.064536
-0.039092
-0.020538
-0.064456
0.078555
-0.004126
0.025502
0.047081
-0.042165
0.022014
-0.068662
-0.051564
-0.110554
-0.091897
-0.013578
0.089025
-0.126869
0.219622
0.131768
0.009622
-0.025701
-0.075278
-0.017118
0.040474
-0.006904
-0.149748
0.065828
-0.007931
0.032188
-0.281709
0.005359
-0.126107
0.008011
-0.023008
-0.213851
0.052827
-0.001872
-0.200288
-0.028341
0.031860
0.164072
-0.013025
-0.019678
-0.141954
-0.084216
0.088938
-0.096703
-0.042503
-0.040570
0.062756
-0.015829
0.051155
0.039244
0.134486
-0.065803
0.077446
0.067099
0.009368
-0.078156
-0.021324
0.040860
0.093269
-0.032085
-0.079013
0.132968
-0.029597
0.054855
0.162730
-0.064396
-0.040678
0.021497
-0.149974
0.015581
-0.029360
0.014887
0.202717
-0.220843
0.088441
-0.017767
0.003491
0.044370
0.007018
-0.092352
0.108918
0.102961
-0.015813
0.009165
0.026508
-0.074309
-0.041113
0.033557
0.096344
0.041277
-0.083703
0.018051
-0.058826
0.042562
-0.035827
0.063979
-0.090968
0.133041
-0.073700
-0.014721
0.113661
-0.266990
-0.001378
-0.059108
0.014217
0.133008
-0.009268
0.025540
-0.075310
-0.030859
-0.054901
0.135406
0.052268
-0.085198
-0.008701
-0.012573
0.046193
-0.024458
0.026573
-0.017954
-0.066184
0.042774
0.076618
0.018220
-0.078285
-0.004583
0.009896
-0.017114
-0.015134
-0.066974
0.039013
0.232179
0.037710
0.014772
-0.132353
-0.041267
0.034981
0.097853
-0.135713
0.024974
-0.045601
-0.018764
-0.034745
0.104035
0.017657
0.032485
0.031707
0.037664
-0.020955
0.004136
-0.073775
0.052982
-0.077739
-0.118898
-0.137708
-0.023654
-0.032132
0.014782
0.032251
0.056970
-0.018955
0.005912
0.015309
0.047739
0.075358
-0.108717
0.015871
-0.073703
0.138365
-0.023524
0.130414
0.065020
0.028036
0.049000
-0.083543
0.081542
-0.088364
0.101589
0.061322
-0.209158
-0.110230
0.143269
-0.038044
-0.009170
-0.060103
-0.147648
0.057409
-0.085561
-0.060466
-0.029217
0.217497
-0.059955
-0.054499
0.150905
0.041491
0.184378
0.001291
0.193310
0.008941
-0.005402
-0.121669
0.010241
-0.038627
-0.191462
-0.015161
0.023617
-0.037754
-0.090386
-0.081526
0.033146
0.100083
0.040545
0.043130
0.063208
0.185413
0.018879
0.027931
-0.006217
0.086195
0.071066
-0.090544
0.124142
0.185619
0.107982
0.104032
-0.005537
0.011987
-0.115541
0.021096
-0.030254
-0.067389
0.085256
-0.046971
0.064843
-0.022990
-0.089552
0.151634
0.032518
-0.009918
-0.041889
-0.036863
-0.037056
-0.040671
0.013812
0.053761
-0.149185
0.016793
0.056524
-0.002035
0.054226
-0.051569
0.088616
0.099191
0.013224
-0.050684
-0.114208
-0.175431
0.168443
0.015384
-0.006643
0.159122
0.038316
0.053939
-0.007682
-0.209187
-0.211266
0.076953
0.052917
0.034899
-0.158454
-0.050821
-0.017792
0.032347
0.058366
0.026733
0.043343
-0.049666
-0.015544
-0.026191
0.076247
-0.069163
-0.045356
-0.112927
0.049519
0.120844
0.070252
-0.091295
-0.148255
0.125614
-0.025616
0.230206
0.240290
0.018253
0.013373
-0.022608
0.016194
0.005531
-0.069715
-0.055026
0.020341
-0.011564
0.088466
-0.189196
-0.051510
-0.040418
-0.076122
-0.057413
0.200093
-0.047395
0.156850
0.074913
0.006779
-0.162953
-0.070442
0.074252
-0.019099
0.011738
0.060576
0.050067
-0.010642
0.191656
0.007917
-0.092775
0.078499
0.120692
0.012264
0.043656
-0.009655
0.076111
0.084696
-0.025758
0.067122
0.064105
-0.007080
-0.131346
0.018195
0.184092
0.135106
-0.029363
-0.013897
0.034284
0.002161
-0.191400
0.033572
-0.068669
-0.169457
-0.059891
0.042561
-0.045401
-0.050471
0.032444
-0.098150
0.049056
-0.158817
-0.027806
-0.037890
-0.051898
0.097737
-0.120812
-0.079840
0.028310
0.031607
-0.076114
-0.036654
-0.100711
0.193396
-0.039608
0.065776
-0.013307
-0.112742
-0.013022
-0.103907
-0.038844
0.112311
-0.018716
-0.131807
-0.080323
0.103220
-0.074032
-0.064444
-0.008029
-0.074853
0.076924
0.072051
-0.033376
-0.065121
0.105138
-0.127605
0.119042
-0.002983
-0.075303
0.017363
-0.155216
-0.087244
0.091514
-0.013953
0.038876
0.035735
0.082392
0.028758
0.027836
0.037665
0.045276
-0.026452
0.048660
0.013997
0.022761
0.049105
-0.027915
0.021081
-0.085284
-0.038975
-0.064871
-0.157383
-0.014808
0.020424
-0.238121
-0.054131
0.147406
0.069523
0.001254
0.344036
0.089645
-0.161063
0.040678
-0.145973
-0.021740
-0.036106
-0.075963
-0.017382
-0.115833
0.047679
-0.007743
-0.068292
0.070677
0.045224
0.156984
-0.038653
0.051214
0.019114
0.002982
-0.151846
0.026005
0.035673
0.259137
0.038181
0.165721
0.007066
0.040150
0.186168
-0.060216
0.110639
0.043901
0.013928
-0.122159
0.065301
-0.169425
-0.013132
0.026793
-0.063674
-0.169582
-0.035678
-0.045416
-0.029106
-0.054328
0.022987
0.053977
0.107708
-0.089051
-0.149698
-0.204651
-0.036797
-0.016340
0.050386
-0.010393
0.007776
0.179898
0.037549
-0.099017
-0.011563
-0.135734
0.008701
-0.046116
0.070756
-0.058500
0.025819
0.032695
0.071730
0.066726
0.003434
0.092479
-0.030386
-0.247845
-0.037755
0.032115
0.015191
-0.011047
0.028078
0.085644
-0.021490
-0.002830
-0.093804
0.115351
-0.066347
-0.006624
0.047991
0.003152
0.088590
-0.012204
0.024258
-0.015035
0.000278
0.086084
-0.025510
0.098261
0.058389
0.082683
0.101791
-0.002398
-0.039542
0.007447
-0.072628
-0.013864
0.017448
0.069904
-0.085552
-0.082885
-0.248612
0.014816
-0.096284
0.257853
0.007968
-0.022042
-0.121811
0.051829
-0.086998
-0.003531
-0.167621
0.094785
0.032674
0.019791
0.097660
-0.009318
0.044447
-0.042784
0.064460
0.278358
-0.000317
0.014305
-0.132435
0.077582
0.014824
0.193938
0.096311
0.054221
0.047862
0.025479
-0.056113
-0.398642
-0.062042
0.037197
0.002865
-0.025694
-0.013112
0.031940
0.033210
0.082721
0.036216
0.064445
0.002390
0.089129
0.008570
0.066777
-0.043266
0.031452
0.007143
-0.063017
0.072544
-0.152348
0.103899
-0.070746
0.057500
0.004846
0.054856
0.005902
-0.054098
0.111153
-0.093906
0.069278
0.039245
-0.263647
0.047047
-0.038378
0.040810
0.000670
-0.004978
0.012397
0.106328
0.084551
-0.069583
-0.124211
0.063999
0.018492
-0.031587
-0.040666
0.027455
0.032067
-0.005406
0.035006
-0.068136
-0.011073
0.053791
0.007971
0.204910
0.052170
-0.082372
0.017397
-0.119457
0.001171
0.013567
-0.077279
0.078174
0.150505
-0.054856
-0.018519
0.044118
-0.053861
-0.067938
-0.020995
-0.029312
-0.126070
-0.059374
-0.020771
-0.052304
-0.056872
0.085520
-0.104358
0.009198
0.079521
-0.031983
0.022527
0.060416
-0.038105
-0.011631
0.114965
0.001227
0.067067
0.011654
-0.034269
-0.025786
-0.079889
-0.074146
0.071713
-0.030510
0.086368
0.046604
0.005701
-0.065952
-0.077267
0.104632
-0.082351
-0.049746
-0.025771
-0.041939
-0.060852
-0.036729
0.038803
0.014068
0.137774
-0.087216
-0.016660
-0.043723
-0.112409
-0.127024
0.089368
-0.107228
-0.065562
0.075404
-0.009589
-0.305395
-0.047445
-0.149891
-0.170935
0.010740
0.051071
-0.061192
-0.088648
-0.089589
0.030265
0.033366
0.157844
0.080893
-0.013989
0.033760
0.014445
-0.095026
0.054686
-0.210992
-0.040307
-0.077904
0.124149
-0.085364
0.188413
0.008279
0.014137
0.057296
0.023964
-0.073784
-0.103686
-0.069384
0.130021
0.007903
-0.132341
0.054385
-0.053638
-0.027806
-0.037200
0.026434
-0.050236
0.068889
0.010971
-0.013110
0.073728
0.028009
0.044325
-0.011799
-0.261604
-0.018923
0.033572
0.105516
-0.018211
0.155693
-0.109701
-0.153535
0.052918
0.181125
-0.159521
-0.111125
0.006331
0.186616
0.018147
-0.032963
0.081127
0.088036
0.026145
0.112698
-0.002730
0.038156
-0.082851
0.092542
-0.003642
-0.001483
0.069724
0.082139
0.068121
-0.016327
-0.008334
0.009680
-0.046317
-0.007243
0.017692
-0.028860
-0.018824
-0.026516
0.134156
-0.001136
-0.048837
0.080968
0.051656
-0.068041
0.157336
-0.146001
-0.130342
0.037101
-0.009383
0.029459
0.133650
0.015649
-0.019309
0.002440
0.030036
-0.054406
0.089437
0.154855
-0.008283
0.082200
-0.211524
-0.020821
0.079057
-0.078242
-0.000954
0.070757
-0.027472
-0.028878
0.065004
-0.031476
-0.257232
0.079837
0.091369
0.193830
-0.025852
0.056705
0.011036
0.028074
0.063582
0.204207
-0.028201
0.003537
0.242427
-0.008486
0.013726
0.029341
0.005441
0.058098
-0.085365
-0.026533
0.004543
0.151273
-0.025758
0.040306
-0.063309
-0.265444
-0.129984
0.083034
0.085426
0.047304
-0.025059
0.014285
0.025408
-0.039255
-0.041019
0.067348
-0.138974
0.020155
-0.000869
0.118576
-0.107031
0.052945
0.120042
0.095091
0.043987
-0.124474
-0.028269
0.070620
0.083398
-0.068115
0.015851
-0.000099
-0.014561
-0.013972
-0.062195
-0.012264
-0.036887
-0.034528
0.049531
0.011797
-0.047257
-0.234373
-0.069972
0.057835
0.044261
-0.055014
0.022501
-0.082546
-0.070655
-0.012163
-0.047960
-0.002971
0.141445
-0.094723
0.034729
0.112472
0.025661
0.348661
0.048721
0.053837
-0.031929
-0.049244
0.012845
0.035721
-0.024252
0.083460
-0.063672
-0.035090
-0.007400
0.013231
0.001770
-0.067185
-0.020176
-0.120418
0.005835
-0.005991
-0.140653
0.033422
0.153151
-0.005562
0.135487
0.017481
0.119746
-0.020416
-0.059461
0.004991
0.085287
-0.017787
0.076886
-0.018611
0.032112
-0.046094
-0.027092
0.027959
0.055071
-0.002177
-0.152944
0.004068
0.032669
-0.026641
-0.087698
-0.050491
0.010592
0.024803
-0.037039
0.037874
0.129499
0.132943
0.017475
0.037467
-0.013450
-0.075114
0.142923
0.043273
0.048450
-0.079881
-0.004287
-0.257457
-0.005472
0.166110
0.029530
-0.174277
-0.044142
0.012743
-0.167824
0.009463
0.026554
-0.143259
-0.012073
0.018718
0.091119
0.015964
0.046215
-0.087612
-0.036115
0.097634
0.077054
-0.111605
-0.036682
0.067455
-0.149980
0.067849
-0.049786
-0.109188
0.065376
-0.138126
0.022481
-0.031061
0.052741
-0.027164
-0.152965
0.007072
-0.037948
0.026764
-0.047605
-0.126113
-0.020456
0.002119
0.148139
0.054675
0.060993
0.017122
-0.000295
-0.002193
-0.071039
0.065410
0.205491
0.081284
0.040472
-0.157355
0.050161
0.035623
-0.073676
-0.035344
-0.066996
0.027083
-0.090549
0.009319
0.014158
0.053796
-0.168092
0.010034
-0.019798
-0.011272
-0.103396
-0.086268
0.119702
0.108478
0.027254
-0.020057
-0.006316
-0.036639
0.206143
-0.011771
-0.091542
-0.080046
-0.013036
0.026115
0.063779
0.021186
0.124722
-0.014704
-0.030157
-0.139270
0.213538
0.021282
0.001167
-0.019878
-0.010277
0.132832
0.009755
-0.022526
-0.072161
-0.134155
0.148789
0.130990
0.101356
0.287903
0.011881
0.012924
-0.017237
-0.066362
0.227533
0.083696
-0.035103
-0.031013
-0.254633
0.005903
0.009721
0.024170
-0.005797
-0.014341
-0.055307
-0.056774
-0.054478
-0.009011
0.025883
0.081479
-0.028481
0.006306
-0.037527
-0.010388
-0.121369
-0.122940
0.028161
0.019335
-0.060825
-0.017162
0.118327
-0.073014
-0.064785
0.086574
-0.032972
0.004902
0.076487
-0.057509
0.105218
0.067236
-0.133303
-0.185954
-0.065717
0.041393
-0.028976
-0.015210
0.038706
0.036337
-0.009286
0.035336
0.063777
0.022762
-0.056999
-0.091762
-0.018867
-0.014290
0.004544
0.094970
0.105226
0.015568
-0.072578
0.019247
0.285578
0.050041
0.092422
-0.046654
0.084039
0.097862
0.170611
0.024647
-0.014718
-0.016127
0.040948
0.018688
-0.039661
0.020104
0.054455
0.040049
0.092531
0.218847
0.016213
-0.027762
-0.074042
0.003157
-0.013012
-0.158656
0.071376
0.130126
0.047364
-0.018116
-0.176433
-0.184802
-0.046195
0.211700
0.035318
0.245938
0.061093
-0.062508
0.069716
-0.028243
-0.186649
0.082629
0.103153
-0.047720
-0.044722
-0.011515
-0.002308
-0.054747
0.094861
0.051653
0.122808
0.140712
-0.032519
0.093439
-0.005571
0.000819
0.159943
-0.003298
-0.072993
-0.073434
0.059982
0.007143
-0.202387
-0.005582
-0.033606
-0.039672
0.027487
0.007434
0.033825
-0.001849
0.047702
0.095505
0.060004
-0.046090
0.094221
-0.004668
0.006431
-0.013910
-0.005837
0.000340
0.032083
-0.091097
-0.015089
0.024446
0.044324
0.015805
0.040214
0.077267
0.012469
-0.041732
0.115653
0.163803
-0.141856
-0.069502
0.037954
0.212172
-0.079415
0.231959
0.036429
-0.033322
-0.040426
-0.019117
0.066873
0.030610
0.107921
-0.079895
0.015135
-0.060469
0.019789
-0.081699
-0.028267
-0.008902
-0.102620
-0.051148
0.061351
-0.087989
0.025262
-0.104233
-0.112192
0.004301
-0.145085
-0.097102
-0.011748
-0.154096
0.038139
-0.060708
-0.093967
-0.078574
-0.225990
0.115184
-0.005565
0.007649
-0.167975
-0.011599
0.126381
-0.057978
0.121703
0.091173
-0.166155
-0.101942
-0.161474
0.053580
-0.022040
-0.011802
0.115376
-0.000041
-0.042278
-0.040114
-0.069189
0.110393
0.103103
-0.031838
0.067596
-0.025442
-0.026869
-0.132999
-0.023853
-0.186441
0.084885
-0.009794
0.049677
-0.033871
-0.050335
0.052607
0.048355
0.069345
0.193216
-0.240889
0.024764
0.047794
0.114170
-0.002734
0.056301
-0.098428
0.024730
-0.202077
-0.060270
-0.087230
-0.001842
-0.003567
0.028296
-0.108501
-0.022397
-0.001639
-0.053121
0.088731
0.016525
0.141722
-0.140870
-0.102958
-0.043754
-0.152429
0.050178
-0.080206
-0.002967
-0.003044
-0.115955
-0.082306
0.006084
-0.056315
0.019273
-0.168990
0.032147
0.065241
0.103615
-0.049039
-0.077671
0.046540
-0.022387
-0.007003
-0.089846
0.145245
-0.152825
-0.009167
-0.178646
0.093380
-0.114092
0.012575
0.079270
-0.016507
0.013723
-0.085958
0.026846
-0.158553
0.041059
-0.038059
0.047645
0.021118
-0.026313
0.012099
-0.003309
0.069211
0.027620
0.017281
-0.026773
-0.000289
-0.049443
0.055726
0.071486
0.195060
-0.106875
-0.081940
-0.120854
-0.043385
-0.046208
0.036652
0.056799
0.098447
0.021614
-0.133636
0.224409
-0.031636
0.133961
-0.003449
0.029097
0.014081
0.071023
0.028601
0.007506
-0.049029
0.092662
0.029686
0.074264
-0.152191
0.068233
0.037703
0.064366
-0.137433
0.003146
0.000562
0.011185
-0.035106
-0.054138
-0.028092
0.094362
0.106089
-0.076735
-0.115822
-0.014645
0.140060
0.086710
-0.010042
-0.089916
-0.021169
0.086850
0.031257
-0.109311
0.307237
0.033658
0.084979
0.015493
0.064561
-0.024469
0.015455
0.100324
-0.219442
0.139221
-0.038623
0.005241
0.022972
-0.189632
-0.085412
-0.036994
-0.122800
-0.010024
0.038148
0.140460
-0.122157
0.016043
-0.008356
-0.057316
-0.056091
0.071584
0.031288
-0.144018
0.162637
0.074418
-0.114677
-0.039317
-0.036422
-0.114659
-0.071616
-0.110566
0.010929
-0.055357
-0.019178
0.089010
0.037007
0.003313
-0.106811
0.026257
0.052626
-0.006037
0.062713
0.088401
-0.022321
0.020178
-0.015605
0.044668
0.067633
-0.022646
-0.071963
-0.261136
0.018157
-0.024238
0.096150
-0.062797
0.028388
-0.050634
0.128271
0.062313
-0.002232
0.004298
0.092000
-0.029495
0.013101
-0.106100
0.028818
-0.049966
-0.103267
0.002946
0.368966
0.045620
0.007917
-0.054364
0.042873
-0.037973
-0.004772
-0.032580
0.034656
-0.035301
-0.066925
0.052512
0.101052
0.109337
-0.079558
-0.066120
-0.107451
0.006056
-0.091579
-0.043218
0.089463
0.119232
-0.084595
0.130397
0.045834
0.000173
0.060648
-0.037244
-0.076179
0.204093
0.150785
-0.121974
0.080275
0.150528
0.033883
0.104246
-0.056830
0.057126
-0.009860
0.099714
-0.136683
-0.010989
-0.054486
-0.105084
-0.032660
0.009531
-0.106763
-0.031754
-0.005514
0.215716
0.099180
0.028452
0.083060
-0.086505
0.015708
-0.073348
0.003736
0.089939
-0.113279
-0.001228
-0.010350
0.003699
0.207942
-0.020728
0.055738
-0.011637
0.022316
0.011201
0.035477
0.033191
-0.082851
0.036768
0.141517
-0.039721
-0.004492
-0.051413
-0.019817
0.131803
0.035602
0.071468
-0.123498
0.085450
-0.140281
-0.086848
-0.041387
-0.048455
0.229096
0.025372
-0.020979
-0.044240
-0.199053
-0.008265
-0.040643
-0.022485
0.036726
-0.296801
0.124312
0.049954
-0.059226
-0.018539
-0.032556
-0.024892
0.084985
-0.053041
-0.037480
0.004375
0.135109
0.181159
-0.053271
0.019225
0.057721
0.245472
-0.089620
0.080445
0.052593
0.073156
0.036161
-0.025813
0.045453
-0.028958
0.009483
-0.075267
-0.016076
-0.020276
-0.051579
0.010187
-0.126668
-0.049146
-0.102831
0.072736
-0.013300
0.007862
-0.008765
0.089930
-0.001869
0.021684
-0.019881
-0.081510
0.025544
-0.080838
-0.028967
-0.045238
0.130253
0.103670
0.030183
0.104803
-0.094140
-0.073453
0.012934
-0.037289
-0.008078
0.027132
0.067126
-0.002062
-0.009197
0.066773
0.023208
0.030752
0.034486
-0.040080
0.004362
0.121802
0.119974
0.016414
-0.009166
0.024257
0.007699
-0.037936
-0.070592
-0.072809
0.070302
0.074897
0.016350
-0.055851
0.048267
-0.021673
-0.050070
0.013352
0.047089
0.013238
-0.077696
0.345946
0.017090
-0.007061
-0.035030
0.010853
0.493854
-0.004431
-0.062814
0.081423
-0.076478
0.053195
-0.005638
-0.020841
-0.021053
-0.111028
-0.062423
-0.044486
0.069422
0.014068
0.046143
0.044216
0.045641
0.009429
-0.116286
-0.002441
-0.062723
0.026757
0.000205
0.005996
-0.161908
0.109974
0.160458
-0.082721
-0.017416
-0.043908
-0.031579
-0.082483
0.071272
0.060955
0.038216
0.052040
0.069594
-0.133189
-0.081979
0.067064
0.052015
-0.059241
-0.007861
0.025889
0.022176
0.020969
0.002362
-0.028457
-0.142125
-0.107107
-0.040380
0.030454
0.026979
0.000956
-0.053281
-0.032786
0.006864
0.046504
0.095524
0.017397
-0.035387
0.210244
0.059608
-0.026178
0.109953
-0.110395
0.036519
-0.048614
0.034939
-0.031055
0.083486
-0.021977
0.002583
-0.020373
-0.025625
-0.005344
0.012380
0.024246
-0.105327
0.115423
-0.095207
0.020772
-0.039613
-0.012457
-0.006519
-0.059676
-0.113366
0.016833
0.093058
-0.047399
-0.005887
-0.167541
-0.098979
0.044725
-0.088640
0.036853
0.055930
0.117117
-0.337658
-0.121703
-0.097048
0.027068
0.048253
-0.036176
-0.026547
-0.024177
0.011917
-0.033478
0.076380
-0.127481
-0.012194
0.100331
0.037952
0.036885
-0.084885
0.041383
0.096993
0.036263
-0.159970
0.095151
-0.087942
-0.040174
-0.130085
-0.039677
0.026626
0.043529
0.071015
0.075005
0.014306
-0.082807
0.059689
-0.221758
-0.085496
0.014436
-0.079424
-0.153120
0.013379
-0.015888
0.027988
0.026787
0.079105
0.306780
-0.003905
0.134162
0.016076
0.029601
0.076833
0.191286
-0.080451
0.032253
-0.040256
-0.068209
-0.194128
0.074779
-0.067275
-0.040335
0.187776
0.059590
-0.003162
-0.066228
-0.193923
0.141823
-0.062633
-0.031605
0.068956
-0.123955
0.062602
0.046153
-0.179559
0.101781
0.022102
-0.012027
0.137477
-0.048177
0.022558
-0.040190
-0.009040
0.180228
-0.035717
-0.058881
0.056094
0.030368
-0.132087
0.060005
-0.104673
0.038704
0.006522
0.006335
0.180505
0.044862
0.010092
-0.159596
0.102478
-0.137815
-0.019323
0.020750
0.132863
0.027717
0.038992
-0.032315
-0.057633
0.032129
0.149196
0.104854
-0.014163
0.006721
-0.105396
-0.012284
-0.030448
0.034500
-0.059724
-0.024736
0.048719
0.159624
-0.005336
-0.131637
0.040113
-0.211133
0.114208
-0.093953
-0.016420
0.058865
0.042023
0.130690
0.010400
0.003657
-0.018534
0.035024
0.110702
-0.153518
-0.193559
0.027637
0.207893
-0.025314
0.002976
-0.046236
-0.075739
-0.028929
-0.005412
-0.084294
0.026402
0.098073
0.041215
-0.008218
-0.069474
-0.023083
-0.025038
0.021133
0.076146
0.002820
-0.069905
-0.028296
0.270239
0.092892
0.023133
0.025931
0.355438
0.021544
0.098206
-0.003048
-0.044035
-0.132497
-0.031339
0.045816
0.042501
-0.056681
0.041102
0.011622
0.044001
-0.097645
0.001870
0.151909
-0.028933
-0.098400
-0.091364
-0.039015
-0.007424
0.024959
-0.004767
0.027106
-0.046994
0.070278
-0.023052
-0.158595
-0.002729
0.005422
-0.004493
0.032565
-0.004420
-0.029540
0.029665
-0.091228
0.053670
-0.209122
-0.085108
-0.089013
-0.000295
0.015359
0.005901
-0.042988
-0.065794
0.021971
0.043003
0.056368
-0.046222
-0.089225
-0.154398
0.080863
-0.127707
0.023360
-0.097786
-0.033098
0.100868
0.228033
-0.029357
-0.101016
0.180262
-0.053188
-0.076488
-0.017943
0.003137
0.068355
-0.000668
-0.003980
0.037264
0.005342
-0.117489
-0.021664
0.038448
-0.001890
-0.138187
-0.021266
0.010613
0.081724
0.005287
0.002321
-0.057738
-0.028506
0.159123
0.055777
0.045721
0.154565
0.115104
-0.099323
0.172056
0.037669
-0.051550
0.254180
-0.233857
-0.065130
-0.089451
0.079143
0.038352
0.111996
-0.183250
-0.168328
0.001219
0.062083
-0.037506
-0.033847
0.050415
-0.037373
-0.038435
0.010590
-0.001924
-0.087352
0.066865
-0.015651
-0.006336
-0.008452
0.039755
-0.014814
0.067633
0.012393
-0.134851
0.034418
0.042733
0.040103
0.125626
-0.056426
-0.032961
0.007706
-0.052524
-0.045785
-0.080145
-0.162579
-0.097355
0.092548
-0.045792
-0.058513
0.014337
-0.161802
-0.027904
-0.027572
0.141721
-0.047568
0.165407
0.151865
-0.070407
-0.108646
0.029385
-0.017219
-0.176068
0.065658
0.049997
0.022871
-0.034661
-0.070743
-0.026031
0.058811
0.005875
-0.029023
0.133545
0.034738
-0.018347
-0.002142
0.182958
-0.074745
-0.017859
-0.007549
-0.028603
0.039109
-0.171704
0.023742
-0.103351
-0.083868
0.011783
0.020309
0.022804
-0.071043
0.042559
0.047803
-0.025596
0.248117
0.061541
0.075648
0.136982
-0.138426
-0.094069
0.052470
-0.031204
-0.112837
0.025343
0.011195
-0.132072
-0.032600
0.035920
0.062738
-0.022982
-0.111368
-0.040988
-0.031399
-0.082562
-0.000859
0.081059
-0.005963
-0.060960
0.053497
0.295869
-0.109090
-0.030729
-0.070632
-0.062144
0.171702
-0.024471
-0.109901
-0.017579
-0.007869
-0.114166
0.166129
0.033701
-0.045037
0.081210
-0.039982
0.199261
-0.042686
0.013433
0.024501
-0.049012
-0.093882
-0.001441
0.025481
-0.089997
0.082670
-0.078450
0.108301
0.042247
-0.000186
0.153851
-0.020501
-0.008483
0.007864
-0.243447
-0.057483
0.057899
0.028154
0.119792
-0.060710
0.164086
-0.008816
-0.116104
-0.002781
-0.065633
0.031858
-0.007155
0.067670
-0.101289
-0.143550
0.085403
-0.018428
0.016946
0.095063
0.060873
-0.074590
0.063535
-0.072402
0.026503
0.032998
-0.024800
0.034474
0.046384
0.154292
-0.037992
-0.003368
0.133980
-0.097857
0.062641
0.168527
-0.035719
-0.117416
0.055777
-0.101831
0.077033
0.043462
-0.014946
0.020190
-0.096942
-0.001687
-0.010297
-0.060730
0.021418
0.053930
-0.098404
0.252616
0.049176
0.093065
0.085040
-0.030832
-0.039262
-0.201338
-0.185318
-0.058823
-0.009660
-0.041238
0.020578
-0.002255
-0.003804
-0.014253
-0.084039
-0.052799
-0.005123
0.081270
0.055628
0.040782
-0.232164
-0.001118
0.024215
0.019367
0.144473
-0.170224
-0.022122
0.024295
-0.078745
-0.071166
-0.033161
-0.032418
-0.007800
0.006556
-0.005044
0.030860
0.045847
0.112611
0.009766
-0.100201
-0.120937
0.044271
0.123682
0.066524
0.149045
0.027454
0.018327
0.017205
0.004723
-0.003331
-0.007387
0.048527
-0.170656
-0.158931
0.018235
0.023300
0.164964
0.007013
-0.032323
0.056113
-0.097320
0.150110
-0.019749
0.086686
0.016452
-0.045679
-0.156495
0.005943
0.164612
-0.049426
-0.070724
0.015920
0.072310
0.034787
-0.015305
-0.021691
-0.139233
0.062342
0.086539
-0.075938
0.042055
-0.069897
-0.044452
-0.054537
-0.019509
-0.113977
-0.184058
-0.113698
-0.065737
0.008088
0.114989
-0.249185
-0.046082
0.035262
-0.162122
0.020940
0.052665
-0.093361
0.001920
0.020723
-0.035641
-0.028402
0.046935
-0.181097
0.034194
0.081985
0.097896
-0.008745
-0.009107
0.250052
0.180404
0.013688
-0.010502
-0.003075
-0.019957
0.098759
0.049716
0.044784
-0.045103
0.061104
-0.051608
0.058122
0.059420
-0.080396
-0.145965
-0.024844
-0.045341
0.007602
0.189767
-0.039274
-0.016214
0.131120
0.032565
-0.101781
-0.245958
0.020194
0.253958
-0.066511
0.003551
0.103138
-0.005837
0.008273
-0.021446
0.101378
-0.016135
0.322065
-0.018121
-0.171345
0.152056
0.004917
0.146198
-0.030153
0.031078
-0.139794
-0.051955
0.022626
0.049425
-0.074733
-0.008125
0.160937
-0.004620
0.019942
-0.070585
0.005736
0.010347
0.048212
0.136367
-0.046698
-0.045266
0.087884
0.100712
-0.090531
-0.101730
-0.133145
0.107729
-0.061813
0.057633
-0.014604
0.063451
0.070620
-0.042459
0.032992
0.020044
-0.033769
-0.011390
0.031563
0.097096
-0.084405
-0.002639
-0.131691
0.022485
-0.187088
-0.064293
0.052456
-0.005569
0.137989
-0.074820
0.034305
0.122235
0.024527
0.124664
-0.049623
-0.025246
0.015237
0.016691
0.142743
-0.002023
0.087263
-0.139402
0.052495
-0.098741
-0.003825
0.019610
-0.038000
0.053359
0.038277
0.027653
0.113305
-0.051714
-0.155642
-0.031615
-0.035243
0.083720
0.061725
0.083493
-0.098996
-0.017684
-0.082982
-0.057066
-0.007601
0.040329
-0.158578
0.011315
0.121878
-0.025261
-0.026828
0.053671
-0.093512
0.127603
-0.083143
0.116953
-0.040579
0.054196
-0.175217
0.012956
0.045052
0.009703
0.006457
-0.058587
0.136310
0.016755
0.092582
0.019128
0.018943
-0.033811
0.130368
0.019047
-0.102500
0.055695
-0.049647
-0.152896
-0.196725
-0.103708
0.017727
-0.058608
0.071187
-0.048649
0.031099
0.037419
0.005773
0.039649
-0.044444
0.127362
0.008609
0.122420
-0.161950
-0.085850
0.029544
0.036088
0.151325
0.061705
-0.129164
-0.095634
-0.001774
-0.048021
-0.008883
0.046866
-0.091005
-0.073948
0.081815
0.084166
0.149109
-0.007333
0.021373
-0.285978
-0.011566
0.099817
0.064082
-0.019364
0.021998
-0.080300
-0.042658
0.087784
-0.042733
0.080051
0.051438
-0.016754
-0.029972
0.112665
0.074912
0.038724
-0.003128
0.041227
-0.011163
0.028503
0.006785
0.212893
0.035665
-0.012462
0.031177
-0.007951
-0.035256
-0.035287
0.077511
-0.264578
-0.027727
-0.081760
-0.046318
-0.021986
-0.107109
-0.010874
0.066424
0.186098
0.039862
0.073820
-0.091342
0.104513
0.059701
-0.060852
0.109831
-0.048785
0.042847
0.023730
-0.086564
-0.049998
0.030562
0.143053
-0.012321
0.038229
-0.036491
-0.012249
0.137704
0.017497
0.023763
0.020760
0.063013
-0.084649
0.040336
0.045661
-0.185825
0.020091
-0.071344
0.069972
-0.051286
-0.061078
0.098368
0.009209
0.020667
-0.029348
-0.009450
0.003411
0.106650
0.050329
-0.085041
0.036571
0.121679
-0.010947
0.059815
0.000684
-0.018063
-0.347686
0.006627
-0.137784
0.141417
0.038399
-0.104698
-0.012233
-0.050737
-0.020408
0.065217
-0.025856
0.003236
0.056307
-0.232090
-0.001337
-0.075369
0.018502
-0.068258
-0.015144
0.020642
-0.051671
0.033343
-0.024857
0.164918
0.074002
0.139206
-0.023140
-0.199564
0.048086
-0.056822
0.007500
-0.019883
0.131859
-0.057001
-0.009427
0.134081
0.010458
-0.006316
-0.081277
-0.013474
-0.000039
0.022957
-0.044315
0.009671
-0.036069
0.036155
-0.041675
0.024098
0.180440
-0.035783
0.074228
0.067582
-0.003615
0.025764
0.096722
-0.008404
0.039421
-0.081558
0.013970
-0.052265
-0.013604
0.023166
0.042563
0.095471
0.022904
-0.139749
-0.040438
0.131890
-0.134885
-0.053633
0.016442
-0.044282
-0.005904
0.168685
0.034436
0.110601
0.101065
-0.030509
0.010543
0.008217
0.176582
-0.050268
-0.020499
0.099305
0.070521
0.130967
0.148183
0.011168
-0.004118
-0.092345
0.140126
0.130785
0.184462
-0.075071
-0.033798
0.101487
-0.443986
-0.058873
0.061094
0.019091
0.203140
-0.025549
-0.030355
-0.096650
0.016942
-0.040417
-0.064673
-0.103893
-0.010858
0.100052
-0.021401
-0.035590
0.084852
0.019755
-0.010780
-0.062704
-0.148125
0.094561
-0.018659
-0.084220
0.061194
0.042335
0.003796
0.014393
-0.149036
0.011874
-0.102594
-0.007558
0.043001
-0.016917
-0.022367
0.035605
-0.038141
0.053204
0.007067
0.025097
-0.074772
-0.090834
-0.024153
-0.069503
-0.006868
-0.073084
-0.032838
-0.012182
0.017617
0.001718
0.000536
-0.049089
-0.025143
0.108080
-0.150301
-0.040273
0.129537
0.009107
-0.000763
0.062940
0.048168
-0.049615
0.015193
0.044024
0.006349
0.079758
-0.043113
0.103698
0.041228
0.036550
0.025362
-0.024040
-0.040910
-0.007777
0.166876
0.038119
-0.020713
0.133907
-0.212335
-0.121385
0.027574
-0.024513
-0.058642
-0.121690
0.182013
0.092459
-0.061680
-0.064156
-0.033779
-0.091041
0.055940
-0.024145
0.109154
0.069795
-0.068138
0.041031
0.182947
-0.087816
-0.066982
-0.034056
-0.064627
-0.034992
0.024067
0.112148
0.238510
0.048352
-0.009219
0.077857
0.087816
0.136625
0.045768
0.089913
-0.132510
-0.120841
0.010081
-0.009058
-0.011161
-0.011352
0.070663
-0.086444
-0.060133
0.087864
0.119672
-0.029593
0.087699
-0.052138
-0.171260
0.305274
-0.007132
0.007832
0.025120
0.061044
-0.014249
0.173645
-0.082054
0.008501
-0.038996
0.041456
0.012242
-0.175347
0.007447
-0.032966
0.105182
0.012730
-0.004823
-0.154986
0.068632
0.016687
0.057157
0.046260
-0.064638
0.288370
0.007151
0.102287
-0.018876
-0.053529
0.123110
-0.007480
-0.064817
0.123416
-0.061687
0.020515
0.136888
0.019686
-0.110288
0.053532
-0.031053
0.034909
-0.081796
0.105527
0.057854
-0.052500
-0.065158
0.072153
0.042250
0.076594
-0.023266
0.108616
0.074336
0.075871
0.000298
-0.217493
-0.015858
0.005563
0.016501
-0.102580
-0.060214
0.057365
-0.005736
0.158452
0.025473
0.043556
-0.073604
0.070460
-0.007049
-0.010549
-0.100269
0.101961
-0.132735
-0.017413
-0.067533
-0.016401
-0.112007
0.016404
0.092746
0.056765
-0.065211
0.123647
0.175730
0.077996
-0.117874
-0.117457
0.004641
0.079003
-0.016532
-0.044277
0.043005
-0.044176
0.036706
0.268681
0.021215
-0.068772
0.085193
-0.057042
-0.038989
-0.134198
-0.047894
0.160984
-0.154652
0.114260
-0.000096
-0.016822
0.083649
-0.137033
-0.115458
-0.162217
-0.004321
-0.097974
0.018923
-0.003735
-0.029814
0.019271
0.020152
0.079472
-0.024483
-0.119309
-0.040761
-0.033809
-0.096697
-0.040613
0.162340
-0.020319
0.279007
-0.087152
-0.013267
0.021040
-0.137145
-0.046366
0.034487
-0.039063
0.116164
-0.012737
0.017657
-0.064279
-0.104567
-0.110338
-0.093884
0.212109
-0.059343
-0.069781
0.124988
0.004024
-0.203367
0.000078
0.022741
-0.001357
0.003377
0.126347
0.088447
-0.148114
0.025640
0.040961
0.019716
0.003479
0.088023
0.011592
0.087008
0.023649
0.023455
-0.024530
0.047225
0.104374
-0.002102
-0.108325
0.097363
0.068408
0.135198
0.079681
-0.064013
0.158421
0.057673
0.091935
-0.103437
-0.003861
-0.014617
-0.052083
0.019695
-0.144291
0.040924
-0.083231
0.046552
0.059313
0.066481
0.034136
-0.004974
0.120459
0.059696
0.014447
0.024203
0.052581
0.104184
-0.003808
-0.021538
0.065331
0.042166
-0.002921
0.058822
0.014394
-0.049436
-0.057910
0.383769
-0.039649
0.040702
0.143339
0.098761
-0.040825
0.012362
0.006166
-0.058499
-0.014221
0.161565
0.069606
-0.015066
0.059654
-0.043194
-0.158716
-0.140728
-0.058040
0.096009
-0.100261
0.118988
-0.086745
0.125711
-0.120138
0.037936
-0.076041
0.017054
-0.081236
0.101211
0.006843
-0.135393
-0.099587
-0.030637
-0.189924
-0.095701
-0.033491
0.122378
-0.104060
-0.049412
0.178911
-0.107469
0.035277
-0.079399
0.056797
0.008638
-0.144758
-0.002314
-0.123426
0.014515
0.094164
-0.046466
0.093600
-0.136180
-0.093903
-0.090594
-0.028106
0.114393
0.021990
0.004906
-0.056178
-0.017997
-0.134048
0.047196
0.040732
-0.057042
-0.122309
-0.061443
0.011591
0.021182
-0.039312
-0.044006
-0.019546
-0.071350
0.132434
0.026758
-0.047073
0.084456
-0.006151
-0.044259
-0.079201
-0.049604
0.022469
-0.003812
0.177903
-0.027611
0.164200
0.019008
0.105374
-0.052060
0.063881
0.027371
0.094324
0.039023
0.009198
0.037194
0.045138
-0.061376
-0.011545
-0.037611
0.106466
0.021588
-0.021830
0.083618
0.132381
-0.087035
-0.089983
0.008931
-0.123783
0.035630
0.013678
-0.004852
-0.122829
0.160170
0.144485
-0.074025
0.206934
0.131810
-0.057278
0.034283
-0.015133
0.025665
0.006918
-0.015288
-0.135701
-0.020038
0.041665
0.117543
-0.103098
-0.000520
-0.118638
-0.061651
0.018200
-0.042511
-0.000515
-0.288618
0.096830
-0.036586
0.104533
-0.049835
0.083111
-0.045974
0.036023
-0.031805
-0.005018
-0.000389
0.112462
0.035777
-0.137782
0.082043
0.042042
0.005752
0.094853
0.082761
-0.033544
0.054318
-0.033202
0.031317
-0.062949
0.014695
-0.137609
0.070625
0.019126
0.018386
0.056673
-0.016435
0.016820
-0.111624
0.298452
0.003467
-0.067363
0.017515
-0.027679
-0.054026
0.042274
-0.018866
0.206992
-0.066902
0.077360
0.223374
0.052871
-0.001636
0.017533
0.311504
-0.017020
0.050948
-0.007697
-0.213394
0.042452
0.014581
-0.017167
-0.064881
-0.043349
0.117780
-0.096473
0.036583
-0.013803
-0.057029
-0.029733
0.098895
0.017376
-0.059965
0.016292
0.043399
0.019052
-0.132993
-0.022809
-0.034388
0.000111
0.066412
-0.004877
-0.025107
0.172771
-0.109999
-0.022152
-0.023911
0.028873
0.020427
0.010463
-0.111259
0.039802
0.035701
0.087965
0.041627
0.029549
-0.003316
-0.064312
-0.000336
-0.040735
0.085334
-0.004359
-0.060631
0.010348
-0.054890
0.009075
-0.051029
0.037807
-0.000628
0.049329
0.007500
-0.007736
-0.092629
0.125701
-0.089839
0.121864
-0.051796
-0.075258
0.041828
0.055428
0.066694
-0.044184
0.093265
-0.061334
-0.016380
0.009527
-0.011719
-0.027609
-0.390535
-0.034832
-0.041081
0.040110
0.016254
0.060417
-0.148650
0.085677
-0.010497
0.038067
0.078402
-0.024726
0.070339
0.164985
-0.047698
-0.206391
0.040890
0.026663
-0.018851
-0.003589
-0.084055
0.188063
0.018520
-0.102935
0.075579
-0.028018
0.060856
-0.136139
-0.182893
-0.000391
-0.037976
-0.009945
-0.046160
0.063406
-0.001725
-0.078305
0.036364
-0.124674
0.090301
-0.127361
0.005056
0.027913
-0.017583
-0.056933
-0.020496
0.119690
0.036642
0.037699
0.048961
-0.017259
-0.033548
-0.076175
0.345773
-0.029361
0.070238
-0.010020
0.015284
0.016159
-0.020671
-0.158461
-0.047488
-0.085924
-0.051430
-0.056394
-0.000503
-0.104213
0.029202
0.032780
0.138139
-0.044467
-0.058090
0.011495
-0.038065
-0.091444
-0.045800
-0.052532
-0.038417
-0.164602
-0.028281
0.124527
-0.019698
-0.046522
-0.189958
0.120900
0.047512
-0.139972
0.212238
-0.009726
-0.042533
-0.054316
0.100941
-0.090647
0.011190
-0.155763
0.095793
0.233045
0.013616
-0.005088
-0.100562
-0.006548
-0.003634
-0.013247
0.024517
-0.177023
-0.016218
0.092614
-0.060151
-0.014489
-0.022902
0.082695
0.057435
0.090706
0.025696
-0.112507
-0.068033
-0.002729
-0.104571
-0.075646
0.055465
0.001729
-0.018107
0.106580
0.062381
0.163845
-0.004484
0.014997
-0.069949
-0.092983
0.107114
0.117167
0.076056
0.007982
0.114013
0.193726
-0.097093
-0.169846
-0.039661
-0.099343
0.072339
0.204839
0.004050
-0.015437
0.031675
-0.090809
0.013907
-0.246079
0.033283
-0.025859
0.062878
-0.060760
-0.057568
0.070090
-0.015229
0.102456
0.030238
-0.017010
-0.048169
-0.083289
-0.099069
0.008868
-0.142180
0.029125
0.017696
-0.048437
-0.014362
0.005181
0.063875
0.067835
-0.036014
-0.140799
0.142471
0.046013
-0.113500
0.093128
0.042567
-0.002313
-0.005687
-0.072107
0.173181
-0.048768
0.006520
0.011952
0.153419
0.118612
0.095634
0.058070
-0.086318
0.049019
-0.021399
0.108071
-0.035269
0.188790
-0.124556
-0.078037
0.026425
-0.149743
0.033591
-0.087715
-0.079836
-0.000507
0.106140
0.097265
-0.178452
0.031655
0.097524
0.001714
0.010535
-0.003883
-0.011836
-0.007561
-0.121449
-0.023993
0.152695
-0.135357
-0.076580
-0.041513
0.055270
-0.032374
0.012947
