
Data:
0.110220
0.089136
0.384926
0.110225
0.017145
-0.116588
-0.003800
-0.038433
0.005437
-0.078253
0.010538
-0.105356
-0.006016
-0.333368
0.089670
-0.075085
-0.067493
0.010333
0.049917
-0.004596
0.000387
-0.045565
-0.188437
-0.048889
0.000539
0.023943
-0.113664
0.008744
-0.000054
0.011243
0.084378
0.065119
-0.002274
-0.053087
0.168185
0.033726
-0.024627
0.022261
-0.090074
-0.002544
0.013502
-0.044893
-0.047755
0.051862
0.032658
-0.062112
0.085341
0.032323
-0.114281
-0.082943
0.016239
-0.042386
0.008665
-0.021522
-0.000743
0.144440
0.153117
0.053401
0.044315
0.004984
0.126966
-0.096229
-0.010748
0.000241
0.009918
-0.070946
-0.041548
-0.204450
-0.080891
-0.031399
-0.314489
0.003198
-0.014148
0.058321
-0.041072
0.003534
0.026094
0.015080
0.040862
-0.030191
-0.046844
0.049810
-0.012554
0.029704
-0.012232
-0.001088
0.048317
-0.091558
-0.108001
-0.047143
-0.055609
0.108535
0.060353
-0.071551
-0.029453
0.158863
0.161116
0.111641
0.012432
-0.013018
-0.196648
0.012022
-0.096589
0.022422
-0.082562
-0.023705
-0.010583
0.049816
0.098937
0.007100
0.002508
-0.002550
0.007112
0.058137
-0.035814
0.004787
0.034541
-0.003679
0.115704
0.138016
-0.009196
-0.093152
0.002735
0.016272
-0.004117
0.068329
0.078785
-0.145246
-0.051785
0.084555
-0.035649
-0.020785
0.004785
0.118771
0.010324
0.055338
-0.000734
0.004818
0.038118
0.084502
-0.057009
0.012132
0.002062
0.050701
-0.013854
0.015715
-0.091343
0.159391
0.041320
0.038973
0.063529
0.016453
0.096038
0.078762
0.053247
0.147185
-0.034193
0.051191
-0.099785
-0.292400
0.062697
-0.019698
0.215749
-0.036574
0.059654
0.058876
0.537939
-0.030217
-0.003906
0.004828
-0.007457
0.020159
0.033556
0.079963
0.003265
-0.043517
-0.025891
0.000041
-0.026947
0.100121
-0.115832
-0.023526
0.007181
0.016621
-0.012738
-0.068105
-0.005400
0.059476
0.092288
0.008388
0.021650
0.042309
-0.016627
0.018963
0.017118
0.006554
0.013016
0.024615
-0.093250
-0.314835
0.000225
0.016944
-0.007738
0.176475
0.003208
-0.109355
0.011700
-0.071560
0.000734
0.032751
-0.169171
-0.060343
-0.055307
-0.117628
-0.021789
-0.014124
-0.022784
-0.017822
0.005395
-0.014787
0.002417
0.104866
0.026658
-0.028478
0.051688
0.002408
0.070928
-0.029569
-0.011587
0.061629
0.160004
0.021802
0.003865
0.142708
-0.057909
-0.000074
0.004994
0.029059
-0.022404
0.066550
-0.047267
-0.023095
-0.008784
0.005208
-0.014800
-0.153402
-0.031975
-0.055052
-0.000671
-0.003524
-0.003162
0.111523
0.072023
0.048296
-0.172195
0.009134
-0.001476
0.038297
0.101213
0.149232
0.075236
-0.157283
0.018960
0.081658
0.057999
0.040904
0.010601
0.060078
-0.091469
-0.047942
-0.062873
0.090354
-0.120544
-0.007293
-0.206581
0.018518
0.009967
-0.114188
0.131839
-0.032579
0.000617
-0.072550
0.151889
-0.121332
0.065825
0.257473
0.163802
-0.068743
0.034276
-0.078916
-0.116958
-0.107496
-0.019310
-0.170538
0.012614
0.036347
-0.004835
0.061611
0.041557
-0.106075
-0.014151
-0.087878
-0.018111
-0.062923
0.132084
-0.111197
-0.037114
-0.157699
-0.030791
0.014457
0.079853
-0.074489
0.031837
-0.082161
-0.137251
0.008104
0.007539
-0.003895
0.029547
-0.002094
0.015841
-0.026988
0.058196
0.104217
0.005525
0.186930
0.014075
-0.017637
-0.070597
0.056517
-0.048529
-0.112866
0.000656
0.020307
-0.052161
-0.122114
-0.013759
-0.102902
0.044107
0.189290
0.039075
0.000970
-0.101904
-0.040590
-0.079416
0.112084
0.109102
0.059517
-0.044461
-0.029948
-0.044996
-0.204761
0.018246
-0.064488
0.064404
-0.004686
-0.142650
-0.003368
-0.168209
-0.051584
0.048890
0.103317
0.018798
-0.000266
-0.106144
-0.009425
0.036253
-0.027736
0.064618
0.060701
0.136173
-0.038166
-0.032029
0.067993
-0.080650
0.060349
0.202512
-0.109318
0.177781
0.005125
-0.004977
0.091805
0.017526
0.119022
0.010942
-0.084811
0.002844
-0.102038
0.052302
0.071390
0.022812
0.060839
0.008087
0.019427
0.006964
0.048315
0.222557
-0.091369
-0.020674
-0.021964
-0.008633
0.013876
0.069498
0.029400
-0.035185
-0.013558
-0.168484
0.061867
-0.025346
0.077279
-0.016858
0.148337
-0.187453
0.078520
0.043294
0.156891
0.016351
-0.131315
-0.001457
0.040935
-0.094825
0.112124
-0.022330
0.011429
-0.013189
-0.021629
-0.009160
0.035194
-0.040176
-0.063997
-0.008700
0.178177
-0.028191
0.000938
-0.172944
0.066687
0.112245
-0.019965
0.019482
-0.026169
-0.019961
0.023933
0.016937
0.124406
-0.130731
0.036313
0.158345
-0.047687
0.040963
-0.083222
-0.016315
0.081430
-0.035680
-0.060037
-0.081917
-0.007445
-0.001900
-0.026507
-0.031777
-0.116415
-0.028466
0.029245
-0.070228
-0.012150
-0.007206
-0.024695
0.168536
0.218594
-0.018188
-0.008596
-0.005669
0.011084
-0.007864
-0.043808
-0.018805
-0.168514
0.137834
0.029787
-0.074145
-0.044927
0.094633
0.037642
-0.098195
0.036753
0.181491
0.150567
-0.359780
-0.006696
0.007914
0.161060
-0.018975
-0.021377
-0.000993
0.029598
0.087781
0.280902
0.051264
0.075209
0.012367
0.006303
-0.047230
-0.037590
-0.060165
0.078778
0.000384
-0.017143
-0.019246
0.110106
-0.050015
-0.062658
-0.174261
0.052182
0.032229
-0.026763
-0.044895
-0.012437
-0.158190
-0.084994
0.020325
0.056620
-0.013529
-0.009807
-0.017956
-0.022744
0.174520
0.289379
-0.112536
-0.148367
-0.023099
-0.068296
-0.076266
-0.022925
-0.000747
-0.103646
-0.051808
0.020379
0.038301
0.039136
0.061875
-0.206504
-0.107198
-0.004861
0.004158
-0.090932
-0.057464
0.315883
0.087507
0.029982
-0.120839
0.044764
0.016507
0.010867
-0.090454
-0.023679
0.107245
0.074896
-0.064710
-0.101764
-0.026660
-0.216158
-0.104362
-0.026161
-0.005852
-0.133509
0.029640
0.065898
-0.018279
0.025869
-0.129992
0.011498
0.115082
-0.010792
-0.227922
0.092101
-0.034111
-0.051061
-0.004408
0.022086
0.054374
-0.158103
0.044908
0.080912
-0.109382
0.035144
-0.022982
0.081174
0.064532
-0.070510
-0.084408
0.009729
-0.046382
-0.079678
0.005854
-0.007137
0.012054
-0.020963
0.041325
0.013084
-0.128998
-0.015082
-0.051179
-0.066902
-0.027172
0.020605
-0.031471
0.073315
-0.015827
0.194980
0.023575
-0.039049
0.026737
0.079673
-0.163773
-0.068380
-0.221844
0.025162
0.122518
-0.006226
-0.028381
-0.063863
0.031706
0.031870
-0.067787
0.052034
-0.009864
-0.037196
-0.098542
-0.066868
-0.043044
-0.012017
-0.070451
-0.135427
0.036790
0.118475
-0.105025
-0.046295
0.024800
0.141017
0.028235
0.061358
-0.180071
-0.074014
0.077509
-0.015322
-0.047196
-0.059832
-0.098269
0.055792
-0.019913
0.004096
-0.018009
0.025684
-0.094745
-0.142511
-0.042676
-0.001317
0.046134
-0.012272
0.157337
-0.014831
-0.038137
0.016279
-0.003672
0.022308
-0.008809
0.141482
-0.006731
0.039197
0.015514
0.049255
0.010983
-0.036533
-0.033045
0.044234
0.074224
-0.012169
-0.026200
0.134541
-0.364876
0.067513
0.006236
-0.005354
0.034659
0.053244
0.006882
-0.110243
0.088141
0.040985
-0.046412
-0.025626
-0.053357
-0.036900
-0.009042
-0.011161
-0.005877
0.021237
0.085445
0.079619
0.054624
0.091978
-0.032282
-0.040944
0.117544
-0.046528
0.001419
-0.029878
-0.139267
-0.039292
0.057855
0.058249
-0.109558
0.351396
0.008618
0.002101
0.003233
-0.123079
-0.026032
-0.079202
0.174457
0.000890
0.006369
-0.028244
0.019365
0.014269
0.055966
-0.110194
0.041179
0.036096
0.033620
0.039936
0.000714
-0.323802
0.008995
-0.014756
0.045420
-0.055223
0.028181
-0.047078
0.022493
-0.064524
-0.078939
0.060458
0.170261
0.041448
-0.009078
0.045793
-0.034684
-0.053928
0.020497
0.073501
0.037040
0.254954
0.042680
0.160295
0.142347
-0.008839
0.009724
0.178152
0.108884
-0.031679
0.007972
0.010368
0.042484
0.092175
0.134715
0.004705
0.042516
0.089105
0.114506
-0.044445
0.051997
-0.103966
-0.044731
0.126789
-0.090098
0.038803
0.112104
0.005935
0.055074
0.157956
-0.125185
-0.020658
0.118255
-0.075325
0.171766
0.026147
-0.051337
0.005238
0.037348
0.157180
-0.065301
-0.132072
-0.022164
-0.020952
0.012897
-0.064708
-0.068778
0.063749
-0.056002
0.037825
-0.009596
-0.269178
-0.082591
-0.051830
-0.052319
-0.065005
0.045869
-0.000592
0.031271
0.068987
-0.049614
-0.043058
-0.018541
-0.105492
0.021336
-0.183117
0.065176
0.132265
0.026372
0.036565
-0.032515
-0.067844
0.086867
-0.160721
-0.058631
0.002721
-0.095297
0.001384
0.015004
0.033368
0.030011
0.033613
-0.049436
0.043059
-0.004177
-0.034433
0.068109
-0.128630
0.289808
-0.064610
0.124703
0.012849
0.072622
-0.081129
-0.015643
0.061029
0.031471
0.009203
-0.001984
0.019024
-0.040683
0.082035
-0.119904
-0.013461
0.176438
-0.137727
-0.051273
0.035733
0.069887
-0.040650
0.125760
0.023519
0.007531
-0.124796
-0.165185
0.071976
-0.063367
-0.034596
-0.115250
0.077445
-0.185931
0.040981
-0.032593
0.119810
-0.000840
0.049348
-0.097281
-0.057092
-0.162099
-0.008315
0.076776
0.091720
0.101163
-0.109625
0.136148
-0.059446
-0.009175
-0.157922
0.129060
0.110176
-0.091991
0.003975
0.021016
-0.079671
-0.002018
-0.039334
0.122600
-0.045909
-0.066147
-0.058100
-0.013994
-0.048734
0.057951
0.045362
0.011847
0.009011
-0.092500
-0.038016
-0.048419
-0.176038
0.069592
0.031123
-0.025735
0.032102
-0.160864
-0.082105
-0.067712
0.018510
-0.026497
-0.014122
0.026798
0.098745
-0.009077
0.167602
0.006641
0.061134
0.005564
-0.163545
0.007611
0.148061
-0.017781
0.034215
-0.098322
0.210101
-0.221663
-0.007739
-0.011823
-0.011797
0.022319
0.077907
-0.053840
-0.105702
-0.020878
-0.153176
-0.036742
-0.020847
0.011069
0.128677
-0.155720
0.026679
0.014500
-0.045212
0.107416
0.059986
0.052027
0.115635
0.037173
-0.028897
0.246074
0.036199
0.058389
0.029823
-0.108269
-0.044441
-0.023380
-0.043414
-0.284983
-0.044021
-0.009604
0.009274
0.058585
-0.195416
0.044514
-0.076800
-0.093105
-0.020116
0.002882
0.017285
-0.067373
-0.018260
0.057439
-0.015867
0.005497
-0.070256
0.020939
0.156377
0.031385
-0.327091
0.007846
-0.072627
0.003457
-0.047107
0.018988
0.033860
0.025357
0.054588
0.059478
0.139906
-0.140141
-0.033826
0.040708
0.136022
-0.001577
-0.074600
0.030745
0.041652
0.072064
-0.035822
-0.066045
0.061834
-0.149860
0.016103
-0.011084
0.003579
0.094706
0.045826
-0.011766
0.008584
0.006119
-0.167892
-0.000581
0.032337
-0.124788
0.092847
-0.098406
-0.018531
-0.107131
-0.129434
0.041318
-0.017961
0.009217
0.079950
-0.097232
0.008455
0.050554
0.166925
0.083857
0.334242
0.023875
0.024733
0.015309
-0.065972
0.035852
0.023584
0.036764
0.132971
0.062137
-0.010794
-0.146545
-0.082005
-0.096897
0.067183
0.041552
0.044523
0.028244
-0.124483
0.199097
0.091754
0.066595
-0.017753
0.019885
0.111853
-0.001930
-0.087342
0.059864
-0.138607
0.066296
-0.008758
0.011588
-0.028509
-0.006178
-0.008883
0.111190
0.001096
-0.027725
0.059168
0.007545
0.017317
0.030518
0.053920
-0.020300
0.090521
0.034405
0.022644
0.102041
-0.005414
-0.049554
0.052843
-0.017590
0.145628
0.062603
0.111349
-0.038901
-0.059396
0.105239
0.052815
-0.001595
0.047269
0.049501
-0.160648
0.131289
0.121593
-0.048563
-0.181986
0.006142
-0.042672
-0.064373
0.018652
-0.029491
-0.011835
0.192435
0.041807
0.036148
-0.071234
-0.089212
-0.192843
-0.050122
0.005047
0.077692
0.063561
-0.078521
-0.088103
0.056941
-0.036795
-0.041288
0.006560
-0.158279
0.002312
0.110869
-0.121887
0.157371
0.005009
0.098989
-0.021751
-0.245404
-0.005470
-0.052016
0.086239
-0.156062
-0.055313
-0.031344
0.042149
-0.092240
0.016517
0.020707
-0.149598
0.105037
-0.077184
-0.008443
-0.141016
-0.084529
-0.067134
-0.133140
0.088866
-0.049578
-0.105587
-0.019534
-0.095571
0.018726
-0.012652
0.061523
0.066953
-0.102280
-0.032178
0.039524
0.080371
0.091536
0.083865
0.044749
-0.018777
-0.016276
-0.095460
0.024761
-0.044588
0.169136
0.041314
0.054368
0.155647
0.000017
0.024738
0.095941
0.027395
0.030162
-0.007643
0.026398
-0.220332
0.033668
0.071519
-0.003841
0.036554
0.029766
0.062712
-0.081909
0.070138
-0.083808
-0.014499
-0.003759
-0.090989
0.071203
-0.134689
-0.015287
-0.006205
-0.044448
-0.104122
0.090008
0.031469
-0.018433
0.008451
0.040768
-0.009151
0.055311
0.082294
-0.052917
-0.009532
0.161010
-0.002176
-0.020677
0.093808
0.232518
0.095824
0.032358
0.012464
-0.212418
-0.102876
0.019698
0.024345
0.018500
-0.003697
0.128321
0.048222
0.014626
0.011447
-0.032144
0.010261
0.002932
-0.030093
-0.054391
0.032795
-0.031239
0.015132
-0.007532
0.128572
-0.028235
-0.221561
0.015563
0.041542
-0.032842
0.009724
0.092558
-0.147665
-0.167180
-0.053639
-0.200381
0.057353
-0.050104
0.038091
0.042428
-0.014276
0.003037
-0.052133
-0.021802
0.056039
-0.004455
-0.385208
-0.027992
0.057545
-0.131338
0.043601
-0.056077
-0.081965
-0.200160
-0.002447
-0.016483
0.025705
-0.007022
-0.263376
0.030585
-0.021798
0.032585
0.105116
0.068116
0.076651
0.027430
-0.113802
0.113101
0.092642
0.090890
-0.033664
0.106487
0.067320
0.055306
0.075615
-0.029663
-0.041642
-0.007327
-0.068836
-0.052129
0.003064
-0.020843
-0.057454
0.061392
-0.036860
-0.009673
0.046856
-0.314204
-0.060949
-0.022118
0.146433
0.007879
-0.020208
-0.063235
-0.042765
-0.036382
0.124060
-0.148238
0.076541
-0.010818
0.030641
0.023803
0.002071
0.090898
0.083282
-0.151407
0.044338
0.028100
-0.106351
0.023160
0.055143
0.091502
0.103868
-0.054837
-0.047783
0.029721
0.027964
-0.002753
-0.044043
0.082420
0.002659
-0.000106
-0.034650
0.263255
0.019331
0.038470
-0.102814
-0.023414
-0.033850
-0.057233
-0.224512
-0.114243
-0.136424
0.012536
-0.062800
-0.088690
0.005854
0.065604
-0.160661
0.093581
-0.019906
-0.060702
-0.035290
0.087821
0.075893
0.070677
-0.146954
-0.072147
-0.007841
-0.110060
-0.087401
-0.076195
0.096603
0.071759
-0.130792
-0.094079
-0.045957
0.009607
-0.018322
-0.189496
0.032016
-0.038834
-0.046108
-0.016509
-0.182630
-0.082888
0.001944
0.020245
0.130524
-0.068555
-0.074750
-0.006944
0.081714
-0.135770
0.034004
0.161495
0.096479
-0.010052
-0.085636
-0.002548
-0.016400
-0.019231
0.246386
-0.068381
-0.009859
-0.045015
0.030240
-0.032305
-0.185583
-0.089334
0.033210
0.109986
0.104597
0.184769
0.029641
0.001305
-0.125732
-0.091318
0.017585
0.027262
-0.029164
0.105116
-0.058331
0.012197
0.145068
-0.084821
0.013026
-0.050934
-0.007065
0.257148
-0.098587
-0.074420
0.003386
-0.118331
0.007132
0.013371
0.082475
-0.054293
-0.011861
0.081275
0.089685
-0.028321
-0.017272
-0.010672
0.293951
0.052442
-0.027783
0.039153
-0.067454
-0.030070
0.032393
0.080343
0.051003
0.000604
0.076407
0.055481
-0.177377
0.103048
0.053404
-0.057346
-0.013109
-0.007969
0.054466
-0.022793
-0.036202
0.012547
0.009617
0.242733
-0.068033
0.034602
0.049652
-0.143142
-0.002511
-0.035210
-0.068567
0.011901
-0.001686
0.206352
0.114171
-0.080862
0.012924
-0.237175
-0.042666
0.081548
-0.013682
0.069538
0.054013
0.152811
-0.175083
0.053296
-0.003144
0.083566
-0.050554
-0.068208
0.083663
-0.003237
-0.060818
-0.002977
0.078826
-0.027070
-0.078526
-0.005516
-0.084409
0.053126
0.048762
0.011546
-0.007412
0.076870
0.144176
0.088790
-0.047883
0.213615
0.020840
0.052445
0.006025
0.003259
-0.177668
-0.035108
-0.012470
0.188005
-0.012310
-0.009272
-0.144128
-0.016758
0.047492
-0.004899
-0.040184
0.023713
0.009039
0.036307
-0.009326
0.144891
-0.053036
0.020858
-0.136541
0.120484
0.009204
-0.059533
0.030315
-0.025268
0.090632
0.143477
-0.143692
0.060640
0.088742
-0.114852
0.004443
-0.091813
-0.016327
0.101106
0.108164
0.037270
0.080353
0.114321
-0.056437
-0.071343
-0.104189
0.072497
0.048261
0.011028
-0.114221
-0.037515
-0.000494
-0.147819
-0.010827
-0.025101
-0.008211
-0.076647
-0.329864
0.006549
0.005240
-0.150104
0.053217
0.043568
0.001398
0.063701
0.116873
-0.051224
0.063333
-0.010630
0.085994
0.087427
0.006039
-0.002501
0.007229
0.045242
-0.053134
0.095674
0.141372
0.030326
0.049236
0.041816
0.024239
0.105383
0.046828
-0.021574
0.010055
-0.080248
0.009121
0.078019
0.065104
-0.009664
0.063178
-0.043034
0.000157
0.141270
0.130548
0.041818
-0.013431
-0.082022
0.041407
-0.151651
0.041691
0.063573
-0.139272
0.027964
-0.172864
0.041640
-0.007887
0.029287
0.062265
0.083933
0.034553
0.024333
-0.047501
-0.102050
-0.117198
-0.151062
-0.056773
-0.051845
-0.156955
0.063584
0.028329
0.019264
-0.007196
0.013841
-0.090952
-0.125319
-0.058417
0.117585
0.230374
-0.027948
-0.142644
0.177536
-0.022937
-0.132696
0.043978
0.025284
-0.087182
-0.115313
0.111912
0.075752
0.061128
-0.011478
-0.026111
-0.159569
0.012851
-0.070131
0.033166
0.125267
0.232458
-0.069649
-0.018547
-0.005936
-0.010911
0.040775
0.071856
0.046951
0.160869
-0.154287
0.094018
0.067726
-0.035780
0.339251
0.020434
-0.024408
0.005118
0.042804
-0.014822
0.061927
-0.053122
-0.045355
-0.061684
0.010208
0.026551
-0.188818
-0.086763
0.007931
0.015864
-0.061173
-0.021643
-0.051083
0.026541
0.011697
0.068752
-0.119450
0.095468
0.100064
0.062238
-0.052784
0.044209
-0.007313
-0.026012
-0.048648
0.064788
-0.057968
-0.095950
-0.032742
0.043319
0.066861
-0.091520
0.047792
-0.157020
-0.008623
-0.032680
-0.082979
0.028748
-0.002385
-0.083247
0.058711
0.003946
-0.025725
-0.017725
0.094930
0.005184
-0.016221
0.072328
-0.033710
0.000041
0.024283
0.053835
0.062749
-0.033441
-0.085067
-0.011062
0.000869
-0.025828
-0.377763
-0.094077
0.017691
0.014030
-0.022776
0.130960
0.180049
-0.123875
-0.150621
0.048251
-0.115280
-0.039195
0.088929
0.152277
0.147156
0.101227
0.025600
-0.156832
0.099689
-0.199500
0.009091
0.008730
0.016209
0.030143
0.004669
0.021220
-0.133192
-0.017298
0.019308
0.158229
-0.133682
-0.149542
-0.090246
-0.007936
0.150287
0.105534
0.020603
0.017584
-0.030364
0.059764
-0.045710
0.043437
-0.033300
-0.053724
-0.083566
-0.000822
0.042642
-0.026448
-0.069086
-0.043311
-0.072562
-0.011807
0.149048
-0.010564
-0.093732
-0.001971
0.018107
0.000179
-0.127677
0.102997
0.092079
-0.021114
-0.137978
-0.003022
-0.064918
-0.088078
0.049126
0.050179
-0.001387
-0.128513
-0.025502
-0.072986
0.065356
-0.009073
0.016895
0.076250
0.016394
0.011964
-0.018236
0.153906
0.040498
0.067648
-0.018190
0.061450
0.065170
-0.052959
0.043573
0.388449
0.074788
-0.225168
-0.004863
-0.158771
-0.059892
0.077760
0.083164
0.066554
-0.019026
-0.012179
-0.051842
-0.155646
-0.106743
-0.025893
0.001822
-0.030766
-0.008789
-0.144447
0.018600
0.074806
0.020409
-0.011591
0.028538
-0.024559
-0.035889
0.004091
-0.067909
-0.021425
0.059372
0.042929
-0.252964
-0.025537
0.026448
0.008606
-0.000791
0.028318
-0.057259
0.200342
-0.010206
0.108646
-0.105336
-0.003334
0.014082
0.060419
-0.064182
-0.054918
0.028057
-0.152920
-0.175858
0.016057
-0.069470
-0.151288
0.063117
0.052065
0.039767
-0.051832
-0.070666
0.091813
-0.108669
-0.083416
0.120447
-0.039526
-0.015929
-0.013595
-0.086544
-0.035137
-0.050416
0.053277
0.029616
-0.077390
-0.085316
-0.124902
0.051111
-0.032035
0.017020
-0.009958
0.089874
0.026276
0.005062
-0.052843
-0.008570
-0.121553
0.069126
0.126336
0.096106
-0.015776
-0.051139
0.011926
-0.025458
-0.217079
-0.153528
-0.194812
0.015571
0.057411
0.049470
0.083389
0.032998
-0.012207
0.061693
-0.054805
-0.078406
0.131458
0.036906
-0.001186
-0.103806
0.062205
0.007676
0.035875
-0.007044
0.091983
-0.035761
0.115636
-0.023624
0.018380
0.068508
-0.029474
-0.103515
-0.016060
0.025946
0.009057
0.351917
0.054186
0.060916
-0.029296
-0.021939
-0.089086
0.008840
0.007509
-0.042508
-0.183327
0.003467
0.130484
0.149230
-0.019781
-0.072072
0.016181
0.341633
-0.009514
0.015701
-0.051657
-0.127058
0.260062
0.089650
0.103751
0.113377
0.080939
-0.070357
0.021719
0.035891
0.002061
-0.018921
0.023923
-0.071622
0.009621
-0.111274
-0.079114
0.097355
-0.014371
0.064588
0.033858
-0.026945
0.044235
-0.015733
0.038482
0.026719
0.110496
-0.033309
0.029341
-0.091560
-0.044006
0.027285
-0.009498
0.019881
0.024024
0.075787
-0.191699
0.004510
-0.005753
0.053644
0.039334
0.019176
0.084935
0.036224
-0.178198
0.022093
0.088939
0.049218
-0.039989
0.021343
0.062746
-0.005178
-0.201341
0.027565
0.044865
0.058160
0.033725
-0.215535
-0.079322
0.011140
-0.066572
-0.046090
0.018040
-0.057372
0.051987
-0.008545
0.064329
0.098896
0.119381
0.030831
-0.114297
0.146675
-0.052549
0.018016
0.030654
0.021298
-0.104427
-0.032647
-0.006238
-0.167084
-0.018752
-0.119692
0.146851
0.021985
0.062519
0.061949
0.016001
0.117820
-0.125084
0.176314
0.009675
0.136022
0.064290
-0.135591
-0.126268
-0.077359
-0.043215
0.018111
-0.052248
-0.029072
-0.268943
0.083929
-0.126315
0.093958
-0.100106
0.070376
-0.106190
-0.066244
-0.120760
0.088268
0.012742
0.078143
-0.028622
-0.033904
0.004152
0.015277
-0.284130
-0.011063
-0.007129
-0.141136
0.085994
0.006495
0.029574
-0.012236
0.027179
0.053778
-0.059582
-0.075317
0.236499
-0.004462
0.078455
0.035680
0.075504
0.109485
0.013743
0.122120
0.040315
-0.042475
0.045104
0.042658
0.117760
0.024043
0.051096
0.021686
0.034617
0.005967
-0.018071
-0.020852
-0.019549
0.004581
0.081144
0.025166
-0.017550
0.021801
-0.202049
-0.070004
0.033471
0.133009
0.062768
0.030612
0.131369
-0.129319
-0.121606
-0.111006
-0.077051
0.010536
0.028635
-0.014103
-0.011213
-0.015156
-0.042309
-0.047760
0.075246
0.023489
0.033277
-0.084830
0.105910
-0.126993
-0.041138
-0.018073
-0.044728
0.011479
0.090499
0.086580
-0.011580
0.169070
0.066157
0.062466
0.036654
0.034328
0.095201
-0.063308
0.064741
-0.011140
0.028462
-0.041001
0.072282
0.020231
0.139171
0.187813
0.023768
0.042421
0.010891
-0.005613
-0.068156
0.092363
0.071471
-0.261242
0.015960
0.061078
-0.017715
-0.088919
0.099855
-0.114036
-0.061645
-0.042335
-0.090321
0.072783
-0.065575
-0.047904
0.045059
-0.066129
0.065803
-0.027406
-0.045182
0.054247
0.134292
0.134236
-0.225980
0.001397
0.013468
0.062179
-0.007464
0.111322
0.122423
-0.002402
0.144529
-0.100482
0.068947
0.014461
-0.086897
0.026949
0.015237
-0.011868
0.086888
-0.039969
-0.053746
-0.045154
-0.070824
0.068981
-0.039766
-0.020607
0.083019
0.411106
-0.038595
-0.003096
-0.025415
0.073107
-0.158758
0.026520
0.003431
0.005419
-0.019796
-0.145124
-0.020557
-0.036817
-0.038715
-0.116142
-0.017813
-0.010112
-0.021607
0.075668
0.073242
0.117177
0.105530
0.030667
0.045903
0.068710
-0.115502
-0.036653
-0.028915
0.163619
-0.054754
0.011999
0.033349
-0.039023
-0.131864
0.070666
0.012304
0.129905
0.122469
-0.173831
-0.203098
0.121806
0.009579
-0.090427
0.011433
-0.086773
0.057191
-0.066379
0.008411
-0.013126
0.099418
-0.064174
0.080032
0.054621
0.167972
0.031215
0.019968
-0.057658
0.011869
0.022460
-0.036846
-0.017824
0.030128
-0.076747
-0.003176
-0.057946
-0.018167
0.108180
-0.236073
-0.003677
0.079183
0.041649
0.111626
0.012641
0.071662
-0.158339
0.006197
-0.079081
-0.003946
0.032424
0.087921
-0.036428
0.020977
0.089843
0.073293
0.100497
0.157111
0.042814
-0.019194
0.104853
0.046390
-0.008514
-0.111430
0.138065
0.006006
0.064821
0.064633
0.011415
-0.008168
0.002526
0.038664
0.003433
-0.008558
-0.047660
0.076638
-0.094025
-0.073078
-0.067726
0.150062
-0.038293
0.111969
0.029519
-0.085795
-0.143729
0.013366
0.004535
-0.022593
0.034150
-0.072099
-0.038011
0.104440
-0.004218
0.117379
-0.087911
0.049928
0.012136
0.056991
0.008121
0.115104
-0.007023
-0.057939
-0.014881
-0.067366
0.048048
-0.118816
0.042506
0.003670
-0.092698
0.309499
0.029188
0.046824
-0.045867
0.016092
-0.013841
-0.022896
0.030851
-0.029799
0.083838
-0.030158
0.101837
0.010360
0.059444
0.018897
-0.038781
-0.109488
0.003190
-0.081211
-0.165796
-0.044870
0.134701
0.053779
0.132944
-0.067819
0.305334
0.091824
0.031865
0.003350
-0.225141
0.051825
0.096326
-0.032202
0.028392
0.029095
-0.069532
0.018224
0.066419
0.097797
0.184110
0.023085
0.018827
-0.071598
0.094200
-0.144299
-0.020395
0.017179
0.055677
-0.137052
0.067464
0.052704
-0.127017
-0.029657
-0.047754
0.028477
0.005464
0.043587
-0.189737
-0.095900
0.086086
-0.093738
0.011588
-0.009622
0.013959
-0.027371
-0.043103
-0.011993
0.089366
-0.004532
0.070977
0.001807
0.026479
0.135506
0.076087
0.255410
-0.089676
0.110371
0.055561
0.055066
-0.173100
0.138042
-0.157765
-0.055054
0.130709
-0.112687
-0.116070
-0.196018
-0.067012
0.010684
-0.041506
0.066417
0.096310
-0.017077
-0.099261
-0.046342
0.067238
0.014097
0.097670
0.000875
-0.091362
0.061893
0.002064
0.100509
-0.186848
0.080492
0.059248
-0.102096
0.089781
0.006787
0.134565
-0.041181
-0.066313
0.192740
-0.008491
0.180152
0.041098
0.078000
0.011881
-0.029417
0.004657
-0.058508
0.045442
-0.024525
0.081226
0.182464
-0.000574
-0.023196
0.276317
0.005299
-0.092028
0.112857
-0.080464
-0.005976
0.115688
-0.014498
0.018124
0.015006
-0.060959
0.135821
0.014999
0.023570
-0.093198
-0.054892
-0.024520
0.041645
0.036474
-0.061015
-0.015606
-0.081364
-0.002393
0.001480
-0.116770
0.153905
0.026062
-0.012950
0.008144
-0.027838
-0.280467
0.143011
-0.114390
0.059008
0.010625
-0.022252
-0.063131
-0.045118
-0.015921
0.157650
-0.036423
-0.075277
0.029322
0.024287
-0.063853
0.188970
0.039513
-0.135190
-0.054694
0.041062
-0.031795
-0.089454
-0.043149
0.049808
0.013385
0.021385
-0.114381
-0.008029
0.081909
-0.046643
-0.065333
0.080463
0.003042
0.066988
0.007904
0.159754
0.113373
0.060352
0.109410
-0.077114
0.049204
-0.128881
0.190734
-0.071073
-0.027101
-0.029453
-0.018618
0.082707
0.004140
0.015672
0.014715
0.040162
-0.031718
0.129456
0.075894
0.001824
-0.010987
0.013967
-0.009998
0.074545
0.105796
0.007791
-0.054108
-0.082310
0.098518
0.085090
-0.020186
0.015899
0.047247
-0.207025
0.010093
-0.090221
0.007844
0.166079
0.041971
-0.042091
0.002497
-0.002112
0.331069
-0.096323
-0.054226
0.070341
-0.155250
-0.125803
0.136698
0.037653
0.153203
0.046226
0.008335
-0.014110
-0.006109
0.045451
0.039735
-0.135422
-0.025189
0.012029
0.029171
0.063244
-0.020518
0.119603
0.048369
0.035131
0.047356
-0.150679
0.081515
-0.021943
0.007597
0.069522
0.038387
-0.050157
-0.037217
0.059699
-0.155580
-0.016501
-0.009409
0.104861
-0.035346
-0.111421
0.069941
0.200980
0.039445
-0.182725
0.002793
0.084146
0.090174
-0.017949
0.123189
-0.049052
-0.120159
0.087080
-0.145441
0.185397
0.023211
-0.017377
-0.134265
0.083046
-0.015824
0.054716
-0.020634
-0.027066
-0.011577
-0.041021
-0.060963
-0.052344
-0.030028
-0.002952
0.065816
0.074536
-0.165418
0.005150
0.138986
-0.065257
-0.025766
-0.075727
-0.025040
0.107773
0.016472
0.005237
0.025810
-0.041415
-0.066028
-0.039991
-0.007531
-0.069876
0.259725
-0.103421
-0.054594
0.017515
0.099499
0.074722
-0.049897
-0.073377
0.164211
-0.093725
-0.139330
-0.027067
-0.060118
0.029033
-0.069194
-0.019889
0.156691
0.005931
0.244789
0.060029
-0.104138
-0.170093
-0.064807
0.020458
0.016960
-0.018113
0.051252
-0.096891
-0.052129
0.159444
0.027861
0.079442
0.013838
0.006226
-0.077694
0.024609
0.002161
0.084873
0.056275
0.029442
-0.085676
-0.084331
0.077721
-0.031687
0.071670
-0.088724
0.054417
-0.134505
-0.039207
0.185647
-0.010893
0.039913
0.102927
0.019920
-0.099259
0.048656
-0.040850
0.043754
0.111325
-0.188803
0.027609
0.026695
0.111526
0.078455
-0.087523
0.042767
-0.050780
-0.018885
0.049057
-0.030235
0.035498
-0.008800
-0.005530
-0.238057
-0.020769
0.147911
-0.095158
-0.032874
-0.085175
0.058458
-0.020717
-0.073380
-0.021460
-0.223720
0.075954
-0.000100
0.080858
0.068651
0.023958
0.022630
-0.115880
-0.002570
-0.026315
-0.060124
0.162438
-0.011370
0.003189
0.031996
0.151667
-0.198592
0.014701
-0.116281
-0.011850
-0.075398
-0.078131
0.115700
0.023111
0.059439
0.097651
0.154184
0.001336
-0.118133
0.076541
-0.010610
-0.179196
0.062445
-0.048355
0.130712
-0.023431
0.044932
-0.056396
-0.006935
-0.026455
0.077151
0.108820
-0.106594
0.030937
-0.087790
-0.000604
0.133942
-0.068435
-0.115379
-0.046229
0.106419
0.158326
0.083029
0.080542
0.055945
-0.080976
-0.028390
0.021545
-0.116837
0.074818
-0.011017
-0.061026
-0.030622
0.172921
0.038165
0.112171
-0.027878
-0.014810
0.213323
-0.028044
0.033273
-0.000809
0.200535
-0.037345
0.037052
0.064624
-0.066963
0.004934
0.084244
-0.048481
0.019614
0.031135
-0.086001
0.040327
-0.086774
0.134834
0.102908
0.063171
-0.026760
0.069359
-0.109623
0.001894
-0.098337
0.064207
-0.142447
-0.180680
0.068804
0.017926
-0.024567
-0.009669
0.096030
-0.019783
-0.174811
-0.045895
-0.035831
-0.045398
0.032633
0.051715
-0.000481
0.009933
-0.328791
-0.013268
0.024387
0.014348
-0.030801
0.014864
-0.017700
0.050012
0.009450
-0.019294
-0.027888
-0.023778
-0.123336
-0.041044
-0.041315
0.007260
0.097855
-0.128782
-0.284947
-0.171063
-0.082989
0.017888
-0.020562
0.130317
-0.037201
0.093248
-0.057042
0.096121
0.014361
-0.023873
-0.004115
0.022300
0.033255
0.020061
-0.012652
-0.097479
-0.039563
-0.066448
-0.047980
-0.007928
0.099879
-0.034816
-0.047649
0.003003
0.023656
-0.050075
-0.013911
0.008716
-0.070981
-0.182247
0.177426
-0.049202
0.054323
0.041423
0.003914
-0.051760
-0.005389
0.240157
0.142584
-0.005035
-0.057751
-0.036436
0.074202
0.070200
-0.086762
-0.036905
-0.098589
0.112735
-0.052726
-0.030594
-0.105833
0.220187
-0.060164
0.047940
-0.007381
0.051654
-0.022640
-0.105294
-0.095720
0.031369
-0.019648
-0.178592
0.018988
-0.093112
0.197445
0.087946
-0.008158
0.006245
0.045205
-0.068466
-0.090188
-0.022937
-0.080365
0.029084
-0.046540
0.023625
-0.015636
0.027795
-0.057044
-0.031798
0.120019
0.033060
-0.016861
-0.012209
0.014515
0.016926
-0.000071
-0.064650
-0.049923
0.003386
-0.115430
0.005167
-0.085671
-0.001538
-0.074537
0.019638
0.258122
-0.145599
-0.013416
-0.020371
0.048171
-0.227791
0.029953
-0.040423
-0.021814
-0.180382
-0.040860
-0.039547
0.148814
0.047743
0.002597
-0.186907
-0.043485
0.044193
0.019002
0.065786
-0.032854
-0.007645
-0.000732
0.024350
-0.022662
0.137250
-0.031125
0.015824
-0.063124
-0.086972
-0.157735
-0.039526
0.017178
0.012436
-0.284788
0.011247
-0.016827
-0.106774
-0.029542
0.202196
-0.018979
0.070794
0.058666
0.002769
-0.011951
0.006282
0.038519
0.004363
0.075479
-0.013656
0.019295
-0.042168
0.030825
-0.022763
-0.069309
0.145747
-0.083136
-0.002235
0.092920
-0.048623
0.225905
-0.051536
0.062700
0.095952
-0.023195
-0.163016
0.016043
-0.067532
0.009545
0.023098
0.046913
-0.109692
-0.091294
0.027717
-0.015115
-0.035042
0.130469
-0.070881
0.044998
0.004656
-0.028754
-0.306104
-0.090514
-0.124716
0.006360
0.086070
-0.015246
-0.010100
0.140076
0.146346
-0.079880
-0.023507
0.149190
-0.017957
0.047675
-0.100698
0.073025
-0.239562
0.087706
0.033977
-0.043532
-0.093537
0.079539
0.097174
-0.112761
-0.091687
-0.050768
0.069425
-0.123484
0.007092
-0.066471
0.015497
-0.006971
-0.103713
0.024622
0.075160
-0.041897
-0.121678
0.036956
0.042880
0.214631
-0.081293
-0.028891
-0.009403
-0.105344
0.076399
-0.047380
0.035771
0.060456
0.016661
-0.004918
0.022942
-0.130205
0.055652
0.074618
-0.026146
0.062349
-0.053743
-0.094204
-0.032121
-0.208113
-0.099322
0.134083
0.027880
0.068547
-0.105330
-0.040043
-0.029994
-0.043479
0.023463
0.036742
0.115764
0.064459
0.058965
-0.113902
0.022901
0.017699
0.150871
-0.018246
0.024837
0.262343
-0.099920
-0.006353
-0.034708
0.012666
0.040343
-0.022072
0.062992
0.008484
-0.045590
0.068844
0.030922
0.082488
0.088695
-0.043083
-0.036219
-0.046324
0.030871
-0.020220
0.076820
-0.082572
0.032247
-0.039540
0.056774
0.064587
-0.060432
-0.165705
-0.049231
0.051333
-0.056799
-0.356679
0.034346
0.094276
0.118805
-0.088169
-0.000455
-0.203051
0.005107
-0.092796
-0.027064
0.011191
0.007946
-0.000309
0.130330
-0.058749
0.104992
-0.045326
-0.057424
-0.019731
-0.032219
-0.137801
-0.033278
0.083022
0.002617
-0.036280
0.057788
-0.029391
-0.217246
0.039438
-0.076147
0.051256
0.033848
-0.056845
-0.000921
-0.187054
0.181358
-0.020989
0.007653
0.028408
-0.173040
0.079543
0.030683
0.152063
-0.016292
0.003910
-0.033009
-0.013101
-0.016202
-0.162744
-0.054897
0.015389
-0.115738
-0.041374
-0.022416
-0.000170
-0.141172
-0.057783
-0.058396
0.041734
-0.017167
0.158499
0.012384
-0.029390
-0.057474
0.017448
0.015793
0.115975
-0.180307
0.080696
-0.039923
-0.043271
-0.060537
0.159944
-0.016685
-0.040092
-0.138886
-0.102942
0.012180
0.136139
-0.005244
0.046026
-0.119676
-0.021619
-0.032514
-0.019332
0.038735
0.128686
0.025420
0.126030
0.063807
0.059602
0.104495
-0.020448
0.006029
0.148249
-0.100428
0.092084
0.008694
-0.049175
0.023900
-0.000956
0.001019
0.001147
-0.114538
0.046640
0.159162
0.040311
0.006851
0.042277
0.064861
0.008402
-0.107745
0.058355
-0.034758
0.118225
-0.066105
0.088872
0.060761
0.059925
-0.037815
-0.103325
0.092486
0.121252
-0.053781
0.007214
0.013089
0.053768
-0.199262
-0.128837
-0.176562
-0.065274
-0.187281
0.003693
-0.097289
-0.134447
0.024085
0.013381
-0.059019
0.027735
0.083564
0.241728
0.059994
-0.017329
-0.277624
-0.048650
0.021297
0.023592
0.044345
0.092264
-0.063119
0.036653
-0.109555
-0.051977
0.016875
-0.013626
-0.015571
-0.144072
0.101547
0.061306
-0.064226
0.002010
-0.223936
0.075296
-0.185286
0.012914
-0.130891
0.061624
-0.051209
0.023564
0.027954
0.034267
-0.017056
0.036203
0.062295
-0.087305
0.041313
0.069635
0.000902
0.117815
0.079449
0.024230
0.087588
-0.013935
-0.038407
-0.005787
-0.018436
-0.248575
-0.214187
0.045786
0.039150
0.414371
-0.015205
0.096201
0.079838
-0.070666
0.073235
-0.087153
0.015865
-0.033495
0.075334
0.025978
-0.049095
0.072071
-0.005643
-0.139202
-0.166643
-0.026185
0.125004
0.008589
0.023647
-0.004448
0.036297
0.025973
-0.132715
-0.029793
-0.068880
0.045256
-0.047105
0.010868
-0.008063
-0.025030
-0.016836
0.042377
-0.202751
-0.045727
0.058166
0.004661
-0.102740
0.080836
-0.017751
0.045163
-0.002640
-0.009859
-0.019978
-0.050048
0.043879
0.060392
-0.054266
-0.007617
0.051402
-0.009976
-0.091769
0.017365
-0.012825
-0.069814
0.023250
-0.023004
-0.040896
0.051060
0.093260
-0.032110
-0.040915
0.124904
-0.109116
0.020748
0.178531
-0.040967
0.068553
-0.091506
0.000361
-0.073735
-0.097011
-0.041362
-0.139298
0.009280
-0.010086
0.028936
-0.003815
0.127532
-0.048888
0.035818
0.086424
-0.068215
0.089997
0.042166
-0.120320
-0.213489
-0.079342
0.049470
-0.125513
-0.029872
-0.111918
-0.136706
-0.036007
0.065193
0.118220
0.182528
0.096116
-0.034929
-0.089440
0.049213
-0.189199
0.002890
-0.016481
-0.012654
0.002368
0.100541
-0.084117
-0.095914
-0.056688
-0.055657
-0.001313
0.036723
-0.120737
-0.104126
-0.048568
0.086887
0.038441
-0.048984
0.014852
0.054434
-0.167063
-0.033567
-0.012737
0.078444
0.119739
-0.096449
0.048722
0.057957
-0.019283
0.058139
0.150910
-0.015463
-0.065072
0.003546
0.152497
0.011636
0.161597
0.141077
-0.051796
-0.045559
-0.248254
-0.138425
-0.034008
-0.005764
-0.073231
-0.085319
0.160608
-0.002689
-0.019753
-0.007412
-0.040793
0.015430
-0.008257
-0.125554
-0.007119
-0.000102
-0.067037
-0.009392
0.086951
0.110088
-0.039555
-0.098853
-0.039829
0.044473
0.053331
0.202171
0.051915
-0.019914
-0.004472
0.149336
0.038639
-0.184848
0.075121
-0.022317
-0.001478
-0.037142
-0.058350
-0.019873
0.033476
-0.061260
0.080057
-0.029695
0.069936
0.216482
0.010571
-0.071986
-0.013918
-0.048189
-0.003271
0.096062
-0.006549
-0.129426
-0.047270
-0.129115
0.096398
0.030754
-0.165865
0.000719
-0.076220
-0.125897
-0.073493
0.005941
-0.021498
0.113524
-0.022752
0.056208
-0.119175
-0.097036
-0.006475
0.217090
0.028368
0.063969
0.180530
-0.035514
0.132022
-0.048625
-0.033457
-0.038990
-0.036535
-0.076218
0.019991
-0.131380
0.026514
-0.303837
0.050613
0.000504
-0.083253
-0.035854
-0.047901
-0.003376
0.037093
-0.073254
-0.059945
0.047755
-0.012871
0.176154
-0.094876
0.049371
-0.072161
0.019980
0.145457
-0.090167
0.015499
-0.103245
0.070597
0.037729
0.106949
0.050362
0.057877
-0.011937
-0.026633
0.148000
-0.050276
0.015265
-0.036888
-0.092607
0.096533
-0.117131
0.008655
0.072687
-0.091383
0.158893
0.078713
0.237911
0.066526
-0.032828
0.014045
-0.000299
-0.017594
-0.123695
-0.125072
0.077926
-0.055344
-0.079167
-0.063649
-0.039011
-0.013151
-0.098453
0.052392
0.030018
0.058904
0.001806
-0.187992
-0.020361
0.039488
0.127719
-0.045630
-0.003923
0.128195
0.027083
0.166204
-0.091083
-0.029794
-0.039231
0.125271
0.031661
-0.042350
-0.027281
-0.098536
-0.159921
0.005225
0.085586
-0.024515
-0.004222
-0.041734
0.050677
-0.065983
0.003583
-0.049054
0.008113
0.037263
-0.017349
0.033086
0.109466
-0.001206
-0.004037
0.073488
-0.135816
-0.012119
0.029445
-0.167626
0.123151
-0.034915
0.014707
-0.112624
-0.019861
-0.101708
-0.307950
0.127391
-0.048971
0.028443
0.062718
0.002432
-0.073122
-0.093474
-0.120674
0.173815
-0.030309
-0.067025
-0.080958
0.038173
0.101155
-0.083779
-0.012898
-0.027494
0.035157
0.018200
-0.017131
0.162832
-0.065407
-0.179272
0.168647
-0.176933
-0.021361
-0.069320
0.015936
-0.068861
-0.042494
-0.007323
0.114820
0.129713
-0.000391
0.104664
-0.131619
0.155166
-0.013531
-0.072006
-0.015352
-0.088953
0.028648
-0.046087
-0.008144
0.037297
0.030165
0.103574
-0.069396
-0.018253
0.006559
-0.017747
0.078612
-0.112451
-0.073446
-0.001467
0.186634
0.056261
-0.013426
-0.002544
-0.031232
0.314539
0.017515
-0.154482
0.012482
0.028681
-0.235006
0.000207
0.019680
-0.098646
0.002221
-0.064836
-0.058655
0.040583
0.132012
0.031622
0.011892
-0.001883
0.008000
-0.078906
0.019161
-0.060416
0.179098
0.067541
0.010429
0.118116
0.050979
-0.131662
-0.012787
-0.000665
0.127764
0.065046
-0.095537
0.024985
0.015044
-0.012482
0.008933
0.084924
-0.125891
-0.015159
-0.106693
-0.001206
-0.157462
0.070133
-0.075413
-0.013064
0.105436
0.006911
-0.043764
0.042640
-0.073064
-0.071171
0.031875
-0.016564
-0.001523
-0.067286
-0.010614
-0.038158
-0.100612
0.126894
0.063026
-0.138694
0.064605
0.043188
0.045628
0.156215
0.051174
-0.044877
0.335878
0.022219
0.005281
-0.037492
0.044426
-0.021868
-0.049978
0.053390
-0.149939
-0.013636
-0.090844
0.020832
-0.067482
-0.082820
0.021084
0.029232
-0.032450
0.081598
-0.041202
0.022593
-0.026462
0.037388
-0.133672
0.024281
0.079681
0.031065
-0.105457
0.073208
0.046139
0.087805
0.132706
-0.119335
0.029426
-0.063064
-0.138553
0.039150
0.072032
-0.127578
-0.011115
-0.023588
-0.082934
0.117293
0.042523
-0.014414
0.107208
-0.050979
0.012788
-0.029771
0.059409
-0.015838
-0.038794
-0.002443
0.009690
-0.194972
-0.195002
0.091916
-0.116912
-0.044870
0.065015
0.039843
0.098377
0.024571
-0.003531
0.045616
0.223436
-0.141041
0.008220
0.018347
0.091451
-0.033558
0.026237
-0.005185
0.022173
-0.019610
-0.001228
0.057847
-0.023172
0.032593
0.130601
-0.067283
0.089396
-0.018008
-0.002255
0.036589
0.061247
-0.042886
0.068197
-0.045184
0.056434
-0.228778
0.105588
-0.019600
-0.049430
-0.031161
0.039831
-0.037930
-0.012826
-0.176081
0.008620
-0.125018
-0.093981
-0.104828
-0.053599
0.047943
-0.026528
0.009237
0.225298
0.214123
0.047715
-0.144875
-0.013513
0.045884
0.008653
-0.029322
0.025909
-0.095247
-0.045782
0.088168
0.091327
-0.194130
-0.070676
0.115454
-0.052672
0.091348
-0.026359
-0.231943
0.105914
0.109202
0.038906
-0.015345
-0.037434
0.024609
0.002992
-0.037824
0.144819
0.009774
-0.115544
-0.101276
-0.004681
-0.126911
0.046881
0.149809
0.011917
-0.117413
-0.082221
0.097236
-0.023984
0.021239
0.162189
0.046543
-0.051467
0.098379
0.028548
-0.124479
-0.062138
-0.065813
0.029124
-0.052545
-0.021941
-0.008331
0.073738
0.140285
-0.091017
0.067163
-0.051723
0.049856
-0.076755
-0.075232
-0.020919
0.127252
0.192786
-0.017416
0.028712
0.149072
-0.021401
-0.120787
-0.076867
0.056925
-0.028785
0.054325
0.013181
-0.020672
-0.056433
0.005544
-0.043367
-0.075427
-0.082140
-0.094536
-0.123129
0.052035
-0.079398
-0.044806
0.112340
-0.055420
-0.108468
0.046776
0.008246
-0.067591
0.225491
-0.080776
-0.110193
-0.092258
-0.054841
-0.154536
-0.018255
0.048431
0.032342
-0.129549
0.030455
-0.113778
0.064818
0.017023
-0.060834
0.067577
-0.091193
0.056466
-0.106064
-0.065588
-0.273629
0.025241
0.059915
-0.025582
-0.015024
-0.088395
0.011664
-0.022314
-0.041484
0.011184
-0.090966
-0.088439
-0.036708
-0.023339
0.056791
0.079211
-0.195556
-0.018841
-0.091059
0.016174
0.032901
-0.048991
-0.193522
0.115913
0.096370
-0.056466
-0.076783
-0.011966
0.100481
-0.039840
-0.137304
0.007256
0.084555
-0.043254
0.106986
-0.181008
-0.052187
-0.005707
-0.214812
0.025551
-0.037909
0.001924
-0.009202
0.039094
-0.045596
-0.005640
0.018031
0.202278
-0.013612
0.041916
0.138378
-0.100098
0.094767
0.036213
-0.039664
-0.116564
-0.119887
0.156753
0.144425
0.012447
-0.034288
-0.063593
0.168948
-0.052530
-0.033425
-0.016716
0.062462
-0.044563
0.111152
0.071660
-0.011095
0.065033
0.034475
-0.055483
0.041455
0.069167
-0.007242
0.035231
-0.065996
-0.139946
-0.015457
0.052787
-0.151841
-0.101613
0.136392
-0.055166
0.026122
0.174657
-0.114104
0.098127
-0.139214
-0.095360
0.088262
-0.063641
0.098561
-0.054805
0.034816
0.010817
0.046863
-0.085149
-0.114635
-0.035878
0.009517
0.056414
-0.008860
0.045285
0.032582
0.069163
0.077958
0.007049
0.138960
0.052032
0.068848
-0.098514
-0.004595
-0.064105
0.024964
-0.009874
0.016997
0.063294
0.029204
0.073764
-0.076740
0.042642
-0.166634
0.016276
0.099855
0.037364
-0.323363
-0.226083
0.052556
-0.010631
-0.008887
0.176636
-0.029200
-0.183251
-0.089430
0.111377
0.037793
0.012471
0.085917
0.067559
-0.001099
-0.004519
-0.031926
0.044391
0.017025
-0.056605
-0.005434
-0.040263
0.050624
-0.067865
0.039104
-0.025643
0.007980
0.037974
-0.071896
0.079592
-0.039895
0.063929
0.057392
-0.048033
0.052945
-0.069153
-0.046293
0.085948
-0.162378
0.008322
0.110445
0.089304
-0.051896
0.004750
-0.069976
0.024054
-0.328944
0.078170
0.003092
-0.068340
-0.015926
0.026667
-0.198029
-0.099897
-0.140146
-0.087291
-0.008930
0.038374
0.072581
-0.101828
0.086591
0.070984
-0.033109
-0.067210
-0.122768
-0.077135
0.101842
-0.132617
-0.019523
0.023475
0.004486
-0.003861
0.008546
-0.055866
-0.095744
-0.027408
0.019698
-0.015704
-0.000136
0.030545
0.139334
-0.077068
0.021741
0.018828
-0.069478
0.081482
-0.073379
0.113591
-0.053185
-0.058793
-0.006035
0.019237
0.005116
0.019031
0.040639
0.046759
-0.052059
-0.160770
0.065281
-0.510224
-0.062708
0.010438
0.036194
-0.010970
0.182229
0.051065
-0.120075
0.030273
0.056368
0.013564
-0.142968
-0.061431
-0.030335
-0.010816
-0.020751
0.065607
-0.039609
-0.113968
-0.029305
0.022784
0.007806
-0.073156
-0.018258
0.009589
0.001253
-0.047992
0.017357
-0.106453
0.027287
-0.004179
-0.019292
-0.160776
0.142325
-0.104804
-0.001028
-0.046288
-0.138973
0.076270
-0.146016
-0.083134
0.052571
-0.003670
-0.013337
0.107500
-0.194275
0.022358
-0.106415
0.009451
0.000006
0.058682
-0.115132
-0.014445
0.097165
-0.014345
0.015705
0.013453
-0.035845
0.018019
-0.086993
-0.016129
-0.006649
0.039993
0.030663
-0.030064
0.009524
-0.168933
-0.010506
-0.058210
-0.082231
-0.045067
-0.209989
0.041701
0.116741
0.031259
0.160427
-0.054521
0.146844
0.058336
0.153258
-0.050615
-0.092913
0.043425
0.046439
0.106841
-0.028707
0.031011
0.011744
0.111809
0.040449
0.015014
0.009615
-0.007508
0.054227
-0.005538
-0.009148
0.012328
-0.007066
-0.048972
0.045594
0.081953
-0.021857
-0.157994
0.171164
-0.122314
-0.032427
0.096215
0.140031
-0.064250
-0.057613
0.018094
0.040344
0.067978
0.013585
-0.061759
-0.142471
-0.082544
0.085187
0.068246
0.128114
-0.145032
0.008643
-0.242126
-0.228890
-0.019752
0.003877
0.002035
0.211911
0.045831
0.049664
0.002112
-0.086550
0.087109
-0.002441
0.021381
0.044540
0.005870
-0.030517
-0.138232
0.241589
-0.062678
0.001640
0.095000
-0.024158
-0.000233
0.065346
0.093278
-0.025809
-0.031967
-0.024050
0.105874
0.008309
-0.026378
-0.001536
-0.049384
-0.068955
0.078955
0.217828
0.088215
0.080193
0.077421
0.042075
-0.024292
-0.078151
0.031849
-0.225097
0.053022
0.042654
-0.067103
-0.130023
0.024682
0.031028
-0.013046
-0.074210
-0.019295
-0.065149
0.236849
0.043197
-0.003935
-0.011884
0.153642
-0.033377
0.074812
-0.025646
0.022154
-0.026542
-0.029828
-0.012600
-0.110390
0.044308
-0.026063
-0.001810
0.046487
-0.075067
-0.108240
0.046570
-0.145639
-0.045914
-0.054391
-0.041506
0.047051
0.067433
-0.082201
-0.095256
-0.278712
-0.005242
-0.070516
-0.067572
0.024896
0.042935
0.007534
0.068475
-0.064976
-0.039984
0.000288
-0.098344
-0.160728
-0.002483
-0.078267
0.058020
0.108707
0.076980
-0.039735
-0.194379
0.261922
0.005624
0.032148
-0.014510
-0.102901
0.035222
-0.179181
0.094276
0.026072
-0.060758
-0.014128
0.019787
-0.155843
0.058912
-0.018208
0.028897
-0.211173
0.033860
-0.014443
-0.043149
-0.009302
-0.057806
0.083725
-0.100551
-0.067388
0.064405
-0.018720
-0.139661
0.104917
0.046803
-0.207506
0.112404
0.106502
0.046152
0.121211
0.041051
-0.037716
0.038758
-0.033096
-0.023365
0.042869
-0.029220
0.085332
-0.109443
-0.023779
0.050501
-0.028322
-0.050210
0.034186
0.044366
0.080327
0.059495
0.089131
0.163940
-0.006085
-0.032969
-0.019578
0.020641
-0.021543
0.112670
-0.021858
0.054861
0.005663
0.034721
-0.075285
-0.093970
-0.101331
0.060490
-0.040259
0.092376
0.008692
0.129805
0.008708
-0.009650
-0.029065
-0.081572
-0.074151
0.086232
0.076356
0.112387
-0.000721
-0.031402
-0.043602
-0.041515
-0.067794
0.106361
-0.080809
-0.059393
-0.047047
-0.011744
0.039352
0.096967
-0.277895
0.055354
0.038157
0.113844
0.031347
0.022494
0.145694
0.061567
-0.037169
-0.087125
-0.116073
-0.194227
0.144193
0.074477
-0.133086
0.093132
0.162089
-0.107899
-0.059200
-0.121821
0.062849
0.116886
-0.129239
-0.034448
-0.090096
0.049807
0.033453
0.043241
0.032090
-0.038912
0.111429
0.001118
-0.071761
0.145445
-0.104392
-0.018031
0.024002
0.074204
-0.017936
-0.058139
0.056260
0.046945
0.145973
0.133694
-0.197577
-0.028878
0.008351
-0.269437
0.045579
0.053318
0.053735
-0.009319
-0.001504
0.110623
-0.013627
-0.087036
-0.010028
-0.078089
-0.055532
-0.036818
-0.183545
-0.162794
0.035529
0.290875
0.032733
0.044468
0.026050
-0.079388
-0.065547
0.041665
-0.008250
-0.200094
-0.034850
-0.027382
-0.029286
0.040383
-0.041095
-0.167759
-0.058555
-0.142500
0.053419
0.009800
-0.042266
0.012386
0.036232
-0.028784
-0.038798
-0.100078
-0.048745
0.068067
0.018790
-0.005961
0.083811
0.107669
-0.032713
-0.046702
-0.194484
-0.042158
0.011552
-0.084244
-0.060028
0.052219
-0.155563
-0.043781
0.194432
-0.107007
0.033910
0.108798
0.074628
-0.027692
0.036996
-0.099839
-0.041405
0.090060
-0.084110
-0.078774
0.048702
-0.104909
0.033508
0.015847
0.021686
-0.035071
-0.023313
0.033921
-0.021409
0.071523
-0.016156
0.039687
0.070114
-0.085760
-0.133334
-0.050413
0.044126
0.085457
-0.127659
0.043964
0.215849
-0.035503
-0.045863
0.102493
-0.020745
0.083620
-0.008700
-0.112497
0.114197
0.015522
0.019758
0.156537
0.049997
0.078024
0.044077
0.094054
0.055599
-0.106624
-0.000474
0.033847
-0.119314
-0.025563
-0.027275
0.038155
0.138690
0.098709
-0.065740
0.112594
0.141711
-0.020466
-0.079537
0.009931
-0.027265
0.005202
0.086086
0.032084
0.005099
0.006150
-0.041563
-0.049871
0.029808
-0.033472
-0.037982
0.007471
-0.077588
0.043493
0.151953
-0.038244
0.035526
-0.088715
-0.110916
0.056473
0.112081
-0.091243
-0.006712
0.167771
-0.082260
0.012373
-0.055760
-0.149417
0.194645
0.136159
-0.046636
0.083676
0.090083
-0.040900
0.001477
-0.134046
-0.227090
-0.134742
0.172527
0.113539
0.041332
-0.047504
0.097498
0.005574
0.052650
0.009920
0.068858
0.022313
-0.039015
0.041384
0.016644
-0.018823
-0.125722
-0.031221
0.004866
-0.075348
0.160947
-0.037253
0.040792
0.060792
-0.018846
0.047247
0.011739
-0.043299
-0.020245
-0.035217
-0.126778
-0.045081
0.034418
0.130841
-0.014569
0.017590
-0.183948
0.039755
0.047370
-0.185797
-0.066840
0.106913
-0.045916
0.097446
0.042766
0.017240
-0.004195
0.000920
0.056442
-0.009988
-0.008238
-0.014234
-0.004039
-0.340897
-0.067404
0.098387
0.086828
-0.073143
-0.037219
-0.100343
-0.057430
0.007201
0.062724
-0.080343
0.027402
-0.095337
0.169063
0.083989
0.014601
0.137737
-0.039760
-0.017114
0.122397
-0.141508
0.101288
0.052526
-0.010335
0.097865
0.000530
-0.138756
0.141057
-0.050337
-0.085860
-0.077318
-0.053883
-0.065609
0.029859
0.033271
0.063045
-0.004234
0.073826
-0.022964
0.022597
-0.076258
-0.203532
0.035439
-0.019069
0.130901
-0.107530
0.158801
0.034791
-0.012788
0.020794
0.051041
-0.009585
0.038871
0.107540
-0.092700
-0.099685
0.007120
-0.037456
0.097123
0.010784
0.164904
0.057403
-0.075469
0.013219
0.085257
-0.041402
0.124378
0.102493
0.047752
0.091868
-0.002493
-0.079924
0.034283
-0.035619
0.018118
0.002977
-0.142703
0.201789
-0.161861
0.029496
0.045327
0.020748
0.048477
-0.039715
-0.052495
0.001480
-0.059892
0.105032
-0.050139
-0.079830
-0.107412
-0.047615
-0.189711
0.007828
-0.163673
-0.100207
0.105261
-0.204921
-0.023511
0.031957
-0.076102
0.107872
0.018737
0.014790
-0.113401
0.170151
-0.007031
0.061919
0.034713
0.047970
0.102710
0.030412
-0.028221
0.068419
0.046946
-0.109762
-0.076863
0.208388
-0.002588
0.086038
-0.107305
-0.181365
-0.043978
0.012180
-0.105273
0.123183
-0.041955
-0.015979
-0.007515
0.002107
-0.004373
0.012997
0.017539
-0.142147
-0.011993
-0.109235
0.007260
-0.088492
-0.000166
-0.026303
-0.027582
-0.326272
-0.011497
-0.139387
0.025014
-0.083109
0.069354
0.044627
0.001686
-0.135375
-0.081875
-0.024434
-0.019599
0.005328
-0.158431
0.002426
-0.011126
-0.120800
0.140141
0.008649
0.035339
-0.049953
0.007441
-0.265277
0.036055
-0.033203
0.016150
-0.018610
-0.062165
0.111649
-0.015046
-0.007293
-0.041226
-0.049830
0.001759
0.134395
-0.016622
-0.056965
-0.006805
0.130322
0.042550
-0.090586
0.015589
-0.030538
-0.060143
0.048967
-0.004089
-0.044595
-0.104066
0.044516
-0.006996
-0.017398
-0.132000
-0.097550
-0.024860
-0.222997
-0.091215
-0.083305
0.141569
-0.145842
0.130606
-0.066084
0.075108
-0.161290
-0.057483
0.136756
-0.063893
-0.006403
0.058359
-0.015183
0.016296
0.032153
0.003547
-0.059445
-0.181572
-0.067260
0.068784
0.004157
0.095905
-0.074312
0.041536
-0.015550
-0.149693
0.125015
0.036468
-0.059340
0.023494
-0.020862
0.173727
-0.030554
-0.008168
0.116587
0.025467
-0.059328
0.129657
-0.026277
0.111398
-0.014775
0.052886
0.087904
-0.222284
0.057026
-0.055774
0.024957
0.040086
0.028986
0.214536
0.007954
0.002767
-0.084730
-0.021279
0.004950
-0.099728
0.044490
0.088216
-0.005143
0.296540
0.202343
0.109072
-0.032844
0.014412
-0.027046
0.058040
-0.012832
0.010236
-0.000196
-0.033336
-0.021947
-0.181001
-0.027633
0.127155
0.050960
0.073559
0.018051
0.032766
-0.032612
0.076118
-0.006329
-0.067295
0.028516
0.122636
0.010341
-0.043077
-0.035812
-0.113143
-0.009144
-0.097231
0.026510
-0.125867
0.188741
0.015213
-0.090654
-0.115764
-0.036806
0.038188
0.077521
0.121485
0.163008
-0.088402
-0.030552
0.106379
-0.033925
-0.049324
-0.064073
-0.033157
0.029147
-0.020292
-0.024909
0.035209
0.164946
-0.078902
0.076622
-0.043062
0.089400
0.014402
-0.128991
-0.031480
-0.068722
0.077259
0.020254
-0.004705
0.019555
-0.110089
-0.045344
-0.059162
0.077261
0.275276
-0.109194
0.008871
-0.017786
-0.013233
0.020986
0.044005
-0.154530
-0.281790
-0.001909
0.066648
-0.016438
0.009498
-0.003598
0.042238
0.035415
0.017456
-0.087001
-0.028033
-0.021652
0.091126
0.019381
0.088252
0.028838
-0.126113
-0.114531
-0.039545
0.075001
0.290832
-0.188210
0.045964
-0.122847
0.080454
-0.056346
-0.118774
-0.017916
0.004586
-0.018538
-0.112450
0.014806
-0.014302
0.113950
-0.086651
0.012393
0.068538
0.005577
-0.037338
0.041795
0.003931
-0.100260
-0.019940
0.117821
0.003486
0.020331
0.097520
-0.004728
0.038145
0.039470
-0.080603
-0.038526
0.008704
-0.014980
-0.023652
0.285629
0.081821
-0.154783
-0.006956
0.052689
0.004075
-0.108864
0.035927
-0.108554
-0.049033
0.111074
0.002501
-0.049907
-0.104770
-0.074987
-0.129728
0.078261
0.043010
-0.047836
-0.023087
-0.055303
0.082831
0.067795
-0.048695
0.200246
0.219539
-0.042470
-0.005350
-0.118056
0.137746
0.309622
0.032457
0.057976
0.035041
-0.073694
-0.010315
0.017920
-0.047829
0.049553
-0.063844
-0.036934
0.011515
0.176601
-0.019993
0.007475
-0.090616
-0.011282
0.032686
-0.099206
0.065228
0.067368
-0.033755
-0.102246
0.048103
-0.039794
-0.053589
-0.012153
-0.216864
-0.086860
0.051739
0.011307
-0.022867
-0.029455
-0.010750
0.040430
0.071277
0.067770
-0.124298
0.067798
-0.099194
-0.045358
0.036313
0.043246
0.192675
-0.111832
-0.084642
-0.143485
0.020708
0.004017
-0.013253
0.073109
-0.080412
-0.054880
0.140506
-0.001964
-0.016731
-0.082929
-0.033030
0.064120
0.061591
-0.000928
-0.146847
-0.026377
-0.080584
-0.149503
0.042551
-0.065673
-0.024409
-0.053153
-0.002269
0.104958
-0.017113
-0.107626
-0.062123
0.036511
-0.027456
0.168265
-0.055670
0.032952
0.067909
0.098388
-0.016999
0.104715
0.096572
0.030439
0.044505
0.013544
-0.000277
-0.077618
0.094611
-0.013358
0.088565
-0.215850
-0.123549
-0.131738
0.090288
-0.070347
-0.062092
-0.025509
0.034112
0.017609
0.005698
-0.111756
-0.042211
-0.037808
0.029722
0.002775
0.035471
0.011029
-0.065907
0.082225
0.062240
-0.155221
-0.124029
-0.150244
0.040628
-0.044663
0.081516
-0.050324
0.007080
0.231906
-0.064053
0.037026
0.178663
-0.048913
-0.117669
-0.080038
0.061866
-0.019716
0.031264
0.055467
-0.071908
0.132018
-0.016742
-0.176366
0.248194
-0.018728
0.012933
-0.003042
0.054956
-0.083972
-0.000262
-0.014235
-0.021679
0.069563
0.074539
-0.178059
-0.019114
-0.174673
0.059328
0.068639
-0.145759
-0.080758
-0.106180
-0.071236
-0.223760
0.009246
0.042272
-0.076922
-0.004773
0.062978
-0.057292
-0.021210
-0.119457
0.162179
-0.009576
0.015488
0.001261
0.002418
0.120342
0.145474
0.152127
-0.049069
-0.036108
-0.032468
0.030735
0.016453
-0.070464
-0.134337
0.010835
0.044944
0.030373
0.139105
-0.013593
-0.071274
-0.007597
0.050724
0.169835
0.023565
0.181740
0.079193
0.012449
0.035281
-0.021259
-0.011965
0.005140
0.041761
0.065968
-0.095601
0.065212
0.073625
-0.109899
-0.013744
-0.046141
-0.081359
-0.002187
-0.031764
0.055015
0.272044
-0.017403
-0.015301
0.024213
-0.033094
-0.069476
0.004990
0.034563
-0.012107
-0.087199
0.121382
-0.008858
-0.226515
-0.008352
-0.000385
0.110990
-0.041741
-0.000911
0.056927
-0.009269
-0.007832
-0.048094
-0.022761
0.067906
-0.031645
0.108422
-0.177690
0.012126
-0.043950
0.009071
0.024490
-0.003441
-0.079505
0.259557
0.067486
-0.052125
0.067766
-0.051531
0.093859
-0.026771
0.109488
-0.020477
-0.243346
0.114437
0.099126
0.013417
-0.053766
0.134753
-0.152542
0.073976
0.009415
0.067263
0.033155
-0.031913
0.040871
0.148356
0.061870
0.070124
-0.016163
-0.030478
-0.100065
-0.016982
-0.059636
-0.119970
0.032478
0.035681
-0.140592
0.054137
0.011274
-0.013432
0.084562
-0.151581
0.067160
0.286614
0.022862
-0.054799
-0.057288
0.115699
0.054734
-0.096588
0.197441
0.031802
0.077157
-0.013705
0.015330
-0.021923
-0.014589
-0.045387
-0.071631
0.056552
0.137030
0.015375
-0.028040
0.051756
-0.031251
0.019339
-0.065973
0.014515
0.087780
0.172317
0.012607
0.054613
-0.028665
-0.010728
-0.077511
0.009936
-0.061680
0.121202
0.044910
-0.006168
-0.059937
0.011640
0.051844
0.142266
-0.043145
0.045712
-0.106341
-0.050388
0.136808
0.091331
0.146447
-0.109292
-0.019412
-0.062157
-0.169288
0.192890
-0.049712
0.016326
0.039882
0.058463
0.025139
-0.034485
0.008309
0.049990
-0.080215
0.106816
0.003723
-0.097137
-0.044715
-0.055008
0.006562
0.090593
0.053977
-0.119952
-0.105833
0.030345
0.121899
0.199593
-0.062391
-0.024233
0.035071
-0.054475
-0.001591
-0.022319
-0.029987
-0.091321
0.129518
-0.052943
-0.163531
0.009667
0.200204
0.105356
0.101070
0.000888
0.095100
0.033868
0.076467
0.111159
-0.062478
0.017877
-0.014309
0.162862
-0.115855
0.099397
-0.123355
0.081222
0.043596
-0.022432
0.035492
0.025803
-0.027057
-0.015302
0.111894
-0.065080
-0.071925
0.027948
0.009398
-0.060201
-0.026940
-0.014669
0.030017
-0.159436
-0.069716
-0.013015
-0.152332
0.154480
0.062305
0.031037
0.009023
0.277981
-0.021452
0.079129
0.101302
-0.038443
-0.065208
-0.014560
0.009239
0.020320
-0.008532
0.113493
-0.111365
-0.239930
0.024363
-0.001388
-0.015005
-0.049956
0.024661
-0.044292
-0.101432
0.144010
-0.023397
-0.188518
0.025824
-0.106211
0.036808
0.005107
-0.044327
-0.001424
-0.014384
-0.052865
-0.023752
0.040909
-0.000460
-0.039642
-0.017849
0.083082
0.095903
0.011199
-0.052936
-0.251678
0.083104
0.030043
-0.087089
-0.006474
0.069894
0.036855
0.054329
0.046271
-0.118567
-0.009735
-0.054148
0.062746
-0.180804
-0.009012
0.006714
-0.078592
0.196635
-0.102359
0.172992
-0.017984
-0.060517
-0.040221
-0.052073
0.000244
0.002614
-0.121871
0.031411
0.055206
0.342476
-0.029915
0.048951
0.008118
0.008783
-0.044300
0.010150
0.138641
0.001299
0.003737
0.039008
-0.122538
0.019994
-0.111549
-0.043671
-0.055155
0.127997
0.002218
0.057816
0.070520
0.131352
0.000548
0.172230
0.009844
0.002658
-0.000638
-0.052538
0.056396
0.008436
0.059828
0.151127
-0.225360
0.236553
-0.029964
-0.013948
-0.221501
0.002949
0.029196
-0.047342
0.012464
0.052108
0.097753
-0.124470
-0.057581
-0.004701
0.113481
-0.036625
0.010278
0.162164
-0.146332
0.006773
-0.118671
-0.064936
-0.025131
0.029712
0.035402
-0.068473
-0.062459
-0.031925
-0.059938
-0.030137
-0.024944
-0.027356
0.036926
-0.086558
-0.019440
-0.049500
-0.003607
-0.038503
0.133473
-0.054348
-0.046121
-0.006420
0.235676
0.018985
0.036494
0.027478
-0.084268
0.122062
0.070530
-0.065878
0.013614
-0.107659
-0.002022
0.006414
0.009637
0.017405
0.032893
0.054284
0.188387
-0.042706
0.033644
-0.085247
0.030103
0.033135
-0.076620
-0.008055
-0.232706
0.026383
-0.057141
0.211787
-0.082735
0.020862
-0.008012
-0.054374
0.013787
0.105169
0.079466
0.073623
-0.012162
-0.040445
0.045822
-0.028356
-0.014077
-0.078184
0.119742
-0.087326
0.018694
-0.131332
0.027005
-0.085198
0.023415
0.006607
0.018123
-0.032041
0.048662
0.058300
-0.008863
0.004006
0.003033
0.118608
-0.112613
-0.189328
-0.052783
0.076994
-0.184748
0.037280
-0.032098
-0.106493
-0.076253
0.045187
-0.136603
0.045936
-0.076523
0.295817
-0.044437
0.060018
-0.044844
-0.045060
-0.024053
-0.035973
0.058168
-0.125987
-0.028073
-0.051070
0.065611
0.096792
-0.018032
-0.044353
-0.154810
-0.106356
0.050125
-0.018886
-0.042763
-0.068413
-0.017037
0.012568
-0.031173
0.012062
-0.130232
-0.115654
0.029647
0.026991
-0.043019
0.046659
0.019136
0.075341
-0.036182
-0.012229
0.144418
-0.030662
0.065238
-0.027443
0.121596
0.108556
-0.023702
0.062182
-0.044404
-0.101619
0.051441
0.115423
0.217050
-0.002170
0.054862
-0.015905
-0.013949
-0.025069
-0.088275
-0.006451
0.325566
-0.117606
0.046185
-0.029580
0.025260
0.002575
-0.145255
-0.101001
0.062858
0.072530
0.077197
0.007670
0.050832
-0.002614
-0.028444
0.099020
0.089560
0.019801
0.039586
0.039827
-0.005574
-0.013173
-0.038932
-0.062680
-0.025476
-0.077815
0.158718
-0.080840
0.057796
0.041224
-0.033039
-0.047817
-0.035085
0.003749
-0.029545
-0.056256
0.023386
0.129889
-0.016729
-0.040373
-0.004412
-0.027802
-0.021992
-0.006898
0.001087
-0.206033
0.012499
-0.082240
-0.120675
-0.057750
0.013160
0.029477
0.029484
-0.012494
0.168042
0.086632
-0.025551
-0.238013
0.117878
-0.049102
0.003652
-0.124065
-0.006489
-0.142936
-0.001390
0.031750
0.111725
-0.011595
0.060356
0.032242
0.120696
-0.109525
0.151729
0.054648
-0.029598
0.087288
0.003773
0.127806
-0.315472
0.001425
-0.185020
-0.085801
-0.008069
-0.039124
-0.074414
-0.177063
0.011342
-0.008088
-0.225147
-0.047830
-0.106302
-0.078146
-0.015928
0.201236
0.023445
-0.012432
0.044793
-0.035805
0.096638
0.095798
-0.178113
-0.138379
0.010326
0.021768
-0.004018
0.018447
0.011534
-0.064357
-0.104133
0.026735
-0.040241
-0.013210
-0.006705
-0.060785
-0.002779
0.037597
-0.025980
-0.027976
-0.286996
-0.008228
-0.238345
-0.063285
-0.010423
0.045970
0.033344
-0.276588
-0.120443
0.018225
-0.017378
-0.012293
0.077933
0.007951
-0.067382
0.037211
-0.128021
0.102480
-0.030660
-0.080434
-0.091125
0.122040
0.002011
0.016411
0.010280
-0.100322
-0.065473
0.014040
0.152628
-0.028914
-0.015903
-0.081747
-0.035954
0.025194
0.031849
-0.139784
-0.036995
0.047835
-0.006369
0.105974
-0.130004
0.079493
-0.016726
-0.081923
0.007390
0.109946
-0.136742
0.002640
-0.004439
-0.014413
0.061644
0.116574
-0.112455
-0.037925
-0.088374
-0.021259
0.021130
-0.002027
-0.043651
0.013638
0.002298
-0.114320
-0.015400
0.044310
-0.051635
-0.090609
-0.133722
-0.072920
0.132754
-0.090190
0.007974
-0.188789
0.039461
-0.088853
-0.221881
0.069529
0.062556
0.045912
-0.003791
0.010553
0.206483
-0.013751
0.011806
0.187867
-0.075562
0.004349
-0.106347
-0.013569
0.022543
0.017743
-0.037709
0.020002
-0.077387
0.039770
-0.080140
0.052285
0.002044
0.116375
-0.263546
0.028979
0.061261
0.065993
0.057727
-0.072906
0.005699
-0.076271
-0.026160
0.076367
-0.099791
0.160828
0.228121
-0.029492
-0.101982
0.188192
0.088645
-0.033113
-0.009883
-0.003646
-0.062376
0.079700
0.084569
-0.099518
0.050503
-0.113055
0.040523
0.051267
0.111012
0.017412
-0.003844
-0.176133
-0.022975
-0.030828
-0.045668
-0.099278
0.043028
-0.079778
-0.133547
0.092447
-0.098058
-0.012927
-0.008283
-0.062742
-0.001261
-0.012743
0.029284
-0.066160
-0.190382
-0.025472
0.151156
-0.062250
0.083597
0.006549
0.009558
-0.062871
0.036454
0.013119
-0.067058
-0.081187
-0.021568
-0.051914
0.141417
0.012489
0.083309
-0.033417
0.106434
0.022105
0.195633
0.038446
-0.008202
0.159392
0.083512
-0.102051
0.033653
-0.042410
-0.073015
0.056114
-0.130453
-0.051380
-0.073502
0.180507
-0.008259
-0.139577
-0.033883
-0.104517
0.073175
-0.010911
0.089653
-0.089917
-0.035256
-0.103757
-0.022845
-0.025711
-0.056949
0.145795
-0.004507
-0.003040
0.111777
-0.046894
0.065241
0.000202
-0.010045
-0.225883
0.115941
0.049729
-0.063955
0.021834
0.052340
-0.080704
-0.054330
0.078029
0.091173
0.011224
0.003252
0.000957
-0.022374
-0.030881
-0.124778
-0.084148
0.129741
-0.176334
0.045848
0.041939
-0.110775
-0.081449
-0.022001
-0.049253
0.054022
-0.159454
-0.031428
-0.026979
0.276350
-0.319445
-0.008455
0.002154
0.005893
0.012814
-0.019664
-0.076501
-0.058415
0.047467
0.026006
0.010577
-0.011894
0.029459
0.134634
0.025624
-0.066190
0.033484
0.040111
0.033472
-0.040573
-0.011737
-0.017556
-0.034549
0.040198
-0.028805
0.145192
0.040752
-0.003863
0.027232
0.011942
0.061641
-0.048275
0.176263
-0.056918
-0.062422
-0.025643
0.016896
-0.060455
0.023301
0.147518
0.017168
-0.066337
0.012625
0.021415
0.040818
0.036646
0.013366
0.005030
0.057259
-0.017047
0.114416
-0.035992
0.004911
0.135511
0.037080
-0.047229
0.022278
-0.000866
0.012051
0.060641
-0.203500
0.107362
0.034000
-0.078249
-0.038569
0.028657
-0.005713
0.021750
-0.036141
0.044824
0.035655
-0.099055
-0.023973
0.031120
0.026863
-0.051263
-0.036824
0.037501
0.067123
0.032899
0.017187
0.009631
-0.012358
-0.180908
0.030691
0.005421
-0.024067
-0.240088
-0.021700
0.015837
0.015057
-0.180191
0.020734
-0.240200
0.103299
-0.022532
-0.053025
0.038913
0.077645
0.134089
-0.013903
0.039028
0.015492
0.057725
-0.118837
0.301267
0.026468
0.075114
0.054041
0.335825
0.004239
-0.157920
0.006568
0.016096
-0.020539
-0.020625
0.011074
-0.138331
-0.044824
0.006817
0.012160
-0.027069
-0.090830
0.210255
0.013772
-0.032983
0.151237
-0.019470
0.172166
-0.137822
0.020208
0.049925
-0.091502
-0.058555
-0.072702
0.036302
0.117709
0.082869
0.055468
-0.006106
-0.119274
-0.032374
-0.012040
0.045990
0.061845
0.008093
0.037545
-0.027521
0.187943
0.018873
-0.026190
0.370646
-0.174934
-0.061016
0.017042
-0.155708
0.037527
0.144160
0.036191
-0.019741
0.056166
0.111358
-0.020171
-0.030360
0.001793
-0.084874
-0.012675
0.027935
-0.011425
0.080155
0.044808
0.017917
-0.069042
-0.152915
0.063628
-0.167162
0.045262
0.058436
0.005628
-0.011911
-0.040083
-0.024533
-0.138793
-0.104589
0.035537
0.040073
0.010708
0.082089
-0.032624
0.005660
0.242080
0.076379
-0.053636
0.019785
-0.218398
0.015551
0.017347
0.028392
0.033646
-0.183764
-0.095088
0.002784
-0.043392
-0.034636
0.048861
-0.009546
-0.059129
0.060750
0.082877
0.039152
0.034599
0.091297
0.030462
0.058466
0.095977
-0.028457
0.019626
0.017224
0.052205
0.018389
0.041283
0.129479
0.003117
0.046637
-0.064159
0.052841
0.023470
0.068192
0.017791
-0.106859
-0.003234
-0.095620
-0.069143
0.036138
-0.012100
0.187523
0.126235
-0.034030
-0.017570
0.028888
-0.082981
0.050464
-0.112976
0.176044
-0.012427
0.040996
0.039754
0.148076
0.069238
-0.010935
0.126691
0.166833
-0.033880
-0.096162
0.019375
-0.170874
0.346524
-0.008643
0.030180
0.055237
0.022625
-0.080559
0.101186
-0.007747
0.076466
-0.091305
-0.009089
0.016143
-0.093448
0.223660
0.030867
-0.032314
-0.103526
0.057583
0.012955
-0.075806
0.084941
-0.053842
0.035878
0.007594
0.013974
0.232275
-0.046611
-0.162972
0.042889
0.002961
-0.011082
-0.258878
0.342529
0.050905
0.058679
0.064511
0.047658
0.072571
0.031506
0.138287
-0.020412
0.122522
-0.033103
-0.040702
0.035868
-0.027261
-0.146666
-0.057345
0.036856
0.000824
-0.141860
0.013365
-0.009043
0.067500
-0.005443
0.056637
-0.011034
-0.048167
0.021696
-0.076096
-0.006047
-0.007857
0.022288
-0.018813
0.052708
-0.211283
-0.064488
0.014782
-0.005416
0.007893
-0.060682
-0.154323
-0.031807
0.122719
0.045237
0.022510
0.008988
0.061569
0.113042
0.091220
0.040294
0.051711
-0.094135
-0.123145
-0.058616
0.006227
-0.078785
0.049463
0.031417
-0.053313
-0.083491
0.060997
0.032279
-0.059869
-0.022050
0.024602
0.159181
-0.061992
0.009528
0.109711
0.037162
0.003469
-0.018513
-0.045956
-0.015893
0.042784
-0.085782
0.048165
-0.068892
-0.013229
-0.095406
0.009674
0.077409
0.036710
0.044185
-0.020643
0.005823
-0.102924
0.021976
0.017048
-0.015085
0.027359
0.041231
-0.061506
-0.070039
0.020840
-0.040595
-0.121677
0.175677
0.061810
-0.048380
-0.006740
-0.060789
0.014235
0.100600
-0.023708
-0.007735
0.117301
-0.115719
0.073635
-0.059374
-0.000648
-0.015903
0.002587
-0.154235
-0.058878
0.156966
0.043714
0.002160
0.016659
-0.055029
-0.040654
-0.065692
0.054712
0.243456
-0.007208
0.020315
-0.027095
0.028890
-0.014296
0.056574
0.027278
-0.042684
0.044541
0.138879
0.050406
0.061830
0.003282
-0.004748
0.008927
-0.137120
-0.125729
0.086443
0.030199
-0.079678
-0.026680
-0.009619
0.080011
0.079635
-0.014988
0.042875
0.014788
0.116017
0.096592
-0.041258
-0.047887
0.060529
0.056801
-0.137570
0.111818
-0.045298
-0.163308
0.130055
0.025776
-0.272925
0.033799
0.207805
-0.037396
-0.054606
-0.162569
0.040397
0.031487
-0.025052
0.014719
0.050532
0.023942
0.058698
0.038006
-0.088438
0.038073
-0.124764
-0.143893
-0.048434
0.029801
-0.067663
0.020847
-0.065934
-0.076825
0.121579
-0.035548
-0.122270
-0.191248
-0.066725
-0.021567
0.063172
0.211455
0.065090
0.025821
-0.111405
0.073538
0.000425
0.033799
-0.035427
0.067787
-0.021203
0.187163
0.064571
0.003200
-0.073165
0.007048
0.057994
0.091147
-0.089525
-0.127887
0.164173
0.070656
-0.044223
0.169205
-0.144208
0.080616
-0.069121
0.001195
-0.050157
0.070236
0.034409
-0.044129
-0.240658
0.065082
-0.041930
-0.028430
0.006172
-0.006304
0.077049
0.010682
0.006698
0.004703
-0.006434
-0.015054
-0.046714
0.067763
0.105442
-0.036215
0.083162
0.116566
0.064901
-0.065133
0.009736
-0.032514
-0.024023
0.094748
0.058024
-0.247257
-0.019705
-0.131303
0.021909
-0.036744
-0.053352
-0.241060
0.098810
-0.070563
-0.083517
-0.043496
-0.052212
-0.000800
-0.005264
-0.003316
0.179531
0.007915
-0.038482
-0.039494
-0.016124
-0.067295
-0.100280
-0.027418
-0.006012
0.021515
-0.049121
-0.028799
0.061206
-0.011450
-0.060388
0.091885
-0.039842
-0.052493
0.046087
0.067683
0.193064
-0.030850
-0.065221
0.075372
0.015652
-0.142877
-0.066604
-0.007724
0.111733
0.018325
-0.046469
-0.106202
0.121458
0.074296
-0.177027
0.084750
0.055889
-0.016752
0.132115
-0.043003
-0.034832
0.037156
-0.027221
-0.144403
0.010706
-0.007896
-0.038362
0.021191
0.071838
0.054605
0.000916
0.188292
-0.001916
0.077881
0.172459
-0.061074
-0.176389
0.067787
0.144181
-0.214992
0.039064
-0.027782
0.104063
0.012113
-0.138868
-0.150745
0.047334
-0.033376
-0.025943
-0.166390
0.100076
0.178923
-0.156248
-0.095513
0.021423
0.035915
-0.101801
0.098362
-0.113534
-0.033456
0.065983
0.075401
0.129073
-0.013351
-0.028711
-0.024787
-0.051682
0.069758
-0.049372
0.038073
-0.004008
0.018444
0.040333
0.027365
-0.003061
-0.333875
-0.085724
-0.005367
-0.023591
0.147636
0.099102
-0.008834
0.017955
-0.015205
-0.033331
-0.057183
0.000567
-0.066836
-0.116404
0.016636
-0.090560
0.072013
0.027182
0.010850
-0.030629
0.139867
-0.119827
0.074994
0.023535
-0.042712
0.044986
-0.178864
0.087149
-0.257453
-0.077021
0.014261
0.036210
-0.050134
-0.017038
0.024617
-0.016399
0.065183
-0.045760
0.229376
0.049928
0.065887
0.008969
0.022990
-0.059805
0.026007
-0.055924
-0.009687
0.077766
0.007546
0.047177
-0.085194
-0.078604
-0.116665
0.041423
-0.134735
-0.146617
0.043938
-0.105200
-0.006114
-0.113513
-0.049737
0.054040
-0.086003
0.031694
0.070355
-0.095482
-0.018613
0.021877
-0.013975
-0.017518
-0.152186
-0.071746
-0.037244
-0.140274
0.064131
-0.116597
0.001670
0.257138
0.014586
-0.006921
0.056249
-0.006516
0.052719
-0.028200
-0.012976
0.084992
-0.131483
0.060404
-0.020256
0.011368
0.122390
0.087524
0.169265
0.051252
0.006607
0.002557
0.050492
0.029494
-0.098547
0.054273
0.060301
0.207902
0.126449
0.053588
-0.117321
0.036178
-0.119119
0.073251
-0.014253
-0.036536
0.053365
-0.086711
-0.135120
-0.203686
-0.014937
0.070519
0.021340
0.206277
-0.046904
-0.011668
0.241920
-0.028641
0.011721
-0.048029
-0.037534
-0.043844
0.058146
-0.155350
0.173535
0.071919
-0.000241
0.083884
-0.006846
0.063124
0.015712
-0.071397
-0.038960
0.141743
0.032748
0.032492
-0.117972
0.006252
-0.011790
-0.017191
0.031915
-0.042661
-0.135315
0.015989
-0.026035
0.055048
0.004721
-0.221522
0.064509
-0.283422
-0.054408
0.008608
-0.013564
0.007299
0.108038
-0.060803
0.022045
-0.044006
0.097190
0.042714
0.042762
0.008131
0.024045
0.114276
0.024642
-0.015410
-0.056911
-0.028761
-0.070178
0.053213
0.035770
0.015900
-0.065779
-0.086776
-0.091392
-0.001520
-0.002914
0.062321
0.121526
-0.036171
-0.049248
-0.081807
0.169449
-0.116970
-0.001138
0.095562
0.080237
-0.066812
-0.147696
0.053559
-0.020508
0.053038
0.010394
0.054550
0.070385
0.108374
0.041682
0.019328
-0.094650
0.076524
-0.118555
-0.024538
0.030693
-0.066920
0.106623
-0.096312
0.005145
-0.019692
0.000766
0.026167
-0.070340
-0.011248
-0.021965
0.031029
-0.027855
0.283588
-0.257795
-0.056182
-0.043089
0.036725
0.146114
0.008033
-0.030228
0.025813
-0.065465
0.203457
0.044083
0.084858
0.161859
0.077214
0.043670
-0.166514
-0.019042
0.019297
0.128936
0.014061
0.073721
0.015240
0.070087
-0.129681
0.194866
0.005635
-0.125178
-0.013860
0.063643
-0.045999
-0.138473
-0.028280
-0.011238
-0.095842
0.079187
-0.019592
-0.075869
0.096913
0.072610
-0.158269
0.162954
0.182158
-0.027434
0.049872
0.055195
0.088429
0.039711
0.121889
0.062567
-0.036226
-0.054250
0.007018
-0.028989
-0.217601
0.107900
-0.117913
-0.107533
0.109618
0.054975
0.035436
-0.009569
-0.040295
-0.118001
0.018206
-0.161080
-0.082068
-0.037249
0.018452
-0.016335
-0.029605
0.023112
-0.080773
0.045207
-0.079103
-0.062936
-0.062497
0.008134
0.047620
0.052958
0.043946
-0.034449
0.013727
-0.045521
-0.090809
0.006243
-0.069005
0.052628
0.017352
-0.236740
-0.048297
0.193077
0.118955
0.015587
-0.032047
0.117379
-0.158783
-0.038764
-0.205885
-0.036547
0.030591
-0.022285
-0.013737
0.132252
0.022208
-0.040446
-0.053635
-0.147495
-0.041130
-0.009834
0.001467
-0.004955
-0.049058
0.075458
0.018280
0.073402
0.087462
0.002443
-0.035828
0.174461
0.029574
0.093794
-0.089920
0.100057
-0.007574
-0.085649
-0.043629
0.026767
0.011587
-0.052444
-0.056950
-0.020476
0.034307
-0.084784
-0.017387
-0.025453
0.039700
0.084232
-0.100274
0.044971
0.086863
0.001385
-0.090871
-0.166675
0.329539
0.040302
-0.041959
0.036804
0.062507
-0.065059
0.059300
-0.033418
-0.007309
0.112574
0.190232
0.045760
0.024506
-0.013328
0.075641
0.056372
0.094260
-0.064383
0.035676
0.009322
0.031519
0.262174
-0.048332
0.067284
0.074612
0.025070
-0.274655
-0.014021
0.018896
-0.000319
-0.252047
0.018532
-0.051004
-0.038769
0.029763
-0.004256
0.037140
-0.052970
-0.058206
0.163707
0.030341
-0.013196
0.007977
-0.048084
-0.048630
0.051264
-0.513316
-0.083650
-0.007377
-0.024116
0.037881
-0.100756
-0.034961
0.008929
-0.182006
0.099092
0.111435
-0.034410
0.032171
0.064702
-0.051595
-0.000150
-0.050318
0.042569
-0.028017
0.072372
-0.048978
-0.039840
0.063724
-0.052800
-0.083281
0.012436
0.035175
-0.074546
-0.074391
-0.035757
-0.012151
-0.003591
0.036522
0.090278
-0.095976
0.007730
-0.047203
-0.006092
-0.037664
-0.188889
0.023164
0.005020
-0.101442
-0.013580
-0.066980
0.001732
0.062599
-0.053931
0.048849
-0.036359
-0.005144
0.036519
-0.037538
0.045660
-0.098131
-0.061065
-0.050615
-0.044950
0.001749
-0.106172
0.020141
0.005016
0.035166
0.016269
-0.121664
-0.025040
-0.035866
-0.079625
-0.024150
0.032308
-0.044147
0.064150
-0.034872
0.018234
-0.006438
-0.066741
0.245913
-0.127356
-0.017199
0.070834
-0.035956
-0.033936
0.074861
0.003479
-0.049008
0.048347
-0.043764
-0.066825
-0.016713
0.074076
-0.042046
-0.112619
-0.068932
-0.056091
0.018077
0.060816
0.367256
-0.038780
-0.001890
0.011527
0.068906
-0.067399
0.005074
-0.130996
-0.066583
0.148269
-0.006790
-0.115169
-0.009741
-0.020343
0.039082
-0.087327
-0.029694
-0.012596
-0.116330
0.025580
0.020801
-0.019553
-0.127133
0.078725
-0.047736
0.055447
0.127958
0.040519
-0.005311
0.015567
0.023013
-0.012702
-0.069531
0.152573
-0.101365
0.145899
0.079434
0.026049
-0.005796
-0.029882
0.017562
-0.137091
0.008030
-0.044354
0.057265
-0.143492
0.042784
-0.006960
0.019561
-0.037901
0.014899
-0.002836
-0.024400
-0.011336
-0.057237
0.076421
-0.040856
-0.082579
0.008069
0.145213
0.400467
0.004399
-0.108496
-0.046673
-0.079070
0.042440
0.253854
0.010942
-0.117669
-0.040726
-0.092875
-0.169583
0.019177
-0.009852
0.007080
-0.024827
0.030458
0.064220
-0.024813
0.025051
0.142142
0.030683
0.025434
-0.142691
0.112350
0.028624
-0.016017
-0.056409
0.021038
-0.177377
0.071986
-0.072225
0.158926
-0.014509
0.085678
0.022867
-0.076592
0.109358
-0.024883
0.070806
0.100533
0.003544
-0.036562
-0.002886
0.017616
0.081644
0.096140
-0.016065
-0.009510
0.053611
-0.003416
-0.009797
0.026588
0.131733
0.063028
-0.004976
0.053584
0.054396
0.032517
0.062279
0.102494
-0.052592
0.019232
-0.032461
-0.130229
-0.043545
0.136011
0.223533
0.111219
0.047023
0.030692
-0.035043
0.123391
-0.020043
0.148283
-0.120122
-0.039432
-0.124022
0.040221
-0.001923
0.101689
-0.043199
-0.055041
0.000573
-0.005510
0.029264
-0.021324
-0.066794
-0.005754
-0.045294
-0.004301
-0.071583
0.068501
-0.062927
-0.087176
0.068759
0.030049
-0.043672
-0.173015
0.059086
0.200403
0.089883
0.006783
-0.047386
0.014190
0.102968
0.029764
-0.036611
-0.001591
-0.145551
0.035741
-0.001096
0.052839
0.043502
-0.034488
0.013866
0.011847
-0.007803
-0.029559
0.199681
0.009140
0.106996
-0.024207
0.034232
-0.010826
-0.103217
0.068789
-0.013576
0.029061
-0.016693
0.063365
-0.010872
-0.038423
-0.169705
-0.080904
-0.021411
-0.031559
-0.062147
-0.004636
-0.091052
0.141229
0.046649
-0.042898
0.022056
0.047544
-0.058975
-0.040848
-0.043674
0.046539
-0.087131
-0.174625
0.210081
-0.031612
0.055893
0.055720
0.040254
-0.069857
0.111202
0.042063
0.184311
0.004506
0.163730
-0.101620
0.062663
0.156901
-0.058290
-0.024426
-0.004836
-0.052745
0.021051
0.108783
-0.172821
0.013259
-0.185388
-0.061268
0.011298
0.319644
-0.051453
-0.039390
-0.058106
0.022866
-0.000393
0.020720
-0.018349
-0.032364
0.214589
0.083216
0.094871
0.057125
0.101598
0.047610
0.001252
-0.027033
0.018822
0.000871
-0.236755
0.172582
0.045546
-0.085070
-0.018561
-0.015463
0.082453
-0.048670
-0.176123
-0.039820
0.053229
0.112989
0.292029
-0.033435
0.025818
0.056920
0.002341
0.006743
0.042872
-0.077478
0.016842
-0.025641
-0.062373
-0.047623
-0.217171
-0.086184
0.023723
0.081901
-0.038161
0.068838
0.073294
0.032428
-0.020427
0.065790
-0.080338
-0.092371
-0.009241
-0.057094
-0.030473
0.045893
-0.022532
-0.052112
-0.206915
-0.098790
-0.136936
-0.010507
-0.082549
-0.021786
0.011741
-0.014129
0.033550
0.010942
-0.037516
0.002634
0.013442
0.011025
-0.067389
-0.042818
0.006073
-0.049640
0.006333
-0.107289
0.021815
-0.003547
-0.017992
0.030278
-0.004887
0.357559
0.022248
0.034105
-0.023155
-0.039049
-0.101935
-0.023579
-0.020784
-0.004148
0.019196
0.039279
0.058648
0.089730
-0.006664
0.082106
0.066762
-0.006781
0.129651
-0.083113
0.071496
0.052480
0.004998
-0.003274
0.245808
0.129466
0.100552
-0.061508
-0.066980
-0.052099
-0.154809
-0.212258
0.146352
-0.021083
0.001166
-0.206598
-0.012057
0.025379
0.036564
0.048020
-0.084168
0.037410
-0.006361
-0.006775
-0.088604
0.060848
0.028857
0.021107
-0.029596
-0.246410
0.012710
0.018851
-0.020460
0.050115
0.043375
0.068420
0.040894
0.002252
-0.134493
-0.022483
0.070889
0.111900
0.111166
-0.230852
0.003463
-0.023306
-0.095341
0.024054
0.036029
-0.181608
-0.063628
0.024174
-0.026306
-0.013927
0.001450
-0.147603
-0.047144
0.016997
0.058716
0.111618
-0.014032
-0.061353
0.008122
0.020264
-0.012514
0.088211
0.062568
-0.081832
-0.075080
0.044361
0.018378
-0.010508
0.037119
-0.046126
0.055928
-0.176842
-0.057793
0.082453
-0.098743
-0.023378
0.049066
-0.064785
0.113080
0.130527
-0.035314
0.075553
0.106023
0.041061
0.017175
0.225604
-0.000636
0.041753
-0.011762
-0.050594
-0.037894
0.098767
-0.225682
-0.018668
0.035859
0.165132
-0.041112
-0.054132
0.067198
0.111716
0.068556
0.041759
0.040117
-0.261146
0.039744
0.072656
0.002841
-0.103606
-0.043869
-0.033617
-0.211292
0.185734
0.052928
-0.001951
0.069511
0.057079
0.007829
-0.022781
-0.028471
0.022488
-0.026741
0.013611
0.068783
0.052602
0.061318
-0.016595
0.128524
0.176435
-0.055003
-0.062696
-0.021663
-0.062847
0.004284
0.239972
0.015752
-0.058435
0.065312
0.071419
-0.157442
-0.057314
0.030169
0.094490
-0.198864
0.050443
-0.006781
0.070779
0.073160
0.146578
-0.088701
0.042989
-0.046382
-0.025620
0.047776
0.000129
-0.016389
-0.089567
0.033673
0.034674
-0.058662
-0.042594
0.143153
0.049470
0.116887
0.053745
0.180446
-0.167485
0.028507
-0.111116
0.019563
-0.002421
-0.001565
0.016764
-0.124692
-0.015976
-0.036056
-0.022454
-0.013588
0.037003
-0.192069
-0.099539
-0.023368
0.042874
-0.011215
-0.028006
0.007999
-0.099081
0.007061
0.028617
-0.058989
-0.021321
0.165763
-0.168574
0.037210
0.020873
0.094316
0.058988
0.023456
0.054052
-0.012169
-0.018772
0.042132
0.018284
0.113441
0.032256
0.040270
0.005919
-0.067217
0.061738
0.034728
0.024031
-0.043707
0.010790
0.029796
0.023907
-0.004231
0.044098
-0.024859
0.077608
-0.052353
-0.113830
-0.048428
0.068422
-0.027496
0.004497
-0.017938
-0.022944
-0.096753
0.496389
0.172211
0.098688
-0.015772
-0.092502
0.013825
0.295011
0.044014
-0.070019
0.002359
0.011397
-0.007791
-0.016543
0.168023
0.020026
-0.021136
-0.029202
0.007091
0.062015
0.042600
-0.045610
0.030517
-0.110018
0.021293
-0.095405
0.126664
0.004666
0.033140
-0.029446
-0.138422
0.105770
-0.033015
-0.025830
-0.016833
-0.045041
-0.006472
0.010767
-0.006501
-0.029041
0.104074
0.137122
0.036009
-0.011042
-0.018247
0.079632
0.104529
0.137121
-0.045016
0.181383
-0.013724
-0.160831
-0.011153
0.005565
-0.131949
0.027037
-0.065988
0.045423
0.015743
-0.070287
0.099701
0.049568
-0.035939
-0.058597
-0.090912
0.100635
-0.042358
0.160072
-0.106455
0.078526
-0.030698
0.020397
-0.056366
-0.084269
0.067387
0.142326
0.060229
-0.013386
-0.124121
0.019949
0.034888
-0.046880
-0.025782
-0.002316
0.007174
-0.018658
0.031165
0.056453
0.032446
-0.017734
0.047357
-0.140913
0.111542
0.060210
0.010548
0.013743
-0.000639
-0.018737
0.054243
-0.190884
0.078343
0.036688
0.004658
-0.226630
-0.100748
-0.003499
-0.109871
0.026405
-0.032062
0.012757
-0.052686
0.044143
-0.096106
-0.019651
0.227946
0.134081
-0.001474
-0.003437
-0.026088
-0.025713
-0.176860
0.038733
0.043007
-0.012212
-0.046651
0.072209
0.007101
0.108061
-0.017768
0.020362
-0.028279
-0.029206
-0.048148
0.071642
0.009035
0.038014
-0.005295
-0.066204
0.050294
-0.037179
-0.135826
-0.016067
-0.013157
-0.011612
0.022942
-0.013786
0.155489
-0.047658
-0.098138
-0.029313
0.032912
0.042454
-0.225936
-0.016248
0.073090
0.179286
-0.161741
-0.019559
0.081738
0.136707
0.038660
0.026568
0.180115
-0.303310
0.071722
-0.120940
-0.132987
-0.047479
0.147859
-0.019313
0.049275
0.137337
-0.063648
0.059509
0.021957
-0.095431
-0.037042
0.211004
-0.061368
-0.039549
0.082132
0.070667
-0.081142
0.060738
0.042990
0.057388
0.125610
0.036090
-0.014916
-0.094565
0.121875
-0.090170
-0.107099
-0.078719
0.146607
0.029362
0.027025
0.114364
-0.026585
-0.010876
0.054720
-0.066713
0.203438
0.019954
-0.058542
-0.006141
-0.000831
-0.088038
0.187903
-0.113496
0.002419
0.032982
0.026886
-0.031523
-0.030976
-0.028519
-0.032532
0.115045
0.060269
-0.011911
-0.062460
0.090588
0.016754
-0.035949
-0.030458
-0.174367
-0.053838
0.065884
-0.078294
0.057425
0.036977
-0.071473
-0.122496
-0.098919
-0.088323
0.050568
-0.010146
-0.046734
0.222781
-0.017042
-0.276064
-0.063976
0.101154
-0.004287
-0.008069
-0.052425
0.011681
0.020091
-0.028189
-0.036937
0.068050
0.211211
-0.039089
-0.011841
0.108482
-0.000137
0.265995
0.032422
0.046707
-0.121861
0.098378
0.008038
0.004372
0.246110
0.009359
-0.017692
0.004461
0.030493
0.151620
0.020627
-0.146019
0.047213
-0.004843
0.014738
-0.073038
0.037861
-0.019869
0.138985
0.138767
-0.054169
-0.093473
-0.063378
0.143781
0.170942
-0.034347
-0.054136
0.128303
0.078761
0.013446
0.044216
0.079199
0.063391
0.010118
0.004490
-0.030994
-0.009626
-0.008544
-0.074083
0.023306
-0.020007
0.002073
0.100086
-0.138506
0.076906
-0.034267
0.188751
-0.035244
0.150628
0.026290
0.040027
0.031158
-0.091795
-0.041160
0.047917
0.032130
0.036240
-0.100833
0.010241
-0.039917
0.161278
-0.125764
0.026814
-0.025639
0.129226
-0.044070
-0.156979
-0.025808
-0.068708
-0.007134
-0.119317
-0.004080
-0.124003
-0.094528
-0.023786
-0.057846
-0.000734
-0.037260
-0.097188
-0.095670
0.055086
-0.027911
-0.050618
0.037777
-0.088126
0.048382
-0.032807
-0.025261
0.004190
0.072133
0.010374
0.010863
0.016380
-0.020296
-0.001077
0.027499
-0.062344
0.095147
0.224726
0.014129
0.142495
-0.111234
-0.023327
-0.063946
-0.035810
0.101151
0.070287
0.026745
0.037226
0.086960
0.016935
-0.086995
-0.066464
-0.022646
-0.037748
0.049842
-0.024998
0.038775
0.029998
-0.064195
-0.190154
-0.017180
0.039613
-0.021484
-0.092055
-0.020947
0.032843
0.060754
0.018851
0.017651
0.197703
-0.165533
0.044489
0.033092
-0.131990
0.041845
-0.090457
-0.155417
0.181183
-0.081596
0.041014
-0.047818
-0.006063
0.147311
-0.068411
0.073357
0.017152
0.000235
-0.060910
-0.247640
-0.072464
0.143572
-0.144042
0.065757
-0.046299
-0.047105
-0.107341
-0.086586
-0.104007
-0.144472
0.322132
-0.026487
0.050235
0.055157
-0.018177
0.089369
0.070674
0.056701
-0.019332
-0.118298
0.094053
-0.054706
0.018907
0.000604
0.194663
0.014632
-0.107938
-0.015011
-0.100179
0.059651
-0.043790
-0.001658
-0.068926
-0.024725
-0.027635
0.108305
0.058324
0.088376
-0.041391
0.020291
-0.089229
0.048961
0.106130
0.132208
0.132662
0.071869
0.008335
-0.044370
0.015533
-0.019655
-0.001053
0.069046
0.059293
-0.042424
0.053425
-0.222019
-0.130342
-0.002923
-0.029695
0.069679
0.000447
-0.012976
-0.154023
-0.003097
-0.169759
-0.006929
-0.031677
-0.032641
-0.100004
0.023022
-0.125155
-0.186363
0.071085
-0.012655
0.010590
-0.074575
-0.054740
0.026264
-0.045901
0.102975
0.132273
0.095030
0.032009
-0.036156
0.016164
-0.024641
-0.086908
-0.046275
-0.107869
0.055207
-0.041912
0.113743
0.025684
0.046086
-0.066020
0.056615
-0.009848
-0.046653
0.013707
0.100901
-0.001767
-0.106246
-0.017059
-0.020406
0.185606
-0.001599
-0.003466
-0.111710
0.002940
0.025452
0.248106
0.041499
0.178673
0.059683
0.013323
0.239092
0.076185
0.127905
-0.049248
0.084336
0.126642
-0.104363
-0.014888
0.021847
0.117892
0.029231
0.008949
-0.004066
-0.157827
0.131825
-0.022878
-0.041585
-0.023674
0.030494
-0.030307
-0.117803
-0.034728
0.076030
-0.127381
-0.082631
0.100187
0.043796
0.028787
0.013313
0.214187
-0.094451
-0.067204
0.035686
0.044172
0.183555
0.123718
0.081341
0.120357
-0.050942
-0.083029
0.087490
0.084274
-0.009207
-0.066375
0.186222
-0.083244
0.073696
0.043580
0.047439
0.029305
0.080041
-0.075461
-0.201601
-0.187569
0.020335
0.088275
0.203146
0.373067
-0.011723
-0.039725
-0.034966
0.028218
-0.069693
-0.065377
0.143618
0.010842
-0.067706
-0.028380
0.011180
-0.109572
-0.126211
-0.048788
-0.032310
0.179187
0.032152
-0.063402
0.081439
-0.010174
-0.036298
-0.068320
0.114001
-0.049539
0.014846
-0.045711
0.193699
0.036078
-0.076057
-0.067576
0.055133
0.269303
0.146671
0.091454
-0.059618
0.030042
0.106243
-0.000511
-0.031020
0.087584
-0.027300
0.024089
-0.028884
0.018995
0.231749
0.050992
0.015938
-0.001600
-0.023603
-0.032876
0.119003
0.048860
0.094434
0.085628
-0.040632
0.100863
0.062153
0.007261
0.010300
0.027094
0.024082
0.002372
-0.024565
0.016442
0.019829
0.002076
-0.044742
-0.012529
-0.044579
-0.068046
-0.123803
-0.091196
-0.007779
0.010376
0.013105
0.010462
-0.042897
0.006947
-0.008944
-0.002060
0.099404
-0.076325
-0.058359
0.050890
0.132694
0.060142
-0.049841
0.056263
0.061612
0.075158
0.024162
0.018513
-0.055809
-0.157222
-0.069402
0.091752
-0.098432
-0.070114
-0.163303
0.029777
0.015064
0.121064
0.107470
-0.023881
0.071502
-0.063405
-0.048226
0.109403
-0.054055
-0.007362
-0.143660
0.079772
-0.089160
0.044231
0.022910
-0.072885
0.152954
-0.050613
-0.012686
0.007550
0.037502
0.011069
0.023614
-0.066668
-0.067315
-0.068615
-0.032119
-0.143740
-0.003734
0.042311
-0.040640
0.055752
-0.007883
-0.005753
-0.068528
-0.064321
0.047925
0.031203
0.029247
-0.064444
-0.016042
0.025155
0.158740
0.026680
-0.045956
0.007628
-0.005540
-0.245846
-0.086849
0.057869
0.120572
0.063604
0.047916
0.277100
0.200515
-0.048780
-0.069996
-0.046222
-0.004149
-0.030243
-0.087221
0.030371
0.306460
0.003401
-0.051751
0.003095
0.044288
-0.000821
-0.265502
-0.048437
0.218777
0.125682
-0.086095
0.000850
-0.095641
0.014493
-0.071921
0.023321
0.003780
0.025039
-0.009848
-0.023286
-0.047974
0.004792
0.021436
0.009433
-0.036262
0.008540
0.008198
0.015404
-0.140355
0.176543
-0.036438
0.068734
-0.004858
0.019746
0.031462
-0.059062
-0.011804
-0.140963
-0.028758
-0.079427
-0.047536
-0.013115
0.072428
0.098893
-0.010454
-0.038051
0.097051
-0.032814
0.146210
0.058590
0.089808
-0.137354
0.018399
0.034510
-0.047574
0.207812
0.008438
-0.071364
-0.145384
-0.026099
-0.064053
0.055753
-0.032147
-0.025342
-0.196445
-0.119451
-0.013418
-0.019181
0.064747
0.101110
-0.109448
0.026633
0.052009
0.175546
-0.047222
0.147258
-0.004725
0.027570
0.002914
-0.075524
-0.133050
-0.025893
0.004402
0.030472
-0.012691
0.050633
0.011839
-0.021438
-0.025508
0.046062
-0.033085
0.033823
-0.134956
-0.228734
-0.014958
0.086353
0.039801
0.087079
-0.097910
0.083644
0.074881
0.034745
0.147132
0.015849
0.003604
0.111994
0.027022
-0.007994
-0.035516
0.203931
0.074270
0.036182
0.039313
-0.053678
0.052550
0.066393
0.062750
0.011068
-0.055052
-0.032776
-0.171775
-0.037851
-0.006170
-0.153264
0.172582
-0.256757
-0.011764
-0.111091
-0.048674
-0.033229
0.025903
0.010939
0.256297
0.090694
-0.052166
-0.043805
-0.032837
-0.052995
-0.016061
0.238521
-0.012505
-0.015870
-0.042661
-0.109239
-0.029822
0.081013
0.135886
0.249698
0.046854
-0.027239
-0.065853
-0.045616
0.013650
-0.084096
0.016010
0.037334
0.009789
0.119940
-0.122421
-0.124045
0.027052
0.048250
-0.057624
0.056517
-0.107740
-0.058247
0.075191
0.005521
0.031646
0.064846
0.035253
0.125025
-0.035566
0.004228
-0.050203
0.024892
0.048351
0.020877
0.017233
-0.080164
0.031456
-0.033438
-0.021485
0.005875
-0.156377
0.093080
0.171130
0.140371
-0.144614
0.005843
0.009281
0.183270
0.014451
0.037202
0.063555
0.017336
0.058604
-0.018894
0.068420
0.018393
-0.115892
0.008935
-0.011663
-0.025701
-0.143483
0.104065
0.060627
-0.054874
-0.009044
0.070150
-0.013456
0.020454
-0.132103
0.105736
-0.005494
0.055752
-0.004133
0.008756
0.023139
0.016972
-0.094389
-0.177931
-0.064559
-0.011948
0.020655
-0.073514
-0.070065
0.011953
0.054462
-0.006477
0.131424
0.150771
0.134123
0.023794
0.007727
-0.010819
-0.043850
0.013498
-0.010017
0.202640
0.124007
-0.087858
0.016406
0.030259
-0.091176
0.102139
-0.011071
0.163822
-0.028390
0.040857
-0.067076
-0.073937
-0.056718
-0.017345
0.096221
-0.097945
-0.173366
0.090060
0.070502
-0.030617
0.040085
-0.016281
-0.024023
-0.094889
0.312353
-0.050977
-0.114488
-0.015478
0.084899
-0.040942
0.067313
-0.060890
0.034498
-0.014013
-0.018253
-0.111301
0.011836
-0.070328
0.031560
0.054645
0.039374
-0.041170
0.126848
0.002824
0.202887
0.073308
0.035915
-0.050114
0.001630
-0.086032
0.030104
0.042092
-0.140042
0.011204
0.059224
-0.033003
-0.030762
-0.179333
0.085451
0.071318
-0.096861
-0.037508
0.092021
-0.000409
-0.152176
-0.064427
0.043600
0.062267
0.012616
0.012316
0.131379
0.105264
0.011146
0.116543
0.096341
-0.072934
0.057433
0.036029
-0.016498
-0.187102
-0.051586
0.152021
0.061861
0.010424
-0.082091
0.006890
0.003549
0.209914
0.091203
-0.235933
-0.146357
-0.131191
0.070212
-0.047275
-0.058060
-0.087559
-0.044494
-0.040943
0.040297
-0.066200
0.091785
0.052682
0.006850
-0.089741
0.086730
0.044713
-0.035044
0.078879
0.199370
0.002113
0.032049
0.032035
0.040978
0.048276
-0.080057
-0.052713
-0.221755
0.017374
0.131808
-0.023544
-0.012576
-0.061657
0.203428
0.020902
-0.028213
-0.217914
0.018033
0.062687
0.028106
-0.040269
-0.039256
-0.008400
0.033816
-0.051042
-0.050863
0.073001
-0.008218
0.070586
0.027973
0.022230
0.178053
0.055726
-0.087406
-0.066278
-0.094994
0.021599
0.030615
0.061747
-0.185453
-0.159680
0.023026
-0.038294
-0.075760
0.072981
0.072701
-0.020136
-0.011525
0.066541
0.012131
0.007515
-0.135492
0.005427
-0.022530
0.013396
0.010024
-0.104443
-0.000426
0.063939
0.023092
-0.072333
-0.104831
0.039053
-0.016190
0.020741
-0.020570
-0.059348
0.017299
-0.077507
-0.034054
0.129620
-0.139419
0.055491
0.101741
0.032668
-0.052039
0.009523
0.053867
0.079079
0.014880
-0.001234
-0.076215
0.113330
0.115046
-0.000020
-0.134551
0.026692
-0.299453
0.026926
-0.012051
-0.065013
0.092865
-0.074378
-0.303209
-0.054931
-0.072740
0.002058
0.019396
0.176696
0.125824
0.091163
0.107606
0.050006
0.042646
-0.050855
0.113205
0.092424
-0.057248
0.067106
0.034281
0.014884
-0.007224
-0.187714
0.018497
0.138315
-0.004040
-0.088649
-0.100292
-0.139752
0.056606
0.014273
-0.002383
0.080046
0.094786
0.043506
-0.020728
0.074151
-0.013461
-0.021566
-0.020430
-0.012474
-0.047046
0.066060
-0.038173
-0.098155
0.152909
0.126249
-0.089261
-0.180635
-0.038289
-0.068024
-0.032208
0.001983
-0.151280
-0.066895
-0.130316
0.251837
0.061526
0.204112
0.004260
-0.052875
0.023408
-0.095163
-0.093715
0.081303
-0.166904
0.034539
0.043450
-0.044217
0.075312
0.096334
-0.033867
0.035872
-0.015001
-0.069687
-0.084745
0.045348
0.009429
0.032320
0.148627
0.020000
-0.047764
-0.107638
-0.025037
0.055544
-0.192103
0.056291
-0.179877
-0.097744
-0.001891
-0.056269
0.038698
-0.199392
-0.005693
0.005256
0.075555
0.042153
0.042642
0.007938
-0.147171
0.110458
0.081841
0.136230
0.040809
-0.052591
-0.010821
0.029267
-0.041206
0.180157
-0.072496
0.103136
-0.039082
0.013501
0.026330
-0.103271
-0.041688
-0.042258
0.010093
-0.001192
0.058757
0.011917
0.057165
0.192489
-0.047003
0.140633
0.036989
-0.014698
-0.132598
0.107590
0.107672
0.076836
0.217539
-0.077811
-0.001618
0.025343
-0.039159
-0.082497
-0.027096
0.008166
0.042138
0.002834
-0.056535
-0.024756
0.009576
0.026437
0.111336
0.093738
-0.100634
0.155845
-0.000421
0.014589
-0.145393
-0.071681
0.187818
0.080799
-0.035156
-0.019391
0.086481
-0.015849
0.002829
0.013235
-0.085665
-0.269636
-0.084535
0.075478
0.127934
0.152882
0.025902
-0.036922
0.039910
-0.213945
-0.047458
0.094767
-0.201457
0.060542
0.111307
0.004618
-0.019798
-0.198945
0.065584
0.051862
0.048093
-0.182780
0.014383
0.151444
-0.009193
0.009464
0.071061
0.041645
0.103526
0.037960
0.057214
0.009014
-0.037714
-0.075005
-0.042291
-0.158910
0.139754
-0.074966
0.079571
0.086431
-0.082233
0.057932
0.027806
0.007796
0.116893
-0.016395
0.137164
0.022666
0.039995
0.009022
0.101433
0.047183
0.037690
0.035924
-0.007318
-0.010138
0.121865
-0.077322
0.166731
-0.059840
-0.012948
-0.079478
0.061931
0.010924
-0.058647
0.042627
0.037532
-0.002815
0.002366
-0.084000
0.098872
0.026408
0.003842
-0.012287
-0.107960
0.108693
-0.109556
0.081241
-0.014228
0.035740
-0.029651
-0.012617
0.008153
0.005724
0.046669
-0.029070
0.084998
-0.023542
0.048225
-0.067731
-0.056097
0.003956
-0.069076
0.096892
0.046482
-0.004104
-0.061664
-0.006193
0.200453
0.108102
0.053230
-0.121399
0.066368
-0.007665
0.159477
0.071435
0.080286
0.062206
0.045839
0.057026
-0.061980
-0.068316
0.087620
-0.047875
0.006218
-0.020363
0.006064
0.100951
-0.000172
-0.108553
0.027064
0.005339
-0.337983
0.185407
0.055752
-0.025933
0.018020
-0.134671
0.046268
-0.006783
-0.037930
0.030325
-0.022946
0.139899
-0.000937
-0.083295
0.130415
0.078587
0.078766
0.049994
0.110457
-0.025650
-0.095930
-0.144329
0.044407
0.008294
0.067916
0.040610
0.054980
-0.003663
-0.053604
0.138945
-0.075465
0.085091
-0.091881
-0.085327
-0.093959
-0.009035
0.038404
0.086934
0.287581
-0.096909
-0.042425
0.117621
0.013771
0.043239
-0.082351
-0.029430
-0.182760
0.120183
-0.005845
0.084206
0.051056
-0.001737
-0.136796
-0.123417
0.043583
0.043225
0.055190
-0.051534
0.090430
0.028717
0.086172
0.104027
-0.035134
0.001140
-0.035401
0.008025
0.029982
-0.082801
-0.032072
0.011997
0.052356
0.059524
-0.119642
-0.027066
-0.085305
-0.225896
0.001425
-0.107709
0.069188
0.103175
0.061323
0.027074
0.100051
-0.146150
0.077254
-0.022178
0.001558
0.015139
-0.032606
0.021978
-0.020612
-0.095964
-0.097651
-0.014247
-0.000342
-0.045881
0.000831
-0.177869
0.033145
-0.044898
0.160148
0.041104
-0.069842
-0.022674
-0.070144
-0.035913
-0.028814
0.156436
0.107903
0.140157
-0.050178
0.051432
-0.037373
0.016819
-0.008042
-0.117716
0.100041
0.039387
0.111748
-0.211959
-0.062616
-0.080638
-0.050023
-0.126234
-0.240298
0.040210
-0.197114
0.109526
-0.016242
-0.000495
-0.050319
-0.035553
0.053125
-0.053113
-0.140187
-0.019787
-0.003513
0.021966
-0.207755
-0.139270
0.005735
0.028915
0.005204
-0.032646
0.021338
-0.111866
0.126159
0.054702
0.006405
0.016075
0.029998
0.033346
-0.066433
0.052912
0.040573
0.162733
0.026622
-0.007180
0.011080
0.053822
0.007344
-0.026513
0.023392
-0.007274
-0.033854
0.010564
0.092747
-0.005283
-0.010092
0.022618
-0.010373
-0.621077
0.029038
-0.068569
-0.009193
-0.013401
0.008811
-0.005231
-0.091504
0.173608
-0.062254
-0.049501
-0.056477
-0.075173
0.012989
0.113351
-0.018986
-0.017417
0.001699
0.074978
0.078667
0.037486
-0.011809
-0.082771
-0.014260
0.008223
0.013464
-0.004764
0.032521
0.069719
0.052299
0.037383
0.052987
-0.043329
0.027985
-0.035584
-0.009774
0.087666
0.070634
0.062470
0.016901
0.116068
0.032443
-0.002653
-0.004645
0.041792
-0.075169
0.016702
-0.024119
-0.012858
0.052197
-0.015274
-0.041561
-0.011306
-0.125604
0.019046
0.050540
-0.029541
-0.014323
0.074271
-0.123000
0.119571
-0.052066
-0.181112
0.007281
-0.034363
0.043641
0.090585
0.043076
0.059368
-0.023509
0.126138
-0.001340
0.008045
-0.117910
0.089995
-0.022553
-0.016981
-0.033554
-0.089655
0.174588
-0.096888
0.043288
0.092363
-0.021812
0.018726
-0.246236
-0.075804
-0.054011
0.058460
0.079765
-0.105737
0.002382
-0.208739
-0.077452
0.049714
-0.016413
0.082866
-0.025075
0.099149
0.019773
-0.046148
0.065110
-0.067923
-0.038800
-0.097113
0.008974
0.005537
0.103338
-0.048815
-0.068994
-0.018484
-0.024323
0.073566
-0.062798
-0.129546
0.037385
-0.007859
0.020328
-0.015140
0.205124
-0.017392
-0.018388
-0.034891
-0.214946
-0.005992
0.081313
-0.061831
-0.035999
-0.013892
0.250454
0.062826
0.155883
-0.024456
0.083776
0.025732
-0.063441
-0.017900
-0.254010
0.021803
0.059364
-0.054035
0.002212
0.020949
0.058331
-0.081081
-0.122797
-0.069924
0.002007
0.086728
-0.040558
0.082833
-0.015484
0.086409
-0.170293
-0.075010
0.115091
-0.119883
0.048710
-0.201614
-0.071936
-0.038779
-0.055835
-0.084294
-0.013224
0.105823
0.017470
-0.070585
0.095948
-0.020196
0.118068
0.020266
0.010730
0.053568
-0.096870
-0.092917
-0.010496
-0.117579
-0.082519
0.067551
-0.007932
0.090152
0.088494
-0.037876
-0.029772
0.003415
-0.068724
-0.017669
-0.021945
-0.168638
-0.007072
0.003376
0.130490
0.081178
0.140933
0.120812
0.131534
0.053361
-0.094572
-0.045955
0.028556
-0.137155
-0.166452
0.015297
0.183764
-0.021245
0.017881
0.037605
-0.083198
0.045695
-0.085658
0.006494
-0.059813
-0.093872
0.032911
-0.033181
-0.226338
-0.031841
0.031946
0.123543
0.055429
0.212532
-0.039237
-0.016038
0.052981
0.085353
-0.012823
0.024468
-0.037215
0.265311
0.053285
0.020441
0.096173
-0.081597
0.009792
-0.019170
0.005247
-0.017221
-0.067892
0.056787
0.030262
-0.126981
-0.047679
0.021429
-0.001756
-0.003739
-0.050857
0.084296
0.002906
0.040950
-0.000674
-0.075857
0.110217
0.028479
-0.039669
-0.153850
-0.076678
-0.072713
0.008457
0.058987
0.021480
-0.064870
0.130621
-0.073882
-0.129597
0.134503
-0.000611
-0.079805
0.002854
-0.013974
0.080066
0.023083
0.019205
0.017011
0.026293
0.050787
-0.059066
0.077692
0.035346
-0.080605
0.022279
0.025216
-0.110704
0.034736
-0.005706
0.033509
-0.082430
-0.124366
-0.057294
-0.124719
-0.044330
-0.089483
0.024395
0.162421
0.008003
0.085563
-0.041257
0.011760
0.103389
0.028737
0.008352
0.001667
0.028694
0.056855
-0.046993
0.014587
-0.075471
0.006487
-0.087082
0.027083
-0.114240
-0.042403
0.199133
-0.096118
-0.057903
0.023152
0.231557
0.071440
-0.109846
0.111590
-0.108390
-0.035268
-0.008875
0.275574
0.095771
0.014698
-0.085811
0.016682
-0.052670
0.061899
-0.190725
0.006888
-0.125211
-0.329429
0.009504
0.028549
0.202892
-0.001301
-0.069730
0.028226
0.011539
-0.031144
-0.037675
0.045845
0.079559
-0.116986
0.077408
0.012775
-0.040188
-0.059686
-0.090474
-0.035787
-0.018915
-0.003694
0.034681
-0.173593
-0.005633
0.045999
0.025441
0.061617
0.130794
0.067496
-0.077432
0.059731
0.075035
0.014205
0.046613
-0.029838
-0.126347
-0.035153
-0.006330
-0.070558
0.000336
-0.295053
-0.015543
-0.030181
-0.347312
0.017963
0.008013
0.008700
0.167223
0.021109
-0.022436
0.035225
0.065238
-0.036615
-0.210122
0.049358
0.110936
0.034902
-0.032470
-0.029440
0.088001
0.033238
-0.176786
0.059607
0.080379
-0.000427
-0.005340
0.029742
-0.027180
0.041842
0.046142
-0.060062
0.037324
-0.086716
0.002678
0.036406
0.027087
-0.014802
0.097454
-0.005205
0.040301
0.189472
-0.016251
0.022838
0.023409
-0.047510
-0.008909
0.287450
0.014259
0.096430
0.014624
0.036921
-0.067579
0.016849
-0.012895
0.023001
0.025067
0.071654
-0.165812
0.060314
0.045251
-0.006712
0.053478
-0.034929
0.003974
-0.056519
-0.017771
0.047356
0.003507
-0.013240
0.020043
0.116868
-0.058060
-0.068080
-0.114051
0.104419
-0.041700
0.113406
-0.075100
0.129105
-0.094301
-0.024812
0.006242
0.063313
0.037054
0.001333
0.023265
-0.094731
0.240696
-0.133301
-0.034412
-0.133691
0.002405
0.079570
0.028181
-0.108342
0.255616
0.050468
-0.097015
0.012533
0.085988
0.033453
-0.033103
-0.010883
0.149669
-0.024994
0.031089
-0.002204
-0.006994
-0.039999
-0.034662
-0.028865
0.008113
0.010559
0.004948
0.018416
0.061179
0.001926
-0.053834
0.030802
-0.006517
-0.174476
-0.049535
-0.009720
0.108114
-0.115732
-0.019485
-0.042101
-0.044083
-0.012099
0.084387
-0.117999
-0.039769
0.075800
0.017935
-0.032938
-0.018444
-0.019548
0.033516
0.114621
-0.096299
0.306966
-0.079682
-0.040701
0.069934
-0.055018
0.112033
0.022545
0.057106
-0.084648
0.075462
-0.053149
0.126122
0.029453
-0.058267
0.051887
0.044387
-0.080632
-0.033570
0.068760
-0.003572
0.052621
0.014470
0.095660
0.004359
-0.130776
0.066321
0.004868
0.034929
0.096605
0.100949
0.032185
0.074013
-0.360916
-0.100392
0.029899
-0.036352
0.045372
0.116265
-0.031954
-0.068927
0.060205
0.103571
-0.048759
-0.041738
-0.082363
0.162211
0.019473
0.099464
-0.010245
-0.120648
-0.007293
-0.097524
0.014604
-0.024510
-0.030219
0.027354
-0.016697
0.114888
-0.121873
-0.039162
-0.015912
0.178872
-0.035196
-0.194151
-0.073086
0.052740
0.154986
0.120518
0.029255
-0.011700
-0.036402
0.098897
-0.026881
0.149401
-0.136350
-0.024497
-0.066452
0.036079
0.038391
-0.128988
-0.007391
0.031970
-0.323982
-0.013804
-0.064150
0.046410
0.006253
-0.056693
0.056108
0.100819
-0.013368
-0.021244
-0.060660
-0.010511
0.012881
0.037646
0.169373
-0.068898
0.068978
0.016685
-0.002316
-0.199691
-0.023966
-0.056294
-0.024845
0.118374
0.099954
-0.076411
0.005794
-0.020081
-0.046179
0.161127
-0.028263
0.058579
0.042901
0.049513
0.005936
-0.003232
-0.114718
0.407781
0.071112
0.003271
0.074582
-0.062599
0.072982
0.038386
0.052196
-0.049187
-0.051106
0.111852
0.065213
-0.199638
-0.021453
-0.001367
-0.037450
-0.026274
-0.006485
-0.208781
-0.003152
-0.097952
0.028772
-0.069409
-0.021036
0.057983
-0.043025
-0.005890
0.044723
0.045261
0.018334
0.043605
-0.025666
0.024261
0.094512
-0.011990
0.002498
0.085278
-0.085866
0.028881
-0.015723
0.081414
0.064376
-0.050513
0.208740
0.051630
-0.004955
0.117502
0.122005
-0.118363
-0.108496
0.046510
0.034336
-0.081134
0.053260
0.030159
0.058210
0.034154
-0.017098
0.052165
-0.017829
-0.056966
-0.046389
0.031938
-0.005948
-0.035551
0.035581
-0.040191
0.125077
-0.016318
0.224867
-0.046731
0.123496
0.091439
0.063993
-0.081195
-0.043248
-0.104924
-0.013564
0.086501
0.013270
-0.071656
0.132299
-0.019499
-0.007830
0.170875
0.147173
-0.013537
-0.071910
0.033405
0.006385
0.183986
-0.176567
-0.208892
0.075029
0.039380
0.057366
0.054985
0.013146
-0.083850
0.034447
-0.053423
-0.137865
-0.028032
0.007757
0.124457
-0.184487
-0.017141
0.008389
-0.043069
-0.118960
-0.014768
0.037529
0.045105
-0.025533
-0.005722
0.049305
0.023248
-0.041127
-0.053392
0.051179
0.030541
0.378012
0.049063
-0.020785
-0.089697
-0.013868
-0.105154
0.064149
0.006984
-0.022427
0.001959
-0.044058
0.236679
0.020748
0.026639
0.054865
-0.074302
0.285664
-0.013745
0.065418
0.019188
0.127783
0.189013
0.026272
0.118453
-0.106761
0.074568
-0.019241
-0.011645
0.007556
0.009311
-0.012423
0.023831
-0.070892
0.014630
-0.011958
0.079143
0.135943
0.006506
0.071488
0.019443
-0.100914
-0.029259
-0.005802
0.013043
0.169590
0.113642
-0.091686
-0.033432
-0.049808
-0.052032
-0.005734
0.000154
-0.105725
-0.087456
-0.214522
-0.012927
-0.037236
0.018625
-0.051092
-0.055619
0.079946
-0.043034
-0.091443
0.000616
-0.013475
-0.011401
-0.029270
-0.106328
0.036048
0.006213
-0.086580
-0.009459
0.050136
-0.055858
-0.012284
0.001863
0.103080
-0.082471
-0.054728
-0.076723
0.096973
-0.055233
-0.067283
-0.018858
0.015626
0.031360
0.075371
-0.046703
0.056274
-0.018426
0.049129
0.003939
-0.038029
-0.101363
-0.068452
-0.283372
0.042703
-0.018058
0.172201
0.023583
0.119088
0.236579
0.004678
0.063728
-0.015104
0.064538
-0.065000
0.006705
-0.047213
-0.117062
0.177911
0.078503
-0.090766
-0.088358
-0.031127
-0.070517
0.003101
-0.034362
-0.026572
-0.057407
-0.023378
0.031052
-0.113817
0.135952
-0.048143
0.022302
0.003188
0.057122
0.056250
-0.042672
0.051634
0.017937
0.008652
0.073290
-0.046118
-0.277212
0.109957
-0.115865
-0.138291
-0.271433
0.050391
-0.006246
-0.005819
0.078612
0.105253
-0.081437
-0.049934
-0.116196
-0.075096
-0.038103
0.012273
0.003597
0.031567
-0.135535
-0.024390
0.027562
-0.004272
-0.015575
0.009947
-0.036788
-0.010520
0.076846
0.021551
0.022151
-0.005586
-0.009188
0.045041
-0.094019
-0.063840
-0.060241
-0.032316
-0.088911
0.012226
0.058066
0.012333
-0.059718
0.029013
0.049444
0.408766
0.105960
-0.077502
0.033298
-0.171429
-0.157756
-0.092367
-0.000955
0.062063
-0.082818
-0.068958
0.081743
-0.075809
-0.012752
-0.017175
0.090590
0.189763
0.081986
-0.038584
-0.019892
-0.018006
-0.017575
-0.020589
0.121299
0.047286
0.069683
0.019619
0.235266
0.110394
0.043001
-0.017928
0.086464
-0.004878
-0.016999
-0.087297
-0.052877
0.058041
0.004825
0.119413
-0.010600
-0.039460
0.131556
-0.006165
-0.108282
-0.176647
-0.025871
-0.005480
-0.080260
-0.109913
0.041573
-0.049743
-0.032615
-0.051830
0.014200
-0.010905
0.008475
-0.033359
-0.233374
0.115904
0.042733
0.040325
0.018149
0.241127
0.066005
0.029758
-0.064765
-0.112731
-0.011370
-0.125188
0.019606
0.012314
-0.132707
-0.062707
-0.004822
-0.082977
-0.032437
-0.015984
0.032875
-0.030723
-0.030507
-0.193325
-0.044880
-0.060054
-0.020149
-0.032937
0.120999
-0.042598
-0.026755
0.071526
0.051794
0.168601
-0.048745
0.069309
0.107977
0.130863
-0.008564
0.024858
-0.053066
0.040988
-0.131767
0.055784
0.239408
-0.074249
0.017461
-0.084999
0.242132
0.031350
0.026577
-0.028062
0.028977
0.032362
-0.027039
0.011359
-0.082512
0.082990
-0.052302
0.036584
0.002851
0.176228
-0.089069
-0.041528
-0.030841
0.089812
0.033611
0.113339
0.030812
0.105240
-0.035259
-0.008226
0.002547
-0.052820
0.057708
-0.176823
-0.166244
0.080553
-0.058435
0.025042
0.053872
0.067649
-0.066128
-0.161158
0.017801
-0.058461
0.085726
-0.063052
-0.060754
-0.024113
0.068733
-0.011380
-0.071404
0.029006
0.053422
0.038728
0.005622
0.056180
0.070709
0.126879
-0.072645
0.131113
-0.005042
0.015537
0.125088
0.028849
0.073964
-0.045304
0.127575
0.042229
-0.073482
-0.059570
0.077881
0.104803
-0.135669
0.093729
0.186992
-0.019474
0.042648
0.045183
-0.097085
-0.164017
0.171678
-0.032060
-0.025831
-0.037204
0.105415
-0.019680
0.183379
0.211274
-0.023121
0.009345
0.023541
-0.172443
0.002580
0.002930
0.016910
-0.042606
-0.025301
-0.061970
0.037239
-0.022767
-0.048547
0.039638
-0.018788
0.145937
-0.020099
-0.018288
-0.007946
-0.110503
0.022114
0.040121
0.004579
0.092415
0.038825
-0.029149
0.100969
0.290811
0.128963
0.023538
0.220387
-0.068519
0.056883
-0.004852
0.009680
-0.062186
0.057283
0.027411
0.093109
-0.097831
0.025713
0.069879
-0.051967
0.043312
0.083531
0.003048
-0.146411
-0.077686
0.121723
0.037506
0.047349
0.079777
0.104071
0.128434
-0.008713
-0.024396
0.004798
0.123898
-0.039708
0.016228
0.179046
-0.007836
-0.124246
0.008722
0.000340
0.169990
0.066557
0.053104
0.018660
-0.062579
0.065695
-0.131912
0.002512
-0.140668
-0.111995
0.104520
0.030603
0.068045
0.074599
-0.105343
-0.046436
0.128429
0.072240
0.005489
0.007763
0.054948
-0.022806
0.019798
-0.013644
0.043494
0.028265
0.025344
-0.052223
0.233920
0.071993
-0.032087
-0.173460
0.039995
0.228000
-0.065138
0.024815
-0.132612
-0.092454
0.112422
-0.028799
0.019221
0.048550
0.112531
-0.146867
0.152887
0.021432
0.018599
-0.055238
0.140711
-0.017986
0.057442
0.005104
0.084644
0.101432
0.017306
-0.061023
-0.069463
0.075485
-0.021554
0.049428
0.006959
-0.085050
0.034755
0.017397
0.159307
-0.072521
-0.101668
-0.006149
-0.026807
0.061424
-0.110950
0.003718
0.072377
0.065917
0.014170
-0.123576
0.006162
0.011259
-0.147545
0.039232
0.078457
0.063941
-0.231990
-0.077561
-0.029897
0.024284
0.112081
-0.040230
0.076300
-0.029200
-0.011281
0.078621
-0.001425
0.080497
-0.062572
0.070184
-0.133731
0.240608
-0.115644
-0.045047
-0.113637
-0.129864
-0.031643
-0.080067
-0.068227
0.068700
-0.064356
-0.046860
-0.079451
0.006112
0.050698
0.055668
0.053680
-0.005225
0.015637
0.001283
-0.114109
-0.091783
-0.126828
-0.067419
-0.043301
0.017419
0.229493
0.065128
0.031698
-0.014617
-0.087303
0.037773
0.034329
-0.052932
-0.093081
0.047745
0.022928
0.024521
-0.010095
0.115155
-0.013244
0.154247
0.037573
-0.019768
0.005445
-0.028998
0.025311
-0.097381
-0.058385
0.065386
-0.060986
-0.124822
0.056951
-0.202069
0.020364
0.054036
0.046322
0.024464
-0.057902
0.030135
0.146140
-0.105295
0.172841
0.164984
-0.180732
-0.193360
0.196422
-0.067251
0.125015
0.014475
-0.022465
0.108634
0.040221
-0.109676
0.064654
0.236301
0.091814
-0.039696
-0.038717
-0.137103
-0.027685
0.055987
0.053901
-0.037800
-0.006971
0.012202
-0.018569
0.000659
0.069699
-0.030152
0.024756
0.050775
0.044601
-0.129834
0.082168
0.246767
-0.209472
0.065131
-0.144097
0.021449
0.015311
0.004806
-0.020693
-0.033519
-0.033397
-0.158591
-0.146970
-0.132839
-0.074593
0.064168
-0.019803
0.027386
0.029985
0.129848
0.001520
-0.023048
0.064179
-0.017794
0.101186
0.022520
-0.004129
0.012808
0.205619
-0.029980
0.116953
-0.054325
-0.023917
-0.052107
-0.095018
0.044205
0.033653
-0.002103
-0.007820
0.121577
-0.085678
-0.006762
0.058783
-0.054341
-0.031021
0.058457
0.000365
-0.206845
0.007570
-0.024698
-0.036044
-0.002513
-0.032741
-0.062982
0.110936
-0.066925
0.034023
0.004440
-0.024832
-0.073239
-0.041141
-0.173819
0.048138
-0.027897
0.108495
0.181696
0.160632
-0.024983
-0.040229
-0.026601
0.050895
-0.010117
-0.147535
-0.015362
0.095639
0.078017
-0.048931
-0.099724
-0.062288
-0.044343
-0.112498
0.030550
0.158419
0.022895
-0.114999
0.045943
0.010219
-0.011827
0.049785
-0.117225
0.071947
-0.005561
-0.002760
-0.112114
0.071145
0.029788
-0.108819
0.021904
-0.002816
-0.187533
-0.053520
0.008333
-0.068516
0.150607
0.103221
-0.007651
-0.004530
0.022492
0.149974
0.047220
-0.002736
-0.023316
-0.087459
-0.021305
0.117586
0.075764
0.082134
0.145168
0.226078
-0.125098
0.001759
0.032672
0.023190
-0.205949
-0.029263
-0.086867
-0.055288
-0.100203
0.152326
0.028428
0.100950
-0.060405
0.189004
0.042442
-0.018602
-0.038645
0.035200
0.002815
-0.018419
0.019565
-0.009354
-0.006457
-0.049700
-0.000207
-0.084972
-0.027139
-0.010584
-0.032607
0.032683
0.010189
-0.048830
0.041717
-0.009813
0.060098
0.007338
-0.082882
-0.036409
0.122651
0.026836
-0.112191
-0.000617
0.062429
0.088919
0.199456
-0.384043
0.029620
0.030559
-0.160429
-0.043055
-0.060930
0.013767
-0.029102
0.179417
-0.058450
0.030013
0.124772
0.060875
0.005495
0.043717
-0.001008
0.056586
-0.007125
0.055814
-0.038467
-0.057176
-0.064283
-0.046474
0.018342
0.071129
-0.032597
0.092489
-0.020733
-0.127796
0.006001
0.024120
-0.000718
0.223719
0.139026
0.057730
-0.004232
-0.000111
-0.020576
0.007318
0.122776
-0.041664
-0.065914
0.045904
0.015265
0.010871
-0.094483
0.034640
-0.093575
0.048934
0.034516
-0.050215
-0.332068
0.002222
-0.062718
0.037602
-0.213108
-0.034323
-0.044316
0.031612
-0.126766
-0.052395
-0.151673
0.053473
-0.003066
0.046785
0.077583
0.008174
0.115337
-0.040764
0.069606
0.015709
-0.069909
0.075745
-0.070102
0.069180
0.031374
-0.142954
0.034652
0.000578
-0.067796
0.021173
0.071228
0.045680
-0.002352
-0.062851
-0.196653
-0.064658
-0.014058
-0.179413
0.123605
-0.116220
-0.154284
0.067036
0.294413
0.042262
0.029521
0.011846
0.051533
0.037760
0.080001
-0.015844
0.109775
0.095518
0.053399
0.093037
0.091059
-0.129485
-0.061896
-0.020660
-0.007562
0.005026
-0.277763
0.003816
0.068805
0.074534
-0.020857
-0.068530
-0.051524
-0.021112
0.030261
0.067553
-0.025246
0.136877
0.161433
0.042045
-0.001130
0.016758
-0.036303
-0.048058
0.109391
-0.060534
0.211683
-0.009228
0.035536
-0.000983
0.001674
0.082943
0.036561
-0.290571
-0.041270
0.075367
-0.015484
-0.006661
0.022928
-0.019110
0.090959
0.000668
-0.022837
-0.074410
0.051271
-0.045773
0.089205
0.085918
-0.042463
0.040080
-0.162812
0.015364
0.036469
-0.031408
-0.098328
-0.129862
0.006605
-0.245944
-0.046126
0.027380
-0.029302
0.120968
0.177813
0.022511
-0.007466
-0.036761
0.044962
0.099466
0.035852
-0.042606
-0.022465
-0.205495
0.040653
-0.039644
-0.047722
-0.086065
-0.022784
0.060691
-0.006630
0.028541
0.198455
0.045651
-0.016663
0.105522
0.161037
-0.018102
0.032293
-0.024528
0.017588
0.162300
0.034271
-0.087321
0.020241
0.049452
-0.054978
0.005586
-0.087061
-0.043300
0.006217
0.001947
0.019783
0.014129
0.036757
-0.082109
-0.146899
0.061895
0.167858
0.012841
-0.056523
-0.006410
0.035220
0.000911
0.022932
0.141284
0.026262
-0.047932
0.023038
0.043025
0.170126
-0.294150
0.011475
0.010514
-0.056664
-0.012885
0.008892
-0.011299
0.003190
-0.012266
0.054540
-0.031954
0.017544
0.022518
-0.055791
0.059910
-0.029715
-0.234891
0.019805
0.046201
0.101405
0.050229
0.070352
-0.066091
-0.132535
-0.015533
-0.220235
-0.007642
-0.079284
-0.104836
-0.020738
0.091919
0.169892
0.001482
-0.090402
0.018789
-0.121197
0.053218
-0.104899
-0.004942
-0.114661
0.079754
-0.135970
0.053343
-0.143573
-0.042661
-0.000656
0.061381
0.023102
-0.011177
0.019432
-0.005904
-0.089927
0.020290
0.031780
-0.014394
-0.068556
0.123897
-0.030061
-0.136727
-0.034391
-0.038914
-0.145063
-0.029267
-0.026267
0.162705
0.117876
0.084711
-0.032564
0.045367
-0.030436
0.044573
-0.038042
0.002673
-0.112884
0.024861
0.061072
0.046233
-0.023700
0.047925
-0.015360
0.062797
0.012301
0.032158
-0.058056
-0.021406
-0.073641
0.053759
-0.043391
-0.127680
0.051112
0.005534
0.061961
0.005927
-0.048188
-0.015247
-0.027000
-0.059911
-0.012619
-0.260781
0.217811
0.016173
0.002351
-0.072049
-0.158358
0.012867
-0.165848
-0.065385
0.096904
-0.058702
-0.095009
0.103967
0.089652
-0.026230
-0.149315
-0.089242
0.095113
-0.035530
-0.109604
-0.026905
0.029648
0.238940
0.069336
-0.035438
0.338424
0.027429
-0.034599
0.045655
0.096256
-0.039739
0.082068
0.002940
-0.053074
0.111874
-0.083811
-0.059993
0.146504
-0.055830
-0.017925
-0.069688
0.059004
-0.043773
0.021863
-0.013148
-0.051485
-0.030380
-0.015003
0.151394
0.080554
-0.191836
-0.054439
-0.095495
0.184300
0.083650
0.136661
-0.020753
-0.141533
-0.020572
-0.089338
-0.023320
0.029156
0.029378
-0.140877
-0.033583
0.044957
-0.062696
0.019953
-0.038826
0.019744
-0.024780
0.100827
-0.006033
0.088190
-0.063054
0.161282
-0.018995
-0.014241
0.027825
-0.101201
-0.079814
0.074759
0.051548
-0.028516
0.101388
0.009795
0.012077
0.080652
0.034548
0.098871
0.174206
0.109040
-0.303857
-0.034518
-0.089895
-0.041105
-0.016825
-0.042470
0.136894
-0.029189
-0.093175
0.027262
-0.030764
-0.107895
0.058948
0.136097
0.143844
-0.015564
-0.095144
-0.047954
0.062058
0.089964
-0.113780
-0.096283
0.031290
0.005110
-0.031064
0.009002
0.030429
-0.103628
-0.045166
-0.038079
-0.127021
-0.034797
-0.111350
0.005425
-0.069900
-0.064878
-0.017774
0.085518
0.060348
0.040309
-0.015428
0.035397
0.023142
0.070338
-0.038213
0.078747
-0.054750
0.023959
-0.022772
-0.071187
0.056379
-0.288552
-0.034602
-0.100264
0.057643
0.080229
0.042658
-0.090163
-0.031062
0.079842
-0.068805
-0.107988
-0.093528
-0.096714
0.010623
0.058011
0.217268
-0.005319
-0.007600
-0.007911
0.057044
0.088690
0.018522
-0.031142
0.082133
0.059682
0.026321
-0.017342
-0.009555
0.077881
-0.072316
-0.028375
0.095477
0.062074
-0.085269
0.067987
-0.087946
0.037404
0.020939
-0.098428
-0.011602
-0.118272
-0.008502
-0.099582
-0.047630
-0.003970
0.159887
0.069294
-0.076983
-0.099109
0.034955
-0.123385
-0.106681
-0.026089
0.074844
-0.155544
0.072669
0.044345
0.082876
0.029594
-0.089998
0.034365
-0.226373
0.015280
-0.066922
0.032582
0.019153
0.075923
0.028550
0.157143
-0.077527
-0.085781
0.023938
-0.046834
-0.009205
0.020913
0.051244
0.018183
-0.028861
0.015562
-0.044774
-0.145366
0.036836
0.041821
0.186884
-0.079499
0.056472
-0.179687
-0.086229
-0.081469
0.067248
0.015949
0.010871
-0.068788
-0.051206
-0.011325
0.024561
-0.076490
0.039228
-0.030224
-0.007496
0.005567
-0.076386
-0.162787
0.062885
-0.062844
-0.050411
0.214596
0.102549
-0.095936
-0.023165
-0.082823
-0.227008
-0.080447
-0.073256
-0.255004
0.084675
0.018112
0.082574
-0.189992
0.112170
-0.025143
0.047982
-0.024536
0.167639
-0.181669
-0.012919
-0.030323
-0.070286
0.089971
0.034225
-0.062694
-0.001431
-0.136106
-0.005127
0.070032
-0.065551
0.113232
0.065281
-0.169112
0.004786
-0.203702
-0.013417
0.088238
0.033986
-0.004159
0.055074
-0.004850
-0.117864
-0.083978
0.052608
-0.062333
-0.142181
-0.178065
0.115000
0.055625
-0.078368
-0.013812
-0.010597
-0.001706
0.027584
0.024487
0.115399
0.036717
-0.074287
0.017678
0.017663
0.038735
0.102974
0.014349
-0.145191
-0.092737
0.058784
-0.035046
-0.057851
-0.024265
0.048071
-0.093909
-0.098571
-0.363688
0.074985
-0.052166
-0.020767
-0.022220
0.023075
0.032963
-0.095397
0.268369
-0.005300
0.099003
0.012965
-0.019996
-0.026651
0.037529
-0.031649
-0.048716
0.055766
0.007282
-0.109675
-0.107399
0.005594
0.042478
-0.023453
-0.069560
-0.044854
0.216351
-0.083262
0.092023
0.054360
0.029232
0.108820
0.055592
0.053878
0.003884
0.047029
0.006728
-0.107999
0.076117
0.063362
-0.073688
0.056637
-0.033424
-0.000317
-0.037834
0.116056
0.008370
0.176497
0.109821
-0.085333
-0.113762
-0.110901
-0.021353
0.026834
-0.078495
0.062170
-0.063969
0.197112
-0.162800
0.028339
-0.048363
-0.000985
-0.163820
-0.168931
-0.010171
-0.217338
0.002034
-0.034384
-0.008725
0.010401
-0.064424
-0.017503
0.033169
-0.026641
0.031027
-0.088505
-0.025495
0.088693
0.000777
-0.021153
0.002548
0.010105
-0.021717
-0.076292
0.097518
-0.070218
0.024041
-0.125969
0.044467
0.109229
-0.046108
0.021251
-0.121040
-0.031544
0.065479
-0.032252
-0.100532
0.056966
-0.019062
-0.124917
-0.059851
0.017080
0.039175
0.013337
0.022391
0.005323
0.097759
0.066944
-0.070311
0.113553
0.073011
-0.099657
0.054200
-0.036451
0.059267
0.003836
-0.145849
0.001234
0.113394
0.052921
-0.086385
-0.178753
-0.061402
0.039905
-0.008766
-0.162706
-0.065311
-0.126597
-0.027474
0.027411
0.067312
-0.020557
0.200206
0.101738
-0.018987
0.100502
-0.201833
-0.047044
-0.007815
0.049058
0.008046
0.072090
-0.019954
0.029887
-0.043055
0.006238
0.090693
0.005348
0.101874
0.003597
0.080805
-0.013162
0.041464
0.036578
0.106139
-0.062167
-0.103750
0.134419
0.077873
0.119775
0.015080
0.050282
0.039943
-0.039068
0.074665
0.046850
0.046576
-0.036580
0.043368
-0.090149
-0.220245
0.035731
0.016825
-0.102575
0.065728
-0.179856
-0.086262
-0.021678
0.007275
-0.031510
0.158104
0.110065
-0.036286
0.122357
-0.167025
-0.024366
0.119812
0.056288
0.043038
-0.117885
-0.058138
0.180900
-0.082494
-0.015778
0.074697
0.109388
-0.141055
-0.126390
0.320091
-0.001363
0.092547
0.020859
0.049192
0.008778
-0.105357
0.006969
-0.060987
-0.030732
-0.039587
-0.145026
0.048149
-0.010580
-0.024128
0.037522
0.108872
0.030815
-0.116864
0.102198
-0.056590
0.075230
-0.093009
0.160520
-0.144262
-0.043998
-0.036567
0.070543
-0.011606
0.026521
-0.114842
0.002220
0.042391
0.016379
-0.058008
-0.122693
-0.016707
0.011359
0.205660
0.013862
0.080163
0.103301
-0.015364
0.004784
0.075668
-0.059582
0.126671
-0.080710
0.004014
-0.097969
0.130421
-0.040631
-0.030283
-0.069726
-0.004983
-0.104420
0.104287
-0.041139
-0.071065
0.086681
0.073714
-0.032874
0.052380
-0.010580
-0.043608
-0.152337
0.023582
-0.011216
-0.063962
0.024921
0.135281
-0.016017
-0.018126
-0.068764
0.000270
-0.011541
-0.040702
-0.226122
0.070677
-0.055794
-0.048733
-0.023752
-0.024293
0.089963
0.059950
0.097133
0.283585
0.147227
0.008977
-0.040684
0.052101
0.031502
-0.120381
0.121105
-0.030713
0.093606
-0.044522
-0.053420
-0.083624
-0.070469
-0.076872
-0.101671
0.017640
0.151501
-0.009551
0.136513
-0.021039
-0.096568
-0.036048
0.031670
-0.035371
-0.032506
0.173892
0.144953
0.017203
0.019840
0.315245
-0.107702
-0.031744
-0.008719
0.078884
-0.127375
0.033973
0.114735
-0.081236
-0.018039
0.064705
-0.086300
0.092515
-0.130397
-0.037417
-0.041252
0.005327
0.057138
-0.067257
-0.064967
0.005261
0.101201
0.173610
-0.115283
0.058609
0.002234
-0.053788
0.019587
-0.021602
0.003708
0.058060
0.060741
0.011674
-0.076470
0.349016
0.153029
0.054280
0.011722
0.042741
-0.008019
-0.122814
0.007847
-0.094874
-0.020557
-0.031612
-0.009374
0.014181
0.141061
0.160484
-0.030013
-0.035568
-0.019437
0.022549
0.011699
-0.011314
-0.044321
0.004988
0.006333
-0.033583
-0.045988
-0.138953
0.039730
-0.180783
-0.015283
0.099092
0.129731
-0.214717
0.352079
0.029723
0.051930
-0.049563
0.049282
0.001934
0.051651
-0.085406
0.023564
-0.071313
0.022849
0.051433
0.021609
-0.019714
0.184688
0.006511
0.050432
-0.000620
-0.055868
-0.055464
-0.088652
0.094057
0.039288
0.048327
-0.043842
-0.037282
0.024476
-0.039203
0.031778
-0.162079
0.079894
0.021374
0.154966
0.033870
0.056212
-0.042100
-0.038048
-0.030857
-0.027230
-0.071002
-0.032298
0.100204
0.023943
0.028337
0.136285
0.040230
0.072731
-0.010063
0.033866
0.002401
-0.023137
0.044661
0.074018
0.064170
-0.029359
-0.081834
-0.045885
-0.061819
-0.028941
0.187893
-0.042665
-0.114279
-0.034783
0.124907
-0.065167
-0.003348
-0.094518
0.200275
0.010701
0.036514
0.024921
-0.117920
-0.007294
0.242335
-0.007422
0.105125
0.079181
0.038128
0.037069
0.039341
0.109074
0.049089
0.034226
-0.032454
0.061416
-0.114571
-0.033582
-0.091405
0.064382
0.084854
-0.024220
0.062420
0.008668
0.048734
0.042048
-0.093235
0.007792
-0.055926
0.005380
0.038270
0.007306
0.045184
0.005343
0.338547
0.072775
0.027364
-0.122981
0.193248
-0.142722
0.007617
-0.014146
0.071710
0.059753
-0.069330
0.034344
-0.019625
0.116302
0.037730
0.040588
0.212632
0.019652
-0.022387
0.082257
-0.080074
0.134286
0.050059
-0.031299
0.025619
0.037508
-0.004607
-0.039448
0.117377
0.168251
-0.078796
-0.010123
0.026147
-0.063478
0.074653
0.107633
-0.124735
0.022982
-0.181678
-0.042938
-0.195395
0.039019
-0.030784
-0.073059
-0.062110
0.030802
0.044756
-0.029305
0.104124
-0.041039
0.090821
0.087183
0.090202
-0.028928
0.100808
0.067696
-0.079459
0.063325
-0.019234
0.087555
0.050121
0.064658
0.011136
-0.114055
-0.132588
-0.024813
-0.019963
-0.070645
-0.004655
-0.051644
-0.012450
-0.007820
0.060612
0.208921
0.093308
-0.052653
0.008159
0.047750
-0.069046
0.079525
0.041364
-0.026895
-0.127466
0.121923
0.063568
-0.176297
-0.248136
0.027125
0.047914
-0.028844
0.057201
0.147894
0.101023
-0.080731
0.073336
-0.019407
-0.074774
-0.108452
-0.034865
0.072797
0.008506
-0.049859
-0.026870
0.066599
0.053132
-0.075845
-0.080300
-0.095657
-0.190221
0.001918
0.016412
0.061305
0.024032
0.130006
0.082958
-0.003223
0.020904
0.130264
-0.016389
-0.025203
0.135106
-0.099467
0.056449
0.035106
-0.017879
0.019255
-0.075487
0.138329
0.066316
0.008113
-0.031781
-0.000374
-0.025297
-0.119347
0.080199
0.078826
-0.013923
-0.095104
0.009012
-0.053840
0.004470
0.060902
-0.014743
-0.018786
-0.019261
0.000591
-0.089247
-0.020529
-0.074081
-0.034124
0.111150
-0.033391
-0.268398
0.409247
-0.019346
0.006245
-0.051664
0.020156
0.034963
-0.060156
0.172150
-0.082622
0.127094
0.098500
-0.016363
0.105268
0.009536
-0.080273
0.031189
0.024453
0.001102
-0.057016
0.120130
-0.071486
-0.068351
-0.064555
-0.034926
-0.126129
-0.031657
0.036216
-0.050905
0.064916
0.038281
0.009721
0.015933
0.075560
-0.149072
-0.008457
0.028867
-0.059936
-0.060655
0.112695
-0.037769
0.156957
-0.014415
-0.102508
0.059397
0.039735
0.172025
0.018217
-0.012672
0.023952
0.019178
0.085336
-0.117442
-0.065137
0.062572
-0.027072
0.002976
0.066998
0.005916
-0.092224
-0.059330
-0.050914
0.094547
0.070250
0.038778
0.214203
0.051366
0.099380
0.227717
0.072217
-0.076848
0.105201
-0.105952
-0.053426
-0.139375
-0.123646
0.019412
-0.065549
-0.141202
0.078868
-0.122193
0.165852
-0.020441
-0.011353
0.025249
0.008225
-0.012158
0.074411
-0.046016
0.009713
0.077510
-0.030438
-0.062315
0.026312
0.138259
0.081646
-0.008245
0.154754
-0.099410
-0.004753
0.008849
0.033745
-0.073707
0.100054
0.304410
-0.075570
0.059596
0.075873
0.013808
-0.025614
-0.010870
0.033276
-0.093134
-0.002068
-0.018321
-0.220097
-0.071852
0.118812
-0.085627
-0.048093
-0.054515
-0.084628
0.159136
0.127130
0.127732
0.044285
-0.039083
-0.008538
-0.005459
0.044318
0.015395
-0.041413
0.137339
-0.034935
0.008243
0.055702
0.058784
-0.072536
0.113635
-0.068773
0.069565
0.052286
-0.064640
0.010225
0.063855
0.015067
0.061383
0.092093
0.009559
-0.005470
-0.011602
0.063774
-0.019809
-0.003977
-0.020094
0.026710
-0.123436
0.170886
0.205614
-0.044395
-0.308015
0.011825
0.038142
0.159112
-0.007424
0.113376
-0.068010
-0.144061
-0.085473
0.049888
0.058640
-0.015019
0.024839
-0.130996
0.059162
0.062502
0.036578
-0.038704
-0.021356
0.067903
-0.119368
-0.000813
-0.075778
-0.080274
-0.038092
0.009748
0.023727
-0.194383
0.019371
0.079994
0.147997
-0.033591
-0.032190
0.004150
0.007599
0.218254
0.036868
0.014427
0.000265
0.026880
0.035425
-0.066946
-0.013224
-0.013196
-0.142335
0.066638
-0.004179
0.075501
0.063914
0.028000
-0.064152
-0.127929
0.087820
0.103534
0.039944
-0.055167
0.176543
0.039872
-0.050269
0.110133
-0.205021
0.053885
0.095682
-0.065410
-0.198698
-0.131158
0.046899
0.007002
0.001364
0.090213
0.054625
-0.046833
-0.134153
0.024312
0.114425
-0.031925
0.024651
0.236843
0.061210
0.063325
-0.028473
0.123459
0.008603
-0.022326
-0.043760
0.100451
-0.031083
0.077821
0.071950
0.034124
-0.109786
-0.087119
0.116876
-0.122440
-0.061615
-0.121590
-0.117406
0.045283
0.043640
-0.045517
-0.006250
-0.001531
-0.097732
0.104936
-0.119031
0.142124
0.107462
0.006655
0.009152
-0.045169
0.023256
-0.033825
-0.020047
0.000972
-0.008230
0.039703
-0.134466
0.030279
-0.005779
-0.058794
-0.040387
-0.088940
0.056679
-0.038192
0.050859
0.093228
-0.070999
0.072057
0.010194
0.207438
0.067196
-0.046709
0.022087
0.026330
-0.029838
0.031054
-0.115932
0.194672
-0.109397
-0.018308
0.019902
0.012401
-0.271244
-0.005836
0.014907
0.001519
0.080949
-0.087142
-0.154395
-0.015619
0.050033
0.104765
0.045345
0.063240
0.082199
0.038393
0.036091
-0.053357
0.059932
-0.085502
0.083017
-0.012529
0.051249
0.129744
-0.066797
-0.027876
-0.174851
-0.129632
-0.034563
0.061387
-0.121101
0.136260
0.018097
-0.022667
-0.007368
-0.070030
0.074540
-0.222316
-0.000500
0.040026
0.080901
-0.129654
-0.115185
-0.082466
0.048634
0.043019
0.038745
0.202268
0.017372
0.014432
0.043281
0.012621
0.018409
0.095564
0.115737
0.046681
0.042409
-0.003198
0.165216
-0.108651
-0.032690
-0.042136
-0.207278
-0.081860
-0.046534
-0.038401
-0.024391
0.003892
0.001482
-0.070644
-0.045612
-0.083878
0.036132
-0.184105
-0.009133
-0.018175
0.144823
-0.275468
0.091693
-0.058465
-0.233465
-0.099247
0.076105
-0.100484
0.001217
0.008664
0.078010
-0.005793
-0.037552
0.025903
0.022116
0.060507
0.061709
-0.051146
0.069179
-0.066363
0.037932
-0.152768
0.050480
-0.056072
-0.029674
0.012906
-0.057506
0.056035
0.018721
-0.009251
-0.082724
0.105137
-0.040868
0.038259
-0.001425
-0.058939
0.091242
-0.064227
-0.082971
0.084214
-0.056602
0.116691
-0.102226
-0.079211
-0.078416
0.072650
-0.080697
0.113845
0.116826
-0.005958
0.066856
0.023664
0.070009
-0.007654
0.015530
0.079414
-0.031933
-0.114214
-0.069797
0.001516
0.031909
0.049209
-0.113673
-0.027855
0.003594
0.028119
0.024564
-0.006275
0.023760
0.054867
-0.115799
0.101909
0.129664
-0.106295
0.138322
0.104079
0.059508
0.021820
-0.083559
0.054579
-0.008565
-0.019648
0.000217
0.129431
-0.071335
-0.001440
-0.120976
0.142735
-0.084138
0.073039
0.225917
0.280161
0.014099
0.071137
0.035334
0.015051
-0.183541
-0.062969
-0.050538
-0.142352
-0.050197
-0.038430
0.086316
-0.075201
0.175682
-0.038127
-0.035565
0.001381
-0.037743
0.074140
0.020733
-0.040367
0.061173
0.002134
0.088583
0.000050
0.019709
-0.025784
0.007326
-0.004666
-0.036083
-0.033514
-0.009396
-0.048861
0.005237
0.012464
-0.016197
0.086156
0.006076
-0.034214
0.041289
-0.010740
-0.009619
-0.013792
-0.025557
-0.182383
-0.125136
-0.002893
-0.001511
0.075457
0.005413
0.024696
-0.014480
-0.074688
0.003245
0.330118
-0.058412
-0.008407
0.059672
-0.090664
-0.017428
-0.089546
-0.007002
0.052234
0.043569
0.072782
0.028543
-0.005242
0.043056
0.146547
0.020394
0.103345
-0.066218
0.042176
-0.115932
0.147104
-0.229248
-0.072963
0.031542
-0.085039
0.211780
-0.102070
-0.015357
0.191816
0.059001
-0.073220
0.159758
-0.069842
-0.061102
-0.025211
-0.019971
-0.038513
-0.125667
0.075782
0.069170
0.050179
-0.106049
-0.043678
-0.210444
-0.045240
-0.071384
0.091396
0.174094
-0.074931
0.020982
0.009470
0.099157
-0.034777
0.023123
0.159580
0.063938
0.047491
0.004521
0.262795
-0.125812
-0.020635
-0.101358
-0.005369
-0.122611
0.081829
-0.123202
-0.068402
0.166670
-0.091698
0.012593
0.048598
0.043697
-0.001911
0.019928
-0.021649
-0.025317
0.056575
0.132511
0.059335
0.132030
0.025652
0.057167
-0.101450
-0.128099
0.084164
-0.001480
0.057098
0.031217
-0.228873
0.142950
0.035415
-0.025832
0.126020
0.107121
0.003392
-0.059476
0.090618
-0.025506
-0.146431
0.042347
-0.055859
0.031073
0.024779
-0.125263
0.026759
-0.051011
0.012103
0.073912
0.151831
0.011678
0.019717
-0.013057
-0.000863
-0.066067
0.021742
0.024174
-0.153266
-0.018354
0.007051
-0.081810
-0.014970
-0.018585
0.039587
-0.249469
-0.197434
-0.064561
-0.024461
0.109530
0.064919
0.036234
-0.278810
0.085979
0.065173
0.050606
0.089475
0.014122
0.031317
0.093419
0.103865
0.075744
-0.047837
-0.028736
0.134315
-0.140302
0.020663
-0.111295
-0.054096
0.029936
0.071804
-0.075297
-0.003780
0.174249
0.067504
0.052177
-0.132434
-0.017814
0.019345
-0.020241
0.083553
0.114581
-0.120742
-0.036376
-0.041809
-0.083408
0.135417
0.113664
-0.083117
-0.067395
-0.027062
-0.005932
0.033864
0.093332
-0.022049
-0.048882
0.015258
0.083573
-0.041816
-0.017032
-0.074910
-0.110505
-0.064048
0.031084
-0.031750
-0.139645
0.065165
-0.034162
-0.220683
-0.024833
0.026461
0.025585
-0.017863
-0.122028
-0.137534
-0.071511
-0.065551
-0.163066
0.024817
-0.060832
-0.010336
-0.011698
-0.031026
0.019860
0.143932
-0.036978
0.105278
-0.069764
0.042258
0.071324
-0.159597
-0.049746
0.249668
0.061074
-0.027109
-0.058307
-0.053106
0.245780
0.301782
-0.000836
-0.044806
0.029284
-0.126443
-0.082365
0.013000
0.028667
0.018675
0.111356
-0.022491
0.005982
0.131912
-0.035767
0.009471
0.045701
0.123815
-0.014093
0.000309
0.056660
0.010683
-0.040545
-0.025094
-0.018362
0.015679
0.003008
-0.013269
-0.019025
-0.042980
-0.031242
-0.031508
-0.056142
-0.117359
0.120861
-0.057662
0.036613
-0.131517
0.089724
0.018472
-0.111289
0.043232
-0.040432
0.034681
-0.000747
0.080150
0.078315
0.122824
-0.024065
0.009150
-0.056822
-0.051035
0.125539
-0.068206
-0.028257
-0.100224
-0.023136
0.005363
0.039647
-0.059572
-0.022844
-0.086164
-0.169150
-0.080704
-0.036962
0.010137
-0.240599
0.011502
-0.003483
0.025931
0.086160
0.070340
0.047869
-0.026680
0.118915
0.157101
-0.043000
0.066940
0.105502
0.072332
0.105693
-0.079407
-0.016362
0.017420
-0.054887
0.067459
-0.038907
0.195832
0.123339
-0.015919
0.027440
0.017936
-0.010159
-0.070677
0.014003
-0.149610
0.053223
-0.179159
-0.000223
-0.037974
0.177265
0.067043
-0.046855
-0.058152
0.021029
0.102854
0.138142
0.011157
0.060798
-0.175651
0.054059
-0.018187
0.020802
-0.034676
-0.064121
-0.204369
0.013185
-0.078750
0.073742
-0.101008
-0.068992
0.165122
-0.036227
0.033312
0.126778
0.039353
-0.049809
-0.094115
0.138425
-0.101529
0.034733
-0.039897
-0.005363
-0.045568
0.058529
-0.048881
-0.143924
0.037876
-0.114665
0.099412
-0.051098
-0.002478
-0.090649
0.001375
0.168788
0.006232
-0.006697
0.088949
-0.070293
0.153314
0.114861
-0.017558
-0.153847
0.015320
-0.044417
0.083405
0.234920
-0.068458
-0.093467
-0.040350
0.093718
-0.010186
0.025317
0.011324
-0.055055
0.115370
0.107266
-0.059601
0.064698
-0.039034
-0.064276
-0.101955
-0.059685
0.113233
0.092235
0.017221
0.061750
-0.120765
0.010052
-0.067664
0.039979
-0.129344
0.096147
0.000578
0.119254
-0.014460
-0.005819
-0.063576
0.034353
-0.031269
0.086900
-0.133478
0.047355
0.071721
-0.004675
-0.133350
-0.020471
0.040388
-0.123955
-0.083978
-0.028197
-0.026516
0.121537
0.018386
0.079337
0.095273
-0.011646
0.015276
-0.011923
-0.132231
-0.006054
-0.041061
-0.132307
0.004476
-0.032137
-0.078072
0.031851
-0.129760
0.068971
0.027562
0.000418
-0.144511
0.057788
0.014046
0.047291
0.083594
-0.020669
-0.148651
-0.186045
-0.037742
0.121281
0.030228
0.030585
-0.105150
-0.023523
0.096609
-0.089840
0.017439
-0.039876
-0.165533
0.037754
-0.067244
-0.264773
-0.088493
-0.050492
-0.084962
0.013363
0.050117
-0.136758
-0.249992
0.122762
-0.098629
0.128082
-0.043024
-0.016635
0.025219
0.136763
-0.355458
0.004645
-0.015386
0.005461
-0.147556
-0.087686
0.015769
0.003970
-0.049197
-0.074587
-0.034493
-0.007301
-0.111159
-0.007619
-0.092752
0.020140
-0.142186
-0.024481
-0.117618
0.166663
-0.130400
-0.040202
0.012615
0.001289
-0.009057
-0.184353
0.001778
0.056824
-0.033933
0.061576
0.051861
-0.052098
-0.076530
0.013888
-0.104020
-0.010904
0.037853
-0.014804
-0.067893
-0.181441
-0.026052
-0.082921
0.067802
0.079512
0.047328
0.029209
0.119041
-0.043932
-0.019609
-0.004120
0.040255
0.062116
0.002330
0.152334
-0.151512
-0.043232
-0.029345
0.003082
0.037021
0.125082
-0.188453
0.102291
-0.008325
0.015310
-0.003767
-0.092380
0.050908
-0.007803
-0.086656
0.078957
0.111046
-0.081512
0.106513
0.037452
0.040403
0.012871
-0.032733
0.094231
0.015335
-0.091813
-0.046210
-0.029787
0.032421
0.127458
-0.007227
-0.075698
0.110035
0.022735
-0.008935
0.021918
-0.023953
-0.057440
0.031745
-0.087524
0.010953
-0.118158
-0.000871
0.038645
-0.006310
-0.099457
-0.017326
-0.032944
-0.006815
0.001473
0.080955
-0.009538
-0.166798
-0.032569
-0.284837
0.164318
-0.012279
-0.031462
-0.099352
0.078224
0.183472
-0.045650
0.046009
0.207953
0.089102
-0.088800
-0.097346
-0.039484
0.043001
0.026597
0.057177
-0.011813
0.002063
0.169205
-0.133914
-0.121523
-0.054872
-0.040947
0.141211
-0.000371
-0.004103
-0.239751
-0.032127
-0.168365
0.115319
-0.194613
0.054612
0.055858
0.038795
0.124902
0.039107
0.049421
0.132434
0.028118
-0.142936
0.099164
-0.032580
0.157510
-0.078189
0.106111
0.075741
-0.189789
0.032214
0.035522
0.001244
-0.015525
-0.036640
-0.042146
0.014496
0.234712
-0.109307
-0.055694
0.008147
0.029716
0.075727
-0.072909
-0.151225
-0.043728
-0.078504
0.094631
-0.014508
-0.062421
-0.040507
0.021310
-0.106420
0.020934
0.100503
-0.051753
-0.030051
-0.070313
0.044379
0.142764
0.032302
-0.042260
0.102780
0.019926
0.107508
0.003066
-0.074895
0.066591
-0.136281
0.036932
-0.049512
-0.066785
-0.090290
-0.064712
0.142440
-0.010713
0.050560
0.040739
-0.094327
-0.181552
-0.050627
-0.074511
-0.002083
0.057480
-0.007728
-0.067946
0.059627
-0.066010
0.026522
-0.057401
-0.030414
-0.113910
0.075015
-0.000414
0.124883
-0.094606
-0.075362
0.097097
0.110352
-0.050467
-0.250211
-0.131141
-0.072749
-0.046187
-0.042728
0.028645
0.016124
0.076836
0.033471
-0.086807
0.104661
0.010147
-0.132158
0.035437
-0.018064
0.007501
-0.027158
0.033811
-0.105801
0.032142
-0.102108
0.050608
-0.127708
-0.033944
0.047384
0.064283
0.049349
0.095626
-0.004027
0.058630
0.105408
0.004280
0.037991
-0.058855
0.025477
-0.022311
-0.007836
0.243709
-0.005528
-0.156582
-0.047664
0.036282
-0.023854
-0.004764
0.019527
0.064312
0.140541
-0.016803
0.073254
0.129066
-0.005901
-0.040544
-0.106792
0.055772
-0.007764
0.099419
0.008799
0.059582
-0.032068
-0.016287
0.024718
-0.031777
0.373901
0.025263
0.125573
-0.013531
0.097896
-0.024689
0.014471
0.204619
-0.191592
-0.072471
0.051419
0.054545
-0.005101
-0.054095
-0.219357
0.030960
0.058125
-0.027352
0.070153
-0.067575
0.014371
-0.075416
0.076244
-0.006995
0.038179
-0.033525
-0.042460
0.002694
-0.080114
0.174199
0.001956
-0.004764
-0.145938
0.084935
0.029422
0.023482
0.005460
-0.051382
0.011220
0.077916
0.077519
-0.141936
-0.009672
-0.026194
0.083909
-0.138811
-0.035808
0.051707
0.065429
0.019186
0.041447
0.101490
-0.058679
0.038140
0.015140
0.012744
-0.119174
0.040338
-0.009919
-0.038277
-0.163080
-0.007498
0.064195
-0.048519
-0.092843
-0.016768
-0.050450
-0.317709
0.023446
0.004786
-0.122785
0.060474
-0.025564
-0.008293
0.161990
-0.021980
0.046103
0.046695
0.001215
0.091315
0.140987
-0.121899
-0.078911
0.041852
-0.056085
0.113096
-0.089543
0.051462
0.088532
-0.041641
-0.061636
-0.165130
0.109796
0.036835
-0.062032
-0.040366
0.172413
-0.036048
-0.008585
-0.009139
0.015300
-0.003722
0.004480
0.019706
-0.066254
0.121135
-0.064792
0.088684
-0.000774
-0.065187
-0.031865
-0.107534
-0.031672
0.034268
0.138772
-0.035791
-0.130165
-0.000314
-0.000779
-0.012867
-0.001390
0.006564
0.005077
0.130603
0.086879
-0.076413
-0.055059
0.092488
0.010942
-0.099024
-0.042745
0.089750
0.213048
0.059491
0.030781
-0.024461
0.046855
0.059302
-0.120346
0.100932
-0.019559
-0.011863
0.074417
0.038035
-0.028500
-0.049388
0.044341
-0.090686
-0.194393
-0.022703
-0.087041
-0.007153
0.031272
0.031550
-0.020497
-0.084415
-0.162697
-0.093374
0.122867
-0.062030
-0.132550
-0.012778
0.245786
0.033902
-0.150914
-0.127427
0.171982
0.012995
-0.120723
0.003909
-0.049545
-0.123963
-0.099767
-0.059502
0.081924
-0.013410
0.168582
0.119586
-0.075825
0.197786
0.092779
-0.038422
0.034246
0.008483
0.029061
0.071863
-0.084923
0.092467
0.044079
0.072653
-0.143374
-0.019354
0.126585
0.015939
0.001897
-0.074800
0.135202
-0.022580
-0.002499
0.021141
0.075744
0.069644
0.140020
-0.045335
0.134803
0.000093
-0.079108
0.004309
-0.027192
0.212603
-0.086404
0.016069
0.104500
0.124421
0.054664
0.105135
-0.039391
-0.118168
-0.181083
0.117318
0.024775
-0.013038
-0.078921
-0.057492
0.050480
0.034543
0.027300
0.130994
0.163344
0.088071
0.029223
0.048949
0.007742
-0.080493
-0.057270
-0.041977
0.254409
0.025252
-0.119758
0.030825
-0.099509
0.003338
0.119502
0.104558
-0.028371
-0.016766
0.014701
0.045349
0.040776
0.124139
0.036797
-0.053645
-0.106052
-0.082763
0.086462
-0.017138
0.040713
0.038913
-0.038721
-0.058702
-0.152763
-0.100745
-0.016715
0.023933
-0.040926
0.124613
0.123828
0.226911
0.017105
0.053298
0.034057
-0.007261
0.049854
-0.005726
-0.100214
-0.099422
-0.024628
0.042098
0.121820
0.124891
-0.082944
-0.006263
0.106056
-0.106837
0.099470
-0.126946
0.053953
-0.003006
-0.019368
-0.140109
0.033551
-0.035171
0.119624
-0.131762
-0.087358
-0.109896
0.004694
-0.141318
0.050345
-0.039216
0.073913
0.045779
-0.030622
0.094100
0.068340
-0.052679
-0.043907
0.057827
0.020422
0.073929
0.122856
-0.105862
0.022357
-0.034052
-0.004836
-0.111954
-0.098173
0.021561
-0.120716
0.090860
0.032929
-0.006682
-0.093329
0.058944
0.069995
0.112896
-0.015242
0.236327
-0.039357
-0.012340
0.022735
0.077394
0.022628
-0.097055
-0.064855
0.126897
-0.136453
0.195929
-0.002238
-0.028207
0.043992
0.224623
0.099370
-0.058102
0.021514
-0.068484
0.069980
-0.090781
0.113699
0.120665
-0.110105
-0.240494
0.060136
0.079682
0.078928
-0.080022
0.077771
0.027261
-0.053146
-0.026406
0.097017
0.079346
0.023888
-0.130653
-0.006184
0.050252
0.021964
-0.317158
-0.033244
-0.066206
-0.010048
-0.016754
0.013006
-0.054601
0.032329
-0.052742
-0.010609
-0.044461
-0.058170
-0.039843
0.115924
-0.030580
-0.034163
0.027138
-0.026436
0.039591
0.008849
-0.243688
-0.036567
-0.007851
0.026379
-0.070624
0.042019
0.081223
-0.299263
-0.156552
0.031490
-0.068643
-0.095734
0.014586
0.009204
-0.011430
0.136262
-0.087794
0.146704
0.047657
0.039582
-0.057237
0.042050
-0.186435
0.059958
-0.020605
0.122749
0.066601
-0.137532
-0.054286
-0.095926
-0.009108
0.045172
0.094424
-0.002748
-0.030369
0.058318
0.036759
-0.052848
0.024863
-0.100212
0.035747
-0.025914
0.113742
-0.039611
-0.060746
-0.112535
0.012309
-0.004254
-0.061096
-0.086378
0.000323
-0.034071
-0.009517
0.113333
0.057119
0.292602
-0.005450
0.101550
-0.008616
-0.210862
0.062692
0.003031
-0.047879
0.021518
-0.094422
-0.029192
0.049446
-0.014704
-0.003488
-0.011281
-0.081808
0.172938
0.014526
0.125470
0.013455
-0.029977
0.069916
-0.020829
0.059445
-0.062002
0.008562
-0.066493
0.040461
0.010010
0.056848
0.058273
0.010671
-0.067092
0.013786
-0.062471
0.013233
-0.044982
-0.008663
-0.007853
-0.003510
-0.015867
0.042116
0.066287
0.081884
-0.053647
-0.260275
-0.080920
0.066740
-0.028356
0.007555
-0.086531
0.025687
0.060855
0.012595
0.030580
-0.024742
0.132492
-0.024953
0.038552
0.043062
-0.028562
0.049025
-0.036870
-0.200054
0.062279
-0.082065
0.060010
-0.017541
-0.134364
-0.016141
0.014155
-0.036357
0.007991
-0.003642
0.079571
0.004545
0.048483
-0.043092
0.151113
0.156000
0.066700
0.064024
-0.030735
-0.013191
-0.027044
-0.043926
-0.046316
0.066891
0.014467
0.004998
0.016788
0.009591
0.003308
0.071223
-0.065726
0.058856
-0.032191
0.043538
0.088343
-0.181942
0.011721
0.011345
-0.045562
0.180348
-0.011633
-0.001875
0.061254
-0.106161
-0.147294
-0.030706
0.031738
-0.020065
0.021589
-0.004819
-0.247737
0.102647
0.045710
0.038173
0.058588
-0.003860
-0.007439
-0.059729
0.027327
0.118558
-0.029363
-0.088086
0.081988
-0.128484
-0.004179
-0.021829
0.061870
0.208860
0.045506
0.056003
0.137484
-0.010347
0.292551
0.405237
-0.027184
0.059911
0.007685
-0.095585
-0.035566
0.099338
-0.060840
0.025168
0.015297
0.077941
0.009974
-0.026203
0.138887
-0.146209
0.094173
0.011898
0.105542
0.054054
0.026015
0.086992
-0.091224
0.056971
-0.032728
0.232718
0.251554
0.033137
0.124788
-0.115655
0.079202
-0.017113
0.090292
0.060012
0.021762
0.109811
0.038683
-0.073479
-0.115840
0.076744
0.173067
-0.042126
-0.018585
-0.035483
0.012339
-0.042855
-0.065033
0.072568
-0.103929
0.015843
0.254700
-0.020610
-0.040786
0.168550
0.132562
0.140083
0.162681
-0.095064
-0.144994
-0.017403
-0.010791
0.003912
0.054692
0.180027
0.093013
-0.098900
0.042157
-0.000120
0.013523
-0.071045
0.069913
-0.110817
0.034562
-0.065127
-0.051943
-0.039820
0.028165
-0.089399
0.023405
0.062329
0.078622
0.030362
-0.075156
-0.003474
0.075774
0.108780
-0.030544
0.098446
0.033293
0.016130
-0.086062
0.055192
-0.026969
0.079437
0.012418
0.062792
0.079596
0.015631
0.064965
-0.084570
-0.146765
0.009159
0.119113
0.029946
0.030039
0.014272
-0.022249
0.056087
0.017813
0.019456
-0.154353
0.014042
0.118682
-0.101660
-0.039138
0.014655
0.053155
-0.055431
-0.000941
-0.041355
0.160175
0.020502
-0.139392
0.138636
-0.162223
0.040837
0.008214
0.056695
0.124536
0.253340
0.019058
-0.031811
0.013150
-0.036622
-0.152509
-0.041603
0.015255
-0.097302
0.041028
0.013558
0.118925
0.037117
-0.000179
0.042119
-0.096845
-0.049284
-0.077776
-0.027323
0.050002
0.010411
0.087592
0.070144
0.084436
-0.008697
0.011867
0.002297
-0.028066
-0.003990
0.099119
-0.000212
0.016910
-0.012333
-0.009167
0.002866
-0.042349
-0.250458
0.035767
-0.042922
-0.058151
-0.009995
-0.071168
0.050660
-0.057465
0.025532
-0.046032
-0.000682
-0.033286
0.026502
0.081401
0.013190
0.010733
0.003354
-0.013669
-0.032003
-0.032734
0.114142
-0.134429
0.018361
-0.060344
0.168833
-0.155507
-0.021040
-0.095743
-0.029708
0.036473
-0.104692
-0.046835
-0.094642
0.423233
0.001400
-0.074752
0.100705
0.047984
0.047352
-0.114917
-0.025885
0.004763
-0.035212
0.092332
0.021123
-0.052885
-0.046098
-0.129572
0.004169
0.081370
-0.016285
-0.028138
0.048977
0.001769
-0.143040
0.043304
-0.047818
0.057092
0.026087
-0.159893
0.031145
0.060683
0.131503
-0.094676
0.191800
-0.071109
0.048221
0.004642
-0.020959
0.223128
-0.150995
0.046081
0.039954
-0.011191
-0.023515
0.052371
0.025692
0.019553
0.044399
0.038813
-0.004012
-0.027814
0.035349
0.100679
0.098199
0.040621
-0.086044
0.040909
-0.058283
0.144700
0.004875
0.126320
-0.075708
0.018100
-0.068051
-0.118793
0.061372
0.052370
-0.105864
0.090165
0.030330
0.166609
-0.122847
-0.013202
-0.212807
-0.010203
0.127323
-0.026154
-0.020018
-0.210056
-0.069386
0.099390
0.052685
0.051670
0.017476
0.017235
0.083601
0.274291
-0.174100
0.040336
0.084972
-0.072587
0.085168
-0.060437
-0.014376
0.012911
0.043567
-0.001247
-0.103701
-0.167669
-0.154413
-0.069629
0.041716
-0.090807
0.006300
0.019877
0.128069
-0.056198
-0.003921
-0.107858
0.005680
0.059529
0.009870
0.033535
-0.104746
0.092277
0.090595
0.191272
0.045609
-0.020746
-0.134979
-0.025132
0.011664
0.017260
-0.115243
0.053806
0.054527
-0.088871
0.008405
0.004600
-0.023603
0.039579
0.018720
-0.028882
0.071585
-0.015161
-0.073717
-0.027879
0.066222
-0.008127
0.096496
-0.054858
0.074490
-0.002496
-0.016613
0.102436
0.055105
-0.035583
-0.103116
0.109292
0.104099
0.157370
0.007710
0.115450
-0.037190
0.078909
-0.065892
0.031884
-0.039649
-0.000412
-0.054447
-0.033986
0.023034
-0.079864
-0.144448
0.094466
-0.054599
-0.036021
0.017733
-0.023785
-0.012178
0.159801
0.029697
-0.027720
0.060003
-0.026187
0.043826
0.064670
0.075979
0.020918
0.041999
0.356372
-0.004635
-0.263579
0.001074
-0.220409
0.102209
-0.112497
0.062046
0.050997
0.113177
-0.106557
-0.034177
0.009462
0.016034
-0.095346
0.094620
0.095420
0.007250
0.002670
0.027550
0.067532
-0.055149
-0.017483
0.096867
0.201439
0.019032
0.055221
-0.092658
-0.056764
-0.023804
0.019604
0.017388
0.002862
-0.091248
0.156844
-0.004055
0.012152
-0.033451
-0.138754
0.006824
0.011536
0.035001
-0.056305
-0.031676
0.056736
0.069073
-0.014881
-0.006301
-0.012730
-0.012488
0.005986
0.048690
0.015285
0.067206
-0.051249
0.029163
-0.035961
0.099421
0.077165
0.048891
0.015394
-0.038235
-0.008573
0.090592
-0.020866
-0.253199
-0.112049
0.036207
0.031074
0.204975
-0.216947
0.068480
0.075307
-0.000301
-0.040669
-0.053049
-0.053193
-0.117607
0.249168
-0.110757
-0.104263
0.065161
0.052814
0.004724
0.021130
-0.020947
0.077412
0.011514
-0.015683
0.051039
-0.051617
-0.078863
-0.077677
-0.016172
0.080713
-0.027785
0.048092
0.001738
-0.118986
0.070680
0.068429
0.018878
-0.211298
-0.099440
-0.126647
-0.006250
-0.060801
0.171173
0.062889
0.248355
0.187496
0.043099
-0.048999
0.015939
0.154776
-0.110345
0.004113
-0.018184
-0.022978
-0.039304
0.028072
0.046545
-0.009868
-0.035872
0.008056
0.105414
-0.026047
0.070618
0.085309
-0.256429
-0.029161
0.105981
-0.100590
-0.021139
0.164345
0.097170
-0.073118
-0.169155
0.025680
-0.068335
0.107542
-0.032602
0.095191
0.007744
-0.038975
-0.046831
-0.053104
-0.085313
-0.011776
-0.019455
0.096415
-0.063485
-0.073041
-0.012881
0.121622
-0.166611
0.033852
-0.030447
-0.033835
0.021048
-0.027118
-0.299210
0.217905
-0.091560
-0.022543
0.183616
0.026697
0.093912
-0.012034
0.129470
0.021510
0.025529
0.148535
-0.088712
0.068950
-0.082836
-0.022847
-0.040407
-0.142878
0.022247
0.030440
0.124980
0.023923
-0.060846
0.105113
-0.018396
-0.051877
0.114355
-0.016622
-0.120583
0.126220
0.005617
0.075071
0.074520
-0.124040
-0.111520
-0.102168
0.101484
0.059112
0.009377
-0.068024
-0.063525
-0.014709
0.043244
-0.042003
0.088938
-0.020299
-0.096325
-0.057280
0.180597
0.009960
-0.011360
-0.007355
0.041964
0.006570
0.014403
-0.113598
0.073799
-0.011886
0.030689
-0.029013
0.017210
0.014750
-0.000250
-0.077931
-0.051524
0.180505
-0.061846
-0.095163
-0.079446
-0.095388
0.000677
-0.044898
-0.035096
0.098987
0.077642
0.073001
0.070620
0.076646
0.066833
0.035737
0.033058
0.096384
0.033133
0.039184
0.000885
-0.109320
-0.032966
0.139403
-0.027364
0.102650
0.070430
-0.163100
-0.028369
-0.085959
0.048332
0.108912
-0.056802
0.195564
-0.067355
-0.043943
0.050386
-0.127303
-0.104278
0.082960
0.272459
0.064208
-0.011455
-0.010545
0.063070
0.029028
-0.015323
-0.017577
-0.096886
-0.107971
0.028280
-0.059216
-0.028633
-0.046895
0.002310
0.240647
0.024438
0.010487
-0.086830
-0.019875
-0.047848
0.033779
0.090571
-0.074804
-0.187966
0.030556
-0.061965
0.030316
-0.086035
-0.058806
-0.006014
-0.028139
-0.029342
-0.008939
-0.086126
0.029493
0.354712
-0.050442
0.005364
-0.012132
0.000366
0.101266
0.021316
-0.045219
0.066445
-0.114499
0.038825
-0.000592
0.104959
-0.053113
0.075002
-0.014033
-0.139210
0.072420
-0.016393
-0.059088
0.099340
0.026877
-0.009034
0.322201
0.147071
-0.178815
-0.062512
0.008500
-0.115567
0.028108
0.028318
-0.042594
-0.197855
0.034504
-0.121179
-0.007698
-0.072480
0.016396
0.023864
0.014454
-0.008471
0.061354
0.015327
0.174446
0.032921
0.020689
-0.077139
-0.026703
-0.057861
0.036973
0.038879
0.057216
0.004661
-0.209216
0.012281
-0.098617
-0.015999
-0.059998
-0.005455
-0.002743
-0.001515
-0.044632
0.078579
0.122935
0.149839
0.026669
0.002815
0.004771
-0.034642
-0.281965
0.042459
0.036968
0.052149
0.021498
0.016668
-0.032972
0.096201
0.007750
-0.013352
-0.016518
0.088225
0.002433
0.040311
0.017011
-0.126504
-0.086093
-0.272457
0.019975
-0.050821
0.014104
0.003204
-0.070514
0.040669
-0.079981
-0.087486
0.004528
-0.130030
0.110824
0.106425
-0.012713
-0.030609
-0.132150
0.081978
-0.022912
0.000514
-0.057960
-0.011963
0.049180
0.016462
-0.024648
-0.046041
0.078948
-0.077336
-0.027903
0.000535
-0.027853
-0.027781
0.064628
0.055219
0.070963
0.054428
0.040149
0.043597
0.000883
-0.005652
0.092037
-0.075461
0.015812
0.203420
0.027904
0.076145
-0.088096
0.029712
-0.124573
0.011656
-0.011233
0.153547
0.107865
-0.012466
0.213008
0.027547
-0.096626
0.053029
-0.033560
0.211855
0.179922
0.047838
-0.005116
-0.105672
0.219018
-0.068416
-0.038667
0.023714
-0.035648
-0.083525
-0.093177
0.135500
0.144523
-0.044166
-0.034456
0.080639
-0.048805
-0.095859
-0.329150
0.017063
0.037147
0.061473
-0.054558
-0.055871
-0.046592
-0.036419
-0.127388
-0.080719
0.027575
0.007450
-0.154956
0.066659
-0.025733
0.102316
-0.028923
-0.098957
0.012200
0.047380
-0.065573
0.144522
-0.036622
-0.021942
0.085707
-0.049168
0.179419
0.023490
0.042219
0.086829
-0.065147
-0.019486
-0.044855
-0.142230
0.075292
0.033313
-0.021545
-0.039591
-0.105463
-0.010105
0.078165
0.086677
0.126559
-0.006870
0.099120
-0.019626
-0.031722
-0.013221
0.072813
0.037255
0.087782
-0.019619
-0.028688
0.079581
-0.168841
-0.160744
0.067169
0.074322
-0.086758
0.024638
-0.019541
-0.102041
0.137772
0.029693
0.002664
-0.123118
0.013438
0.040150
0.044486
-0.057299
-0.039786
-0.118100
0.144774
-0.005374
-0.024567
-0.011914
-0.056075
-0.009164
0.143982
0.019072
0.091183
-0.191116
0.016520
-0.062097
0.060755
0.025294
-0.045369
-0.042296
0.012706
-0.026362
0.007418
-0.017477
0.006664
0.009218
-0.032918
0.026374
0.045645
0.000819
0.038888
0.008443
0.018933
0.058991
0.329540
0.050309
-0.080545
0.072471
-0.088017
0.038797
-0.025132
-0.047875
-0.054614
0.001302
0.021508
0.041917
-0.090507
0.034644
0.209283
0.149498
0.255064
-0.025731
0.029802
-0.144931
0.025239
0.113773
-0.016219
0.136319
-0.007498
0.031340
0.045165
0.017406
0.048404
0.098075
-0.076067
0.027696
-0.018202
-0.012583
0.042946
-0.006177
0.035985
-0.098412
-0.008221
-0.043111
0.033901
0.006932
-0.031203
-0.024145
0.054661
-0.244962
-0.003675
-0.016282
-0.130697
-0.052832
0.017995
-0.002854
0.061714
-0.151847
0.084224
0.079999
-0.055639
-0.075021
0.034098
-0.012860
0.111867
0.127124
-0.025801
0.029750
0.010429
-0.054627
-0.022863
0.268604
-0.027298
0.116534
-0.090370
-0.231560
-0.017722
0.013806
-0.034633
0.170371
0.029972
0.029575
0.008779
-0.025364
0.218374
0.023546
-0.145736
0.222270
0.028584
-0.041520
0.064599
-0.166618
0.022951
0.059938
-0.076611
-0.016100
-0.070833
-0.106474
0.085785
0.016941
0.040231
0.037691
0.003228
-0.043661
0.002162
0.001305
-0.025401
0.108010
0.044162
-0.020505
-0.014296
0.041800
0.049781
-0.012260
0.096007
0.002343
0.014886
-0.042134
0.030306
-0.033108
-0.005983
-0.134575
0.000193
0.127040
-0.160830
0.212133
-0.076069
0.014636
0.007150
0.020012
0.034153
0.211694
-0.037576
-0.028635
0.177290
-0.015018
-0.040062
0.038982
-0.103695
-0.082761
0.171810
0.238454
-0.061951
-0.026952
-0.067163
-0.120360
-0.049966
0.093307
0.054624
0.080996
-0.016542
0.050493
-0.020846
0.004993
0.031638
0.102495
-0.016869
0.026326
0.185236
0.008911
-0.015292
-0.010660
0.046906
-0.048168
0.047893
-0.079946
0.061856
-0.088781
0.071458
-0.034454
-0.135442
-0.180338
0.017220
0.008131
-0.027419
-0.185194
0.177098
0.196364
-0.068356
-0.044690
-0.083626
0.016377
0.205671
-0.013398
0.041907
0.015843
0.082139
-0.063196
-0.006871
-0.060786
-0.017350
0.009420
0.085752
0.013228
-0.087696
-0.055102
-0.132315
0.001082
0.227166
-0.057759
0.118470
-0.103278
-0.060574
-0.024129
-0.027322
-0.042139
0.104495
-0.099403
-0.028329
-0.091655
0.052447
0.065488
-0.096638
-0.083201
-0.167088
0.049484
0.079874
0.061727
-0.042276
-0.007546
0.099763
-0.038551
0.036714
-0.172076
-0.087283
0.033373
-0.103185
-0.031010
0.083374
-0.022157
-0.138875
0.003629
0.017636
-0.023764
0.045669
-0.019912
0.061163
-0.116752
-0.178764
-0.001872
-0.072743
-0.001925
-0.024291
-0.017441
0.167568
0.043808
0.014308
-0.009364
-0.040509
-0.044058
-0.041231
-0.144584
0.096597
-0.018711
-0.023204
0.015882
0.126803
0.012209
0.017556
0.001129
0.087191
0.020996
-0.112376
0.040616
-0.094086
-0.016764
0.026255
-0.065648
-0.009418
-0.077695
0.062805
-0.140399
-0.098711
-0.077716
-0.014106
0.013672
-0.131404
0.089403
-0.142743
-0.083385
-0.068653
-0.101802
-0.012738
-0.059150
0.011101
0.104061
0.118121
-0.029189
-0.007381
0.124302
-0.181014
0.018513
-0.011602
0.001376
0.049465
-0.157120
-0.025379
-0.081008
0.038259
0.102871
-0.086111
0.053437
-0.026488
0.009399
0.225941
-0.015381
-0.096412
-0.031842
-0.077334
0.155479
0.006930
0.040172
0.055506
-0.100943
-0.040308
0.196238
0.164751
-0.002941
0.129611
0.004649
0.085232
-0.237278
-0.009871
0.052450
-0.026986
-0.036209
-0.088316
0.161822
-0.044690
0.108050
0.067821
-0.115660
0.125434
-0.051110
0.085070
0.189249
0.098031
-0.073849
-0.075158
0.102112
-0.092059
-0.031671
-0.094550
0.035978
0.038832
-0.014872
0.050296
-0.027312
0.066031
-0.051855
0.133383
-0.005247
-0.065476
-0.154186
-0.021469
0.101244
-0.105544
0.000128
0.042735
-0.078603
-0.146912
0.115159
0.155049
0.068181
-0.047882
0.044037
-0.016041
0.041434
0.054550
-0.056807
-0.019352
-0.113875
0.047343
-0.118594
-0.008178
0.030252
-0.000982
-0.040372
0.026674
-0.309487
-0.052436
-0.061287
0.007429
0.068099
-0.072182
-0.037938
0.016292
-0.203611
-0.085141
0.077327
0.001468
-0.049893
0.121382
0.006946
-0.043065
0.074448
-0.013207
0.017421
-0.036059
0.212109
-0.006939
0.005150
-0.055222
-0.032063
-0.014233
-0.027448
0.018242
0.103096
0.076427
0.039478
0.069666
0.030719
0.008961
0.144129
-0.119940
0.028315
-0.125276
0.026475
-0.065701
0.109568
-0.055188
0.027593
0.119962
0.032624
-0.091293
-0.072145
-0.051095
-0.005522
-0.054323
-0.084941
0.059839
0.066160
-0.004701
-0.130791
-0.000194
0.045931
0.053729
-0.103579
0.003889
0.012042
-0.030801
0.084884
0.286598
-0.047595
0.058772
0.035809
-0.028828
0.111905
-0.017377
-0.113250
0.111376
0.036757
-0.132324
-0.108190
0.184047
-0.064961
0.017293
-0.144804
0.027878
0.024467
0.067889
0.123686
0.099758
-0.079690
0.100593
0.022344
0.065358
-0.034633
-0.083119
0.060224
0.034745
0.022015
-0.266855
-0.074715
0.078965
0.079545
-0.076599
0.068880
-0.120120
-0.171564
0.126743
-0.002326
0.063403
-0.105599
0.072056
-0.035758
0.031625
0.062631
0.047484
0.123144
-0.028030
-0.127259
-0.123671
-0.077831
0.016202
0.108778
-0.106970
-0.089733
-0.133408
0.001849
-0.111029
-0.000644
0.017126
-0.090020
0.005869
0.038544
0.032457
-0.085142
0.051980
0.021668
-0.020572
0.003956
-0.026136
0.000980
0.066580
-0.001350
-0.166937
0.001803
-0.089668
-0.003864
0.006958
0.083911
-0.033108
0.010498
-0.030016
0.017880
0.074854
0.008411
0.129052
0.011674
-0.124332
-0.071759
-0.113761
-0.061105
0.038356
0.070561
-0.035314
0.045166
-0.022039
-0.042872
0.291056
0.017487
0.078214
0.062080
-0.008177
0.016109
-0.152742
-0.038907
0.015709
0.016594
-0.006194
0.105948
-0.063178
-0.064758
-0.004537
-0.008098
-0.161614
-0.106300
0.054360
-0.003928
0.098583
-0.137602
-0.020318
-0.008450
-0.163860
0.138139
-0.009167
-0.043602
0.169178
-0.049488
-0.074129
0.197779
-0.125694
0.062231
-0.100647
-0.046487
-0.169447
0.217669
0.058420
0.027801
0.037361
0.062024
-0.004827
-0.119786
0.039371
0.175249
-0.025461
-0.136354
-0.014682
0.022475
0.068950
0.108772
-0.159246
0.169043
0.062132
0.128505
0.097977
0.051483
0.103054
0.057278
-0.085730
-0.045333
0.008802
-0.140833
-0.001282
-0.105123
-0.052139
0.099142
0.004822
-0.008550
0.006026
0.070118
-0.075036
0.009815
0.040813
0.011621
0.027728
0.213360
-0.077268
-0.149150
0.040293
0.134127
0.036315
-0.048564
0.084899
0.099683
-0.060495
-0.027340
0.004841
-0.102014
0.009009
-0.060249
0.047825
0.090591
-0.025732
0.159413
-0.011608
-0.063062
-0.104341
-0.066469
-0.115963
0.058133
0.040260
-0.039192
-0.023111
-0.041901
-0.119385
-0.045671
0.020954
-0.006875
0.042503
0.290505
-0.072170
-0.065809
-0.024006
-0.038369
0.103978
-0.045562
0.048571
0.020836
-0.027396
0.042839
-0.043855
0.059434
-0.086525
-0.051124
0.018789
-0.014507
0.051464
0.075009
0.152967
0.051120
0.110553
-0.061858
-0.017467
-0.113173
0.038630
-0.008199
0.074664
0.023507
-0.007230
0.038158
0.118490
0.013191
0.029720
-0.101874
-0.017606
0.182281
0.254115
-0.091369
0.189299
0.286145
-0.137535
0.036028
0.039689
0.007939
0.044800
0.039673
0.038842
0.106391
0.005298
-0.126475
-0.042028
-0.062550
-0.017972
-0.081615
-0.036720
-0.006128
0.153071
-0.003452
-0.044308
0.123226
-0.013343
-0.103983
0.044682
0.034454
-0.011970
-0.111605
0.161850
0.036758
-0.140723
-0.020083
-0.038915
0.027600
0.054126
-0.062880
0.064245
-0.046743
0.004686
-0.012077
-0.003297
-0.048627
-0.117190
-0.050439
0.130951
-0.044759
-0.008924
0.019838
0.060487
0.033932
-0.072786
-0.109402
0.309959
-0.110208
-0.093823
-0.034608
0.024251
-0.000050
-0.149022
-0.103059
-0.000120
-0.035738
-0.000576
-0.093811
-0.108200
-0.018478
0.127789
0.023327
-0.069565
0.020734
0.000434
-0.011671
-0.068541
0.257211
0.014669
0.058392
-0.062161
0.010801
0.012733
-0.049356
0.003071
0.016183
-0.039448
-0.019131
0.084560
0.035159
-0.032357
0.056948
-0.019561
-0.085827
-0.021291
0.010426
0.005695
-0.027751
-0.082003
0.185277
0.056118
-0.000216
0.160421
0.030950
-0.037243
0.008487
-0.004330
-0.122264
-0.010834
-0.062248
0.054757
-0.126157
0.069750
-0.000470
0.066128
0.083204
0.066555
-0.069551
-0.065718
-0.032467
-0.066477
0.025388
0.047757
-0.082782
-0.028254
-0.020968
-0.172329
0.020032
-0.019218
-0.032505
-0.161793
0.080869
0.008783
0.016504
0.013559
-0.212069
-0.015419
0.003026
0.071927
0.110228
0.067116
0.185599
0.120406
0.035281
0.215907
-0.006362
0.141221
0.164967
0.028041
0.090172
0.055825
-0.069248
0.032366
-0.245460
0.021073
0.158525
0.139723
0.092299
-0.050663
-0.086036
-0.023458
-0.196279
-0.147166
-0.079786
-0.015613
0.036681
0.149506
0.012974
-0.040080
0.015298
0.020440
-0.128267
-0.042403
-0.052806
0.047344
0.149719
0.023511
-0.042228
0.182661
0.062895
-0.076874
-0.114584
0.195658
0.089460
-0.064411
0.004037
0.001048
0.055877
0.075733
-0.096039
0.041911
0.091665
-0.009687
0.045633
0.126997
0.175432
-0.013062
-0.017391
0.072418
0.051878
0.007461
0.028161
-0.052028
0.167102
-0.029790
-0.098387
-0.031099
-0.037130
0.070307
0.117027
-0.088853
-0.048798
0.026213
-0.124084
0.049179
-0.019312
-0.205168
0.035052
-0.101824
-0.076462
0.018527
-0.159044
-0.019425
0.141510
-0.035453
-0.245708
-0.046178
-0.022045
-0.063409
-0.030624
0.030444
0.044809
-0.103838
-0.076803
0.011638
0.033530
-0.042240
0.008520
-0.007888
0.291132
0.066726
0.031445
0.009436
0.094278
-0.030793
0.103648
-0.013786
0.023545
0.048779
-0.005944
0.000399
-0.011598
0.043694
0.053441
0.010326
0.143207
-0.046930
-0.188743
-0.112153
0.241308
0.081584
-0.264113
0.109352
-0.042552
-0.028063
-0.046878
0.045896
-0.049895
-0.180933
0.026195
0.012926
0.030649
-0.021607
0.066958
-0.069589
0.168959
0.147627
-0.025598
-0.026849
-0.033300
0.102091
-0.140806
0.009048
-0.049142
-0.049811
-0.033628
-0.014123
0.021781
-0.050912
0.009369
-0.032464
0.121481
-0.023121
-0.003737
0.026461
-0.002323
0.136251
0.042187
-0.058461
-0.018215
0.009767
-0.013808
-0.089510
-0.032006
-0.034015
-0.104377
0.188418
0.026243
-0.016744
0.071882
-0.069910
-0.180059
0.072662
0.017703
0.011569
0.063475
0.039106
0.028112
-0.069575
0.107503
0.077935
-0.133616
0.125230
-0.126041
0.008043
-0.320653
-0.111729
0.039021
-0.032990
-0.004042
-0.095700
0.055872
0.068843
0.054711
-0.009447
0.062169
0.019073
0.000596
0.158966
0.039356
-0.081009
-0.020325
-0.028694
0.055174
0.104259
0.000266
0.030021
0.027729
0.011322
-0.008574
0.000499
-0.139068
-0.029530
-0.212045
0.002671
0.010360
0.018085
0.178808
0.129146
-0.078447
0.030179
-0.049530
0.168677
-0.127391
-0.004306
-0.179287
-0.029603
0.000988
-0.022084
0.022313
-0.061959
-0.005190
-0.003198
-0.002505
-0.009363
-0.020810
0.086717
-0.056947
0.016505
0.035546
0.015808
-0.025763
-0.112938
0.017360
0.000190
0.055670
-0.026982
-0.011517
0.015675
-0.006582
0.137354
-0.119711
0.024276
0.016050
-0.071343
0.058017
0.123470
0.152357
0.221800
-0.123044
-0.094500
0.025072
0.018432
-0.032566
-0.066578
0.015684
0.020593
0.075110
-0.004526
-0.137601
0.051022
-0.009874
-0.011858
-0.104531
-0.044109
0.084541
-0.001482
0.001411
-0.053812
0.094372
0.042404
0.165626
0.193910
0.063668
0.124516
-0.040516
-0.015692
-0.148847
-0.134457
-0.108787
0.008751
-0.049502
0.016293
-0.142348
-0.238330
-0.074129
0.018929
-0.023240
-0.120184
-0.095135
0.088898
0.080155
-0.065945
0.001669
-0.099628
0.085077
0.046432
0.075207
